market_type,side,line,american_odds,decimal_odds,model_probability,market_implied_probability,no_vig_probability,probability_edge,expected_value_per_unit,book,season,week,game_id,home_team,away_team,provider,opening_book,archive_book,has_distinct_open,price_stage,clv_proxy,result,net_units,probability_model_family,probability_reliability_ready,entry_line_observed,entry_price_verified,entry_price_stage
moneyline,away,,355,4.55,0.3490770237599814,0.21978021978021978,0.21315101548361146,0.13592600827636994,0.5883004581079152,nflverse_archive,2022,5,2022_05_ATL_TB,TB,ATL,nflverse,,nflverse_archive,false,archive_final_fallback,,loss,-1.0,gaussian_unconditional,false,false,false,archive_final_fallback
spread,away,10.5,-113,1.8849557522123894,0.70134597571435,0.5305164319248826,0.5172913928296243,0.18405458288472565,0.32200613121377475,nflverse_archive,2022,5,2022_05_ATL_TB,TB,ATL,nflverse,,nflverse_archive,false,archive_final_fallback,,win,0.8849557522123894,gaussian_unconditional,false,false,false,archive_final_fallback
total,under,46.0,101,2.01,0.5420364744559735,0.49751243781094534,0.48394792447685914,0.058088549979114334,0.08949331365650659,nflverse_archive,2022,5,2022_05_ATL_TB,TB,ATL,nflverse,,nflverse_archive,false,archive_final_fallback,,win,1.0099999999999998,gaussian_unconditional,false,false,false,archive_final_fallback
moneyline,away,,322,4.220000000000001,0.3929209888498115,0.23696682464454974,0.22989050575911268,0.16303048309069884,0.6581265729462049,nflverse_archive,2022,5,2022_05_CHI_MIN,MIN,CHI,nflverse,,nflverse_archive,false,archive_final_fallback,,loss,-1.0,gaussian_unconditional,false,false,false,archive_final_fallback
spread,away,10.0,-116,1.8620689655172413,0.7259973754864971,0.5370370370370371,0.5240193918025562,0.20197798368394093,0.35185718194037396,nflverse_archive,2022,5,2022_05_CHI_MIN,MIN,CHI,nflverse,,nflverse_archive,false,archive_final_fallback,,win,0.8620689655172413,gaussian_unconditional,false,false,false,archive_final_fallback
total,under,44.0,-106,1.9433962264150944,0.5931210816838366,0.5145631067961165,0.5,0.09312108168383659,0.15266927195160696,nflverse_archive,2022,5,2022_05_CHI_MIN,MIN,CHI,nflverse,,nflverse_archive,false,archive_final_fallback,,loss,-1.0,gaussian_unconditional,false,false,false,archive_final_fallback
moneyline,away,,151,2.51,0.48539589833532604,0.39840637450199207,0.38858601090360756,0.09680988743171848,0.21834370482166832,nflverse_archive,2022,5,2022_05_CIN_BAL,BAL,CIN,nflverse,,nflverse_archive,false,archive_final_fallback,,loss,-1.0,gaussian_unconditional,false,false,false,archive_final_fallback
spread,away,3.0,103,2.0300000000000002,0.589058796036518,0.4926108374384236,0.4804454222980557,0.1086133737384623,0.19578935595413172,nflverse_archive,2022,5,2022_05_CIN_BAL,BAL,CIN,nflverse,,nflverse_archive,false,archive_final_fallback,,win,1.0300000000000002,gaussian_unconditional,false,false,false,archive_final_fallback
total,under,47.5,-104,1.9615384615384617,0.5307200083334327,0.5098039215686274,0.49541956760718214,0.03530044072625055,0.04102770865404115,nflverse_archive,2022,5,2022_05_CIN_BAL,BAL,CIN,nflverse,,nflverse_archive,false,archive_final_fallback,,win,0.9615384615384617,gaussian_unconditional,false,false,false,archive_final_fallback
moneyline,away,,195,2.95,0.5559387801723278,0.3389830508474576,0.3302373581011352,0.2257014220711926,0.6400194015083671,nflverse_archive,2022,5,2022_05_DAL_LA,LA,DAL,nflverse,,nflverse_archive,false,archive_final_fallback,,win,1.9500000000000002,gaussian_unconditional,false,false,false,archive_final_fallback
spread,away,5.5,-112,1.8928571428571428,0.7325477170203277,0.5283018867924528,0.5162468054034319,0.2163009116168958,0.38660817864562036,nflverse_archive,2022,5,2022_05_DAL_LA,LA,DAL,nflverse,,nflverse_archive,false,archive_final_fallback,,win,0.8928571428571428,gaussian_unconditional,false,false,false,archive_final_fallback
total,under,42.0,-106,1.9433962264150944,0.5159053591094149,0.5145631067961165,0.5,0.01590535910941493,0.002608528080561001,nflverse_archive,2022,5,2022_05_DAL_LA,LA,DAL,nflverse,,nflverse_archive,false,archive_final_fallback,,win,0.9433962264150944,gaussian_unconditional,false,false,false,archive_final_fallback
moneyline,away,,133,2.33,0.43553590358164185,0.4291845493562232,0.41832534916672287,0.017210554414918977,0.014798655345225509,nflverse_archive,2022,5,2022_05_DET_NE,NE,DET,nflverse,,nflverse_archive,false,archive_final_fallback,,loss,-1.0,gaussian_unconditional,false,false,false,archive_final_fallback
spread,away,3.0,-113,1.8849557522123894,0.539606544480668,0.5305164319248826,0.5172913928296243,0.022315151651043696,0.01713445995028584,nflverse_archive,2022,5,2022_05_DET_NE,NE,DET,nflverse,,nflverse_archive,false,archive_final_fallback,,loss,-1.0,gaussian_unconditional,false,false,false,archive_final_fallback
total,over,46.5,-114,1.8771929824561404,0.6285682365765171,0.5327102803738317,0.5170826375411832,0.11148559903533384,0.17994388269626893,nflverse_archive,2022,5,2022_05_DET_NE,NE,DET,nflverse,,nflverse_archive,false,archive_final_fallback,,loss,-1.0,gaussian_unconditional,false,false,false,archive_final_fallback
moneyline,away,,261,3.61,0.32536652259495913,0.2770083102493075,0.269075021312873,0.056291501282086154,0.17457314656780243,nflverse_archive,2022,5,2022_05_HOU_JAX,JAX,HOU,nflverse,,nflverse_archive,false,archive_final_fallback,,win,2.61,gaussian_unconditional,false,false,false,archive_final_fallback
spread,away,7.0,-113,1.8849557522123894,0.5627645177154543,0.5305164319248826,0.5172913928296243,0.045473124885829996,0.06078621480877677,nflverse_archive,2022,5,2022_05_HOU_JAX,JAX,HOU,nflverse,,nflverse_archive,false,archive_final_fallback,,win,0.8849557522123894,gaussian_unconditional,false,false,false,archive_final_fallback
total,under,44.0,-112,1.8928571428571428,0.5432746490389007,0.5283018867924528,0.5125216282670066,0.030753020771894013,0.028341299966490485,nflverse_archive,2022,5,2022_05_HOU_JAX,JAX,HOU,nflverse,,nflverse_archive,false,archive_final_fallback,,win,0.8928571428571428,gaussian_unconditional,false,false,false,archive_final_fallback
moneyline,away,,159,2.59,0.43236466773085147,0.3861003861003861,0.3761738518578658,0.05619081587298569,0.11982448942290524,nflverse_archive,2022,5,2022_05_IND_DEN,DEN,IND,nflverse,,nflverse_archive,false,archive_final_fallback,,win,1.5899999999999999,gaussian_unconditional,false,false,false,archive_final_fallback
spread,away,3.5,-114,1.8771929824561404,0.5536964263561606,0.5327102803738317,0.5207810820494446,0.03291534430671594,0.039395045966827746,nflverse_archive,2022,5,2022_05_IND_DEN,DEN,IND,nflverse,,nflverse_archive,false,archive_final_fallback,,win,0.8771929824561404,gaussian_unconditional,false,false,false,archive_final_fallback
total,under,42.0,-106,1.9433962264150944,0.6313394110126607,0.5145631067961165,0.5,0.13133941101266067,0.22694262894913297,nflverse_archive,2022,5,2022_05_IND_DEN,DEN,IND,nflverse,,nflverse_archive,false,archive_final_fallback,,win,0.9433962264150944,gaussian_unconditional,false,false,false,archive_final_fallback
moneyline,home,,103,2.0300000000000002,0.5638884326872788,0.4926108374384236,0.4804454222980557,0.08344301038922314,0.14469351835517608,nflverse_archive,2022,5,2022_05_LAC_CLE,CLE,LAC,nflverse,,nflverse_archive,false,archive_final_fallback,,loss,-1.0,gaussian_unconditional,false,false,false,archive_final_fallback
spread,home,1.0,-104,1.9615384615384617,0.5979644676687413,0.5098039215686274,0.497677011707861,0.10028745596088035,0.1729303019656081,nflverse_archive,2022,5,2022_05_LAC_CLE,CLE,LAC,nflverse,,nflverse_archive,false,archive_final_fallback,,loss,-1.0,gaussian_unconditional,false,false,false,archive_final_fallback
total,over,47.0,102,2.02,0.5189625828539579,0.49504950495049505,0.48167822094174845,0.03728436191220946,0.04830441736499491,nflverse_archive,2022,5,2022_05_LAC_CLE,CLE,LAC,nflverse,,nflverse_archive,false,archive_final_fallback,,win,1.02,gaussian_unconditional,false,false,false,archive_final_fallback
moneyline,away,,275,3.75,0.32376775821073034,0.26666666666666666,0.25911678719803044,0.0646509710126999,0.21412909329023888,nflverse_archive,2022,5,2022_05_LV_KC,KC,LV,nflverse,,nflverse_archive,false,archive_final_fallback,,loss,-1.0,gaussian_unconditional,false,false,false,archive_final_fallback
spread,away,7.5,-125,1.8,0.5781491529145417,0.5555555555555556,0.5419847328244275,0.036164420090114224,0.04066847524617523,nflverse_archive,2022,5,2022_05_LV_KC,KC,LV,nflverse,,nflverse_archive,false,archive_final_fallback,,win,0.8,gaussian_unconditional,false,false,false,archive_final_fallback
total,under,51.5,-109,1.9174311926605505,0.5535009649562337,0.5215311004784688,0.506872222476749,0.046628742479484675,0.06130001537479668,nflverse_archive,2022,5,2022_05_LV_KC,KC,LV,nflverse,,nflverse_archive,false,archive_final_fallback,,loss,-1.0,gaussian_unconditional,false,false,false,archive_final_fallback
moneyline,away,,-162,1.617283950617284,0.6062285540183768,0.6183206106870228,0.6033428208078484,0.0028857332105284295,-0.01955628918015595,nflverse_archive,2022,5,2022_05_MIA_NYJ,NYJ,MIA,nflverse,,nflverse_archive,false,archive_final_fallback,,loss,-1.0,gaussian_unconditional,false,false,false,archive_final_fallback
spread,home,3.0,100,2.0,0.4969030770292673,0.5,0.48837209302325585,0.008530984006011433,-0.006193845941465437,nflverse_archive,2022,5,2022_05_MIA_NYJ,NYJ,MIA,nflverse,,nflverse_archive,false,archive_final_fallback,,win,1.0,gaussian_unconditional,false,false,false,archive_final_fallback
total,under,46.0,-101,1.99009900990099,0.544849655959031,0.5024875621890548,0.4885378937233506,0.05631176223568041,0.08430476086896266,nflverse_archive,2022,5,2022_05_MIA_NYJ,NYJ,MIA,nflverse,,nflverse_archive,false,archive_final_fallback,,loss,-1.0,gaussian_unconditional,false,false,false,archive_final_fallback
moneyline,away,,331,4.3100000000000005,0.3943942725575733,0.23201856148491876,0.22508344391255708,0.16931082864501623,0.6998393147231412,nflverse_archive,2022,5,2022_05_NYG_GB,GB,NYG,nflverse,,nflverse_archive,false,archive_final_fallback,,win,3.3100000000000005,gaussian_unconditional,false,false,false,archive_final_fallback
spread,away,8.5,104,2.04,0.682147309689572,0.49019607843137253,0.4782028469750889,0.20394446271448313,0.39158051176672704,nflverse_archive,2022,5,2022_05_NYG_GB,GB,NYG,nflverse,,nflverse_archive,false,archive_final_fallback,,win,1.04,gaussian_unconditional,false,false,false,archive_final_fallback
total,under,42.0,-110,1.9090909090909092,0.5687618078196008,0.5238095238095238,0.5091659028414299,0.05959590497817091,0.0858179967465107,nflverse_archive,2022,5,2022_05_NYG_GB,GB,NYG,nflverse,,nflverse_archive,false,archive_final_fallback,,loss,-1.0,gaussian_unconditional,false,false,false,archive_final_fallback
moneyline,home,,196,2.96,0.3928227572484687,0.33783783783783783,0.32886673747855216,0.06395601976991655,0.16275536145546732,nflverse_archive,2022,5,2022_05_PHI_ARI,ARI,PHI,nflverse,,nflverse_archive,false,archive_final_fallback,,loss,-1.0,gaussian_unconditional,false,false,false,archive_final_fallback
spread,home,5.5,-111,1.900900900900901,0.5823413095989268,0.5260663507109005,0.513948077676165,0.06839323192276181,0.10697312004841053,nflverse_archive,2022,5,2022_05_PHI_ARI,ARI,PHI,nflverse,,nflverse_archive,false,archive_final_fallback,,win,0.900900900900901,gaussian_unconditional,false,false,false,archive_final_fallback
total,under,48.5,101,2.01,0.5819322091966612,0.49751243781094534,0.48394792447685914,0.09798428471980208,0.1696837404852889,nflverse_archive,2022,5,2022_05_PHI_ARI,ARI,PHI,nflverse,,nflverse_archive,false,archive_final_fallback,,win,1.0099999999999998,gaussian_unconditional,false,false,false,archive_final_fallback
moneyline,away,,568,6.68,0.24057808951435322,0.14970059880239522,0.1450706728271865,0.09550741668716672,0.6070616379558795,nflverse_archive,2022,5,2022_05_PIT_BUF,BUF,PIT,nflverse,,nflverse_archive,false,archive_final_fallback,,loss,-1.0,gaussian_unconditional,false,false,false,archive_final_fallback
spread,away,14.0,-108,1.925925925925926,0.6974246992510528,0.5192307692307692,0.5069715560513106,0.19045314319974216,0.3431883096686943,nflverse_archive,2022,5,2022_05_PIT_BUF,BUF,PIT,nflverse,,nflverse_archive,false,archive_final_fallback,,loss,-1.0,gaussian_unconditional,false,false,false,archive_final_fallback
total,under,44.0,-103,1.970873786407767,0.5589111444639018,0.5073891625615764,0.49203821656050956,0.06687292790339222,0.10154332355506845,nflverse_archive,2022,5,2022_05_PIT_BUF,BUF,PIT,nflverse,,nflverse_archive,false,archive_final_fallback,,win,0.970873786407767,gaussian_unconditional,false,false,false,archive_final_fallback
moneyline,away,,201,3.01,0.46497547912888204,0.33222591362126247,0.3230906716161408,0.14188480751274124,0.39957619217793483,nflverse_archive,2022,5,2022_05_SEA_NO,NO,SEA,nflverse,,nflverse_archive,false,archive_final_fallback,,loss,-1.0,gaussian_unconditional,false,false,false,archive_final_fallback
spread,away,5.5,-106,1.9433962264150944,0.6524522996579343,0.5145631067961165,0.5023229882921391,0.15012931136579521,0.26797333707107973,nflverse_archive,2022,5,2022_05_SEA_NO,NO,SEA,nflverse,,nflverse_archive,false,archive_final_fallback,,loss,-1.0,gaussian_unconditional,false,false,false,archive_final_fallback
total,over,45.5,100,2.0,0.49683227577511613,0.5,0.4851936218678816,0.011638653907234509,-0.006335448449767744,nflverse_archive,2022,5,2022_05_SEA_NO,NO,SEA,nflverse,,nflverse_archive,false,archive_final_fallback,,win,1.0,gaussian_unconditional,false,false,false,archive_final_fallback
moneyline,home,,206,3.06,0.40618931375217304,0.32679738562091504,0.31808312064302313,0.08810619310914991,0.24293930008164955,nflverse_archive,2022,5,2022_05_SF_CAR,CAR,SF,nflverse,,nflverse_archive,false,archive_final_fallback,,loss,-1.0,gaussian_unconditional,false,false,false,archive_final_fallback
spread,home,6.0,-109,1.9174311926605505,0.6126072506356126,0.5215311004784688,0.5080764260660882,0.10453082456952445,0.17463225121874348,nflverse_archive,2022,5,2022_05_SF_CAR,CAR,SF,nflverse,,nflverse_archive,false,archive_final_fallback,,loss,-1.0,gaussian_unconditional,false,false,false,archive_final_fallback
total,under,40.0,-104,1.9615384615384617,0.542228790502965,0.5098039215686274,0.49541956760718214,0.046809222895782876,0.06360262752504675,nflverse_archive,2022,5,2022_05_SF_CAR,CAR,SF,nflverse,,nflverse_archive,false,archive_final_fallback,,loss,-1.0,gaussian_unconditional,false,false,false,archive_final_fallback
moneyline,away,,-110,1.9090909090909092,0.5200936639278692,0.5238095238095238,0.5116279069767442,0.008465756951124948,-0.007093914319522443,nflverse_archive,2022,5,2022_05_TEN_WAS,WAS,TEN,nflverse,,nflverse_archive,false,archive_final_fallback,,win,0.9090909090909092,gaussian_unconditional,false,false,false,archive_final_fallback
spread,home,1.0,-108,1.925925925925926,0.5147008552533114,0.5192307692307692,0.5069715560513106,0.007729299202000828,-0.00872427877140014,nflverse_archive,2022,5,2022_05_TEN_WAS,WAS,TEN,nflverse,,nflverse_archive,false,archive_final_fallback,,loss,-1.0,gaussian_unconditional,false,false,false,archive_final_fallback
total,over,43.0,-106,1.9433962264150944,0.5270815312475525,0.5145631067961165,0.5,0.027081531247552526,0.024328258839583228,nflverse_archive,2022,5,2022_05_TEN_WAS,WAS,TEN,nflverse,,nflverse_archive,false,archive_final_fallback,,loss,-1.0,gaussian_unconditional,false,false,false,archive_final_fallback
moneyline,home,,123,2.23,0.5104183448959012,0.4484304932735426,0.43762053107847504,0.07279781381742617,0.1382329091178598,nflverse_archive,2022,6,2022_06_ARI_SEA,SEA,ARI,nflverse,,nflverse_archive,false,archive_final_fallback,,win,1.23,gaussian_unconditional,false,false,false,archive_final_fallback
spread,home,2.5,-104,1.9615384615384617,0.5932143293082188,0.5098039215686274,0.497677011707861,0.09553731760035783,0.163612722873814,nflverse_archive,2022,6,2022_06_ARI_SEA,SEA,ARI,nflverse,,nflverse_archive,false,archive_final_fallback,,win,0.9615384615384617,gaussian_unconditional,false,false,false,archive_final_fallback
total,under,50.0,-102,1.9803921568627452,0.5551215347662285,0.504950495049505,0.4908340971585702,0.06428743760765832,0.09935833355664858,nflverse_archive,2022,6,2022_06_ARI_SEA,SEA,ARI,nflverse,,nflverse_archive,false,archive_final_fallback,,win,0.9803921568627452,gaussian_unconditional,false,false,false,archive_final_fallback
moneyline,home,,206,3.06,0.46502449837350823,0.32679738562091504,0.31808312064302313,0.1469413777304851,0.4229749650229353,nflverse_archive,2022,6,2022_06_BAL_NYG,NYG,BAL,nflverse,,nflverse_archive,false,archive_final_fallback,,win,2.06,gaussian_unconditional,false,false,false,archive_final_fallback
spread,home,5.5,-103,1.970873786407767,0.645635754566146,0.5073891625615764,0.4953533757725013,0.15028237879364464,0.27246658424201575,nflverse_archive,2022,6,2022_06_BAL_NYG,NYG,BAL,nflverse,,nflverse_archive,false,archive_final_fallback,,win,0.970873786407767,gaussian_unconditional,false,false,false,archive_final_fallback
total,under,46.0,-110,1.9090909090909092,0.5557676018149268,0.5238095238095238,0.5091659028414299,0.04660169897349686,0.06101087619213308,nflverse_archive,2022,6,2022_06_BAL_NYG,NYG,BAL,nflverse,,nflverse_archive,false,archive_final_fallback,,win,0.9090909090909092,gaussian_unconditional,false,false,false,archive_final_fallback
moneyline,away,,-146,1.6849315068493151,0.5883225462083501,0.5934959349593496,0.5792858120125872,0.009036734195762897,-0.008716805703738784,nflverse_archive,2022,6,2022_06_BUF_KC,KC,BUF,nflverse,,nflverse_archive,false,archive_final_fallback,,win,0.6849315068493151,gaussian_unconditional,false,false,false,archive_final_fallback
spread,home,2.5,105,2.05,0.4946030175480858,0.48780487804878053,0.47598060819744376,0.018622409350642022,0.013936185973575821,nflverse_archive,2022,6,2022_06_BUF_KC,KC,BUF,nflverse,,nflverse_archive,false,archive_final_fallback,,loss,-1.0,gaussian_unconditional,false,false,false,archive_final_fallback
total,under,54.0,-105,1.9523809523809523,0.675052969690376,0.5121951219512195,0.4977100984657659,0.17734287122461007,0.31796055987168637,nflverse_archive,2022,6,2022_06_BUF_KC,KC,BUF,nflverse,,nflverse_archive,false,archive_final_fallback,,win,0.9523809523809523,gaussian_unconditional,false,false,false,archive_final_fallback
moneyline,away,,343,4.43,0.39825794119770497,0.22573363431151244,0.21898838465117673,0.17926955654652824,0.7642826795058328,nflverse_archive,2022,6,2022_06_CAR_LA,LA,CAR,nflverse,,nflverse_archive,false,archive_final_fallback,,loss,-1.0,gaussian_unconditional,false,false,false,archive_final_fallback
spread,away,10.0,-112,1.8928571428571428,0.7193645550786368,0.5283018867924528,0.5162468054034319,0.2031177496752049,0.36165433639884825,nflverse_archive,2022,6,2022_06_CAR_LA,LA,CAR,nflverse,,nflverse_archive,false,archive_final_fallback,,loss,-1.0,gaussian_unconditional,false,false,false,archive_final_fallback
total,over,41.5,-103,1.970873786407767,0.5116911638980448,0.5073891625615764,0.4931277775232511,0.01856338637479371,0.008478701663136912,nflverse_archive,2022,6,2022_06_CAR_LA,LA,CAR,nflverse,,nflverse_archive,false,archive_final_fallback,,loss,-1.0,gaussian_unconditional,false,false,false,archive_final_fallback
moneyline,home,,148,2.48,0.45268053998198876,0.40322580645161293,0.3936068702290077,0.05907366975298106,0.12264773915533222,nflverse_archive,2022,6,2022_06_CIN_NO,NO,CIN,nflverse,,nflverse_archive,false,archive_final_fallback,,loss,-1.0,gaussian_unconditional,false,false,false,archive_final_fallback
spread,home,3.0,100,2.0,0.5528053580544094,0.5,0.48837209302325585,0.0644332650311536,0.10561071610881889,nflverse_archive,2022,6,2022_06_CIN_NO,NO,CIN,nflverse,,nflverse_archive,false,archive_final_fallback,,loss,-1.0,gaussian_unconditional,false,false,false,archive_final_fallback
total,over,42.5,-108,1.925925925925926,0.5159951915834705,0.5192307692307692,0.5045804323928179,0.011414759190652601,-0.006231482876278949,nflverse_archive,2022,6,2022_06_CIN_NO,NO,CIN,nflverse,,nflverse_archive,false,archive_final_fallback,,win,0.925925925925926,gaussian_unconditional,false,false,false,archive_final_fallback
moneyline,away,,252,3.52,0.4256103943357451,0.2840909090909091,0.27608744647284206,0.14952294786290304,0.49814858806182283,nflverse_archive,2022,6,2022_06_DAL_PHI,PHI,DAL,nflverse,,nflverse_archive,false,archive_final_fallback,,loss,-1.0,gaussian_unconditional,false,false,false,archive_final_fallback
spread,away,6.5,109,2.09,0.6397040525574481,0.47846889952153115,0.4672897196261683,0.17241433293127983,0.3369814698450664,nflverse_archive,2022,6,2022_06_DAL_PHI,PHI,DAL,nflverse,,nflverse_archive,false,archive_final_fallback,,loss,-1.0,gaussian_unconditional,false,false,false,archive_final_fallback
total,under,42.5,-104,1.9615384615384617,0.5366286443458762,0.5098039215686274,0.49541956760718214,0.04120907673869406,0.052617725447680286,nflverse_archive,2022,6,2022_06_DAL_PHI,PHI,DAL,nflverse,,nflverse_archive,false,archive_final_fallback,,loss,-1.0,gaussian_unconditional,false,false,false,archive_final_fallback
moneyline,away,,166,2.66,0.4580303542634926,0.37593984962406013,0.36630974947487066,0.09172060478862193,0.21836074234089042,nflverse_archive,2022,6,2022_06_DEN_LAC,LAC,DEN,nflverse,,nflverse_archive,false,archive_final_fallback,,loss,-1.0,gaussian_unconditional,false,false,false,archive_final_fallback
spread,away,3.5,-103,1.970873786407767,0.5746352286119631,0.5073891625615764,0.4953533757725013,0.07928185283946182,0.1325335088177526,nflverse_archive,2022,6,2022_06_DEN_LAC,LAC,DEN,nflverse,,nflverse_archive,false,archive_final_fallback,,win,0.970873786407767,gaussian_unconditional,false,false,false,archive_final_fallback
total,under,45.5,-115,1.8695652173913042,0.6115838585930229,0.5348837209302326,0.5193382517326179,0.09224560686040495,0.14339590954347758,nflverse_archive,2022,6,2022_06_DEN_LAC,LAC,DEN,nflverse,,nflverse_archive,false,archive_final_fallback,,win,0.8695652173913042,gaussian_unconditional,false,false,false,archive_final_fallback
moneyline,away,,110,2.1,0.50397201170479,0.47619047619047616,0.46424090338770396,0.03973110831708604,0.05834122458005897,nflverse_archive,2022,6,2022_06_JAX_IND,IND,JAX,nflverse,,nflverse_archive,false,archive_final_fallback,,loss,-1.0,gaussian_unconditional,false,false,false,archive_final_fallback
spread,away,1.0,103,2.0300000000000002,0.5373810318952325,0.4926108374384236,0.4804454222980557,0.05693560959717675,0.09088349474732205,nflverse_archive,2022,6,2022_06_JAX_IND,IND,JAX,nflverse,,nflverse_archive,false,archive_final_fallback,,loss,-1.0,gaussian_unconditional,false,false,false,archive_final_fallback
total,under,41.0,100,2.0,0.5837887313038318,0.5,0.4851936218678816,0.09859510943595018,0.1675774626076636,nflverse_archive,2022,6,2022_06_JAX_IND,IND,JAX,nflverse,,nflverse_archive,false,archive_final_fallback,,loss,-1.0,gaussian_unconditional,false,false,false,archive_final_fallback
moneyline,home,,157,2.5700000000000003,0.5137601095964763,0.3891050583657587,0.3794411866160745,0.13431892298040182,0.32036348166294437,nflverse_archive,2022,6,2022_06_MIN_MIA,MIA,MIN,nflverse,,nflverse_archive,false,archive_final_fallback,,loss,-1.0,gaussian_unconditional,false,false,false,archive_final_fallback
spread,home,3.0,109,2.09,0.6126154762637657,0.47846889952153115,0.4672897196261683,0.1453257566375974,0.28036634539127014,nflverse_archive,2022,6,2022_06_MIN_MIA,MIA,MIN,nflverse,,nflverse_archive,false,archive_final_fallback,,loss,-1.0,gaussian_unconditional,false,false,false,archive_final_fallback
total,under,45.0,-107,1.9345794392523366,0.5047094838605217,0.5169082125603864,0.5022899015342339,0.002419582326287806,-0.023599409727775633,nflverse_archive,2022,6,2022_06_MIN_MIA,MIA,MIN,nflverse,,nflverse_archive,false,archive_final_fallback,,win,0.9345794392523366,gaussian_unconditional,false,false,false,archive_final_fallback
moneyline,away,,127,2.27,0.5080107413194165,0.44052863436123346,0.43026174256005734,0.07774899875935914,0.1531843827950754,nflverse_archive,2022,6,2022_06_NE_CLE,CLE,NE,nflverse,,nflverse_archive,false,archive_final_fallback,,win,1.27,gaussian_unconditional,false,false,false,archive_final_fallback
spread,away,2.5,101,2.01,0.5908704669620024,0.49751243781094534,0.48605192232383504,0.10481854463816737,0.1876496385936246,nflverse_archive,2022,6,2022_06_NE_CLE,CLE,NE,nflverse,,nflverse_archive,false,archive_final_fallback,,win,1.0099999999999998,gaussian_unconditional,false,false,false,archive_final_fallback
total,over,43.0,-108,1.925925925925926,0.5152478125936903,0.5192307692307692,0.5045804323928179,0.010667380200872434,-0.007670879449188872,nflverse_archive,2022,6,2022_06_NE_CLE,CLE,NE,nflverse,,nflverse_archive,false,archive_final_fallback,,win,0.925925925925926,gaussian_unconditional,false,false,false,archive_final_fallback
moneyline,away,,305,4.05,0.3854671153636253,0.2469135802469136,0.23961412789793063,0.1458529874656947,0.5611418172226825,nflverse_archive,2022,6,2022_06_NYJ_GB,GB,NYJ,nflverse,,nflverse_archive,false,archive_final_fallback,,win,3.05,gaussian_unconditional,false,false,false,archive_final_fallback
spread,away,7.5,-101,1.99009900990099,0.6323022534747965,0.5024875621890548,0.49070156678599663,0.14160068668879988,0.25834408859835745,nflverse_archive,2022,6,2022_06_NYJ_GB,GB,NYJ,nflverse,,nflverse_archive,false,archive_final_fallback,,win,0.9900990099009901,gaussian_unconditional,false,false,false,archive_final_fallback
total,under,44.5,-101,1.99009900990099,0.5299677281635431,0.5024875621890548,0.4885378937233506,0.04142983444019249,0.05468825109774422,nflverse_archive,2022,6,2022_06_NYJ_GB,GB,NYJ,nflverse,,nflverse_archive,false,archive_final_fallback,,win,0.9900990099009901,gaussian_unconditional,false,false,false,archive_final_fallback
moneyline,home,,166,2.66,0.40341928399892013,0.37593984962406013,0.36674816625916873,0.0366711177397514,0.07309529543712756,nflverse_archive,2022,6,2022_06_SF_ATL,ATL,SF,nflverse,,nflverse_archive,false,archive_final_fallback,,win,1.6600000000000001,gaussian_unconditional,false,false,false,archive_final_fallback
spread,home,3.5,-110,1.9090909090909092,0.5195715412300883,0.5238095238095238,0.5116279069767442,0.0079436342533441,-0.008090694015285949,nflverse_archive,2022,6,2022_06_SF_ATL,ATL,SF,nflverse,,nflverse_archive,false,archive_final_fallback,,win,0.9090909090909092,gaussian_unconditional,false,false,false,archive_final_fallback
total,under,46.0,-109,1.9174311926605505,0.6264842127378243,0.5215311004784688,0.506872222476749,0.11961199026107527,0.2012403712128925,nflverse_archive,2022,6,2022_06_SF_ATL,ATL,SF,nflverse,,nflverse_archive,false,archive_final_fallback,,win,0.9174311926605505,gaussian_unconditional,false,false,false,archive_final_fallback
moneyline,home,,323,4.23,0.3599213967690922,0.23640661938534277,0.22937728315351286,0.13054411361557933,0.5224675083332602,nflverse_archive,2022,6,2022_06_TB_PIT,PIT,TB,nflverse,,nflverse_archive,false,archive_final_fallback,,win,3.2300000000000004,gaussian_unconditional,false,false,false,archive_final_fallback
spread,home,10.0,-113,1.8849557522123894,0.684437760390939,0.5305164319248826,0.5185243789416578,0.16591338144928114,0.29013489348026544,nflverse_archive,2022,6,2022_06_TB_PIT,PIT,TB,nflverse,,nflverse_archive,false,archive_final_fallback,,win,0.8849557522123894,gaussian_unconditional,false,false,false,archive_final_fallback
total,under,47.0,-117,1.8547008547008548,0.6850023058713172,0.5391705069124424,0.5237886235955056,0.16121368227581157,0.2704743621715884,nflverse_archive,2022,6,2022_06_TB_PIT,PIT,TB,nflverse,,nflverse_archive,false,archive_final_fallback,,win,0.8547008547008548,gaussian_unconditional,false,false,false,archive_final_fallback
moneyline,home,,109,2.09,0.5887828824553161,0.47846889952153115,0.4672897196261683,0.1214931628291478,0.2305562243316106,nflverse_archive,2022,6,2022_06_WAS_CHI,CHI,WAS,nflverse,,nflverse_archive,false,archive_final_fallback,,loss,-1.0,gaussian_unconditional,false,false,false,archive_final_fallback
spread,home,1.0,102,2.02,0.6210716644272989,0.49504950495049505,0.4837531945965681,0.13731846983073076,0.2545647621431437,nflverse_archive,2022,6,2022_06_WAS_CHI,CHI,WAS,nflverse,,nflverse_archive,false,archive_final_fallback,,loss,-1.0,gaussian_unconditional,false,false,false,archive_final_fallback
total,over,38.5,-107,1.9345794392523366,0.5814420899311956,0.5169082125603864,0.5022899015342339,0.0791521883969617,0.12484591229679909,nflverse_archive,2022,6,2022_06_WAS_CHI,CHI,WAS,nflverse,,nflverse_archive,false,archive_final_fallback,,loss,-1.0,gaussian_unconditional,false,false,false,archive_final_fallback
moneyline,away,,235,3.35,0.37330931072542306,0.29850746268656714,0.29010439066348664,0.08320492006193642,0.2505861909301672,nflverse_archive,2022,7,2022_07_ATL_CIN,CIN,ATL,nflverse,,nflverse_archive,false,archive_final_fallback,,loss,-1.0,gaussian_unconditional,false,false,false,archive_final_fallback
spread,away,6.5,-100,2.0,0.5899344304103793,0.5,0.48837209302325585,0.10156233738712345,0.1798688608207586,nflverse_archive,2022,7,2022_07_ATL_CIN,CIN,ATL,nflverse,,nflverse_archive,false,archive_final_fallback,,loss,-1.0,gaussian_unconditional,false,false,false,archive_final_fallback
total,under,47.5,100,2.0,0.6112650484137295,0.5,0.4862385321100918,0.1250265163036377,0.22253009682745906,nflverse_archive,2022,7,2022_07_ATL_CIN,CIN,ATL,nflverse,,nflverse_archive,false,archive_final_fallback,,loss,-1.0,gaussian_unconditional,false,false,false,archive_final_fallback
moneyline,away,,327,4.27,0.2917922043823834,0.234192037470726,0.22716359472537218,0.06462860965701123,0.24595271271277697,nflverse_archive,2022,7,2022_07_CHI_NE,NE,CHI,nflverse,,nflverse_archive,false,archive_final_fallback,,win,3.2699999999999996,gaussian_unconditional,false,false,false,archive_final_fallback
spread,away,9.5,-110,1.9090909090909092,0.6011741644778742,0.5238095238095238,0.5116279069767442,0.08954625750112999,0.14769613218503252,nflverse_archive,2022,7,2022_07_CHI_NE,NE,CHI,nflverse,,nflverse_archive,false,archive_final_fallback,,win,0.9090909090909092,gaussian_unconditional,false,false,false,archive_final_fallback
total,under,40.0,-106,1.9433962264150944,0.5409571955561322,0.5145631067961165,0.5,0.0409571955561322,0.05129417249587953,nflverse_archive,2022,7,2022_07_CHI_NE,NE,CHI,nflverse,,nflverse_archive,false,archive_final_fallback,,loss,-1.0,gaussian_unconditional,false,false,false,archive_final_fallback
moneyline,away,,244,3.44,0.343554006469845,0.29069767441860467,0.28252766108514293,0.061026345384702085,0.18182578225626678,nflverse_archive,2022,7,2022_07_CLE_BAL,BAL,CLE,nflverse,,nflverse_archive,false,archive_final_fallback,,loss,-1.0,gaussian_unconditional,false,false,false,archive_final_fallback
spread,away,6.5,100,2.0,0.5587081352220309,0.5,0.48837209302325585,0.07033604219877504,0.11741627044406178,nflverse_archive,2022,7,2022_07_CLE_BAL,BAL,CLE,nflverse,,nflverse_archive,false,archive_final_fallback,,win,1.0,gaussian_unconditional,false,false,false,archive_final_fallback
total,over,46.0,-112,1.8928571428571428,0.5594726139076046,0.5283018867924528,0.5137614678899083,0.045711146017696325,0.05900173346796578,nflverse_archive,2022,7,2022_07_CLE_BAL,BAL,CLE,nflverse,,nflverse_archive,false,archive_final_fallback,,loss,-1.0,gaussian_unconditional,false,false,false,archive_final_fallback
moneyline,away,,241,3.41,0.2909721749384123,0.29325513196480935,0.285072173034284,0.005900001904128316,-0.007784883460013936,nflverse_archive,2022,7,2022_07_DET_DAL,DAL,DET,nflverse,,nflverse_archive,false,archive_final_fallback,,loss,-1.0,gaussian_unconditional,false,false,false,archive_final_fallback
spread,away,7.0,-112,1.8928571428571428,0.5168602837385013,0.5283018867924528,0.5162468054034319,0.0006134783350694173,-0.021657320066408192,nflverse_archive,2022,7,2022_07_DET_DAL,DAL,DET,nflverse,,nflverse_archive,false,archive_final_fallback,,loss,-1.0,gaussian_unconditional,false,false,false,archive_final_fallback
total,under,49.5,-102,1.9803921568627452,0.5724328990117024,0.504950495049505,0.4908340971585702,0.08159880185313217,0.13364162353297915,nflverse_archive,2022,7,2022_07_DET_DAL,DAL,DET,nflverse,,nflverse_archive,false,archive_final_fallback,,win,0.9803921568627452,gaussian_unconditional,false,false,false,archive_final_fallback
moneyline,home,,173,2.73,0.4815729125880328,0.3663003663003663,0.35656010152897805,0.12501281105905476,0.3146940513653296,nflverse_archive,2022,7,2022_07_GB_WAS,WAS,GB,nflverse,,nflverse_archive,false,archive_final_fallback,,win,1.73,gaussian_unconditional,false,false,false,archive_final_fallback
spread,home,4.0,-108,1.925925925925926,0.6150665800955633,0.5192307692307692,0.5069715560513106,0.10809502404425264,0.18457267277664036,nflverse_archive,2022,7,2022_07_GB_WAS,WAS,GB,nflverse,,nflverse_archive,false,archive_final_fallback,,win,0.925925925925926,gaussian_unconditional,false,false,false,archive_final_fallback
total,under,41.5,-105,1.9523809523809523,0.5483713906910129,0.5121951219512195,0.4977100984657659,0.05066129222524701,0.07062985801578714,nflverse_archive,2022,7,2022_07_GB_WAS,WAS,GB,nflverse,,nflverse_archive,false,archive_final_fallback,,loss,-1.0,gaussian_unconditional,false,false,false,archive_final_fallback
moneyline,away,,278,3.78,0.39941699464146385,0.2645502645502646,0.25703054127608105,0.1423864533653828,0.5097962397447333,nflverse_archive,2022,7,2022_07_HOU_LV,LV,HOU,nflverse,,nflverse_archive,false,archive_final_fallback,,loss,-1.0,gaussian_unconditional,false,false,false,archive_final_fallback
spread,away,7.0,104,2.04,0.6323053978667469,0.49019607843137253,0.4782028469750889,0.15410255089165797,0.28990301164816357,nflverse_archive,2022,7,2022_07_HOU_LV,LV,HOU,nflverse,,nflverse_archive,false,archive_final_fallback,,loss,-1.0,gaussian_unconditional,false,false,false,archive_final_fallback
total,under,46.0,-104,1.9615384615384617,0.5689155451938641,0.5098039215686274,0.49541956760718214,0.07349597758668197,0.1159497232648874,nflverse_archive,2022,7,2022_07_HOU_LV,LV,HOU,nflverse,,nflverse_archive,false,archive_final_fallback,,loss,-1.0,gaussian_unconditional,false,false,false,archive_final_fallback
moneyline,away,,129,2.29,0.4560824789163298,0.4366812227074236,0.4259645555419215,0.03011792337440833,0.04442887671839535,nflverse_archive,2022,7,2022_07_IND_TEN,TEN,IND,nflverse,,nflverse_archive,false,archive_final_fallback,,loss,-1.0,gaussian_unconditional,false,false,false,archive_final_fallback
spread,away,2.5,-102,1.9803921568627452,0.5403890541187382,0.504950495049505,0.4930284439486894,0.04736061017004878,0.07018224443122656,nflverse_archive,2022,7,2022_07_IND_TEN,TEN,IND,nflverse,,nflverse_archive,false,archive_final_fallback,,loss,-1.0,gaussian_unconditional,false,false,false,archive_final_fallback
total,under,43.0,-104,1.9615384615384617,0.5585925418520411,0.5098039215686274,0.49431456381333577,0.06427797803870533,0.09570075517131138,nflverse_archive,2022,7,2022_07_IND_TEN,TEN,IND,nflverse,,nflverse_archive,false,archive_final_fallback,,win,0.9615384615384617,gaussian_unconditional,false,false,false,archive_final_fallback
moneyline,home,,-104,1.9615384615384617,0.5160454042027621,0.5098039215686274,0.497677011707861,0.01836839249490113,0.012242908243879524,nflverse_archive,2022,7,2022_07_KC_SF,SF,KC,nflverse,,nflverse_archive,false,archive_final_fallback,,loss,-1.0,gaussian_unconditional,false,false,false,archive_final_fallback
spread,home,1.0,-112,1.8928571428571428,0.5497063824089181,0.5283018867924528,0.5162468054034319,0.033459577005486185,0.0405156524168806,nflverse_archive,2022,7,2022_07_KC_SF,SF,KC,nflverse,,nflverse_archive,false,archive_final_fallback,,loss,-1.0,gaussian_unconditional,false,false,false,archive_final_fallback
total,under,49.0,-114,1.8771929824561404,0.6206914399737544,0.5327102803738317,0.5170826375411832,0.1036088024325712,0.1651576153893286,nflverse_archive,2022,7,2022_07_KC_SF,SF,KC,nflverse,,nflverse_archive,false,archive_final_fallback,,loss,-1.0,gaussian_unconditional,false,false,false,archive_final_fallback
moneyline,away,,126,2.26,0.458475557535831,0.4424778761061947,0.43134435657800146,0.02713120095782956,0.03615476003097795,nflverse_archive,2022,7,2022_07_NO_ARI,ARI,NO,nflverse,,nflverse_archive,false,archive_final_fallback,,loss,-1.0,gaussian_unconditional,false,false,false,archive_final_fallback
spread,away,2.5,-101,1.99009900990099,0.5427828576562862,0.5024875621890548,0.49070156678599663,0.052081290870289565,0.08019162761300525,nflverse_archive,2022,7,2022_07_NO_ARI,ARI,NO,nflverse,,nflverse_archive,false,archive_final_fallback,,loss,-1.0,gaussian_unconditional,false,false,false,archive_final_fallback
total,over,44.0,101,2.01,0.5038968096942527,0.49751243781094534,0.4829173624588166,0.020979447235436044,0.0128325874854478,nflverse_archive,2022,7,2022_07_NO_ARI,ARI,NO,nflverse,,nflverse_archive,false,archive_final_fallback,,win,1.0099999999999998,gaussian_unconditional,false,false,false,archive_final_fallback
moneyline,away,,148,2.48,0.42466889101704264,0.40322580645161293,0.3930584396321566,0.03161045138488605,0.05317884972226583,nflverse_archive,2022,7,2022_07_NYG_JAX,JAX,NYG,nflverse,,nflverse_archive,false,archive_final_fallback,,win,1.48,gaussian_unconditional,false,false,false,archive_final_fallback
spread,away,3.0,102,2.02,0.5255559310779359,0.49504950495049505,0.4837531945965681,0.04180273648136773,0.06162298077743045,nflverse_archive,2022,7,2022_07_NYG_JAX,JAX,NYG,nflverse,,nflverse_archive,false,archive_final_fallback,,win,1.02,gaussian_unconditional,false,false,false,archive_final_fallback
total,under,44.0,-105,1.9523809523809523,0.601445767601256,0.5121951219512195,0.4977100984657659,0.1037356691354901,0.1742512605548332,nflverse_archive,2022,7,2022_07_NYG_JAX,JAX,NYG,nflverse,,nflverse_archive,false,archive_final_fallback,,win,0.9523809523809523,gaussian_unconditional,false,false,false,archive_final_fallback
moneyline,home,,115,2.15,0.5381396757036383,0.46511627906976744,0.453954604539546,0.0841850711640923,0.1570003027628224,nflverse_archive,2022,7,2022_07_NYJ_DEN,DEN,NYJ,nflverse,,nflverse_archive,false,archive_final_fallback,,loss,-1.0,gaussian_unconditional,false,false,false,archive_final_fallback
spread,home,2.0,-104,1.9615384615384617,0.6045437137061835,0.5098039215686274,0.497677011707861,0.10686670199832254,0.18583574611597542,nflverse_archive,2022,7,2022_07_NYJ_DEN,DEN,NYJ,nflverse,,nflverse_archive,false,archive_final_fallback,,loss,-1.0,gaussian_unconditional,false,false,false,archive_final_fallback
total,over,37.0,101,2.01,0.5277521571938215,0.49751243781094534,0.4829173624588166,0.0448347947350049,0.06078183595958109,nflverse_archive,2022,7,2022_07_NYJ_DEN,DEN,NYJ,nflverse,,nflverse_archive,false,archive_final_fallback,,loss,-1.0,gaussian_unconditional,false,false,false,archive_final_fallback
moneyline,away,,255,3.55,0.3871300801149118,0.28169014084507044,0.2735384297378303,0.11359165037708147,0.3743117844079369,nflverse_archive,2022,7,2022_07_PIT_MIA,MIA,PIT,nflverse,,nflverse_archive,false,archive_final_fallback,,loss,-1.0,gaussian_unconditional,false,false,false,archive_final_fallback
spread,away,7.5,-119,1.8403361344537816,0.6362148565468276,0.5433789954337899,0.5305667495498585,0.10564810699696914,0.17084918977945596,nflverse_archive,2022,7,2022_07_PIT_MIA,MIA,PIT,nflverse,,nflverse_archive,false,archive_final_fallback,,win,0.8403361344537816,gaussian_unconditional,false,false,false,archive_final_fallback
total,under,44.5,-107,1.9345794392523366,0.5581080032990482,0.5169082125603864,0.5022899015342339,0.055818101764814276,0.07970426806451392,nflverse_archive,2022,7,2022_07_PIT_MIA,MIA,PIT,nflverse,,nflverse_archive,false,archive_final_fallback,,win,0.9345794392523366,gaussian_unconditional,false,false,false,archive_final_fallback
moneyline,away,,193,2.9299999999999997,0.4324476954137494,0.3412969283276451,0.3320599165165978,0.10038777889715161,0.2670717475622857,nflverse_archive,2022,7,2022_07_SEA_LAC,LAC,SEA,nflverse,,nflverse_archive,false,archive_final_fallback,,win,1.9299999999999997,gaussian_unconditional,false,false,false,archive_final_fallback
spread,away,5.5,-111,1.900900900900901,0.6162485323347751,0.5260663507109005,0.513948077676165,0.10230045465861004,0.17142739029403198,nflverse_archive,2022,7,2022_07_SEA_LAC,LAC,SEA,nflverse,,nflverse_archive,false,archive_final_fallback,,win,0.900900900900901,gaussian_unconditional,false,false,false,archive_final_fallback
total,under,51.5,-114,1.8771929824561404,0.5810771047745842,0.5327102803738317,0.5170826375411832,0.06399446723340096,0.09079386334878081,nflverse_archive,2022,7,2022_07_SEA_LAC,LAC,SEA,nflverse,,nflverse_archive,false,archive_final_fallback,,loss,-1.0,gaussian_unconditional,false,false,false,archive_final_fallback
moneyline,home,,524,6.24,0.35400775561347664,0.16025641025641024,0.15527950310559008,0.19872825250788656,1.209008395028094,nflverse_archive,2022,7,2022_07_TB_CAR,CAR,TB,nflverse,,nflverse_archive,false,archive_final_fallback,,win,5.24,gaussian_unconditional,false,false,false,archive_final_fallback
spread,home,13.0,-107,1.9345794392523366,0.7662131088588757,0.5169082125603864,0.5046466242274987,0.261566484631377,0.48230012648399323,nflverse_archive,2022,7,2022_07_TB_CAR,CAR,TB,nflverse,,nflverse_archive,false,archive_final_fallback,,win,0.9345794392523366,gaussian_unconditional,false,false,false,archive_final_fallback
total,over,39.5,103,2.0300000000000002,0.508538177882152,0.4926108374384236,0.47842650837246387,0.030111669509688188,0.032332501100768685,nflverse_archive,2022,7,2022_07_TB_CAR,CAR,TB,nflverse,,nflverse_archive,false,archive_final_fallback,,loss,-1.0,gaussian_unconditional,false,false,false,archive_final_fallback
moneyline,away,,177,2.77,0.39877138818392577,0.36101083032490977,0.35166954823988805,0.047101839944037716,0.10459674526947449,nflverse_archive,2022,8,2022_08_ARI_MIN,MIN,ARI,nflverse,,nflverse_archive,false,archive_final_fallback,,loss,-1.0,gaussian_unconditional,false,false,false,archive_final_fallback
spread,away,4.0,-105,1.9523809523809523,0.5295836169029751,0.5121951219512195,0.5,0.029583616902975063,0.03394896633437994,nflverse_archive,2022,8,2022_08_ARI_MIN,MIN,ARI,nflverse,,nflverse_archive,false,archive_final_fallback,,loss,-1.0,gaussian_unconditional,false,false,false,archive_final_fallback
total,under,48.5,-106,1.9433962264150944,0.6301563647400463,0.5145631067961165,0.5,0.13015636474004633,0.22464350128725985,nflverse_archive,2022,8,2022_08_ARI_MIN,MIN,ARI,nflverse,,nflverse_archive,false,archive_final_fallback,,loss,-1.0,gaussian_unconditional,false,false,false,archive_final_fallback
moneyline,away,,116,2.16,0.47405846381261285,0.4629629629629629,0.4519505233111323,0.022107940501480572,0.02396628183524374,nflverse_archive,2022,8,2022_08_BAL_TB,TB,BAL,nflverse,,nflverse_archive,false,archive_final_fallback,,win,1.1600000000000001,gaussian_unconditional,false,false,false,archive_final_fallback
spread,away,2.0,-104,1.9615384615384617,0.5399485809329061,0.5098039215686274,0.497677011707861,0.0422715692250451,0.059129908753008165,nflverse_archive,2022,8,2022_08_BAL_TB,TB,BAL,nflverse,,nflverse_archive,false,archive_final_fallback,,win,0.9615384615384617,gaussian_unconditional,false,false,false,archive_final_fallback
total,under,46.0,-102,1.9803921568627452,0.6073160592782276,0.504950495049505,0.4908340971585702,0.11648196211965745,0.20272396053139197,nflverse_archive,2022,8,2022_08_BAL_TB,TB,BAL,nflverse,,nflverse_archive,false,archive_final_fallback,,loss,-1.0,gaussian_unconditional,false,false,false,archive_final_fallback
moneyline,away,,178,2.7800000000000002,0.4119976865515719,0.3597122302158273,0.3500895577938542,0.06190812875771767,0.14535356861337,nflverse_archive,2022,8,2022_08_CAR_ATL,ATL,CAR,nflverse,,nflverse_archive,false,archive_final_fallback,,loss,-1.0,gaussian_unconditional,false,false,false,archive_final_fallback
spread,away,4.5,-110,1.9090909090909092,0.5594940279431712,0.5238095238095238,0.5116279069767442,0.04786612096642695,0.06812496243696309,nflverse_archive,2022,8,2022_08_CAR_ATL,ATL,CAR,nflverse,,nflverse_archive,false,archive_final_fallback,,win,0.9090909090909092,gaussian_unconditional,false,false,false,archive_final_fallback
total,over,41.0,-106,1.9433962264150944,0.5343292528941281,0.5145631067961165,0.5,0.03432925289412814,0.038413453737645264,nflverse_archive,2022,8,2022_08_CAR_ATL,ATL,CAR,nflverse,,nflverse_archive,false,archive_final_fallback,,win,0.9433962264150944,gaussian_unconditional,false,false,false,archive_final_fallback
moneyline,away,,355,4.55,0.3305101618491906,0.21978021978021978,0.21315101548361146,0.11735914636557912,0.503821236413817,nflverse_archive,2022,8,2022_08_CHI_DAL,DAL,CHI,nflverse,,nflverse_archive,false,archive_final_fallback,,loss,-1.0,gaussian_unconditional,false,false,false,archive_final_fallback
spread,away,10.5,-121,1.8264462809917354,0.6662997460008646,0.5475113122171946,0.533647048893203,0.1326526971076616,0.2169606931090171,nflverse_archive,2022,8,2022_08_CHI_DAL,DAL,CHI,nflverse,,nflverse_archive,false,archive_final_fallback,,loss,-1.0,gaussian_unconditional,false,false,false,archive_final_fallback
total,under,43.0,-108,1.925925925925926,0.6703381151170646,0.5192307692307692,0.5045804323928179,0.16575768272424674,0.29102155504027283,nflverse_archive,2022,8,2022_08_CHI_DAL,DAL,CHI,nflverse,,nflverse_archive,false,archive_final_fallback,,loss,-1.0,gaussian_unconditional,false,false,false,archive_final_fallback
moneyline,home,,147,2.4699999999999998,0.3980967891086885,0.40485829959514175,0.3951262751461066,0.002970513962581911,-0.016700930901539457,nflverse_archive,2022,8,2022_08_CIN_CLE,CLE,CIN,nflverse,,nflverse_archive,false,archive_final_fallback,,win,1.4699999999999998,gaussian_unconditional,false,false,false,archive_final_fallback
spread,home,3.0,102,2.02,0.49592581988883644,0.49504950495049505,0.4837531945965681,0.012172625292268313,0.001770156175449511,nflverse_archive,2022,8,2022_08_CIN_CLE,CLE,CIN,nflverse,,nflverse_archive,false,archive_final_fallback,,win,1.02,gaussian_unconditional,false,false,false,archive_final_fallback
total,over,45.0,-110,1.9090909090909092,0.5181670363561439,0.5238095238095238,0.5091659028414299,0.009001133514713988,-0.010772021501907036,nflverse_archive,2022,8,2022_08_CIN_CLE,CLE,CIN,nflverse,,nflverse_archive,false,archive_final_fallback,,push,0.0,gaussian_unconditional,false,false,false,archive_final_fallback
moneyline,home,,-107,1.9345794392523366,0.5724981428901095,0.5169082125603864,0.5046466242274987,0.06785151866261074,0.10754313624535206,nflverse_archive,2022,8,2022_08_DEN_JAX,JAX,DEN,nflverse,,nflverse_archive,false,archive_final_fallback,,loss,-1.0,gaussian_unconditional,false,false,false,archive_final_fallback
spread,home,-1.0,101,2.01,0.5398476533799696,0.49751243781094534,0.48499267935578333,0.05485497402418632,0.08509378329373884,nflverse_archive,2022,8,2022_08_DEN_JAX,JAX,DEN,nflverse,,nflverse_archive,false,archive_final_fallback,,loss,-1.0,gaussian_unconditional,false,false,false,archive_final_fallback
total,under,41.0,-103,1.970873786407767,0.6514126136508831,0.5073891625615764,0.4931277775232511,0.158284836127632,0.28385204437989575,nflverse_archive,2022,8,2022_08_DEN_JAX,JAX,DEN,nflverse,,nflverse_archive,false,archive_final_fallback,,win,0.970873786407767,gaussian_unconditional,false,false,false,archive_final_fallback
moneyline,away,,365,4.65,0.2118935389172003,0.2150537634408602,0.20847279334417138,0.0034207455730289327,-0.014695044035018534,nflverse_archive,2022,8,2022_08_GB_BUF,BUF,GB,nflverse,,nflverse_archive,false,archive_final_fallback,,loss,-1.0,gaussian_unconditional,false,false,false,archive_final_fallback
spread,away,10.5,-110,1.9090909090909092,0.5272484506894776,0.5238095238095238,0.5116279069767442,0.015620543712733359,0.00656522404354809,nflverse_archive,2022,8,2022_08_GB_BUF,BUF,GB,nflverse,,nflverse_archive,false,archive_final_fallback,,win,0.9090909090909092,gaussian_unconditional,false,false,false,archive_final_fallback
total,under,47.0,-104,1.9615384615384617,0.6578479165656363,0.5098039215686274,0.49541956760718214,0.1624283489584542,0.2903939901864405,nflverse_archive,2022,8,2022_08_GB_BUF,BUF,GB,nflverse,,nflverse_archive,false,archive_final_fallback,,win,0.9615384615384617,gaussian_unconditional,false,false,false,archive_final_fallback
moneyline,home,,108,2.08,0.49304386601155636,0.4807692307692307,0.4694332504501415,0.02361061556141486,0.025531241304037167,nflverse_archive,2022,8,2022_08_LV_NO,NO,LV,nflverse,,nflverse_archive,false,archive_final_fallback,,win,1.08,gaussian_unconditional,false,false,false,archive_final_fallback
spread,home,1.0,101,2.01,0.5260127652133781,0.49751243781094534,0.48605192232383504,0.0399608428895431,0.057285658078889856,nflverse_archive,2022,8,2022_08_LV_NO,NO,LV,nflverse,,nflverse_archive,false,archive_final_fallback,,win,1.0099999999999998,gaussian_unconditional,false,false,false,archive_final_fallback
total,over,48.5,-101,1.99009900990099,0.5494017450144684,0.5024875621890548,0.4885378937233506,0.060863851291117765,0.09336386879116976,nflverse_archive,2022,8,2022_08_LV_NO,NO,LV,nflverse,,nflverse_archive,false,archive_final_fallback,,loss,-1.0,gaussian_unconditional,false,false,false,archive_final_fallback
moneyline,home,,169,2.69,0.44917134320636987,0.3717472118959108,0.3620022469104981,0.08716909629587177,0.20827091322513502,nflverse_archive,2022,8,2022_08_MIA_DET,DET,MIA,nflverse,,nflverse_archive,false,archive_final_fallback,,loss,-1.0,gaussian_unconditional,false,false,false,archive_final_fallback
spread,home,3.5,102,2.02,0.5642102583538677,0.49504950495049505,0.4837531945965681,0.08045706375729961,0.13970472187481286,nflverse_archive,2022,8,2022_08_MIA_DET,DET,MIA,nflverse,,nflverse_archive,false,archive_final_fallback,,loss,-1.0,gaussian_unconditional,false,false,false,archive_final_fallback
total,under,52.0,-108,1.925925925925926,0.6026094818929606,0.5192307692307692,0.5045804323928179,0.09802904950014268,0.16058122438644262,nflverse_archive,2022,8,2022_08_MIA_DET,DET,MIA,nflverse,,nflverse_archive,false,archive_final_fallback,,loss,-1.0,gaussian_unconditional,false,false,false,archive_final_fallback
moneyline,home,,140,2.4,0.5169978356880973,0.4166666666666667,0.4066985645933014,0.11029927109479593,0.24079480565143352,nflverse_archive,2022,8,2022_08_NE_NYJ,NYJ,NE,nflverse,,nflverse_archive,false,archive_final_fallback,,loss,-1.0,gaussian_unconditional,false,false,false,archive_final_fallback
spread,home,3.0,-107,1.9345794392523366,0.6143534756714479,0.5169082125603864,0.5046466242274987,0.1097068514439492,0.18851560246719368,nflverse_archive,2022,8,2022_08_NE_NYJ,NYJ,NE,nflverse,,nflverse_archive,false,archive_final_fallback,,loss,-1.0,gaussian_unconditional,false,false,false,archive_final_fallback
total,over,40.0,-110,1.9090909090909092,0.5738036377242859,0.5238095238095238,0.5091659028414299,0.06463773488285596,0.09544330838272774,nflverse_archive,2022,8,2022_08_NE_NYJ,NYJ,NE,nflverse,,nflverse_archive,false,archive_final_fallback,,loss,-1.0,gaussian_unconditional,false,false,false,archive_final_fallback
moneyline,away,,147,2.4699999999999998,0.47557294997572197,0.40485829959514175,0.3945716506247384,0.08100129935098355,0.17466518644003304,nflverse_archive,2022,8,2022_08_NYG_SEA,SEA,NYG,nflverse,,nflverse_archive,false,archive_final_fallback,,loss,-1.0,gaussian_unconditional,false,false,false,archive_final_fallback
spread,away,3.0,-100,2.0,0.5740896889497894,0.5,0.48837209302325585,0.08571759592653355,0.1481793778995788,nflverse_archive,2022,8,2022_08_NYG_SEA,SEA,NYG,nflverse,,nflverse_archive,false,archive_final_fallback,,loss,-1.0,gaussian_unconditional,false,false,false,archive_final_fallback
total,over,44.5,-102,1.9803921568627452,0.5096276894813704,0.504950495049505,0.4908340971585702,0.0187935923228002,0.009262679168988486,nflverse_archive,2022,8,2022_08_NYG_SEA,SEA,NYG,nflverse,,nflverse_archive,false,archive_final_fallback,,loss,-1.0,gaussian_unconditional,false,false,false,archive_final_fallback
moneyline,away,,397,4.970000000000001,0.25382717119416354,0.20120724346076457,0.19502198129111162,0.05880518990305192,0.26152104083499284,nflverse_archive,2022,8,2022_08_PIT_PHI,PHI,PIT,nflverse,,nflverse_archive,false,archive_final_fallback,,loss,-1.0,gaussian_unconditional,false,false,false,archive_final_fallback
spread,away,11.0,102,2.02,0.5975740267444845,0.49504950495049505,0.4837531945965681,0.11382083214791633,0.2070995340238586,nflverse_archive,2022,8,2022_08_PIT_PHI,PHI,PIT,nflverse,,nflverse_archive,false,archive_final_fallback,,loss,-1.0,gaussian_unconditional,false,false,false,archive_final_fallback
total,under,43.0,-110,1.9090909090909092,0.5515288091597419,0.5238095238095238,0.5091659028414299,0.042362906318311966,0.052918635668598224,nflverse_archive,2022,8,2022_08_PIT_PHI,PHI,PIT,nflverse,,nflverse_archive,false,archive_final_fallback,,loss,-1.0,gaussian_unconditional,false,false,false,archive_final_fallback
moneyline,away,,-104,1.9615384615384617,0.5059602672493577,0.5098039215686274,0.497677011707861,0.008283255541496726,-0.007539475780105942,nflverse_archive,2022,8,2022_08_SF_LA,LA,SF,nflverse,,nflverse_archive,false,archive_final_fallback,,win,0.9615384615384617,gaussian_unconditional,false,false,false,archive_final_fallback
spread,home,1.0,-114,1.8771929824561404,0.527006562693793,0.5327102803738317,0.5195545777019441,0.007451984991848848,-0.010706978802879852,nflverse_archive,2022,8,2022_08_SF_LA,LA,SF,nflverse,,nflverse_archive,false,archive_final_fallback,,loss,-1.0,gaussian_unconditional,false,false,false,archive_final_fallback
total,under,42.0,-103,1.970873786407767,0.549223092495388,0.5073891625615764,0.4931277775232511,0.056095314972136934,0.08244939588896871,nflverse_archive,2022,8,2022_08_SF_LA,LA,SF,nflverse,,nflverse_archive,false,archive_final_fallback,,loss,-1.0,gaussian_unconditional,false,false,false,archive_final_fallback
moneyline,away,,-115,1.8695652173913042,0.5517102243131645,0.5348837209302326,0.521797153024911,0.02991307128825349,0.03145824545504672,nflverse_archive,2022,8,2022_08_TEN_HOU,HOU,TEN,nflverse,,nflverse_archive,false,archive_final_fallback,,win,0.8695652173913042,gaussian_unconditional,false,false,false,archive_final_fallback
spread,away,-1.0,-107,1.9345794392523366,0.5188611346777403,0.5169082125603864,0.5046466242274987,0.01421451045024158,0.0037780829746938416,nflverse_archive,2022,8,2022_08_TEN_HOU,HOU,TEN,nflverse,,nflverse_archive,false,archive_final_fallback,,win,0.9345794392523366,gaussian_unconditional,false,false,false,archive_final_fallback
total,over,39.0,-110,1.9090909090909092,0.5611982605227754,0.5238095238095238,0.5091659028414299,0.05203235768134551,0.07137849736166224,nflverse_archive,2022,8,2022_08_TEN_HOU,HOU,TEN,nflverse,,nflverse_archive,false,archive_final_fallback,,loss,-1.0,gaussian_unconditional,false,false,false,archive_final_fallback
moneyline,home,,-151,1.6622516556291391,0.5893205576012942,0.601593625498008,0.5867360379346681,0.002584519666626095,-0.020400927430961224,nflverse_archive,2022,8,2022_08_WAS_IND,IND,WAS,nflverse,,nflverse_archive,false,archive_final_fallback,,loss,-1.0,gaussian_unconditional,false,false,false,archive_final_fallback
spread,home,-3.0,103,2.0300000000000002,0.49111778678429163,0.4926108374384236,0.4804454222980557,0.01067236448623593,-0.003030892827887821,nflverse_archive,2022,8,2022_08_WAS_IND,IND,WAS,nflverse,,nflverse_archive,false,archive_final_fallback,,loss,-1.0,gaussian_unconditional,false,false,false,archive_final_fallback
total,under,40.5,-110,1.9090909090909092,0.538946269051548,0.5238095238095238,0.5091659028414299,0.029780366210118037,0.02889742273477336,nflverse_archive,2022,8,2022_08_WAS_IND,IND,WAS,nflverse,,nflverse_archive,false,archive_final_fallback,,win,0.9090909090909092,gaussian_unconditional,false,false,false,archive_final_fallback
moneyline,home,,112,2.12,0.5034568143925573,0.4716981132075471,0.46007229707525465,0.04338451731730264,0.06732844651222147,nflverse_archive,2022,9,2022_09_BAL_NO,NO,BAL,nflverse,,nflverse_archive,false,archive_final_fallback,,loss,-1.0,gaussian_unconditional,false,false,false,archive_final_fallback
spread,home,1.0,106,2.06,0.5364775089959355,0.4854368932038835,0.47377843762281124,0.06269907137312425,0.10514366853162715,nflverse_archive,2022,9,2022_09_BAL_NO,NO,BAL,nflverse,,nflverse_archive,false,archive_final_fallback,,loss,-1.0,gaussian_unconditional,false,false,false,archive_final_fallback
total,over,46.0,-104,1.9615384615384617,0.5628116656990183,0.5098039215686274,0.49541956760718214,0.06739209809183616,0.10397672887115128,nflverse_archive,2022,9,2022_09_BAL_NO,NO,BAL,nflverse,,nflverse_archive,false,archive_final_fallback,,loss,-1.0,gaussian_unconditional,false,false,false,archive_final_fallback
moneyline,home,,400,5.0,0.32294940423208685,0.2,0.19386422976501305,0.1290851744670738,0.6147470211604342,nflverse_archive,2022,9,2022_09_BUF_NYJ,NYJ,BUF,nflverse,,nflverse_archive,false,archive_final_fallback,,win,4.0,gaussian_unconditional,false,false,false,archive_final_fallback
spread,home,11.0,-114,1.8771929824561404,0.6745146280098986,0.5327102803738317,0.5195545777019441,0.15496005030795446,0.2661941262641956,nflverse_archive,2022,9,2022_09_BUF_NYJ,NYJ,BUF,nflverse,,nflverse_archive,false,archive_final_fallback,,win,0.8771929824561404,gaussian_unconditional,false,false,false,archive_final_fallback
total,under,46.0,-102,1.9803921568627452,0.5842665451557172,0.504950495049505,0.4908340971585702,0.093432447997147,0.15707688354367533,nflverse_archive,2022,9,2022_09_BUF_NYJ,NYJ,BUF,nflverse,,nflverse_archive,false,archive_final_fallback,,win,0.9803921568627452,gaussian_unconditional,false,false,false,archive_final_fallback
moneyline,away,,282,3.82,0.30102085376131393,0.2617801047120419,0.25421429498295406,0.046806558778359875,0.14989966136821908,nflverse_archive,2022,9,2022_09_CAR_CIN,CIN,CAR,nflverse,,nflverse_archive,false,archive_final_fallback,,loss,-1.0,gaussian_unconditional,false,false,false,archive_final_fallback
spread,away,7.0,-100,2.0,0.5234527676714087,0.5,0.48837209302325585,0.03508067464815284,0.046905535342817384,nflverse_archive,2022,9,2022_09_CAR_CIN,CIN,CAR,nflverse,,nflverse_archive,false,archive_final_fallback,,loss,-1.0,gaussian_unconditional,false,false,false,archive_final_fallback
total,over,43.0,101,2.01,0.49421935173483467,0.49751243781094534,0.4829173624588166,0.011301989276018054,-0.006619103012982408,nflverse_archive,2022,9,2022_09_CAR_CIN,CIN,CAR,nflverse,,nflverse_archive,false,archive_final_fallback,,win,1.0099999999999998,gaussian_unconditional,false,false,false,archive_final_fallback
moneyline,home,,170,2.7,0.4771366372564608,0.37037037037037035,0.36072889550018594,0.11640774175627489,0.28826892059244424,nflverse_archive,2022,9,2022_09_GB_DET,DET,GB,nflverse,,nflverse_archive,false,archive_final_fallback,,win,1.7000000000000002,gaussian_unconditional,false,false,false,archive_final_fallback
spread,home,4.0,-103,1.970873786407767,0.6080544229810497,0.5073891625615764,0.4953533757725013,0.1127010472085484,0.19839852296265148,nflverse_archive,2022,9,2022_09_GB_DET,DET,GB,nflverse,,nflverse_archive,false,archive_final_fallback,,win,0.970873786407767,gaussian_unconditional,false,false,false,archive_final_fallback
total,under,49.5,-107,1.9345794392523366,0.539437931215406,0.5169082125603864,0.5022899015342339,0.037148029681172035,0.043585530482140644,nflverse_archive,2022,9,2022_09_GB_DET,DET,GB,nflverse,,nflverse_archive,false,archive_final_fallback,,win,0.9345794392523366,gaussian_unconditional,false,false,false,archive_final_fallback
moneyline,away,,188,2.88,0.3451582814568088,0.3472222222222222,0.3381893860561915,0.006968895400617348,-0.005944149404390586,nflverse_archive,2022,9,2022_09_IND_NE,NE,IND,nflverse,,nflverse_archive,false,archive_final_fallback,,loss,-1.0,gaussian_unconditional,false,false,false,archive_final_fallback
spread,home,-5.0,104,2.04,0.49359091023446866,0.49019607843137253,0.4782028469750889,0.015388063259379747,0.0069254568783161385,nflverse_archive,2022,9,2022_09_IND_NE,NE,IND,nflverse,,nflverse_archive,false,archive_final_fallback,,win,1.04,gaussian_unconditional,false,false,false,archive_final_fallback
total,over,40.0,-103,1.970873786407767,0.49502672107268075,0.5073891625615764,0.4931277775232511,0.0018989435494296547,-0.02436481186646411,nflverse_archive,2022,9,2022_09_IND_NE,NE,IND,nflverse,,nflverse_archive,false,archive_final_fallback,,loss,-1.0,gaussian_unconditional,false,false,false,archive_final_fallback
moneyline,home,,130,2.3,0.586714262512467,0.4347826086956522,0.4248994579471935,0.16181480456527353,0.3494428037786741,nflverse_archive,2022,9,2022_09_LAC_ATL,ATL,LAC,nflverse,,nflverse_archive,false,archive_final_fallback,,loss,-1.0,gaussian_unconditional,false,false,false,archive_final_fallback
spread,home,2.5,103,2.0300000000000002,0.665072334722587,0.4926108374384236,0.4804454222980557,0.18462691242453128,0.3500968394868518,nflverse_archive,2022,9,2022_09_LAC_ATL,ATL,LAC,nflverse,,nflverse_archive,false,archive_final_fallback,,loss,-1.0,gaussian_unconditional,false,false,false,archive_final_fallback
total,over,49.5,-107,1.9345794392523366,0.5236532183463232,0.5169082125603864,0.5022899015342339,0.02136331681208925,0.013048749511111124,nflverse_archive,2022,9,2022_09_LAC_ATL,ATL,LAC,nflverse,,nflverse_archive,false,archive_final_fallback,,loss,-1.0,gaussian_unconditional,false,false,false,archive_final_fallback
moneyline,home,,-158,1.6329113924050633,0.6396584818462249,0.6124031007751938,0.5971016303329377,0.04255685151328714,0.04450562225522803,nflverse_archive,2022,9,2022_09_LA_TB,TB,LA,nflverse,,nflverse_archive,false,archive_final_fallback,,win,0.6329113924050633,gaussian_unconditional,false,false,false,archive_final_fallback
spread,home,-3.0,-106,1.9433962264150944,0.5433397593701526,0.5145631067961165,0.5023229882921391,0.04101677107801349,0.05592443802123981,nflverse_archive,2022,9,2022_09_LA_TB,TB,LA,nflverse,,nflverse_archive,false,archive_final_fallback,,push,0.0,gaussian_unconditional,false,false,false,archive_final_fallback
total,under,43.0,-108,1.925925925925926,0.6053016313061267,0.5192307692307692,0.5045804323928179,0.10072119891330877,0.16576610473772546,nflverse_archive,2022,9,2022_09_LA_TB,TB,LA,nflverse,,nflverse_archive,false,archive_final_fallback,,win,0.925925925925926,gaussian_unconditional,false,false,false,archive_final_fallback
moneyline,home,,116,2.16,0.5785068312297028,0.4629629629629629,0.45110708376014497,0.12739974746955784,0.24957475545615826,nflverse_archive,2022,9,2022_09_LV_JAX,JAX,LV,nflverse,,nflverse_archive,false,archive_final_fallback,,win,1.1600000000000001,gaussian_unconditional,false,false,false,archive_final_fallback
spread,home,2.5,-108,1.925925925925926,0.6573791254028065,0.5192307692307692,0.5069715560513106,0.1504075693514959,0.2660635007757757,nflverse_archive,2022,9,2022_09_LV_JAX,JAX,LV,nflverse,,nflverse_archive,false,archive_final_fallback,,win,0.925925925925926,gaussian_unconditional,false,false,false,archive_final_fallback
total,under,47.5,105,2.05,0.5719940283597498,0.48780487804878053,0.47401609045444665,0.09797793790530313,0.17258775813748684,nflverse_archive,2022,9,2022_09_LV_JAX,JAX,LV,nflverse,,nflverse_archive,false,archive_final_fallback,,win,1.0499999999999998,gaussian_unconditional,false,false,false,archive_final_fallback
moneyline,home,,172,2.7199999999999998,0.5275667534362154,0.36764705882352944,0.35820822534109253,0.16935852809512286,0.4349815693465058,nflverse_archive,2022,9,2022_09_MIA_CHI,CHI,MIA,nflverse,,nflverse_archive,false,archive_final_fallback,,loss,-1.0,gaussian_unconditional,false,false,false,archive_final_fallback
spread,home,4.0,-107,1.9345794392523366,0.6556970940833795,0.5169082125603864,0.5046466242274987,0.15105046985588078,0.2684981165912108,nflverse_archive,2022,9,2022_09_MIA_CHI,CHI,MIA,nflverse,,nflverse_archive,false,archive_final_fallback,,win,0.9345794392523366,gaussian_unconditional,false,false,false,archive_final_fallback
total,under,46.0,-104,1.9615384615384617,0.5660183075951266,0.5098039215686274,0.49541956760718214,0.07059873998794447,0.11026668028274833,nflverse_archive,2022,9,2022_09_MIA_CHI,CHI,MIA,nflverse,,nflverse_archive,false,archive_final_fallback,,loss,-1.0,gaussian_unconditional,false,false,false,archive_final_fallback
moneyline,home,,151,2.51,0.452076727326312,0.39840637450199207,0.38806099337843886,0.06401573394787313,0.13471258558904298,nflverse_archive,2022,9,2022_09_MIN_WAS,WAS,MIN,nflverse,,nflverse_archive,false,archive_final_fallback,,loss,-1.0,gaussian_unconditional,false,false,false,archive_final_fallback
spread,home,3.0,108,2.08,0.5510357633358978,0.4807692307692307,0.4694332504501415,0.08160251288575626,0.1461543877386673,nflverse_archive,2022,9,2022_09_MIN_WAS,WAS,MIN,nflverse,,nflverse_archive,false,archive_final_fallback,,push,0.0,gaussian_unconditional,false,false,false,archive_final_fallback
total,under,43.5,-106,1.9433962264150944,0.5372190404199135,0.5145631067961165,0.5,0.03721904041991353,0.044029455910397974,nflverse_archive,2022,9,2022_09_MIN_WAS,WAS,MIN,nflverse,,nflverse_archive,false,archive_final_fallback,,win,0.9433962264150944,gaussian_unconditional,false,false,false,archive_final_fallback
moneyline,home,,539,6.39,0.30493583871343555,0.1564945226917058,0.15167045527612727,0.15326538343730828,0.948540009378853,nflverse_archive,2022,9,2022_09_PHI_HOU,HOU,PHI,nflverse,,nflverse_archive,false,archive_final_fallback,,loss,-1.0,gaussian_unconditional,false,false,false,archive_final_fallback
spread,home,14.0,-113,1.8849557522123894,0.742256996543865,0.5305164319248826,0.5172913928296243,0.22496560371424068,0.39912159525525004,nflverse_archive,2022,9,2022_09_PHI_HOU,HOU,PHI,nflverse,,nflverse_archive,false,archive_final_fallback,,win,0.8849557522123894,gaussian_unconditional,false,false,false,archive_final_fallback
total,under,45.5,-112,1.8928571428571428,0.5878528964512615,0.5283018867924528,0.5125216282670066,0.07533126818425484,0.11272155399703054,nflverse_archive,2022,9,2022_09_PHI_HOU,HOU,PHI,nflverse,,nflverse_archive,false,archive_final_fallback,,loss,-1.0,gaussian_unconditional,false,false,false,archive_final_fallback
moneyline,away,,116,2.16,0.4705073228022413,0.4629629629629629,0.4519505233111323,0.018556799491109,0.016295817252841127,nflverse_archive,2022,9,2022_09_SEA_ARI,ARI,SEA,nflverse,,nflverse_archive,false,archive_final_fallback,,win,1.1600000000000001,gaussian_unconditional,false,false,false,archive_final_fallback
spread,away,1.5,102,2.02,0.5200793651463114,0.49504950495049505,0.4827086071703758,0.03737075797593559,0.05056031759554891,nflverse_archive,2022,9,2022_09_SEA_ARI,ARI,SEA,nflverse,,nflverse_archive,false,archive_final_fallback,,win,1.02,gaussian_unconditional,false,false,false,archive_final_fallback
total,under,49.5,-115,1.8695652173913042,0.5258251663064022,0.5348837209302326,0.5205708551678003,0.005254311138601864,-0.01693555864455254,nflverse_archive,2022,9,2022_09_SEA_ARI,ARI,SEA,nflverse,,nflverse_archive,false,archive_final_fallback,,loss,-1.0,gaussian_unconditional,false,false,false,archive_final_fallback
moneyline,away,,530,6.3,0.3009336543705162,0.15873015873015872,0.15381016433709574,0.14712349003342048,0.8958820225342521,nflverse_archive,2022,9,2022_09_TEN_KC,KC,TEN,nflverse,,nflverse_archive,false,archive_final_fallback,,loss,-1.0,gaussian_unconditional,false,false,false,archive_final_fallback
spread,away,14.0,-107,1.9345794392523366,0.7385426052050341,0.5169082125603864,0.5046466242274987,0.2338959809775354,0.4287693390415146,nflverse_archive,2022,9,2022_09_TEN_KC,KC,TEN,nflverse,,nflverse_archive,false,archive_final_fallback,,win,0.9345794392523366,gaussian_unconditional,false,false,false,archive_final_fallback
total,over,45.0,-106,1.9433962264150944,0.5837283042030148,0.5145631067961165,0.5,0.0837283042030148,0.1344153836398212,nflverse_archive,2022,9,2022_09_TEN_KC,KC,TEN,nflverse,,nflverse_archive,false,archive_final_fallback,,loss,-1.0,gaussian_unconditional,false,false,false,archive_final_fallback
moneyline,away,,160,2.6,0.43101830882837766,0.3846153846153846,0.3729573010015815,0.058061007826796185,0.12064760295378196,nflverse_archive,2022,10,2022_10_ARI_LA,LA,ARI,nflverse,,nflverse_archive,false,archive_final_fallback,,win,1.6,gaussian_unconditional,false,false,false,archive_final_fallback
spread,away,3.5,-110,1.9090909090909092,0.5487073701041474,0.5238095238095238,0.5091659028414299,0.039541467262717456,0.047532252017008725,nflverse_archive,2022,10,2022_10_ARI_LA,LA,ARI,nflverse,,nflverse_archive,false,archive_final_fallback,,win,0.9090909090909092,gaussian_unconditional,false,false,false,archive_final_fallback
total,over,38.0,-104,1.9615384615384617,0.6487605744735936,0.5098039215686274,0.49541956760718214,0.15334100686641144,0.2725688191597413,nflverse_archive,2022,10,2022_10_ARI_LA,LA,ARI,nflverse,,nflverse_archive,false,archive_final_fallback,,win,0.9615384615384617,gaussian_unconditional,false,false,false,archive_final_fallback
moneyline,home,,119,2.19,0.5092479979540652,0.4566210045662101,0.44522913947954246,0.06401885847452271,0.11525311551940276,nflverse_archive,2022,10,2022_10_ATL_CAR,CAR,ATL,nflverse,,nflverse_archive,false,archive_final_fallback,,win,1.19,gaussian_unconditional,false,false,false,archive_final_fallback
spread,home,2.5,-107,1.9345794392523366,0.5927944871621905,0.5169082125603864,0.5046466242274987,0.08814786293469179,0.14680802656610692,nflverse_archive,2022,10,2022_10_ATL_CAR,CAR,ATL,nflverse,,nflverse_archive,false,archive_final_fallback,,win,0.9345794392523366,gaussian_unconditional,false,false,false,archive_final_fallback
total,over,41.5,-106,1.9433962264150944,0.6274203793375238,0.5145631067961165,0.5,0.12742037933752381,0.2193263975804709,nflverse_archive,2022,10,2022_10_ATL_CAR,CAR,ATL,nflverse,,nflverse_archive,false,archive_final_fallback,,loss,-1.0,gaussian_unconditional,false,false,false,archive_final_fallback
moneyline,away,,158,2.58,0.4201520553168363,0.38759689922480617,0.37755908731565024,0.04259296800118606,0.08399230271743763,nflverse_archive,2022,10,2022_10_CLE_MIA,MIA,CLE,nflverse,,nflverse_archive,false,archive_final_fallback,,loss,-1.0,gaussian_unconditional,false,false,false,archive_final_fallback
spread,away,3.0,112,2.12,0.5208801544465211,0.4716981132075471,0.4609723829998346,0.05990777144668652,0.10426592742662488,nflverse_archive,2022,10,2022_10_CLE_MIA,MIA,CLE,nflverse,,nflverse_archive,false,archive_final_fallback,,loss,-1.0,gaussian_unconditional,false,false,false,archive_final_fallback
total,under,49.0,-102,1.9803921568627452,0.5465984075749731,0.504950495049505,0.4908340971585702,0.05576431041640295,0.0824791993151428,nflverse_archive,2022,10,2022_10_CLE_MIA,MIA,CLE,nflverse,,nflverse_archive,false,archive_final_fallback,,loss,-1.0,gaussian_unconditional,false,false,false,archive_final_fallback
moneyline,home,,177,2.77,0.41834448208136654,0.36101083032490977,0.35166954823988805,0.06667493384147849,0.15881421536538531,nflverse_archive,2022,10,2022_10_DAL_GB,GB,DAL,nflverse,,nflverse_archive,false,archive_final_fallback,,win,1.77,gaussian_unconditional,false,false,false,archive_final_fallback
spread,home,3.5,102,2.02,0.5358754214520713,0.49504950495049505,0.4827086071703758,0.05316681428169556,0.08246835133318409,nflverse_archive,2022,10,2022_10_DAL_GB,GB,DAL,nflverse,,nflverse_archive,false,archive_final_fallback,,win,1.02,gaussian_unconditional,false,false,false,archive_final_fallback
total,under,44.5,-104,1.9615384615384617,0.6291277773886707,0.5098039215686274,0.49541956760718214,0.1337082097814885,0.2340583325700849,nflverse_archive,2022,10,2022_10_DAL_GB,GB,DAL,nflverse,,nflverse_archive,false,archive_final_fallback,,loss,-1.0,gaussian_unconditional,false,false,false,archive_final_fallback
moneyline,home,,-135,1.7407407407407407,0.6006024429729546,0.574468085106383,0.5605012156349355,0.04010122733801913,0.04549314147143946,nflverse_archive,2022,10,2022_10_DEN_TEN,TEN,DEN,nflverse,,nflverse_archive,false,archive_final_fallback,,win,0.7407407407407407,gaussian_unconditional,false,false,false,archive_final_fallback
spread,home,-2.5,-105,1.9523809523809523,0.5172890346007655,0.5121951219512195,0.5,0.017289034600765474,0.009945258030065851,nflverse_archive,2022,10,2022_10_DEN_TEN,TEN,DEN,nflverse,,nflverse_archive,false,archive_final_fallback,,win,0.9523809523809523,gaussian_unconditional,false,false,false,archive_final_fallback
total,under,40.0,-107,1.9345794392523366,0.6397031730853366,0.5169082125603864,0.5022899015342339,0.13741327155110272,0.23755660587537086,nflverse_archive,2022,10,2022_10_DEN_TEN,TEN,DEN,nflverse,,nflverse_archive,false,archive_final_fallback,,win,0.9345794392523366,gaussian_unconditional,false,false,false,archive_final_fallback
moneyline,home,,-159,1.6289308176100628,0.6107588693494095,0.613899613899614,0.5986798270759409,0.012079042273468565,-0.005116055588068935,nflverse_archive,2022,10,2022_10_DET_CHI,CHI,DET,nflverse,,nflverse_archive,false,archive_final_fallback,,loss,-1.0,gaussian_unconditional,false,false,false,archive_final_fallback
spread,home,-3.0,-105,1.9523809523809523,0.51094171488659,0.5121951219512195,0.5,0.010941714886590015,-0.0024471280785623994,nflverse_archive,2022,10,2022_10_DET_CHI,CHI,DET,nflverse,,nflverse_archive,false,archive_final_fallback,,loss,-1.0,gaussian_unconditional,false,false,false,archive_final_fallback
total,over,48.5,101,2.01,0.4933352138439613,0.49751243781094534,0.4829173624588166,0.010417851385144672,-0.008396220173637947,nflverse_archive,2022,10,2022_10_DET_CHI,CHI,DET,nflverse,,nflverse_archive,false,archive_final_fallback,,win,1.0099999999999998,gaussian_unconditional,false,false,false,archive_final_fallback
moneyline,home,,-221,1.4524886877828054,0.6851369886835554,0.6884735202492213,0.6700755434503316,0.015061445233223836,-0.004846274355559732,nflverse_archive,2022,10,2022_10_HOU_NYG,NYG,HOU,nflverse,,nflverse_archive,false,archive_final_fallback,,win,0.4524886877828054,gaussian_unconditional,false,false,false,archive_final_fallback
spread,home,-5.5,102,2.02,0.5066577592926531,0.49504950495049505,0.4837531945965681,0.022904564696084984,0.023448673771159223,nflverse_archive,2022,10,2022_10_HOU_NYG,NYG,HOU,nflverse,,nflverse_archive,false,archive_final_fallback,,win,1.02,gaussian_unconditional,false,false,false,archive_final_fallback
total,under,41.5,-109,1.9174311926605505,0.5646514222199027,0.5215311004784688,0.506872222476749,0.05777919974315371,0.08268024994458423,nflverse_archive,2022,10,2022_10_HOU_NYG,NYG,HOU,nflverse,,nflverse_archive,false,archive_final_fallback,,win,0.9174311926605505,gaussian_unconditional,false,false,false,archive_final_fallback
moneyline,away,,177,2.77,0.3991481753399997,0.36101083032490977,0.35166954823988805,0.04747862710011164,0.1056404456917992,nflverse_archive,2022,10,2022_10_IND_LV,LV,IND,nflverse,,nflverse_archive,false,archive_final_fallback,,win,1.77,gaussian_unconditional,false,false,false,archive_final_fallback
spread,away,4.5,-112,1.8928571428571428,0.549836487278904,0.5283018867924528,0.5150073206442166,0.03482916663468738,0.04076192234935405,nflverse_archive,2022,10,2022_10_IND_LV,LV,IND,nflverse,,nflverse_archive,false,archive_final_fallback,,win,0.8928571428571428,gaussian_unconditional,false,false,false,archive_final_fallback
total,over,41.0,-114,1.8771929824561404,0.5295650818938289,0.5327102803738317,0.5170826375411832,0.012482444352645672,-0.005904144515093135,nflverse_archive,2022,10,2022_10_IND_LV,LV,IND,nflverse,,nflverse_archive,false,archive_final_fallback,,win,0.8771929824561404,gaussian_unconditional,false,false,false,archive_final_fallback
moneyline,away,,333,4.33,0.2849861967239745,0.23094688221709006,0.22410146092595667,0.06088473579801784,0.2339902318148097,nflverse_archive,2022,10,2022_10_JAX_KC,KC,JAX,nflverse,,nflverse_archive,false,archive_final_fallback,,loss,-1.0,gaussian_unconditional,false,false,false,archive_final_fallback
spread,away,10.0,-120,1.8333333333333335,0.6095444300396701,0.5454545454545454,0.5327102803738317,0.07683414966583835,0.11749812173939511,nflverse_archive,2022,10,2022_10_JAX_KC,KC,JAX,nflverse,,nflverse_archive,false,archive_final_fallback,,push,0.0,gaussian_unconditional,false,false,false,archive_final_fallback
total,under,51.5,-110,1.9090909090909092,0.5934939697741296,0.5238095238095238,0.5091659028414299,0.08432806693269967,0.13303394229606558,nflverse_archive,2022,10,2022_10_JAX_KC,KC,JAX,nflverse,,nflverse_archive,false,archive_final_fallback,,win,0.9090909090909092,gaussian_unconditional,false,false,false,archive_final_fallback
moneyline,away,,302,4.02,0.3256219722907757,0.24875621890547267,0.24152546851712875,0.08409650377364697,0.30900032860891824,nflverse_archive,2022,10,2022_10_LAC_SF,SF,LAC,nflverse,,nflverse_archive,false,archive_final_fallback,,loss,-1.0,gaussian_unconditional,false,false,false,archive_final_fallback
spread,away,8.5,-105,1.9523809523809523,0.6053638373841423,0.5121951219512195,0.5,0.10536383738414234,0.18190082536903973,nflverse_archive,2022,10,2022_10_LAC_SF,SF,LAC,nflverse,,nflverse_archive,false,archive_final_fallback,,win,0.9523809523809523,gaussian_unconditional,false,false,false,archive_final_fallback
total,under,45.5,101,2.01,0.5265136868806445,0.49751243781094534,0.48394792447685914,0.042565762403785345,0.05829251063009533,nflverse_archive,2022,10,2022_10_LAC_SF,SF,LAC,nflverse,,nflverse_archive,false,archive_final_fallback,,win,1.0099999999999998,gaussian_unconditional,false,false,false,archive_final_fallback
moneyline,home,,-264,1.378787878787879,0.7463239877292114,0.7252747252747253,0.7053108808290155,0.041013106900195884,0.029022467929670226,nflverse_archive,2022,10,2022_10_MIN_BUF,BUF,MIN,nflverse,,nflverse_archive,false,archive_final_fallback,,loss,-1.0,gaussian_unconditional,false,false,false,archive_final_fallback
spread,home,-6.5,-106,1.9433962264150944,0.5449533533982123,0.5145631067961165,0.5023229882921391,0.04263036510607321,0.059060290566337104,nflverse_archive,2022,10,2022_10_MIN_BUF,BUF,MIN,nflverse,,nflverse_archive,false,archive_final_fallback,,loss,-1.0,gaussian_unconditional,false,false,false,archive_final_fallback
total,under,47.0,-105,1.9523809523809523,0.6157764911864306,0.5121951219512195,0.4977100984657659,0.11806639272066471,0.20223029231636458,nflverse_archive,2022,10,2022_10_MIN_BUF,BUF,MIN,nflverse,,nflverse_archive,false,archive_final_fallback,,loss,-1.0,gaussian_unconditional,false,false,false,archive_final_fallback
moneyline,away,,105,2.05,0.5114608617664121,0.48780487804878053,0.47598060819744376,0.03548025356896839,0.048494766621144825,nflverse_archive,2022,10,2022_10_NO_PIT,PIT,NO,nflverse,,nflverse_archive,false,archive_final_fallback,,loss,-1.0,gaussian_unconditional,false,false,false,archive_final_fallback
spread,away,1.0,-103,1.970873786407767,0.5451252344373321,0.5073891625615764,0.4953533757725013,0.04977185866483075,0.07437303486192626,nflverse_archive,2022,10,2022_10_NO_PIT,PIT,NO,nflverse,,nflverse_archive,false,archive_final_fallback,,loss,-1.0,gaussian_unconditional,false,false,false,archive_final_fallback
total,over,39.5,-109,1.9174311926605505,0.5898383878425694,0.5215311004784688,0.5056854361866643,0.08415295165590508,0.13097452347795424,nflverse_archive,2022,10,2022_10_NO_PIT,PIT,NO,nflverse,,nflverse_archive,false,archive_final_fallback,,loss,-1.0,gaussian_unconditional,false,false,false,archive_final_fallback
moneyline,home,,-138,1.7246376811594204,0.5660338701928053,0.5798319327731092,0.5649948822927329,0.0010389879000723967,-0.023796658652987968,nflverse_archive,2022,10,2022_10_SEA_TB,TB,SEA,nflverse,,nflverse_archive,false,archive_final_fallback,,win,0.7246376811594204,gaussian_unconditional,false,false,false,archive_final_fallback
spread,away,2.5,103,2.0300000000000002,0.5180541425671814,0.4926108374384236,0.4804454222980557,0.037608720269125706,0.05164990941137848,nflverse_archive,2022,10,2022_10_SEA_TB,TB,SEA,nflverse,,nflverse_archive,false,archive_final_fallback,,loss,-1.0,gaussian_unconditional,false,false,false,archive_final_fallback
total,under,45.0,-104,1.9615384615384617,0.5492517034284564,0.5098039215686274,0.49541956760718214,0.053832135821274274,0.07737834134043386,nflverse_archive,2022,10,2022_10_SEA_TB,TB,SEA,nflverse,,nflverse_archive,false,archive_final_fallback,,win,0.9615384615384617,gaussian_unconditional,false,false,false,archive_final_fallback
moneyline,away,,405,5.05,0.21604344929579455,0.19801980198019803,0.19194838792098495,0.0240950613748096,0.09101941894376253,nflverse_archive,2022,10,2022_10_WAS_PHI,PHI,WAS,nflverse,,nflverse_archive,false,archive_final_fallback,,win,4.05,gaussian_unconditional,false,false,false,archive_final_fallback
spread,away,11.0,-107,1.9345794392523366,0.5577317594556618,0.5169082125603864,0.5046466242274987,0.05308513522816305,0.07897639446095317,nflverse_archive,2022,10,2022_10_WAS_PHI,PHI,WAS,nflverse,,nflverse_archive,false,archive_final_fallback,,win,0.9345794392523366,gaussian_unconditional,false,false,false,archive_final_fallback
total,under,43.0,-103,1.970873786407767,0.5248470759457271,0.5073891625615764,0.4931277775232511,0.031719298422476006,0.03440734385420008,nflverse_archive,2022,10,2022_10_WAS_PHI,PHI,WAS,nflverse,,nflverse_archive,false,archive_final_fallback,,loss,-1.0,gaussian_unconditional,false,false,false,archive_final_fallback
moneyline,away,,503,6.03,0.250853252796304,0.16583747927031509,0.16070011036031676,0.09015314243598724,0.5126451143617132,nflverse_archive,2022,11,2022_11_CAR_BAL,BAL,CAR,nflverse,,nflverse_archive,false,archive_final_fallback,,loss,-1.0,gaussian_unconditional,false,false,false,archive_final_fallback
spread,away,13.0,-117,1.8547008547008548,0.6710641432894402,0.5391705069124424,0.5262215623771888,0.14484258091225144,0.2446232401180215,nflverse_archive,2022,11,2022_11_CAR_BAL,BAL,CAR,nflverse,,nflverse_archive,false,archive_final_fallback,,win,0.8547008547008548,gaussian_unconditional,false,false,false,archive_final_fallback
total,over,42.0,-100,2.0,0.6059905003796359,0.5,0.4862385321100918,0.11975196826954404,0.21198100075927173,nflverse_archive,2022,11,2022_11_CAR_BAL,BAL,CAR,nflverse,,nflverse_archive,false,archive_final_fallback,,loss,-1.0,gaussian_unconditional,false,false,false,archive_final_fallback
moneyline,home,,-138,1.7246376811594204,0.5779655457240619,0.5798319327731092,0.5660893345487693,0.011876211175292584,-0.0032188414324149095,nflverse_archive,2022,11,2022_11_CHI_ATL,ATL,CHI,nflverse,,nflverse_archive,false,archive_final_fallback,,win,0.7246376811594204,gaussian_unconditional,false,false,false,archive_final_fallback
spread,home,-3.0,110,2.1,0.4758636561421846,0.47619047619047616,0.46424090338770396,0.011622752754480659,-0.0006863221014122844,nflverse_archive,2022,11,2022_11_CHI_ATL,ATL,CHI,nflverse,,nflverse_archive,false,archive_final_fallback,,push,0.0,gaussian_unconditional,false,false,false,archive_final_fallback
total,under,48.5,-108,1.925925925925926,0.5478192026769603,0.5192307692307692,0.5045804323928179,0.04323877028414236,0.055059205155627344,nflverse_archive,2022,11,2022_11_CHI_ATL,ATL,CHI,nflverse,,nflverse_archive,false,archive_final_fallback,,loss,-1.0,gaussian_unconditional,false,false,false,archive_final_fallback
moneyline,home,,163,2.63,0.38908943525608064,0.3802281368821293,0.3707306812504931,0.018358754005587563,0.023305214723492007,nflverse_archive,2022,11,2022_11_CIN_PIT,PIT,CIN,nflverse,,nflverse_archive,false,archive_final_fallback,,loss,-1.0,gaussian_unconditional,false,false,false,archive_final_fallback
spread,away,-3.5,101,2.01,0.49265674091932365,0.49751243781094534,0.48605192232383504,0.006604818595488615,-0.009759950752159519,nflverse_archive,2022,11,2022_11_CIN_PIT,PIT,CIN,nflverse,,nflverse_archive,false,archive_final_fallback,,win,1.0099999999999998,gaussian_unconditional,false,false,false,archive_final_fallback
total,over,39.0,-112,1.8928571428571428,0.5753255321429861,0.5283018867924528,0.5137614678899083,0.06156406425307781,0.08900904298493795,nflverse_archive,2022,11,2022_11_CIN_PIT,PIT,CIN,nflverse,,nflverse_archive,false,archive_final_fallback,,win,0.8928571428571428,gaussian_unconditional,false,false,false,archive_final_fallback
moneyline,home,,-353,1.28328611898017,0.8109120579834249,0.7792494481236203,0.7561815774459886,0.05473048053743634,0.040632187723772084,nflverse_archive,2022,11,2022_11_CLE_BUF,BUF,CLE,nflverse,,nflverse_archive,false,archive_final_fallback,,win,0.2832861189801701,gaussian_unconditional,false,false,false,archive_final_fallback
spread,home,-7.5,-108,1.925925925925926,0.5941326875749549,0.5192307692307692,0.5057672787671864,0.08836540880776844,0.14425554644065386,nflverse_archive,2022,11,2022_11_CLE_BUF,BUF,CLE,nflverse,,nflverse_archive,false,archive_final_fallback,,win,0.925925925925926,gaussian_unconditional,false,false,false,archive_final_fallback
total,under,50.5,-103,1.970873786407767,0.6106376611676947,0.5073891625615764,0.4931277775232511,0.11750988364444359,0.20348975938875746,nflverse_archive,2022,11,2022_11_CLE_BUF,BUF,CLE,nflverse,,nflverse_archive,false,archive_final_fallback,,loss,-1.0,gaussian_unconditional,false,false,false,archive_final_fallback
moneyline,home,,118,2.1799999999999997,0.5365451664112469,0.4587155963302753,0.4471717836540323,0.08937338275721463,0.16966846277651815,nflverse_archive,2022,11,2022_11_DAL_MIN,MIN,DAL,nflverse,,nflverse_archive,false,archive_final_fallback,,loss,-1.0,gaussian_unconditional,false,false,false,archive_final_fallback
spread,home,1.5,104,2.04,0.5872000569070779,0.49019607843137253,0.4782028469750889,0.10899720993198897,0.19788811609043888,nflverse_archive,2022,11,2022_11_DAL_MIN,MIN,DAL,nflverse,,nflverse_archive,false,archive_final_fallback,,loss,-1.0,gaussian_unconditional,false,false,false,archive_final_fallback
total,under,48.5,-109,1.9174311926605505,0.617045178619265,0.5215311004784688,0.506872222476749,0.11017295614251599,0.18314167276537963,nflverse_archive,2022,11,2022_11_DAL_MIN,MIN,DAL,nflverse,,nflverse_archive,false,archive_final_fallback,,win,0.9174311926605505,gaussian_unconditional,false,false,false,archive_final_fallback
moneyline,home,,-159,1.6289308176100628,0.6549957533351825,0.613899613899614,0.5986798270759409,0.05631592625924153,0.06694276801139765,nflverse_archive,2022,11,2022_11_DET_NYG,NYG,DET,nflverse,,nflverse_archive,false,archive_final_fallback,,loss,-1.0,gaussian_unconditional,false,false,false,archive_final_fallback
spread,home,-3.0,-107,1.9345794392523366,0.5563076141972981,0.5169082125603864,0.5034597287572654,0.052847885440032716,0.07622127232561415,nflverse_archive,2022,11,2022_11_DET_NYG,NYG,DET,nflverse,,nflverse_archive,false,archive_final_fallback,,loss,-1.0,gaussian_unconditional,false,false,false,archive_final_fallback
total,over,44.0,-116,1.8620689655172413,0.5547123015539418,0.5370370370370371,0.5215734916275362,0.03313880992640561,0.032912561514236494,nflverse_archive,2022,11,2022_11_DET_NYG,NYG,DET,nflverse,,nflverse_archive,false,archive_final_fallback,,win,0.8620689655172413,gaussian_unconditional,false,false,false,archive_final_fallback
moneyline,home,,203,3.03,0.387461860454115,0.33003300330033003,0.32106932575441594,0.06639253469969908,0.1740094371759684,nflverse_archive,2022,11,2022_11_KC_LAC,LAC,KC,nflverse,,nflverse_archive,false,archive_final_fallback,,loss,-1.0,gaussian_unconditional,false,false,false,archive_final_fallback
spread,home,5.5,-108,1.925925925925926,0.573639088839552,0.5192307692307692,0.5069715560513106,0.06666753278824133,0.10478639332061856,nflverse_archive,2022,11,2022_11_KC_LAC,LAC,KC,nflverse,,nflverse_archive,false,archive_final_fallback,,win,0.925925925925926,gaussian_unconditional,false,false,false,archive_final_fallback
total,under,52.5,-102,1.9803921568627452,0.5413640259179076,0.504950495049505,0.4908340971585702,0.05052992875933737,0.07211307093546404,nflverse_archive,2022,11,2022_11_KC_LAC,LAC,KC,nflverse,,nflverse_archive,false,archive_final_fallback,,loss,-1.0,gaussian_unconditional,false,false,false,archive_final_fallback
moneyline,home,,-124,1.8064516129032258,0.6063921177342375,0.5535714285714286,0.5399277029247453,0.06646441480949217,0.09541801913281622,nflverse_archive,2022,11,2022_11_LA_NO,NO,LA,nflverse,,nflverse_archive,false,archive_final_fallback,,win,0.8064516129032258,gaussian_unconditional,false,false,false,archive_final_fallback
spread,home,-2.5,104,2.04,0.5221578337317503,0.49019607843137253,0.4782028469750889,0.043954986756661374,0.06520198081277062,nflverse_archive,2022,11,2022_11_LA_NO,NO,LA,nflverse,,nflverse_archive,false,archive_final_fallback,,win,1.04,gaussian_unconditional,false,false,false,archive_final_fallback
total,over,39.5,-106,1.9433962264150944,0.5815694697581506,0.5145631067961165,0.5,0.0815694697581506,0.13021991292621715,nflverse_archive,2022,11,2022_11_LA_NO,NO,LA,nflverse,,nflverse_archive,false,archive_final_fallback,,win,0.9433962264150944,gaussian_unconditional,false,false,false,archive_final_fallback
moneyline,home,,-145,1.6896551724137931,0.6005877773991862,0.5918367346938775,0.5775497887748944,0.02303798862429185,0.01478624457103872,nflverse_archive,2022,11,2022_11_LV_DEN,DEN,LV,nflverse,,nflverse_archive,false,archive_final_fallback,,loss,-1.0,gaussian_unconditional,false,false,false,archive_final_fallback
spread,away,2.5,106,2.06,0.4838428765068088,0.4854368932038835,0.47377843762281124,0.01006443888399755,-0.003283674395973879,nflverse_archive,2022,11,2022_11_LV_DEN,DEN,LV,nflverse,,nflverse_archive,false,archive_final_fallback,,win,1.06,gaussian_unconditional,false,false,false,archive_final_fallback
total,under,41.5,-113,1.8849557522123894,0.5668059205906653,0.5305164319248826,0.5148063781321185,0.051999542458546766,0.06840408040541335,nflverse_archive,2022,11,2022_11_LV_DEN,DEN,LV,nflverse,,nflverse_archive,false,archive_final_fallback,,win,0.8849557522123894,gaussian_unconditional,false,false,false,archive_final_fallback
moneyline,home,,-182,1.5494505494505495,0.644711705542111,0.6453900709219857,0.629269318749507,0.015442386792604013,-0.0010510936105752045,nflverse_archive,2022,11,2022_11_NYJ_NE,NE,NYJ,nflverse,,nflverse_archive,false,archive_final_fallback,,win,0.5494505494505495,gaussian_unconditional,false,false,false,archive_final_fallback
spread,home,-3.5,-102,1.9803921568627452,0.5282935197602541,0.504950495049505,0.4919235739339118,0.03636994582634229,0.04622834305462087,nflverse_archive,2022,11,2022_11_NYJ_NE,NE,NYJ,nflverse,,nflverse_archive,false,archive_final_fallback,,win,0.9803921568627452,gaussian_unconditional,false,false,false,archive_final_fallback
total,over,38.5,-109,1.9174311926605505,0.5807241091105511,0.5215311004784688,0.506872222476749,0.07385188663380204,0.1134985211385795,nflverse_archive,2022,11,2022_11_NYJ_NE,NE,NYJ,nflverse,,nflverse_archive,false,archive_final_fallback,,loss,-1.0,gaussian_unconditional,false,false,false,archive_final_fallback
moneyline,home,,235,3.35,0.3806800938277888,0.29850746268656714,0.290309925460965,0.09037016836682377,0.27527831432309235,nflverse_archive,2022,11,2022_11_PHI_IND,IND,PHI,nflverse,,nflverse_archive,false,archive_final_fallback,,loss,-1.0,gaussian_unconditional,false,false,false,archive_final_fallback
spread,home,6.5,-102,1.9803921568627452,0.6001112961467203,0.504950495049505,0.4930284439486894,0.10708285219803093,0.18845570413370116,nflverse_archive,2022,11,2022_11_PHI_IND,IND,PHI,nflverse,,nflverse_archive,false,archive_final_fallback,,win,0.9803921568627452,gaussian_unconditional,false,false,false,archive_final_fallback
total,under,45.5,-103,1.970873786407767,0.6052158475422227,0.5073891625615764,0.4931277775232511,0.11208807001897159,0.1928040490395262,nflverse_archive,2022,11,2022_11_PHI_IND,IND,PHI,nflverse,,nflverse_archive,false,archive_final_fallback,,win,0.970873786407767,gaussian_unconditional,false,false,false,archive_final_fallback
moneyline,home,,350,4.5,0.48285531328559916,0.2222222222222222,0.21561338289962823,0.26724193038597094,1.1728489097851962,nflverse_archive,2022,11,2022_11_SF_ARI,ARI,SF,nflverse,,nflverse_archive,false,archive_final_fallback,,loss,-1.0,gaussian_unconditional,false,false,false,archive_final_fallback
spread,home,10.0,-113,1.8849557522123894,0.7923042871822281,0.5305164319248826,0.5185243789416578,0.2737799082405703,0.49345852362667775,nflverse_archive,2022,11,2022_11_SF_ARI,ARI,SF,nflverse,,nflverse_archive,false,archive_final_fallback,,loss,-1.0,gaussian_unconditional,false,false,false,archive_final_fallback
total,over,43.5,101,2.01,0.5089552105664106,0.49751243781094534,0.4829173624588166,0.026037848107593964,0.022999973238485127,nflverse_archive,2022,11,2022_11_SF_ARI,ARI,SF,nflverse,,nflverse_archive,false,archive_final_fallback,,win,1.0099999999999998,gaussian_unconditional,false,false,false,archive_final_fallback
moneyline,away,,153,2.5300000000000002,0.4539331862889795,0.39525691699604737,0.3851456020920085,0.06878758419697101,0.14845096131111823,nflverse_archive,2022,11,2022_11_TEN_GB,GB,TEN,nflverse,,nflverse_archive,false,archive_final_fallback,,win,1.5300000000000002,gaussian_unconditional,false,false,false,archive_final_fallback
spread,away,3.0,106,2.06,0.5562621917567929,0.4854368932038835,0.47377843762281124,0.08248375413398168,0.14590011501899336,nflverse_archive,2022,11,2022_11_TEN_GB,GB,TEN,nflverse,,nflverse_archive,false,archive_final_fallback,,win,1.06,gaussian_unconditional,false,false,false,archive_final_fallback
total,under,40.5,-109,1.9174311926605505,0.5322033714914236,0.5215311004784688,0.506872222476749,0.025331149014674592,0.020463345336766414,nflverse_archive,2022,11,2022_11_TEN_GB,GB,TEN,nflverse,,nflverse_archive,false,archive_final_fallback,,loss,-1.0,gaussian_unconditional,false,false,false,archive_final_fallback
moneyline,home,,135,2.35,0.4766088997137442,0.425531914893617,0.41493775933609955,0.06167114037764465,0.12003091432729884,nflverse_archive,2022,11,2022_11_WAS_HOU,HOU,WAS,nflverse,,nflverse_archive,false,archive_final_fallback,,loss,-1.0,gaussian_unconditional,false,false,false,archive_final_fallback
spread,home,3.0,-110,1.9090909090909092,0.578697676425666,0.5238095238095238,0.5116279069767442,0.06706976944892185,0.10478647317627154,nflverse_archive,2022,11,2022_11_WAS_HOU,HOU,WAS,nflverse,,nflverse_archive,false,archive_final_fallback,,loss,-1.0,gaussian_unconditional,false,false,false,archive_final_fallback
total,under,41.0,-106,1.9433962264150944,0.5307988539328699,0.5145631067961165,0.5,0.030798853932869852,0.031552489718596144,nflverse_archive,2022,11,2022_11_WAS_HOU,HOU,WAS,nflverse,,nflverse_archive,false,archive_final_fallback,,win,0.9433962264150944,gaussian_unconditional,false,false,false,archive_final_fallback
moneyline,away,,163,2.63,0.42772427788892275,0.3802281368821293,0.3702782975048739,0.057445980384048856,0.1249148508478668,nflverse_archive,2022,12,2022_12_ATL_WAS,WAS,ATL,nflverse,,nflverse_archive,false,archive_final_fallback,,loss,-1.0,gaussian_unconditional,false,false,false,archive_final_fallback
spread,away,3.5,-110,1.9090909090909092,0.5444610578436865,0.5238095238095238,0.5116279069767442,0.03283315086694227,0.03942565588340141,nflverse_archive,2022,12,2022_12_ATL_WAS,WAS,ATL,nflverse,,nflverse_archive,false,archive_final_fallback,,loss,-1.0,gaussian_unconditional,false,false,false,archive_final_fallback
total,over,40.5,101,2.01,0.5899759529552202,0.49751243781094534,0.4829173624588166,0.1070585904964036,0.18585166543999243,nflverse_archive,2022,12,2022_12_ATL_WAS,WAS,ATL,nflverse,,nflverse_archive,false,archive_final_fallback,,loss,-1.0,gaussian_unconditional,false,false,false,archive_final_fallback
moneyline,home,,147,2.4699999999999998,0.41659984176003884,0.40485829959514175,0.3945716506247384,0.022028191135300412,0.02900160914729577,nflverse_archive,2022,12,2022_12_BAL_JAX,JAX,BAL,nflverse,,nflverse_archive,false,archive_final_fallback,,win,1.4699999999999998,gaussian_unconditional,false,false,false,archive_final_fallback
spread,away,-3.5,111,2.1100000000000003,0.466826229431226,0.4739336492890995,0.462147431247798,0.004678798183427979,-0.01499665590011301,nflverse_archive,2022,12,2022_12_BAL_JAX,JAX,BAL,nflverse,,nflverse_archive,false,archive_final_fallback,,loss,-1.0,gaussian_unconditional,false,false,false,archive_final_fallback
total,under,43.0,-102,1.9803921568627452,0.49038789538067085,0.504950495049505,0.4897596941561988,0.000628201224472047,-0.028839658167691073,nflverse_archive,2022,12,2022_12_BAL_JAX,JAX,BAL,nflverse,,nflverse_archive,false,archive_final_fallback,,loss,-1.0,gaussian_unconditional,false,false,false,archive_final_fallback
moneyline,home,,342,4.42,0.27004427111972595,0.22624434389140272,0.21945616020299694,0.05058811091672902,0.19359567834918878,nflverse_archive,2022,12,2022_12_BUF_DET,DET,BUF,nflverse,,nflverse_archive,false,archive_final_fallback,,loss,-1.0,gaussian_unconditional,false,false,false,archive_final_fallback
spread,home,10.0,-116,1.8620689655172413,0.5897462946018388,0.5370370370370371,0.5240193918025562,0.06572690279928262,0.09814827270687232,nflverse_archive,2022,12,2022_12_BUF_DET,DET,BUF,nflverse,,nflverse_archive,false,archive_final_fallback,,win,0.8620689655172413,gaussian_unconditional,false,false,false,archive_final_fallback
total,under,54.0,-102,1.9803921568627452,0.6400901293626207,0.504950495049505,0.4908340971585702,0.14925603220405048,0.26762947187499386,nflverse_archive,2022,12,2022_12_BUF_DET,DET,BUF,nflverse,,nflverse_archive,false,archive_final_fallback,,win,0.9803921568627452,gaussian_unconditional,false,false,false,archive_final_fallback
moneyline,away,,315,4.15,0.3874162961711667,0.24096385542168672,0.23384615384615384,0.15357014232501284,0.6077776291103418,nflverse_archive,2022,12,2022_12_CHI_NYJ,NYJ,CHI,nflverse,,nflverse_archive,false,archive_final_fallback,,loss,-1.0,gaussian_unconditional,false,false,false,archive_final_fallback
spread,away,8.5,-107,1.9345794392523366,0.6655202005219822,0.5169082125603864,0.5046466242274987,0.1608735762944835,0.287501696336919,nflverse_archive,2022,12,2022_12_CHI_NYJ,NYJ,CHI,nflverse,,nflverse_archive,false,archive_final_fallback,,loss,-1.0,gaussian_unconditional,false,false,false,archive_final_fallback
total,over,36.5,-109,1.9174311926605505,0.6749771706609035,0.5215311004784688,0.506872222476749,0.16810494818415445,0.2942222813589801,nflverse_archive,2022,12,2022_12_CHI_NYJ,NYJ,CHI,nflverse,,nflverse_archive,false,archive_final_fallback,,win,0.9174311926605505,gaussian_unconditional,false,false,false,archive_final_fallback
moneyline,away,,-105,1.9523809523809523,0.5366003832653399,0.5121951219512195,0.5,0.036600383265339875,0.047648367327568275,nflverse_archive,2022,12,2022_12_CIN_TEN,TEN,CIN,nflverse,,nflverse_archive,false,archive_final_fallback,,win,0.9523809523809523,gaussian_unconditional,false,false,false,archive_final_fallback
spread,away,-1.0,102,2.02,0.503157788528578,0.49504950495049505,0.4827086071703758,0.020449181358202173,0.016378732827727394,nflverse_archive,2022,12,2022_12_CIN_TEN,TEN,CIN,nflverse,,nflverse_archive,false,archive_final_fallback,,win,1.02,gaussian_unconditional,false,false,false,archive_final_fallback
total,over,43.0,105,2.05,0.5111623165260002,0.48780487804878053,0.47401609045444665,0.037146226071553545,0.04788274887830024,nflverse_archive,2022,12,2022_12_CIN_TEN,TEN,CIN,nflverse,,nflverse_archive,false,archive_final_fallback,,loss,-1.0,gaussian_unconditional,false,false,false,archive_final_fallback
moneyline,home,,105,2.05,0.48629785620705024,0.48780487804878053,0.47598060819744376,0.010317248009606483,-0.0030893947755471496,nflverse_archive,2022,12,2022_12_DEN_CAR,CAR,DEN,nflverse,,nflverse_archive,false,archive_final_fallback,,win,1.0499999999999998,gaussian_unconditional,false,false,false,archive_final_fallback
spread,home,1.0,-101,1.99009900990099,0.5197811056964092,0.5024875621890548,0.49070156678599663,0.029079538910412595,0.03441586381166584,nflverse_archive,2022,12,2022_12_DEN_CAR,CAR,DEN,nflverse,,nflverse_archive,false,archive_final_fallback,,win,0.9900990099009901,gaussian_unconditional,false,false,false,archive_final_fallback
total,under,36.5,-111,1.900900900900901,0.534985761683582,0.5260663507109005,0.5114621062766493,0.023523655406932686,0.016954916353475902,nflverse_archive,2022,12,2022_12_DEN_CAR,CAR,DEN,nflverse,,nflverse_archive,false,archive_final_fallback,,win,0.900900900900901,gaussian_unconditional,false,false,false,archive_final_fallback
moneyline,away,,241,3.41,0.3041420831550381,0.29325513196480935,0.285072173034284,0.019069910120754097,0.03712450355868002,nflverse_archive,2022,12,2022_12_GB_PHI,PHI,GB,nflverse,,nflverse_archive,false,archive_final_fallback,,loss,-1.0,gaussian_unconditional,false,false,false,archive_final_fallback
spread,away,6.5,-105,1.9523809523809523,0.5132413533637812,0.5121951219512195,0.5,0.013241353363781183,0.00204264228166795,nflverse_archive,2022,12,2022_12_GB_PHI,PHI,GB,nflverse,,nflverse_archive,false,archive_final_fallback,,loss,-1.0,gaussian_unconditional,false,false,false,archive_final_fallback
total,under,46.0,-106,1.9433962264150944,0.584804894231539,0.5145631067961165,0.5,0.08480489423153903,0.1365076246386514,nflverse_archive,2022,12,2022_12_GB_PHI,PHI,GB,nflverse,,nflverse_archive,false,archive_final_fallback,,loss,-1.0,gaussian_unconditional,false,false,false,archive_final_fallback
moneyline,away,,613,7.13,0.28743952175253595,0.1402524544179523,0.1359308610232262,0.15150866072930974,1.0494437900955815,nflverse_archive,2022,12,2022_12_HOU_MIA,MIA,HOU,nflverse,,nflverse_archive,false,archive_final_fallback,,loss,-1.0,gaussian_unconditional,false,false,false,archive_final_fallback
spread,away,14.0,-101,1.99009900990099,0.730564008687789,0.5024875621890548,0.49070156678599663,0.2398624419017924,0.4538947103588673,nflverse_archive,2022,12,2022_12_HOU_MIA,MIA,HOU,nflverse,,nflverse_archive,false,archive_final_fallback,,loss,-1.0,gaussian_unconditional,false,false,false,archive_final_fallback
total,under,47.0,-103,1.970873786407767,0.600623977788325,0.5073891625615764,0.4931277775232511,0.1074962002650739,0.18375405331097072,nflverse_archive,2022,12,2022_12_HOU_MIA,MIA,HOU,nflverse,,nflverse_archive,false,archive_final_fallback,,win,0.970873786407767,gaussian_unconditional,false,false,false,archive_final_fallback
moneyline,home,,123,2.23,0.5077929734967159,0.4484304932735426,0.43762053107847504,0.07017244241824089,0.13237833089767648,nflverse_archive,2022,12,2022_12_LAC_ARI,ARI,LAC,nflverse,,nflverse_archive,false,archive_final_fallback,,loss,-1.0,gaussian_unconditional,false,false,false,archive_final_fallback
spread,home,2.5,-102,1.9803921568627452,0.5907319423891483,0.504950495049505,0.4930284439486894,0.09770349844045889,0.16988090551576418,nflverse_archive,2022,12,2022_12_LAC_ARI,ARI,LAC,nflverse,,nflverse_archive,false,archive_final_fallback,,win,0.9803921568627452,gaussian_unconditional,false,false,false,archive_final_fallback
total,under,48.5,-100,2.0,0.5002474143054302,0.5,0.4862385321100918,0.014008882195338357,0.000494828610860365,nflverse_archive,2022,12,2022_12_LAC_ARI,ARI,LAC,nflverse,,nflverse_archive,false,archive_final_fallback,,loss,-1.0,gaussian_unconditional,false,false,false,archive_final_fallback
moneyline,away,,768,8.68,0.26407592431034244,0.1152073732718894,0.11173983054673509,0.15233609376360735,1.2921790230137722,nflverse_archive,2022,12,2022_12_LA_KC,KC,LA,nflverse,,nflverse_archive,false,archive_final_fallback,,loss,-1.0,gaussian_unconditional,false,false,false,archive_final_fallback
spread,away,16.5,-115,1.8695652173913042,0.7747144425158698,0.5348837209302326,0.5230171935662784,0.25169724894959145,0.4483791751383652,nflverse_archive,2022,12,2022_12_LA_KC,KC,LA,nflverse,,nflverse_archive,false,archive_final_fallback,,win,0.8695652173913042,gaussian_unconditional,false,false,false,archive_final_fallback
total,over,42.0,-104,1.9615384615384617,0.6366460875303027,0.5098039215686274,0.49541956760718214,0.14122651992312057,0.24880578707867085,nflverse_archive,2022,12,2022_12_LA_KC,KC,LA,nflverse,,nflverse_archive,false,archive_final_fallback,,loss,-1.0,gaussian_unconditional,false,false,false,archive_final_fallback
moneyline,away,,174,2.74,0.3955204660480425,0.36496350364963503,0.35532507442619804,0.040195391621844434,0.08372607697163637,nflverse_archive,2022,12,2022_12_LV_SEA,SEA,LV,nflverse,,nflverse_archive,false,archive_final_fallback,,win,1.7400000000000002,gaussian_unconditional,false,false,false,archive_final_fallback
spread,away,4.0,-107,1.9345794392523366,0.5282491725591654,0.5169082125603864,0.5046466242274987,0.02360254833166664,0.02193998803502084,nflverse_archive,2022,12,2022_12_LV_SEA,SEA,LV,nflverse,,nflverse_archive,false,archive_final_fallback,,win,0.9345794392523366,gaussian_unconditional,false,false,false,archive_final_fallback
total,over,47.5,-109,1.9174311926605505,0.5305525306286782,0.5215311004784688,0.506872222476749,0.02368030815192923,0.017297971572419746,nflverse_archive,2022,12,2022_12_LV_SEA,SEA,LV,nflverse,,nflverse_archive,false,archive_final_fallback,,win,0.9174311926605505,gaussian_unconditional,false,false,false,archive_final_fallback
moneyline,away,,123,2.23,0.5473889132394426,0.4484304932735426,0.43762053107847504,0.10976838216096757,0.22067727652395708,nflverse_archive,2022,12,2022_12_NE_MIN,MIN,NE,nflverse,,nflverse_archive,false,archive_final_fallback,,loss,-1.0,gaussian_unconditional,false,false,false,archive_final_fallback
spread,away,2.5,-102,1.9803921568627452,0.6289070404605673,0.504950495049505,0.4930284439486894,0.13587859651187795,0.24548257032386878,nflverse_archive,2022,12,2022_12_NE_MIN,MIN,NE,nflverse,,nflverse_archive,false,archive_final_fallback,,loss,-1.0,gaussian_unconditional,false,false,false,archive_final_fallback
total,under,42.5,-106,1.9433962264150944,0.5317771222805686,0.5145631067961165,0.5,0.031777122280568615,0.0334536527339353,nflverse_archive,2022,12,2022_12_NE_MIN,MIN,NE,nflverse,,nflverse_archive,false,archive_final_fallback,,loss,-1.0,gaussian_unconditional,false,false,false,archive_final_fallback
moneyline,away,,327,4.27,0.3286977859735537,0.234192037470726,0.22716359472537218,0.10153419124818153,0.4035395461070741,nflverse_archive,2022,12,2022_12_NO_SF,SF,NO,nflverse,,nflverse_archive,false,archive_final_fallback,,loss,-1.0,gaussian_unconditional,false,false,false,archive_final_fallback
spread,away,9.5,-113,1.8849557522123894,0.6383609509184855,0.5305164319248826,0.5185243789416578,0.11983657197682773,0.20328214642157016,nflverse_archive,2022,12,2022_12_NO_SF,SF,NO,nflverse,,nflverse_archive,false,archive_final_fallback,,loss,-1.0,gaussian_unconditional,false,false,false,archive_final_fallback
total,under,44.0,-116,1.8620689655172413,0.5337044871246828,0.5370370370370371,0.5215734916275362,0.01213099549714658,-0.0062054377678321115,nflverse_archive,2022,12,2022_12_NO_SF,SF,NO,nflverse,,nflverse_archive,false,archive_final_fallback,,win,0.8620689655172413,gaussian_unconditional,false,false,false,archive_final_fallback
moneyline,away,,363,4.63,0.27148153375123296,0.2159827213822894,0.20946016578714044,0.06202136796409252,0.25695950126820866,nflverse_archive,2022,12,2022_12_NYG_DAL,DAL,NYG,nflverse,,nflverse_archive,false,archive_final_fallback,,loss,-1.0,gaussian_unconditional,false,false,false,archive_final_fallback
spread,away,10.5,-114,1.8771929824561404,0.6076547547029092,0.5327102803738317,0.5207810820494446,0.08687367265346457,0.14068524128440862,nflverse_archive,2022,12,2022_12_NYG_DAL,DAL,NYG,nflverse,,nflverse_archive,false,archive_final_fallback,,win,0.8771929824561404,gaussian_unconditional,false,false,false,archive_final_fallback
total,under,45.5,-106,1.9433962264150944,0.6288230738347771,0.5145631067961165,0.5,0.1288230738347771,0.22205238877324596,nflverse_archive,2022,12,2022_12_NYG_DAL,DAL,NYG,nflverse,,nflverse_archive,false,archive_final_fallback,,loss,-1.0,gaussian_unconditional,false,false,false,archive_final_fallback
moneyline,home,,-128,1.78125,0.5817519056211674,0.5614035087719298,0.5480494766888678,0.03370242893229958,0.03624558188770455,nflverse_archive,2022,12,2022_12_PIT_IND,IND,PIT,nflverse,,nflverse_archive,false,archive_final_fallback,,loss,-1.0,gaussian_unconditional,false,false,false,archive_final_fallback
spread,home,-2.5,-100,2.0,0.49859749721617197,0.5,0.48837209302325585,0.010225404192916121,-0.0028050055676560604,nflverse_archive,2022,12,2022_12_PIT_IND,IND,PIT,nflverse,,nflverse_archive,false,archive_final_fallback,,loss,-1.0,gaussian_unconditional,false,false,false,archive_final_fallback
total,under,40.0,-114,1.8771929824561404,0.5513570752102481,0.5327102803738317,0.5170826375411832,0.034274437669064906,0.035003632412220265,nflverse_archive,2022,12,2022_12_PIT_IND,IND,PIT,nflverse,,nflverse_archive,false,archive_final_fallback,,loss,-1.0,gaussian_unconditional,false,false,false,archive_final_fallback
moneyline,home,,151,2.51,0.4666561135637536,0.39840637450199207,0.38806099337843886,0.07859512018531473,0.17130684504502147,nflverse_archive,2022,12,2022_12_TB_CLE,CLE,TB,nflverse,,nflverse_archive,false,archive_final_fallback,,win,1.5099999999999998,gaussian_unconditional,false,false,false,archive_final_fallback
spread,home,3.0,107,2.0700000000000003,0.5667843438534163,0.48309178743961345,0.47159607147492744,0.09518827237848881,0.17324359177657178,nflverse_archive,2022,12,2022_12_TB_CLE,CLE,TB,nflverse,,nflverse_archive,false,archive_final_fallback,,win,1.0700000000000003,gaussian_unconditional,false,false,false,archive_final_fallback
total,over,42.0,-109,1.9174311926605505,0.5285125146870315,0.5215311004784688,0.506872222476749,0.02164029221028252,0.013386381372381573,nflverse_archive,2022,12,2022_12_TB_CLE,CLE,TB,nflverse,,nflverse_archive,false,archive_final_fallback,,loss,-1.0,gaussian_unconditional,false,false,false,archive_final_fallback
moneyline,home,,165,2.65,0.42336600519453094,0.37735849056603776,0.3676233473073202,0.05574265788721072,0.12191991376550693,nflverse_archive,2022,13,2022_13_BUF_NE,NE,BUF,nflverse,,nflverse_archive,false,archive_final_fallback,,loss,-1.0,gaussian_unconditional,false,false,false,archive_final_fallback
spread,home,3.5,-105,1.9523809523809523,0.5430324596726006,0.5121951219512195,0.5,0.04303245967260061,0.06020623078936316,nflverse_archive,2022,13,2022_13_BUF_NE,NE,BUF,nflverse,,nflverse_archive,false,archive_final_fallback,,loss,-1.0,gaussian_unconditional,false,false,false,archive_final_fallback
total,under,43.5,-103,1.970873786407767,0.5329790706667287,0.5073891625615764,0.4931277775232511,0.03985129314347757,0.05043447908102827,nflverse_archive,2022,13,2022_13_BUF_NE,NE,BUF,nflverse,,nflverse_archive,false,archive_final_fallback,,win,0.970873786407767,gaussian_unconditional,false,false,false,archive_final_fallback
moneyline,home,,280,3.8,0.40963335744688945,0.2631578947368421,0.25547879942829915,0.1541545580185903,0.5566067582981797,nflverse_archive,2022,13,2022_13_CLE_HOU,HOU,CLE,nflverse,,nflverse_archive,false,archive_final_fallback,,loss,-1.0,gaussian_unconditional,false,false,false,archive_final_fallback
spread,home,7.5,-102,1.9803921568627452,0.6617692362123121,0.504950495049505,0.4930284439486894,0.1687407922636227,0.3105626050479122,nflverse_archive,2022,13,2022_13_CLE_HOU,HOU,CLE,nflverse,,nflverse_archive,false,archive_final_fallback,,loss,-1.0,gaussian_unconditional,false,false,false,archive_final_fallback
total,under,47.0,-119,1.8403361344537816,0.5746953604660517,0.5433789954337899,0.5281596070151247,0.046535753450927086,0.0576326381686163,nflverse_archive,2022,13,2022_13_CLE_HOU,HOU,CLE,nflverse,,nflverse_archive,false,archive_final_fallback,,win,0.8403361344537816,gaussian_unconditional,false,false,false,archive_final_fallback
moneyline,away,,294,3.94,0.28922814889409565,0.25380710659898476,0.24639230947315038,0.042835839420945265,0.13955890664273674,nflverse_archive,2022,13,2022_13_DEN_BAL,BAL,DEN,nflverse,,nflverse_archive,false,archive_final_fallback,,loss,-1.0,gaussian_unconditional,false,false,false,archive_final_fallback
spread,away,9.5,-124,1.8064516129032258,0.6034753524618152,0.5535714285714286,0.5399277029247453,0.06354764953706982,0.09014902380198864,nflverse_archive,2022,13,2022_13_DEN_BAL,BAL,DEN,nflverse,,nflverse_archive,false,archive_final_fallback,,win,0.8064516129032258,gaussian_unconditional,false,false,false,archive_final_fallback
total,under,40.5,100,2.0,0.5772281769570685,0.5,0.4851936218678816,0.0920345550891869,0.15445635391413703,nflverse_archive,2022,13,2022_13_DEN_BAL,BAL,DEN,nflverse,,nflverse_archive,false,archive_final_fallback,,win,1.0,gaussian_unconditional,false,false,false,archive_final_fallback
moneyline,home,,163,2.63,0.5064154869993271,0.3802281368821293,0.3707306812504931,0.13568480574883407,0.3318727308082303,nflverse_archive,2022,13,2022_13_GB_CHI,CHI,GB,nflverse,,nflverse_archive,false,archive_final_fallback,,loss,-1.0,gaussian_unconditional,false,false,false,archive_final_fallback
spread,home,4.0,-116,1.8620689655172413,0.6407635456776006,0.5370370370370371,0.5240193918025562,0.11674415387504444,0.19314591264104952,nflverse_archive,2022,13,2022_13_GB_CHI,CHI,GB,nflverse,,nflverse_archive,false,archive_final_fallback,,loss,-1.0,gaussian_unconditional,false,false,false,archive_final_fallback
total,over,45.0,101,2.01,0.4960776210411241,0.49751243781094534,0.4829173624588166,0.01316025858230746,-0.0028839817073407215,nflverse_archive,2022,13,2022_13_GB_CHI,CHI,GB,nflverse,,nflverse_archive,false,archive_final_fallback,,win,1.0099999999999998,gaussian_unconditional,false,false,false,archive_final_fallback
moneyline,away,,376,4.76,0.221947414625828,0.21008403361344538,0.20366598778004075,0.018281426845787263,0.056469693618941275,nflverse_archive,2022,13,2022_13_IND_DAL,DAL,IND,nflverse,,nflverse_archive,false,archive_final_fallback,,loss,-1.0,gaussian_unconditional,false,false,false,archive_final_fallback
spread,away,11.0,-109,1.9174311926605505,0.5720195646827473,0.5215311004784688,0.5092984332140034,0.06272113146874392,0.09680815613480909,nflverse_archive,2022,13,2022_13_IND_DAL,DAL,IND,nflverse,,nflverse_archive,false,archive_final_fallback,,loss,-1.0,gaussian_unconditional,false,false,false,archive_final_fallback
total,under,44.5,-104,1.9615384615384617,0.628443033904287,0.5098039215686274,0.49541956760718214,0.13302346629710488,0.2327151818891784,nflverse_archive,2022,13,2022_13_IND_DAL,DAL,IND,nflverse,,nflverse_archive,false,archive_final_fallback,,loss,-1.0,gaussian_unconditional,false,false,false,archive_final_fallback
moneyline,away,,107,2.0700000000000003,0.47817802702906276,0.48309178743961345,0.47159607147492744,0.006581955554135321,-0.010171484049839918,nflverse_archive,2022,13,2022_13_JAX_DET,DET,JAX,nflverse,,nflverse_archive,false,archive_final_fallback,,loss,-1.0,gaussian_unconditional,false,false,false,archive_final_fallback
spread,away,1.0,-100,2.0,0.5125158583146158,0.5,0.48837209302325585,0.02414376529135992,0.025031716629231537,nflverse_archive,2022,13,2022_13_JAX_DET,DET,JAX,nflverse,,nflverse_archive,false,archive_final_fallback,,loss,-1.0,gaussian_unconditional,false,false,false,archive_final_fallback
total,under,51.5,-114,1.8771929824561404,0.594122809937265,0.5327102803738317,0.5170826375411832,0.07704017239608174,0.11528316953135698,nflverse_archive,2022,13,2022_13_JAX_DET,DET,JAX,nflverse,,nflverse_archive,false,archive_final_fallback,,loss,-1.0,gaussian_unconditional,false,false,false,archive_final_fallback
moneyline,home,,120,2.2,0.5144119936940135,0.45454545454545453,0.444104134762634,0.07030785893137947,0.13170638612682972,nflverse_archive,2022,13,2022_13_KC_CIN,CIN,KC,nflverse,,nflverse_archive,false,archive_final_fallback,,win,1.2000000000000002,gaussian_unconditional,false,false,false,archive_final_fallback
spread,home,2.5,-102,1.9803921568627452,0.5992456157196274,0.504950495049505,0.4930284439486894,0.10621717177093803,0.1867413174055368,nflverse_archive,2022,13,2022_13_KC_CIN,CIN,KC,nflverse,,nflverse_archive,false,archive_final_fallback,,win,0.9803921568627452,gaussian_unconditional,false,false,false,archive_final_fallback
total,under,53.0,-107,1.9345794392523366,0.5763221660552298,0.5169082125603864,0.5022899015342339,0.07403226452099587,0.11494101283581837,nflverse_archive,2022,13,2022_13_KC_CIN,CIN,KC,nflverse,,nflverse_archive,false,archive_final_fallback,,win,0.9345794392523366,gaussian_unconditional,false,false,false,archive_final_fallback
moneyline,away,,125,2.25,0.43573669405285287,0.4444444444444444,0.43316719528772085,0.0025694987651320167,-0.019592438381081045,nflverse_archive,2022,13,2022_13_LAC_LV,LV,LAC,nflverse,,nflverse_archive,false,archive_final_fallback,,loss,-1.0,gaussian_unconditional,false,false,false,archive_final_fallback
spread,away,2.5,-102,1.9803921568627452,0.5213230063667696,0.504950495049505,0.4919235739339118,0.029399432432857864,0.03242399300085763,nflverse_archive,2022,13,2022_13_LAC_LV,LV,LAC,nflverse,,nflverse_archive,false,archive_final_fallback,,loss,-1.0,gaussian_unconditional,false,false,false,archive_final_fallback
total,over,49.0,-114,1.8771929824561404,0.5231003680769155,0.5327102803738317,0.5183217790582515,0.0047785890186640145,-0.018039659925790152,nflverse_archive,2022,13,2022_13_LAC_LV,LV,LAC,nflverse,,nflverse_archive,false,archive_final_fallback,,loss,-1.0,gaussian_unconditional,false,false,false,archive_final_fallback
moneyline,away,,196,2.96,0.3744770636972391,0.33783783783783783,0.32886673747855216,0.045610326218686936,0.1084521085438277,nflverse_archive,2022,13,2022_13_MIA_SF,SF,MIA,nflverse,,nflverse_archive,false,archive_final_fallback,,loss,-1.0,gaussian_unconditional,false,false,false,archive_final_fallback
spread,away,4.5,101,2.01,0.5268891075961901,0.49751243781094534,0.48605192232383504,0.04083718527235508,0.059047106268341976,nflverse_archive,2022,13,2022_13_MIA_SF,SF,MIA,nflverse,,nflverse_archive,false,archive_final_fallback,,loss,-1.0,gaussian_unconditional,false,false,false,archive_final_fallback
total,under,46.0,-110,1.9090909090909092,0.5929795102194502,0.5238095238095238,0.5091659028414299,0.08381360737802024,0.13205179223713226,nflverse_archive,2022,13,2022_13_MIA_SF,SF,MIA,nflverse,,nflverse_archive,false,archive_final_fallback,,loss,-1.0,gaussian_unconditional,false,false,false,archive_final_fallback
moneyline,away,,169,2.69,0.3743307372644582,0.3717472118959108,0.3620022469104981,0.012328490353960109,0.006949683241392446,nflverse_archive,2022,13,2022_13_NO_TB,TB,NO,nflverse,,nflverse_archive,false,archive_final_fallback,,loss,-1.0,gaussian_unconditional,false,false,false,archive_final_fallback
spread,home,-3.5,-105,1.9523809523809523,0.5075948445390283,0.5121951219512195,0.5,0.007594844539028256,-0.008981493995230627,nflverse_archive,2022,13,2022_13_NO_TB,TB,NO,nflverse,,nflverse_archive,false,archive_final_fallback,,loss,-1.0,gaussian_unconditional,false,false,false,archive_final_fallback
total,under,41.0,-107,1.9345794392523366,0.5442083781709405,0.5169082125603864,0.5022899015342339,0.04191847663670656,0.05281433907836153,nflverse_archive,2022,13,2022_13_NO_TB,TB,NO,nflverse,,nflverse_archive,false,archive_final_fallback,,win,0.9345794392523366,gaussian_unconditional,false,false,false,archive_final_fallback
moneyline,away,,132,2.3200000000000003,0.4616049872822402,0.43103448275862066,0.4207141879874127,0.04089079929482747,0.07092357049479747,nflverse_archive,2022,13,2022_13_NYJ_MIN,MIN,NYJ,nflverse,,nflverse_archive,false,archive_final_fallback,,loss,-1.0,gaussian_unconditional,false,false,false,archive_final_fallback
spread,away,3.0,-117,1.8547008547008548,0.5643166824046124,0.5391705069124424,0.5262215623771888,0.03809512002742366,0.04663863317778549,nflverse_archive,2022,13,2022_13_NYJ_MIN,MIN,NYJ,nflverse,,nflverse_archive,false,archive_final_fallback,,loss,-1.0,gaussian_unconditional,false,false,false,archive_final_fallback
total,under,44.0,-108,1.925925925925926,0.5288887065963654,0.5192307692307692,0.5045804323928179,0.02430827420354753,0.018600471963370557,nflverse_archive,2022,13,2022_13_NYJ_MIN,MIN,NYJ,nflverse,,nflverse_archive,false,archive_final_fallback,,loss,-1.0,gaussian_unconditional,false,false,false,archive_final_fallback
moneyline,home,,103,2.0300000000000002,0.578217844521116,0.4926108374384236,0.4814756210583422,0.09674222346277384,0.17378222437786572,nflverse_archive,2022,13,2022_13_PIT_ATL,ATL,PIT,nflverse,,nflverse_archive,false,archive_final_fallback,,loss,-1.0,gaussian_unconditional,false,false,false,archive_final_fallback
spread,home,1.0,-105,1.9523809523809523,0.6115806038838966,0.5121951219512195,0.5,0.11158060388389657,0.19403832186855996,nflverse_archive,2022,13,2022_13_PIT_ATL,ATL,PIT,nflverse,,nflverse_archive,false,archive_final_fallback,,loss,-1.0,gaussian_unconditional,false,false,false,archive_final_fallback
total,over,43.0,-104,1.9615384615384617,0.5285232292431122,0.5098039215686274,0.49541956760718214,0.03310366163593009,0.03671864197687413,nflverse_archive,2022,13,2022_13_PIT_ATL,ATL,PIT,nflverse,,nflverse_archive,false,archive_final_fallback,,loss,-1.0,gaussian_unconditional,false,false,false,archive_final_fallback
moneyline,home,,252,3.52,0.46356759909308465,0.2840909090909091,0.27608744647284206,0.1874801526202426,0.6317579488076579,nflverse_archive,2022,13,2022_13_SEA_LA,LA,SEA,nflverse,,nflverse_archive,false,archive_final_fallback,,loss,-1.0,gaussian_unconditional,false,false,false,archive_final_fallback
spread,home,7.0,-118,1.847457627118644,0.6954234191094857,0.5412844036697247,0.5284039285250725,0.16701949058441323,0.2847652997107448,nflverse_archive,2022,13,2022_13_SEA_LA,LA,SEA,nflverse,,nflverse_archive,false,archive_final_fallback,,win,0.847457627118644,gaussian_unconditional,false,false,false,archive_final_fallback
total,over,41.0,-114,1.8771929824561404,0.6342044467163165,0.5327102803738317,0.5170826375411832,0.11712180917513326,0.19052413681834857,nflverse_archive,2022,13,2022_13_SEA_LA,LA,SEA,nflverse,,nflverse_archive,false,archive_final_fallback,,win,0.8771929824561404,gaussian_unconditional,false,false,false,archive_final_fallback
moneyline,home,,-213,1.4694835680751175,0.6695283296499067,0.6805111821086262,0.6629225583423973,0.006605771307509389,-0.01613912121868155,nflverse_archive,2022,13,2022_13_TEN_PHI,PHI,TEN,nflverse,,nflverse_archive,false,archive_final_fallback,,win,0.4694835680751175,gaussian_unconditional,false,false,false,archive_final_fallback
spread,home,-5.0,-101,1.99009900990099,0.503226591104788,0.5024875621890548,0.49070156678599663,0.012525024318791322,0.0014707407134888495,nflverse_archive,2022,13,2022_13_TEN_PHI,PHI,TEN,nflverse,,nflverse_archive,false,archive_final_fallback,,win,0.9900990099009901,gaussian_unconditional,false,false,false,archive_final_fallback
total,under,44.5,101,2.01,0.537297342759847,0.49751243781094534,0.4829173624588166,0.05437998030103036,0.07996765894729241,nflverse_archive,2022,13,2022_13_TEN_PHI,PHI,TEN,nflverse,,nflverse_archive,false,archive_final_fallback,,loss,-1.0,gaussian_unconditional,false,false,false,archive_final_fallback
moneyline,home,,113,2.13,0.5383698579666208,0.4694835680751174,0.45890354830779323,0.07946630965882762,0.1467277974689023,nflverse_archive,2022,13,2022_13_WAS_NYG,NYG,WAS,nflverse,,nflverse_archive,false,archive_final_fallback,,push,0.0,gaussian_unconditional,false,false,false,archive_final_fallback
spread,home,2.5,-116,1.8620689655172413,0.6223236729621529,0.5370370370370371,0.5240193918025562,0.09830428115959666,0.15880959792952587,nflverse_archive,2022,13,2022_13_WAS_NYG,NYG,WAS,nflverse,,nflverse_archive,false,archive_final_fallback,,win,0.8620689655172413,gaussian_unconditional,false,false,false,archive_final_fallback
total,under,40.0,-104,1.9615384615384617,0.5346978212695926,0.5098039215686274,0.49541956760718214,0.0392782536624105,0.048830341721124215,nflverse_archive,2022,13,2022_13_WAS_NYG,NYG,WAS,nflverse,,nflverse_archive,false,archive_final_fallback,,push,0.0,gaussian_unconditional,false,false,false,archive_final_fallback
moneyline,away,,112,2.12,0.5878862733606374,0.4716981132075471,0.46007229707525465,0.1278139762853827,0.24631889952455133,nflverse_archive,2022,14,2022_14_BAL_PIT,PIT,BAL,nflverse,,nflverse_archive,false,archive_final_fallback,,win,1.12,gaussian_unconditional,false,false,false,archive_final_fallback
spread,away,1.5,-101,1.99009900990099,0.6370396532946109,0.5024875621890548,0.49070156678599663,0.14633808650861424,0.2677719832892751,nflverse_archive,2022,14,2022_14_BAL_PIT,PIT,BAL,nflverse,,nflverse_archive,false,archive_final_fallback,,win,0.9900990099009901,gaussian_unconditional,false,false,false,archive_final_fallback
total,over,37.0,101,2.01,0.6430392576626617,0.49751243781094534,0.4829173624588166,0.16012189520384507,0.29250890790194983,nflverse_archive,2022,14,2022_14_BAL_PIT,PIT,BAL,nflverse,,nflverse_archive,false,archive_final_fallback,,loss,-1.0,gaussian_unconditional,false,false,false,archive_final_fallback
moneyline,home,,-200,1.5,0.6597732998412316,0.6666666666666666,0.6495327102803738,0.010240589560857716,-0.010340050238152654,nflverse_archive,2022,14,2022_14_CAR_SEA,SEA,CAR,nflverse,,nflverse_archive,false,archive_final_fallback,,loss,-1.0,gaussian_unconditional,false,false,false,archive_final_fallback
spread,home,-3.5,-117,1.8547008547008548,0.5446426689502433,0.5391705069124424,0.5262215623771888,0.018421106573054513,0.010149223608570956,nflverse_archive,2022,14,2022_14_CAR_SEA,SEA,CAR,nflverse,,nflverse_archive,false,archive_final_fallback,,loss,-1.0,gaussian_unconditional,false,false,false,archive_final_fallback
total,over,44.5,-104,1.9615384615384617,0.5732222340783006,0.5098039215686274,0.49431456381333577,0.07890767026496487,0.1243974591535899,nflverse_archive,2022,14,2022_14_CAR_SEA,SEA,CAR,nflverse,,nflverse_archive,false,archive_final_fallback,,win,0.9615384615384617,gaussian_unconditional,false,false,false,archive_final_fallback
moneyline,home,,-204,1.4901960784313726,0.6931885086728888,0.6710526315789473,0.6534585746204004,0.03972993405248848,0.03298679723803044,nflverse_archive,2022,14,2022_14_CLE_CIN,CIN,CLE,nflverse,,nflverse_archive,false,archive_final_fallback,,win,0.4901960784313726,gaussian_unconditional,false,false,false,archive_final_fallback
spread,home,-4.5,-102,1.9803921568627452,0.5475883634123977,0.504950495049505,0.4930284439486894,0.054559919463708306,0.08443970009121893,nflverse_archive,2022,14,2022_14_CLE_CIN,CIN,CLE,nflverse,,nflverse_archive,false,archive_final_fallback,,win,0.9803921568627452,gaussian_unconditional,false,false,false,archive_final_fallback
total,over,47.0,-105,1.9523809523809523,0.5472355591565754,0.5121951219512195,0.4965893587994543,0.050646200357121085,0.06841228216283768,nflverse_archive,2022,14,2022_14_CLE_CIN,CIN,CLE,nflverse,,nflverse_archive,false,archive_final_fallback,,loss,-1.0,gaussian_unconditional,false,false,false,archive_final_fallback
moneyline,away,,918,10.18,0.11053969756178716,0.09823182711198429,0.09537325772913996,0.015166439832647205,0.1252941211789933,nflverse_archive,2022,14,2022_14_HOU_DAL,DAL,HOU,nflverse,,nflverse_archive,false,archive_final_fallback,,loss,-1.0,gaussian_unconditional,false,false,false,archive_final_fallback
spread,away,17.0,104,2.04,0.5917536964895674,0.49019607843137253,0.4782028469750889,0.11355084951447852,0.20717754083871753,nflverse_archive,2022,14,2022_14_HOU_DAL,DAL,HOU,nflverse,,nflverse_archive,false,archive_final_fallback,,win,1.04,gaussian_unconditional,false,false,false,archive_final_fallback
total,under,44.5,-108,1.925925925925926,0.5556257681853581,0.5192307692307692,0.5045804323928179,0.051045335792540225,0.07009407206068974,nflverse_archive,2022,14,2022_14_HOU_DAL,DAL,HOU,nflverse,,nflverse_archive,false,archive_final_fallback,,loss,-1.0,gaussian_unconditional,false,false,false,archive_final_fallback
moneyline,home,,-169,1.5917159763313609,0.6216153726601531,0.6282527881040892,0.6119390066215612,0.0096763660385919,-0.010564880203661642,nflverse_archive,2022,14,2022_14_JAX_TEN,TEN,JAX,nflverse,,nflverse_archive,false,archive_final_fallback,,loss,-1.0,gaussian_unconditional,false,false,false,archive_final_fallback
spread,away,3.0,106,2.06,0.47893205330843747,0.4854368932038835,0.47377843762281124,0.005153615685626223,-0.013399970184618804,nflverse_archive,2022,14,2022_14_JAX_TEN,TEN,JAX,nflverse,,nflverse_archive,false,archive_final_fallback,,win,1.06,gaussian_unconditional,false,false,false,archive_final_fallback
total,under,42.0,-112,1.8928571428571428,0.5299927094627684,0.5283018867924528,0.5125216282670066,0.017471081195761795,0.0032004857688117117,nflverse_archive,2022,14,2022_14_JAX_TEN,TEN,JAX,nflverse,,nflverse_archive,false,archive_final_fallback,,loss,-1.0,gaussian_unconditional,false,false,false,archive_final_fallback
moneyline,home,,329,4.29,0.3639291213233651,0.2331002331002331,0.22616355195810023,0.13776556936526485,0.5612559304772362,nflverse_archive,2022,14,2022_14_KC_DEN,DEN,KC,nflverse,,nflverse_archive,false,archive_final_fallback,,loss,-1.0,gaussian_unconditional,false,false,false,archive_final_fallback
spread,home,8.5,-103,1.970873786407767,0.6479845201674004,0.5073891625615764,0.49423272123281353,0.15375179893458685,0.27709570479594436,nflverse_archive,2022,14,2022_14_KC_DEN,DEN,KC,nflverse,,nflverse_archive,false,archive_final_fallback,,win,0.970873786407767,gaussian_unconditional,false,false,false,archive_final_fallback
total,under,44.5,-112,1.8928571428571428,0.61567495674965,0.5283018867924528,0.5137614678899083,0.10191348885974172,0.16538473956183752,nflverse_archive,2022,14,2022_14_KC_DEN,DEN,KC,nflverse,,nflverse_archive,false,archive_final_fallback,,loss,-1.0,gaussian_unconditional,false,false,false,archive_final_fallback
moneyline,home,,245,3.45,0.5165501175273219,0.2898550724637681,0.2817523080884246,0.23479780943889733,0.7820979054692607,nflverse_archive,2022,14,2022_14_LV_LA,LA,LV,nflverse,,nflverse_archive,false,archive_final_fallback,,win,2.45,gaussian_unconditional,false,false,false,archive_final_fallback
spread,home,6.5,101,2.01,0.7251121502089971,0.49751243781094534,0.48499267935578333,0.24011947085321378,0.45747542192008406,nflverse_archive,2022,14,2022_14_LV_LA,LA,LV,nflverse,,nflverse_archive,false,archive_final_fallback,,win,1.0099999999999998,gaussian_unconditional,false,false,false,archive_final_fallback
total,over,42.5,102,2.02,0.5725824961822069,0.49504950495049505,0.48066174826738206,0.09192074791482485,0.15661664228805794,nflverse_archive,2022,14,2022_14_LV_LA,LA,LV,nflverse,,nflverse_archive,false,archive_final_fallback,,loss,-1.0,gaussian_unconditional,false,false,false,archive_final_fallback
moneyline,home,,146,2.46,0.49300256315371127,0.4065040650406504,0.3960962679598783,0.09690629519383298,0.2127863053581298,nflverse_archive,2022,14,2022_14_MIA_LAC,LAC,MIA,nflverse,,nflverse_archive,false,archive_final_fallback,,win,1.46,gaussian_unconditional,false,false,false,archive_final_fallback
spread,home,3.0,102,2.02,0.5945833449318239,0.49504950495049505,0.4827086071703758,0.11187473776144807,0.20105835676228412,nflverse_archive,2022,14,2022_14_MIA_LAC,LAC,MIA,nflverse,,nflverse_archive,false,archive_final_fallback,,win,1.02,gaussian_unconditional,false,false,false,archive_final_fallback
total,under,54.5,-102,1.9803921568627452,0.6599399592421233,0.504950495049505,0.4908340971585702,0.16910586208355316,0.3069399192834208,nflverse_archive,2022,14,2022_14_MIA_LAC,LAC,MIA,nflverse,,nflverse_archive,false,archive_final_fallback,,win,0.9803921568627452,gaussian_unconditional,false,false,false,archive_final_fallback
moneyline,away,,119,2.19,0.47784728675143573,0.4566210045662101,0.44522913947954246,0.03261814727189327,0.046485557985644244,nflverse_archive,2022,14,2022_14_MIN_DET,DET,MIN,nflverse,,nflverse_archive,false,archive_final_fallback,,loss,-1.0,gaussian_unconditional,false,false,false,archive_final_fallback
spread,away,2.5,-108,1.925925925925926,0.5629762704070889,0.5192307692307692,0.5069715560513106,0.05600471435577825,0.08425059485809716,nflverse_archive,2022,14,2022_14_MIN_DET,DET,MIN,nflverse,,nflverse_archive,false,archive_final_fallback,,loss,-1.0,gaussian_unconditional,false,false,false,archive_final_fallback
total,under,51.5,-110,1.9090909090909092,0.5279772970534142,0.5238095238095238,0.5091659028414299,0.0188113942119843,0.007956658011063489,nflverse_archive,2022,14,2022_14_MIN_DET,DET,MIN,nflverse,,nflverse_archive,false,archive_final_fallback,,loss,-1.0,gaussian_unconditional,false,false,false,archive_final_fallback
moneyline,away,,-125,1.8,0.5731103401626758,0.5555555555555556,0.5419847328244275,0.031125607338248318,0.031598612292816464,nflverse_archive,2022,14,2022_14_NE_ARI,ARI,NE,nflverse,,nflverse_archive,false,archive_final_fallback,,win,0.8,gaussian_unconditional,false,false,false,archive_final_fallback
spread,away,-2.0,-104,1.9615384615384617,0.5052009103773575,0.5098039215686274,0.497677011707861,0.007523898669496487,-0.00902898349056791,nflverse_archive,2022,14,2022_14_NE_ARI,ARI,NE,nflverse,,nflverse_archive,false,archive_final_fallback,,win,0.9615384615384617,gaussian_unconditional,false,false,false,archive_final_fallback
total,under,44.0,-103,1.970873786407767,0.5225774211447498,0.5073891625615764,0.49203821656050956,0.030539204584240254,0.02993414070275935,nflverse_archive,2022,14,2022_14_NE_ARI,ARI,NE,nflverse,,nflverse_archive,false,archive_final_fallback,,win,0.970873786407767,gaussian_unconditional,false,false,false,archive_final_fallback
moneyline,away,,332,4.32,0.24409257569428078,0.23148148148148145,0.2245914059963199,0.01950116969796087,0.05447992699929305,nflverse_archive,2022,14,2022_14_NYJ_BUF,BUF,NYJ,nflverse,,nflverse_archive,false,archive_final_fallback,,loss,-1.0,gaussian_unconditional,false,false,false,archive_final_fallback
spread,away,10.0,-108,1.925925925925926,0.5647834889420258,0.5192307692307692,0.5069715560513106,0.05781193289071518,0.08773116388834601,nflverse_archive,2022,14,2022_14_NYJ_BUF,BUF,NYJ,nflverse,,nflverse_archive,false,archive_final_fallback,,win,0.925925925925926,gaussian_unconditional,false,false,false,archive_final_fallback
total,under,43.5,-104,1.9615384615384617,0.5344645608555717,0.5098039215686274,0.49541956760718214,0.03904499324838956,0.04837279244746773,nflverse_archive,2022,14,2022_14_NYJ_BUF,BUF,NYJ,nflverse,,nflverse_archive,false,archive_final_fallback,,win,0.9615384615384617,gaussian_unconditional,false,false,false,archive_final_fallback
moneyline,home,,260,3.6,0.3710161924165831,0.2777777777777778,0.26994359387590655,0.10107259854067657,0.3356582926996994,nflverse_archive,2022,14,2022_14_PHI_NYG,NYG,PHI,nflverse,,nflverse_archive,false,archive_final_fallback,,loss,-1.0,gaussian_unconditional,false,false,false,archive_final_fallback
spread,home,7.5,-115,1.8695652173913042,0.6228850844017324,0.5348837209302326,0.521797153024911,0.10108793137682137,0.16452428822932563,nflverse_archive,2022,14,2022_14_PHI_NYG,NYG,PHI,nflverse,,nflverse_archive,false,archive_final_fallback,,loss,-1.0,gaussian_unconditional,false,false,false,archive_final_fallback
total,under,44.5,-109,1.9174311926605505,0.515022308818501,0.5215311004784688,0.506872222476749,0.008150086341751961,-0.01248016015535136,nflverse_archive,2022,14,2022_14_PHI_NYG,NYG,PHI,nflverse,,nflverse_archive,false,archive_final_fallback,,loss,-1.0,gaussian_unconditional,false,false,false,archive_final_fallback
moneyline,home,,-196,1.510204081632653,0.6781060362856535,0.6621621621621622,0.6455089820359281,0.032597054249725366,0.02407850377833376,nflverse_archive,2022,14,2022_14_TB_SF,SF,TB,nflverse,,nflverse_archive,false,archive_final_fallback,,win,0.510204081632653,gaussian_unconditional,false,false,false,archive_final_fallback
spread,home,-3.5,-103,1.970873786407767,0.5646233902439384,0.5073891625615764,0.4953533757725013,0.06927001447143705,0.11280143902446116,nflverse_archive,2022,14,2022_14_TB_SF,SF,TB,nflverse,,nflverse_archive,false,archive_final_fallback,,win,0.970873786407767,gaussian_unconditional,false,false,false,archive_final_fallback
total,under,38.0,104,2.04,0.5328054555368257,0.49019607843137253,0.47621137640449435,0.05659407913233133,0.08692312929512447,nflverse_archive,2022,14,2022_14_TB_SF,SF,TB,nflverse,,nflverse_archive,false,archive_final_fallback,,loss,-1.0,gaussian_unconditional,false,false,false,archive_final_fallback
moneyline,home,,-121,1.8264462809917354,0.5914422048637449,0.5475113122171946,0.534834771627026,0.05660743323671891,0.08023741549493901,nflverse_archive,2022,15,2022_15_ARI_DEN,DEN,ARI,nflverse,,nflverse_archive,false,archive_final_fallback,,win,0.8264462809917354,gaussian_unconditional,false,false,false,archive_final_fallback
spread,home,-1.5,-106,1.9433962264150944,0.5410325028319833,0.5145631067961165,0.5023229882921391,0.03870951453984428,0.0514405243715903,nflverse_archive,2022,15,2022_15_ARI_DEN,DEN,ARI,nflverse,,nflverse_archive,false,archive_final_fallback,,win,0.9433962264150944,gaussian_unconditional,false,false,false,archive_final_fallback
total,over,37.5,-103,1.970873786407767,0.540707403125513,0.5073891625615764,0.49203821656050956,0.048669186565003464,0.06566604693669076,nflverse_archive,2022,15,2022_15_ARI_DEN,DEN,ARI,nflverse,,nflverse_archive,false,archive_final_fallback,,win,0.970873786407767,gaussian_unconditional,false,false,false,archive_final_fallback
moneyline,away,,203,3.03,0.41498930490198505,0.33003300330033003,0.32106932575441594,0.09391997914756911,0.25741759385301455,nflverse_archive,2022,15,2022_15_ATL_NO,NO,ATL,nflverse,,nflverse_archive,false,archive_final_fallback,,loss,-1.0,gaussian_unconditional,false,false,false,archive_final_fallback
spread,away,5.0,103,2.0300000000000002,0.5842097440631693,0.4926108374384236,0.4814756210583422,0.1027341230048271,0.18594578044823384,nflverse_archive,2022,15,2022_15_ATL_NO,NO,ATL,nflverse,,nflverse_archive,false,archive_final_fallback,,win,1.0300000000000002,gaussian_unconditional,false,false,false,archive_final_fallback
total,over,43.5,-103,1.970873786407767,0.5411454947916637,0.5073891625615764,0.4931277775232511,0.04801771726841264,0.06652947031755096,nflverse_archive,2022,15,2022_15_ATL_NO,NO,ATL,nflverse,,nflverse_archive,false,archive_final_fallback,,loss,-1.0,gaussian_unconditional,false,false,false,archive_final_fallback
moneyline,away,,139,2.3899999999999997,0.5414233525945622,0.4184100418410042,0.4077064513550244,0.13371690123953778,0.29400181270100356,nflverse_archive,2022,15,2022_15_BAL_CLE,CLE,BAL,nflverse,,nflverse_archive,false,archive_final_fallback,,loss,-1.0,gaussian_unconditional,false,false,false,archive_final_fallback
spread,away,2.5,113,2.13,0.6246521658331173,0.4694835680751174,0.45801526717557256,0.16663689865754477,0.3305091132245399,nflverse_archive,2022,15,2022_15_BAL_CLE,CLE,BAL,nflverse,,nflverse_archive,false,archive_final_fallback,,loss,-1.0,gaussian_unconditional,false,false,false,archive_final_fallback
total,over,39.5,-105,1.9523809523809523,0.6828226534578654,0.5121951219512195,0.4977100984657659,0.1851125549920995,0.3331299424653562,nflverse_archive,2022,15,2022_15_BAL_CLE,CLE,BAL,nflverse,,nflverse_archive,false,archive_final_fallback,,loss,-1.0,gaussian_unconditional,false,false,false,archive_final_fallback
moneyline,home,,150,2.5,0.42439866737718335,0.4,0.39006574141709277,0.03433292596009058,0.06099666844295837,nflverse_archive,2022,15,2022_15_CIN_TB,TB,CIN,nflverse,,nflverse_archive,false,archive_final_fallback,,loss,-1.0,gaussian_unconditional,false,false,false,archive_final_fallback
spread,home,3.5,-120,1.8333333333333335,0.5432121979596485,0.5454545454545454,0.5315161839863713,0.01169601397327713,-0.00411097040731101,nflverse_archive,2022,15,2022_15_CIN_TB,TB,CIN,nflverse,,nflverse_archive,false,archive_final_fallback,,loss,-1.0,gaussian_unconditional,false,false,false,archive_final_fallback
total,under,47.0,101,2.01,0.6616036343214545,0.49751243781094534,0.4829173624588166,0.1786862718626379,0.32982330498612344,nflverse_archive,2022,15,2022_15_CIN_TB,TB,CIN,nflverse,,nflverse_archive,false,archive_final_fallback,,loss,-1.0,gaussian_unconditional,false,false,false,archive_final_fallback
moneyline,away,,-188,1.5319148936170213,0.6707473455045573,0.6527777777777778,0.6362901596282077,0.034457185876349605,0.027527848432513213,nflverse_archive,2022,15,2022_15_DAL_JAX,JAX,DAL,nflverse,,nflverse_archive,false,archive_final_fallback,,loss,-1.0,gaussian_unconditional,false,false,false,archive_final_fallback
spread,away,-4.0,100,2.0,0.539849507161705,0.5,0.48837209302325585,0.05147741413844914,0.07969901432340998,nflverse_archive,2022,15,2022_15_DAL_JAX,JAX,DAL,nflverse,,nflverse_archive,false,archive_final_fallback,,loss,-1.0,gaussian_unconditional,false,false,false,archive_final_fallback
total,under,48.5,-103,1.970873786407767,0.5731945336886975,0.5073891625615764,0.49203821656050956,0.081156317128188,0.1296940809592777,nflverse_archive,2022,15,2022_15_DAL_JAX,JAX,DAL,nflverse,,nflverse_archive,false,archive_final_fallback,,loss,-1.0,gaussian_unconditional,false,false,false,archive_final_fallback
moneyline,home,,-132,1.7575757575757576,0.5994878827256257,0.5689655172413793,0.555895865237366,0.04359201748825969,0.05364536963897848,nflverse_archive,2022,15,2022_15_DET_NYJ,NYJ,DET,nflverse,,nflverse_archive,false,archive_final_fallback,,loss,-1.0,gaussian_unconditional,false,false,false,archive_final_fallback
spread,home,-2.0,-110,1.9090909090909092,0.532302959276171,0.5238095238095238,0.5116279069767442,0.020675052299426788,0.016214740436326425,nflverse_archive,2022,15,2022_15_DET_NYJ,NYJ,DET,nflverse,,nflverse_archive,false,archive_final_fallback,,loss,-1.0,gaussian_unconditional,false,false,false,archive_final_fallback
total,over,44.0,-103,1.970873786407767,0.5782551422688673,0.5073891625615764,0.4931277775232511,0.08512736474561622,0.13966790175320454,nflverse_archive,2022,15,2022_15_DET_NYJ,NYJ,DET,nflverse,,nflverse_archive,false,archive_final_fallback,,loss,-1.0,gaussian_unconditional,false,false,false,archive_final_fallback
moneyline,home,,-188,1.5319148936170213,0.688580417293848,0.6527777777777778,0.6362901596282077,0.05229025766564033,0.05484659670546921,nflverse_archive,2022,15,2022_15_IND_MIN,MIN,IND,nflverse,,nflverse_archive,false,archive_final_fallback,,win,0.5319148936170213,gaussian_unconditional,false,false,false,archive_final_fallback
spread,home,-3.5,-107,1.9345794392523366,0.5763825766241972,0.5169082125603864,0.5046466242274987,0.0717359523966985,0.1150578818804564,nflverse_archive,2022,15,2022_15_IND_MIN,MIN,IND,nflverse,,nflverse_archive,false,archive_final_fallback,,loss,-1.0,gaussian_unconditional,false,false,false,archive_final_fallback
total,under,46.5,-107,1.9345794392523366,0.5784552092280583,0.5169082125603864,0.5022899015342339,0.07616530769382435,0.11906755430101001,nflverse_archive,2022,15,2022_15_IND_MIN,MIN,IND,nflverse,,nflverse_archive,false,archive_final_fallback,,loss,-1.0,gaussian_unconditional,false,false,false,archive_final_fallback
moneyline,home,,572,6.72,0.2507979275387492,0.1488095238095238,0.14421617245218096,0.10658175508656823,0.6853620730603944,nflverse_archive,2022,15,2022_15_KC_HOU,HOU,KC,nflverse,,nflverse_archive,false,archive_final_fallback,,loss,-1.0,gaussian_unconditional,false,false,false,archive_final_fallback
spread,home,14.5,-120,1.8333333333333335,0.7148095240384447,0.5454545454545454,0.5327102803738317,0.18209924366461294,0.31048412740381526,nflverse_archive,2022,15,2022_15_KC_HOU,HOU,KC,nflverse,,nflverse_archive,false,archive_final_fallback,,win,0.8333333333333335,gaussian_unconditional,false,false,false,archive_final_fallback
total,under,48.5,-109,1.9174311926605505,0.5328830551280883,0.5215311004784688,0.506872222476749,0.0260108326513393,0.021766591942848246,nflverse_archive,2022,15,2022_15_KC_HOU,HOU,KC,nflverse,,nflverse_archive,false,archive_final_fallback,,loss,-1.0,gaussian_unconditional,false,false,false,archive_final_fallback
moneyline,away,,301,4.01,0.37086203491666225,0.24937655860349128,0.24209475673724226,0.12876727817942,0.48715676001581554,nflverse_archive,2022,15,2022_15_LA_GB,GB,LA,nflverse,,nflverse_archive,false,archive_final_fallback,,loss,-1.0,gaussian_unconditional,false,false,false,archive_final_fallback
spread,away,8.0,-111,1.900900900900901,0.638433682510096,0.5260663507109005,0.513948077676165,0.12448560483393101,0.21359916224892128,nflverse_archive,2022,15,2022_15_LA_GB,GB,LA,nflverse,,nflverse_archive,false,archive_final_fallback,,loss,-1.0,gaussian_unconditional,false,false,false,archive_final_fallback
total,over,39.5,-111,1.900900900900901,0.5475654072026668,0.5260663507109005,0.5114621062766493,0.036103300926017434,0.04086757585371803,nflverse_archive,2022,15,2022_15_LA_GB,GB,LA,nflverse,,nflverse_archive,false,archive_final_fallback,,loss,-1.0,gaussian_unconditional,false,false,false,archive_final_fallback
moneyline,home,,-320,1.3125,0.7605631267376058,0.7619047619047619,0.7397124442240952,0.020850682513510632,-0.0017608961568923442,nflverse_archive,2022,15,2022_15_MIA_BUF,BUF,MIA,nflverse,,nflverse_archive,false,archive_final_fallback,,win,0.3125,gaussian_unconditional,false,false,false,archive_final_fallback
spread,home,-7.0,-106,1.9433962264150944,0.5436960327468621,0.5145631067961165,0.5023229882921391,0.04137304445472301,0.05661681835710941,nflverse_archive,2022,15,2022_15_MIA_BUF,BUF,MIA,nflverse,,nflverse_archive,false,archive_final_fallback,,loss,-1.0,gaussian_unconditional,false,false,false,archive_final_fallback
total,over,44.0,-119,1.8403361344537816,0.5663764849489644,0.5433789954337899,0.5281596070151247,0.038216877933839766,0.042323110956497656,nflverse_archive,2022,15,2022_15_MIA_BUF,BUF,MIA,nflverse,,nflverse_archive,false,archive_final_fallback,,win,0.8403361344537816,gaussian_unconditional,false,false,false,archive_final_fallback
moneyline,away,,117,2.17,0.5556073736467985,0.4608294930875576,0.4499636492248442,0.10564372442195424,0.20566800081355252,nflverse_archive,2022,15,2022_15_NE_LV,LV,NE,nflverse,,nflverse_archive,false,archive_final_fallback,,loss,-1.0,gaussian_unconditional,false,false,false,archive_final_fallback
spread,away,1.0,111,2.1100000000000003,0.5891357048128072,0.4739336492890995,0.46305953026573776,0.12607617454706943,0.2430763371550233,nflverse_archive,2022,15,2022_15_NE_LV,LV,NE,nflverse,,nflverse_archive,false,archive_final_fallback,,loss,-1.0,gaussian_unconditional,false,false,false,archive_final_fallback
total,under,45.0,-105,1.9523809523809523,0.5336391440836057,0.5121951219512195,0.4965893587994543,0.03704978528415137,0.041866900353706216,nflverse_archive,2022,15,2022_15_NE_LV,LV,NE,nflverse,,nflverse_archive,false,archive_final_fallback,,loss,-1.0,gaussian_unconditional,false,false,false,archive_final_fallback
moneyline,away,,180,2.8,0.3818595123069086,0.35714285714285715,0.34771631856782187,0.03414319373908675,0.06920663445934405,nflverse_archive,2022,15,2022_15_NYG_WAS,WAS,NYG,nflverse,,nflverse_archive,false,archive_final_fallback,,win,1.7999999999999998,gaussian_unconditional,false,false,false,archive_final_fallback
spread,away,4.5,-114,1.8771929824561404,0.533496783634787,0.5327102803738317,0.5195545777019441,0.0139422059328429,0.0014764184021440752,nflverse_archive,2022,15,2022_15_NYG_WAS,WAS,NYG,nflverse,,nflverse_archive,false,archive_final_fallback,,win,0.8771929824561404,gaussian_unconditional,false,false,false,archive_final_fallback
total,under,40.5,-104,1.9615384615384617,0.5259247281366658,0.5098039215686274,0.49541956760718214,0.030505160529483655,0.03162158211422916,nflverse_archive,2022,15,2022_15_NYG_WAS,WAS,NYG,nflverse,,nflverse_archive,false,archive_final_fallback,,win,0.9615384615384617,gaussian_unconditional,false,false,false,archive_final_fallback
moneyline,home,,323,4.23,0.28102023443227164,0.23640661938534277,0.22937728315351286,0.051642951278758786,0.18871559164850926,nflverse_archive,2022,15,2022_15_PHI_CHI,CHI,PHI,nflverse,,nflverse_archive,false,archive_final_fallback,,loss,-1.0,gaussian_unconditional,false,false,false,archive_final_fallback
spread,home,8.5,-106,1.9433962264150944,0.5583445278688657,0.5145631067961165,0.5023229882921391,0.05602153957672662,0.08508464849987107,nflverse_archive,2022,15,2022_15_PHI_CHI,CHI,PHI,nflverse,,nflverse_archive,false,archive_final_fallback,,win,0.9433962264150944,gaussian_unconditional,false,false,false,archive_final_fallback
total,over,48.0,-103,1.970873786407767,0.5114928603393882,0.5073891625615764,0.49203821656050956,0.019454643778878677,0.008087870377629258,nflverse_archive,2022,15,2022_15_PHI_CHI,CHI,PHI,nflverse,,nflverse_archive,false,archive_final_fallback,,loss,-1.0,gaussian_unconditional,false,false,false,archive_final_fallback
moneyline,away,,130,2.3,0.43028949282756646,0.4347826086956522,0.42350907519446845,0.0067804176330980015,-0.010334166496597241,nflverse_archive,2022,15,2022_15_PIT_CAR,CAR,PIT,nflverse,,nflverse_archive,false,archive_final_fallback,,win,1.2999999999999998,gaussian_unconditional,false,false,false,archive_final_fallback
spread,away,2.5,-100,2.0,0.5151819861239665,0.5,0.48837209302325585,0.026809893100710636,0.03036397224793297,nflverse_archive,2022,15,2022_15_PIT_CAR,CAR,PIT,nflverse,,nflverse_archive,false,archive_final_fallback,,win,1.0,gaussian_unconditional,false,false,false,archive_final_fallback
total,over,36.5,-114,1.8771929824561404,0.6144214426176655,0.5327102803738317,0.5170826375411832,0.0973388050764823,0.15338762035245979,nflverse_archive,2022,15,2022_15_PIT_CAR,CAR,PIT,nflverse,,nflverse_archive,false,archive_final_fallback,,win,0.8771929824561404,gaussian_unconditional,false,false,false,archive_final_fallback
moneyline,home,,152,2.52,0.39703561689347033,0.3968253968253968,0.3871172000921022,0.009918416801368124,0.000529754571545249,nflverse_archive,2022,15,2022_15_SF_SEA,SEA,SF,nflverse,,nflverse_archive,false,archive_final_fallback,,loss,-1.0,gaussian_unconditional,false,false,false,archive_final_fallback
spread,home,3.0,104,2.04,0.4981707686625736,0.49019607843137253,0.4782028469750889,0.01996792168748468,0.01626836807165022,nflverse_archive,2022,15,2022_15_SF_SEA,SEA,SF,nflverse,,nflverse_archive,false,archive_final_fallback,,loss,-1.0,gaussian_unconditional,false,false,false,archive_final_fallback
total,over,43.0,-103,1.970873786407767,0.5908277857618713,0.5073891625615764,0.4931277775232511,0.09770000823862024,0.1644469952394163,nflverse_archive,2022,15,2022_15_SF_SEA,SEA,SF,nflverse,,nflverse_archive,false,archive_final_fallback,,loss,-1.0,gaussian_unconditional,false,false,false,archive_final_fallback
moneyline,away,,142,2.42,0.43935863278876075,0.4132231404958678,0.40289836966706233,0.03646026312169842,0.06324789134880104,nflverse_archive,2022,15,2022_15_TEN_LAC,LAC,TEN,nflverse,,nflverse_archive,false,archive_final_fallback,,loss,-1.0,gaussian_unconditional,false,false,false,archive_final_fallback
spread,away,3.0,-108,1.925925925925926,0.5413545593575134,0.5192307692307692,0.5069715560513106,0.03438300330620281,0.04260878098484078,nflverse_archive,2022,15,2022_15_TEN_LAC,LAC,TEN,nflverse,,nflverse_archive,false,archive_final_fallback,,push,0.0,gaussian_unconditional,false,false,false,archive_final_fallback
total,under,46.5,-101,1.99009900990099,0.5773074231562219,0.5024875621890548,0.4874783717329934,0.08982905142322845,0.14889893123168907,nflverse_archive,2022,15,2022_15_TEN_LAC,LAC,TEN,nflverse,,nflverse_archive,false,archive_final_fallback,,win,0.9900990099009901,gaussian_unconditional,false,false,false,archive_final_fallback
moneyline,away,,238,3.38,0.299349591769417,0.2958579881656805,0.28766575393040644,0.011683837839010558,0.011801620180629468,nflverse_archive,2022,16,2022_16_ATL_BAL,BAL,ATL,nflverse,,nflverse_archive,false,archive_final_fallback,,loss,-1.0,gaussian_unconditional,false,false,false,archive_final_fallback
spread,away,6.5,-108,1.925925925925926,0.5168174685355152,0.5192307692307692,0.5069715560513106,0.009845912484204633,-0.004647838376044655,nflverse_archive,2022,16,2022_16_ATL_BAL,BAL,ATL,nflverse,,nflverse_archive,false,archive_final_fallback,,loss,-1.0,gaussian_unconditional,false,false,false,archive_final_fallback
total,over,35.0,-107,1.9345794392523366,0.7407959496683149,0.5169082125603864,0.5022899015342339,0.23850604813408094,0.4331286129097307,nflverse_archive,2022,16,2022_16_ATL_BAL,BAL,ATL,nflverse,,nflverse_archive,false,archive_final_fallback,,loss,-1.0,gaussian_unconditional,false,false,false,archive_final_fallback
moneyline,home,,304,4.04,0.2517443278664856,0.24752475247524752,0.2402841621395737,0.011460165726911886,0.01704708458060189,nflverse_archive,2022,16,2022_16_BUF_CHI,CHI,BUF,nflverse,,nflverse_archive,false,archive_final_fallback,,loss,-1.0,gaussian_unconditional,false,false,false,archive_final_fallback
spread,home,8.0,-100,2.0,0.5122086829549097,0.5,0.48837209302325585,0.023836589931653884,0.024417365909819466,nflverse_archive,2022,16,2022_16_BUF_CHI,CHI,BUF,nflverse,,nflverse_archive,false,archive_final_fallback,,loss,-1.0,gaussian_unconditional,false,false,false,archive_final_fallback
total,over,40.0,-115,1.8695652173913042,0.66462123859792,0.5348837209302326,0.5193382517326179,0.14528298686530206,0.24255275042219826,nflverse_archive,2022,16,2022_16_BUF_CHI,CHI,BUF,nflverse,,nflverse_archive,false,archive_final_fallback,,win,0.8695652173913042,gaussian_unconditional,false,false,false,archive_final_fallback
moneyline,home,,136,2.3600000000000003,0.5014999747754506,0.42372881355932196,0.4132639620653319,0.08823601271011872,0.1835399404700635,nflverse_archive,2022,16,2022_16_CIN_NE,NE,CIN,nflverse,,nflverse_archive,false,archive_final_fallback,,loss,-1.0,gaussian_unconditional,false,false,false,archive_final_fallback
spread,home,3.0,-110,1.9090909090909092,0.6049253240826009,0.5238095238095238,0.5116279069767442,0.0932974171058567,0.15485743688496534,nflverse_archive,2022,16,2022_16_CIN_NE,NE,CIN,nflverse,,nflverse_archive,false,archive_final_fallback,,loss,-1.0,gaussian_unconditional,false,false,false,archive_final_fallback
total,over,42.0,-103,1.970873786407767,0.5541411960419158,0.5073891625615764,0.4931277775232511,0.06101341851866471,0.0921423572476594,nflverse_archive,2022,16,2022_16_CIN_NE,NE,CIN,nflverse,,nflverse_archive,false,archive_final_fallback,,loss,-1.0,gaussian_unconditional,false,false,false,archive_final_fallback
moneyline,home,,155,2.55,0.5152261698899508,0.3921568627450981,0.382272631800042,0.13295353808990884,0.3138267332193745,nflverse_archive,2022,16,2022_16_DEN_LA,LA,DEN,nflverse,,nflverse_archive,false,archive_final_fallback,,win,1.5499999999999998,gaussian_unconditional,false,false,false,archive_final_fallback
spread,home,3.0,105,2.05,0.6181144596075152,0.48780487804878053,0.47598060819744376,0.14213385141007145,0.26713464219540617,nflverse_archive,2022,16,2022_16_DEN_LA,LA,DEN,nflverse,,nflverse_archive,false,archive_final_fallback,,win,1.0499999999999998,gaussian_unconditional,false,false,false,archive_final_fallback
total,under,36.5,-109,1.9174311926605505,0.5702218897936155,0.5215311004784688,0.506872222476749,0.06334966731686653,0.09336123822812525,nflverse_archive,2022,16,2022_16_DEN_LA,LA,DEN,nflverse,,nflverse_archive,false,archive_final_fallback,,loss,-1.0,gaussian_unconditional,false,false,false,archive_final_fallback
moneyline,home,,117,2.17,0.4767029759082714,0.4608294930875576,0.4499636492248442,0.026739326683427156,0.03444545772094876,nflverse_archive,2022,16,2022_16_DET_CAR,CAR,DET,nflverse,,nflverse_archive,false,archive_final_fallback,,win,1.17,gaussian_unconditional,false,false,false,archive_final_fallback
spread,home,2.5,-111,1.900900900900901,0.5636384114485345,0.5260663507109005,0.513948077676165,0.04969033377236953,0.07142076410487208,nflverse_archive,2022,16,2022_16_DET_CAR,CAR,DET,nflverse,,nflverse_archive,false,archive_final_fallback,,win,0.900900900900901,gaussian_unconditional,false,false,false,archive_final_fallback
total,over,43.5,-100,2.0,0.6180852216387099,0.5,0.4862385321100918,0.1318466895286181,0.23617044327741987,nflverse_archive,2022,16,2022_16_DET_CAR,CAR,DET,nflverse,,nflverse_archive,false,archive_final_fallback,,win,1.0,gaussian_unconditional,false,false,false,archive_final_fallback
moneyline,away,,163,2.63,0.39190647941587586,0.3802281368821293,0.3707306812504931,0.021175798165382786,0.0307140408637534,nflverse_archive,2022,16,2022_16_GB_MIA,MIA,GB,nflverse,,nflverse_archive,false,archive_final_fallback,,win,1.63,gaussian_unconditional,false,false,false,archive_final_fallback
spread,away,3.5,-107,1.9345794392523366,0.5126560756616804,0.5169082125603864,0.5046466242274987,0.008009451434181636,-0.008226096617122924,nflverse_archive,2022,16,2022_16_GB_MIA,MIA,GB,nflverse,,nflverse_archive,false,archive_final_fallback,,win,0.9345794392523366,gaussian_unconditional,false,false,false,archive_final_fallback
total,under,49.0,-103,1.970873786407767,0.5706290246603128,0.5073891625615764,0.4931277775232511,0.07750124713706175,0.12463778646644186,nflverse_archive,2022,16,2022_16_GB_MIA,MIA,GB,nflverse,,nflverse_archive,false,archive_final_fallback,,win,0.970873786407767,gaussian_unconditional,false,false,false,archive_final_fallback
moneyline,home,,-170,1.5882352941176472,0.7014858291757957,0.6296296296296295,0.6143408084559349,0.08714502071986086,0.11412455222038154,nflverse_archive,2022,16,2022_16_HOU_TEN,TEN,HOU,nflverse,,nflverse_archive,false,archive_final_fallback,,loss,-1.0,gaussian_unconditional,false,false,false,archive_final_fallback
spread,home,-3.0,-113,1.8849557522123894,0.6050043579640898,0.5305164319248826,0.5185243789416578,0.08647997902243199,0.1404064446579747,nflverse_archive,2022,16,2022_16_HOU_TEN,TEN,HOU,nflverse,,nflverse_archive,false,archive_final_fallback,,loss,-1.0,gaussian_unconditional,false,false,false,archive_final_fallback
total,over,34.0,-101,1.99009900990099,0.6465779568902467,0.5024875621890548,0.4885378937233506,0.15804006316689606,0.286754151831085,nflverse_archive,2022,16,2022_16_HOU_TEN,TEN,HOU,nflverse,,nflverse_archive,false,archive_final_fallback,,loss,-1.0,gaussian_unconditional,false,false,false,archive_final_fallback
moneyline,home,,-136,1.7352941176470589,0.6156440410660002,0.576271186440678,0.562379468921525,0.05326457214447522,0.06832348302629465,nflverse_archive,2022,16,2022_16_JAX_NYJ,NYJ,JAX,nflverse,,nflverse_archive,false,archive_final_fallback,,loss,-1.0,gaussian_unconditional,false,false,false,archive_final_fallback
spread,home,-2.5,-106,1.9433962264150944,0.5300635149550643,0.5145631067961165,0.5023229882921391,0.027740526662925258,0.030123434723992926,nflverse_archive,2022,16,2022_16_JAX_NYJ,NYJ,JAX,nflverse,,nflverse_archive,false,archive_final_fallback,,loss,-1.0,gaussian_unconditional,false,false,false,archive_final_fallback
total,over,36.5,-106,1.9433962264150944,0.6819029464874754,0.5145631067961165,0.5,0.1819029464874754,0.3252076129850938,nflverse_archive,2022,16,2022_16_JAX_NYJ,NYJ,JAX,nflverse,,nflverse_archive,false,archive_final_fallback,,loss,-1.0,gaussian_unconditional,false,false,false,archive_final_fallback
moneyline,home,,165,2.65,0.49421258612369245,0.37735849056603776,0.3676233473073202,0.12658923881637224,0.30966335322778504,nflverse_archive,2022,16,2022_16_LAC_IND,IND,LAC,nflverse,,nflverse_archive,false,archive_final_fallback,,loss,-1.0,gaussian_unconditional,false,false,false,archive_final_fallback
spread,home,3.5,-108,1.925925925925926,0.6146944010903166,0.5192307692307692,0.5069715560513106,0.10772284503900598,0.18385588358135063,nflverse_archive,2022,16,2022_16_LAC_IND,IND,LAC,nflverse,,nflverse_archive,false,archive_final_fallback,,loss,-1.0,gaussian_unconditional,false,false,false,archive_final_fallback
total,under,44.5,-103,1.970873786407767,0.5015394759752146,0.5073891625615764,0.4931277775232511,0.008411698451963545,-0.011528993951761435,nflverse_archive,2022,16,2022_16_LAC_IND,IND,LAC,nflverse,,nflverse_archive,false,archive_final_fallback,,win,0.970873786407767,gaussian_unconditional,false,false,false,archive_final_fallback
moneyline,away,,127,2.27,0.46926172695776946,0.44052863436123346,0.4295364214803857,0.03972530547738379,0.06522412019413659,nflverse_archive,2022,16,2022_16_LV_PIT,PIT,LV,nflverse,,nflverse_archive,false,archive_final_fallback,,loss,-1.0,gaussian_unconditional,false,false,false,archive_final_fallback
spread,away,2.5,-108,1.925925925925926,0.5562644310720736,0.5192307692307692,0.5069715560513106,0.04929287502076296,0.07132408947214186,nflverse_archive,2022,16,2022_16_LV_PIT,PIT,LV,nflverse,,nflverse_archive,false,archive_final_fallback,,loss,-1.0,gaussian_unconditional,false,false,false,archive_final_fallback
total,over,38.5,-102,1.9803921568627452,0.669683739812965,0.504950495049505,0.4908340971585702,0.17884964265439485,0.3262364259041073,nflverse_archive,2022,16,2022_16_LV_PIT,PIT,LV,nflverse,,nflverse_archive,false,archive_final_fallback,,loss,-1.0,gaussian_unconditional,false,false,false,archive_final_fallback
moneyline,away,,162,2.62,0.3922430110456445,0.38167938931297707,0.3720770106723868,0.02016600037325772,0.027676688939588745,nflverse_archive,2022,16,2022_16_NO_CLE,CLE,NO,nflverse,,nflverse_archive,false,archive_final_fallback,,win,1.62,gaussian_unconditional,false,false,false,archive_final_fallback
spread,away,3.0,111,2.1100000000000003,0.4955634845369219,0.4739336492890995,0.462147431247798,0.03341605328912389,0.04563895237290527,nflverse_archive,2022,16,2022_16_NO_CLE,CLE,NO,nflverse,,nflverse_archive,false,archive_final_fallback,,win,1.1100000000000003,gaussian_unconditional,false,false,false,archive_final_fallback
total,over,32.0,-104,1.9615384615384617,0.8117569849189744,0.5098039215686274,0.49541956760718214,0.31633741731179227,0.5922925473410654,nflverse_archive,2022,16,2022_16_NO_CLE,CLE,NO,nflverse,,nflverse_archive,false,archive_final_fallback,,loss,-1.0,gaussian_unconditional,false,false,false,archive_final_fallback
moneyline,away,,191,2.91,0.3655495966575404,0.3436426116838488,0.3348748206027747,0.030674776054765707,0.06374932627344254,nflverse_archive,2022,16,2022_16_NYG_MIN,MIN,NYG,nflverse,,nflverse_archive,false,archive_final_fallback,,loss,-1.0,gaussian_unconditional,false,false,false,archive_final_fallback
spread,away,4.5,-102,1.9803921568627452,0.5198875881904791,0.504950495049505,0.4930284439486894,0.0268591442417897,0.02958130210271359,nflverse_archive,2022,16,2022_16_NYG_MIN,MIN,NYG,nflverse,,nflverse_archive,false,archive_final_fallback,,win,0.9803921568627452,gaussian_unconditional,false,false,false,archive_final_fallback
total,under,48.0,-109,1.9174311926605505,0.5541164771548618,0.5215311004784688,0.5056854361866643,0.0484310409681975,0.06248021766390943,nflverse_archive,2022,16,2022_16_NYG_MIN,MIN,NYG,nflverse,,nflverse_archive,false,archive_final_fallback,,loss,-1.0,gaussian_unconditional,false,false,false,archive_final_fallback
moneyline,away,,178,2.7800000000000002,0.4413281042031266,0.3597122302158273,0.3504672897196262,0.09086081448350042,0.2268921296846922,nflverse_archive,2022,16,2022_16_PHI_DAL,DAL,PHI,nflverse,,nflverse_archive,false,archive_final_fallback,,loss,-1.0,gaussian_unconditional,false,false,false,archive_final_fallback
spread,away,4.0,-104,1.9615384615384617,0.5801222387139202,0.5098039215686274,0.497677011707861,0.08244522700605922,0.13793208363115128,nflverse_archive,2022,16,2022_16_PHI_DAL,DAL,PHI,nflverse,,nflverse_archive,false,archive_final_fallback,,loss,-1.0,gaussian_unconditional,false,false,false,archive_final_fallback
total,over,48.0,-101,1.99009900990099,0.5458974232574413,0.5024875621890548,0.4874783717329934,0.058419051524447874,0.08638992153213554,nflverse_archive,2022,16,2022_16_PHI_DAL,DAL,PHI,nflverse,,nflverse_archive,false,archive_final_fallback,,win,0.9900990099009901,gaussian_unconditional,false,false,false,archive_final_fallback
moneyline,away,,367,4.67,0.2805309615117326,0.21413276231263384,0.2076303193407453,0.07290064217098732,0.31007959025979126,nflverse_archive,2022,16,2022_16_SEA_KC,KC,SEA,nflverse,,nflverse_archive,false,archive_final_fallback,,loss,-1.0,gaussian_unconditional,false,false,false,archive_final_fallback
spread,away,10.5,-107,1.9345794392523366,0.6319354609093497,0.5169082125603864,0.5046466242274987,0.12728883668185098,0.22252934960967652,nflverse_archive,2022,16,2022_16_SEA_KC,KC,SEA,nflverse,,nflverse_archive,false,archive_final_fallback,,loss,-1.0,gaussian_unconditional,false,false,false,archive_final_fallback
total,over,50.5,-107,1.9345794392523366,0.6055041902495801,0.5169082125603864,0.5022899015342339,0.10321428871534621,0.17139595683797282,nflverse_archive,2022,16,2022_16_SEA_KC,KC,SEA,nflverse,,nflverse_archive,false,archive_final_fallback,,loss,-1.0,gaussian_unconditional,false,false,false,archive_final_fallback
moneyline,home,,273,3.73,0.4914764398006064,0.2680965147453083,0.26028755577590484,0.23118888402470156,0.8332071204562619,nflverse_archive,2022,16,2022_16_TB_ARI,ARI,TB,nflverse,,nflverse_archive,false,archive_final_fallback,,loss,-1.0,gaussian_unconditional,false,false,false,archive_final_fallback
spread,home,7.5,-113,1.8849557522123894,0.7371308549164306,0.5305164319248826,0.5172913928296243,0.21983946208680627,0.38945904510796203,nflverse_archive,2022,16,2022_16_TB_ARI,ARI,TB,nflverse,,nflverse_archive,false,archive_final_fallback,,win,0.8849557522123894,gaussian_unconditional,false,false,false,archive_final_fallback
total,over,41.5,-108,1.925925925925926,0.539570499838808,0.5192307692307692,0.5045804323928179,0.03499006744599009,0.039172814504371045,nflverse_archive,2022,16,2022_16_TB_ARI,ARI,TB,nflverse,,nflverse_archive,false,archive_final_fallback,,loss,-1.0,gaussian_unconditional,false,false,false,archive_final_fallback
moneyline,home,,-279,1.3584229390681004,0.747904070855127,0.7361477572559366,0.7151211298942415,0.03278294096088552,0.015970046072018462,nflverse_archive,2022,16,2022_16_WAS_SF,SF,WAS,nflverse,,nflverse_archive,false,archive_final_fallback,,win,0.3584229390681004,gaussian_unconditional,false,false,false,archive_final_fallback
spread,home,-6.5,-103,1.970873786407767,0.5396170559669112,0.5073891625615764,0.4953533757725013,0.044263680194409905,0.0635171103037182,nflverse_archive,2022,16,2022_16_WAS_SF,SF,WAS,nflverse,,nflverse_archive,false,archive_final_fallback,,win,0.970873786407767,gaussian_unconditional,false,false,false,archive_final_fallback
total,over,37.5,102,2.02,0.49296976897457656,0.49504950495049505,0.48167822094174845,0.011291548032828114,-0.004201066671355336,nflverse_archive,2022,16,2022_16_WAS_SF,SF,WAS,nflverse,,nflverse_archive,false,archive_final_fallback,,win,1.02,gaussian_unconditional,false,false,false,archive_final_fallback
moneyline,away,,241,3.41,0.40498142373778667,0.29325513196480935,0.2848788701057584,0.12010255363202826,0.3809866549458527,nflverse_archive,2022,17,2022_17_ARI_ATL,ATL,ARI,nflverse,,nflverse_archive,false,archive_final_fallback,,loss,-1.0,gaussian_unconditional,false,false,false,archive_final_fallback
spread,away,7.0,-119,1.8403361344537816,0.6419838278416657,0.5433789954337899,0.5305667495498585,0.11141707829180725,0.1814660361119731,nflverse_archive,2022,17,2022_17_ARI_ATL,ATL,ARI,nflverse,,nflverse_archive,false,archive_final_fallback,,win,0.8403361344537816,gaussian_unconditional,false,false,false,archive_final_fallback
total,over,41.0,100,2.0,0.6428443733069393,0.5,0.4851936218678816,0.1576507514390577,0.28568874661387866,nflverse_archive,2022,17,2022_17_ARI_ATL,ATL,ARI,nflverse,,nflverse_archive,false,archive_final_fallback,,loss,-1.0,gaussian_unconditional,false,false,false,archive_final_fallback
moneyline,away,,164,2.6399999999999997,0.3970441913291698,0.37878787878787884,0.36894616503845357,0.028098026290716227,0.04819666510900822,nflverse_archive,2022,17,2022_17_CAR_TB,TB,CAR,nflverse,,nflverse_archive,false,archive_final_fallback,,loss,-1.0,gaussian_unconditional,false,false,false,archive_final_fallback
spread,away,3.5,-110,1.9090909090909092,0.5163978542853562,0.5238095238095238,0.5116279069767442,0.004769947308612021,-0.014149550909774433,nflverse_archive,2022,17,2022_17_CAR_TB,TB,CAR,nflverse,,nflverse_archive,false,archive_final_fallback,,loss,-1.0,gaussian_unconditional,false,false,false,archive_final_fallback
total,under,40.5,-103,1.970873786407767,0.5118309783623959,0.5073891625615764,0.4931277775232511,0.018703200839144785,0.008754258325887054,nflverse_archive,2022,17,2022_17_CAR_TB,TB,CAR,nflverse,,nflverse_archive,false,archive_final_fallback,,loss,-1.0,gaussian_unconditional,false,false,false,archive_final_fallback
moneyline,away,,194,2.94,0.3409428617408675,0.3401360544217687,0.3313046548823297,0.009638206858537834,0.0023720135181504176,nflverse_archive,2022,17,2022_17_CHI_DET,DET,CHI,nflverse,,nflverse_archive,false,archive_final_fallback,,loss,-1.0,gaussian_unconditional,false,false,false,archive_final_fallback
spread,home,-4.5,-105,1.9523809523809523,0.5085570242874773,0.5121951219512195,0.5,0.008557024287477288,-0.0071029525815919925,nflverse_archive,2022,17,2022_17_CHI_DET,DET,CHI,nflverse,,nflverse_archive,false,archive_final_fallback,,win,0.9523809523809523,gaussian_unconditional,false,false,false,archive_final_fallback
total,under,52.5,-111,1.900900900900901,0.5778569018750087,0.5260663507109005,0.5114621062766493,0.06639479559835937,0.0984487053660077,nflverse_archive,2022,17,2022_17_CHI_DET,DET,CHI,nflverse,,nflverse_archive,false,archive_final_fallback,,win,0.900900900900901,gaussian_unconditional,false,false,false,archive_final_fallback
moneyline,home,,-117,1.8547008547008548,0.5387203311297852,0.5391705069124424,0.5262215623771888,0.012498768752596479,-0.0008349414088598683,nflverse_archive,2022,17,2022_17_CLE_WAS,WAS,CLE,nflverse,,nflverse_archive,false,archive_final_fallback,,loss,-1.0,gaussian_unconditional,false,false,false,archive_final_fallback
spread,away,1.0,-101,1.99009900990099,0.495655488229073,0.5024875621890548,0.489612188365651,0.0060432998634220025,-0.01359650362332998,nflverse_archive,2022,17,2022_17_CLE_WAS,WAS,CLE,nflverse,,nflverse_archive,false,archive_final_fallback,,win,0.9900990099009901,gaussian_unconditional,false,false,false,archive_final_fallback
total,over,41.5,-103,1.970873786407767,0.49520518943510494,0.5073891625615764,0.4931277775232511,0.0020774119118538437,-0.024013073249259165,nflverse_archive,2022,17,2022_17_CLE_WAS,WAS,CLE,nflverse,,nflverse_archive,false,archive_final_fallback,,loss,-1.0,gaussian_unconditional,false,false,false,archive_final_fallback
moneyline,home,,563,6.63,0.32068554185108966,0.15082956259426847,0.14616351195638383,0.17452202989470583,1.1261451424727245,nflverse_archive,2022,17,2022_17_DAL_TEN,TEN,DAL,nflverse,,nflverse_archive,false,archive_final_fallback,,loss,-1.0,gaussian_unconditional,false,false,false,archive_final_fallback
spread,home,14.0,-110,1.9090909090909092,0.771167840284574,0.5238095238095238,0.5116279069767442,0.25953993330782976,0.4722295132705503,nflverse_archive,2022,17,2022_17_DAL_TEN,TEN,DAL,nflverse,,nflverse_archive,false,archive_final_fallback,,push,0.0,gaussian_unconditional,false,false,false,archive_final_fallback
total,over,41.0,101,2.01,0.5887454938398783,0.49751243781094534,0.48394792447685914,0.10479756936301915,0.18337844261815528,nflverse_archive,2022,17,2022_17_DAL_TEN,TEN,DAL,nflverse,,nflverse_archive,false,archive_final_fallback,,loss,-1.0,gaussian_unconditional,false,false,false,archive_final_fallback
moneyline,away,,544,6.44,0.2055804933272023,0.15527950310559005,0.15046828848351712,0.055112204843685175,0.32393837702718287,nflverse_archive,2022,17,2022_17_DEN_KC,KC,DEN,nflverse,,nflverse_archive,false,archive_final_fallback,,loss,-1.0,gaussian_unconditional,false,false,false,archive_final_fallback
spread,away,13.5,-114,1.8771929824561404,0.6343770662751853,0.5327102803738317,0.5207810820494446,0.11359598422574069,0.1908481770428918,nflverse_archive,2022,17,2022_17_DEN_KC,KC,DEN,nflverse,,nflverse_archive,false,archive_final_fallback,,win,0.8771929824561404,gaussian_unconditional,false,false,false,archive_final_fallback
total,under,46.0,-104,1.9615384615384617,0.5747561314174975,0.5098039215686274,0.49541956760718214,0.07933656381031534,0.12740625778047598,nflverse_archive,2022,17,2022_17_DEN_KC,KC,DEN,nflverse,,nflverse_archive,false,archive_final_fallback,,loss,-1.0,gaussian_unconditional,false,false,false,archive_final_fallback
moneyline,away,,202,3.02,0.3627575167902448,0.33112582781456956,0.3223657136138275,0.04039180317641733,0.09552770070653938,nflverse_archive,2022,17,2022_17_IND_NYG,NYG,IND,nflverse,,nflverse_archive,false,archive_final_fallback,,loss,-1.0,gaussian_unconditional,false,false,false,archive_final_fallback
spread,away,5.5,-105,1.9523809523809523,0.5492088165011562,0.5121951219512195,0.5,0.04920881650115616,0.0722648322165429,nflverse_archive,2022,17,2022_17_IND_NYG,NYG,IND,nflverse,,nflverse_archive,false,archive_final_fallback,,loss,-1.0,gaussian_unconditional,false,false,false,archive_final_fallback
total,over,38.5,-109,1.9174311926605505,0.5609294351517111,0.5215311004784688,0.506872222476749,0.05405721267496211,0.0755435958413544,nflverse_archive,2022,17,2022_17_IND_NYG,NYG,IND,nflverse,,nflverse_archive,false,archive_final_fallback,,win,0.9174311926605505,gaussian_unconditional,false,false,false,archive_final_fallback
moneyline,home,,167,2.67,0.3961815227967347,0.37453183520599254,0.3650052779508832,0.031176244845851464,0.0578046658672815,nflverse_archive,2022,17,2022_17_JAX_HOU,HOU,JAX,nflverse,,nflverse_archive,false,archive_final_fallback,,loss,-1.0,gaussian_unconditional,false,false,false,archive_final_fallback
spread,home,3.5,-106,1.9433962264150944,0.515505748015774,0.5145631067961165,0.5023229882921391,0.013182759723634918,0.0018319253891456722,nflverse_archive,2022,17,2022_17_JAX_HOU,HOU,JAX,nflverse,,nflverse_archive,false,archive_final_fallback,,loss,-1.0,gaussian_unconditional,false,false,false,archive_final_fallback
total,under,43.0,102,2.02,0.5112577938551532,0.49504950495049505,0.48066174826738206,0.03059604558777118,0.03274074358740964,nflverse_archive,2022,17,2022_17_JAX_HOU,HOU,JAX,nflverse,,nflverse_archive,false,archive_final_fallback,,win,1.02,gaussian_unconditional,false,false,false,archive_final_fallback
moneyline,away,,244,3.44,0.4039729909762656,0.29069767441860467,0.28234010556423794,0.12163288541202766,0.38966708895835356,nflverse_archive,2022,17,2022_17_LA_LAC,LAC,LA,nflverse,,nflverse_archive,false,archive_final_fallback,,loss,-1.0,gaussian_unconditional,false,false,false,archive_final_fallback
spread,away,6.5,-102,1.9803921568627452,0.6247589630035263,0.504950495049505,0.4930284439486894,0.1317305190548369,0.2372677502618854,nflverse_archive,2022,17,2022_17_LA_LAC,LAC,LA,nflverse,,nflverse_archive,false,archive_final_fallback,,loss,-1.0,gaussian_unconditional,false,false,false,archive_final_fallback
total,over,41.5,-100,2.0,0.5421614725363308,0.5,0.4862385321100918,0.05592294042623902,0.08432294507266169,nflverse_archive,2022,17,2022_17_LA_LAC,LAC,LA,nflverse,,nflverse_archive,false,archive_final_fallback,,loss,-1.0,gaussian_unconditional,false,false,false,archive_final_fallback
moneyline,home,,-160,1.625,0.6094516307283816,0.6153846153846154,0.6002460024600246,0.009205628268357025,-0.00964110006637986,nflverse_archive,2022,17,2022_17_MIA_NE,NE,MIA,nflverse,,nflverse_archive,false,archive_final_fallback,,win,0.625,gaussian_unconditional,false,false,false,archive_final_fallback
spread,home,-3.0,-104,1.9615384615384617,0.5075514715665497,0.5098039215686274,0.497677011707861,0.009874459858688678,-0.004418267311767865,nflverse_archive,2022,17,2022_17_MIA_NE,NE,MIA,nflverse,,nflverse_archive,false,archive_final_fallback,,loss,-1.0,gaussian_unconditional,false,false,false,archive_final_fallback
total,over,41.5,-105,1.9523809523809523,0.5860393344896059,0.5121951219512195,0.4977100984657659,0.08832923602383996,0.1441720340035162,nflverse_archive,2022,17,2022_17_MIA_NE,NE,MIA,nflverse,,nflverse_archive,false,archive_final_fallback,,win,0.9523809523809523,gaussian_unconditional,false,false,false,archive_final_fallback
moneyline,away,,155,2.55,0.45118709304979276,0.3921568627450981,0.382272631800042,0.06891446124975076,0.1505270872769715,nflverse_archive,2022,17,2022_17_MIN_GB,GB,MIN,nflverse,,nflverse_archive,false,archive_final_fallback,,loss,-1.0,gaussian_unconditional,false,false,false,archive_final_fallback
spread,away,3.0,106,2.06,0.5542069492273629,0.4854368932038835,0.47377843762281124,0.08042851160455167,0.14166631540836772,nflverse_archive,2022,17,2022_17_MIN_GB,GB,MIN,nflverse,,nflverse_archive,false,archive_final_fallback,,loss,-1.0,gaussian_unconditional,false,false,false,archive_final_fallback
total,under,47.5,-103,1.970873786407767,0.5182782248828531,0.5073891625615764,0.4931277775232511,0.025150447359602035,0.021460967487564986,nflverse_archive,2022,17,2022_17_MIN_GB,GB,MIN,nflverse,,nflverse_archive,false,archive_final_fallback,,loss,-1.0,gaussian_unconditional,false,false,false,archive_final_fallback
moneyline,home,,-225,1.4444444444444444,0.7592541003646958,0.6923076923076923,0.6735308890005023,0.08572321136419347,0.09670036719344943,nflverse_archive,2022,17,2022_17_NO_PHI,PHI,NO,nflverse,,nflverse_archive,false,archive_final_fallback,,loss,-1.0,gaussian_unconditional,false,false,false,archive_final_fallback
spread,home,-5.5,-100,2.0,0.590621821417828,0.5,0.48837209302325585,0.10224972839457219,0.18124364283565608,nflverse_archive,2022,17,2022_17_NO_PHI,PHI,NO,nflverse,,nflverse_archive,false,archive_final_fallback,,loss,-1.0,gaussian_unconditional,false,false,false,archive_final_fallback
total,over,41.5,-113,1.8849557522123894,0.6354549134723421,0.5305164319248826,0.5160520755231408,0.11940283794920126,0.19780439442131748,nflverse_archive,2022,17,2022_17_NO_PHI,PHI,NO,nflverse,,nflverse_archive,false,archive_final_fallback,,loss,-1.0,gaussian_unconditional,false,false,false,archive_final_fallback
moneyline,home,,102,2.02,0.5457912844841464,0.49504950495049505,0.4827086071703758,0.0630826773137706,0.10249839465797561,nflverse_archive,2022,17,2022_17_NYJ_SEA,SEA,NYJ,nflverse,,nflverse_archive,false,archive_final_fallback,,win,1.02,gaussian_unconditional,false,false,false,archive_final_fallback
spread,home,1.0,-105,1.9523809523809523,0.5797895036851433,0.5121951219512195,0.5,0.07978950368514326,0.13196998338527965,nflverse_archive,2022,17,2022_17_NYJ_SEA,SEA,NYJ,nflverse,,nflverse_archive,false,archive_final_fallback,,win,0.9523809523809523,gaussian_unconditional,false,false,false,archive_final_fallback
total,over,43.0,-109,1.9174311926605505,0.5171284350830531,0.5215311004784688,0.506872222476749,0.01025621260630405,-0.008441807960017478,nflverse_archive,2022,17,2022_17_NYJ_SEA,SEA,NYJ,nflverse,,nflverse_archive,false,archive_final_fallback,,loss,-1.0,gaussian_unconditional,false,false,false,archive_final_fallback
moneyline,home,,-121,1.8264462809917354,0.6851106740044027,0.5475113122171946,0.534834771627026,0.15027590237737676,0.25131784260308265,nflverse_archive,2022,17,2022_17_PIT_BAL,BAL,PIT,nflverse,,nflverse_archive,false,archive_final_fallback,,loss,-1.0,gaussian_unconditional,false,false,false,archive_final_fallback
spread,home,-1.0,-113,1.8849557522123894,0.6538435914272583,0.5305164319248826,0.5172913928296243,0.136552198597634,0.23246623870801786,nflverse_archive,2022,17,2022_17_PIT_BAL,BAL,PIT,nflverse,,nflverse_archive,false,archive_final_fallback,,loss,-1.0,gaussian_unconditional,false,false,false,archive_final_fallback
total,over,35.5,-107,1.9345794392523366,0.5796622709663554,0.5169082125603864,0.5022899015342339,0.07737236943212145,0.12140271112182766,nflverse_archive,2022,17,2022_17_PIT_BAL,BAL,PIT,nflverse,,nflverse_archive,false,archive_final_fallback,,loss,-1.0,gaussian_unconditional,false,false,false,archive_final_fallback
moneyline,home,,371,4.71,0.3514175455859727,0.21231422505307856,0.20583407465858716,0.14558347092738555,0.6551766397099315,nflverse_archive,2022,17,2022_17_SF_LV,LV,SF,nflverse,,nflverse_archive,false,archive_final_fallback,,loss,-1.0,gaussian_unconditional,false,false,false,archive_final_fallback
spread,home,10.0,-107,1.9345794392523366,0.684992070541593,0.5169082125603864,0.5046466242274987,0.18034544631409422,0.3251715757206519,nflverse_archive,2022,17,2022_17_SF_LV,LV,SF,nflverse,,nflverse_archive,false,archive_final_fallback,,win,0.9345794392523366,gaussian_unconditional,false,false,false,archive_final_fallback
total,over,41.5,-105,1.9523809523809523,0.5659937462334115,0.5121951219512195,0.4977100984657659,0.06828364776764556,0.10503540931285094,nflverse_archive,2022,17,2022_17_SF_LV,LV,SF,nflverse,,nflverse_archive,false,archive_final_fallback,,win,0.9523809523809523,gaussian_unconditional,false,false,false,archive_final_fallback
moneyline,away,,753,8.530000000000001,0.19375559738500048,0.11723329425556857,0.11369723630516297,0.0800583610798375,0.6527352456940543,nflverse_archive,2022,18,2022_18_ARI_SF,SF,ARI,nflverse,,nflverse_archive,false,archive_final_fallback,,loss,-1.0,gaussian_unconditional,false,false,false,archive_final_fallback
spread,away,14.0,100,2.0,0.6236119295874919,0.5,0.48729792147806006,0.13631400810943184,0.2472238591749838,nflverse_archive,2022,18,2022_18_ARI_SF,SF,ARI,nflverse,,nflverse_archive,false,archive_final_fallback,,loss,-1.0,gaussian_unconditional,false,false,false,archive_final_fallback
total,over,40.0,-105,1.9523809523809523,0.6106715043201125,0.5121951219512195,0.4977100984657659,0.11296140585434661,0.19226341319641005,nflverse_archive,2022,18,2022_18_ARI_SF,SF,ARI,nflverse,,nflverse_archive,false,archive_final_fallback,,win,0.9523809523809523,gaussian_unconditional,false,false,false,archive_final_fallback
moneyline,away,,474,5.74,0.3572892071718555,0.17421602787456444,0.1688191305934845,0.18847007657837103,1.050840049166451,nflverse_archive,2022,18,2022_18_BAL_CIN,CIN,BAL,nflverse,,nflverse_archive,false,archive_final_fallback,,loss,-1.0,gaussian_unconditional,false,false,false,archive_final_fallback
spread,away,11.0,105,2.05,0.7125118331838634,0.48780487804878053,0.47598060819744376,0.2365312249864196,0.4606492580269197,nflverse_archive,2022,18,2022_18_BAL_CIN,CIN,BAL,nflverse,,nflverse_archive,false,archive_final_fallback,,push,0.0,gaussian_unconditional,false,false,false,archive_final_fallback
total,over,39.0,-110,1.9090909090909092,0.6287648826749317,0.5238095238095238,0.5091659028414299,0.11959897983350176,0.20036932147032416,nflverse_archive,2022,18,2022_18_BAL_CIN,CIN,BAL,nflverse,,nflverse_archive,false,archive_final_fallback,,win,0.9090909090909092,gaussian_unconditional,false,false,false,archive_final_fallback
moneyline,away,,160,2.6,0.38212078211471534,0.3846153846153846,0.37479849543256316,0.007322286682152179,-0.006485966501740048,nflverse_archive,2022,18,2022_18_CAR_NO,NO,CAR,nflverse,,nflverse_archive,false,archive_final_fallback,,win,1.6,gaussian_unconditional,false,false,false,archive_final_fallback
spread,home,-3.5,103,2.0300000000000002,0.5020487293808291,0.4926108374384236,0.4804454222980557,0.021603307082773415,0.019158920643083333,nflverse_archive,2022,18,2022_18_CAR_NO,NO,CAR,nflverse,,nflverse_archive,false,archive_final_fallback,,loss,-1.0,gaussian_unconditional,false,false,false,archive_final_fallback
total,over,41.5,-105,1.9523809523809523,0.5094534310849261,0.5121951219512195,0.4977100984657659,0.011743332619160218,-0.005352825024668051,nflverse_archive,2022,18,2022_18_CAR_NO,NO,CAR,nflverse,,nflverse_archive,false,archive_final_fallback,,loss,-1.0,gaussian_unconditional,false,false,false,archive_final_fallback
moneyline,away,,128,2.2800000000000002,0.4798191711578157,0.43859649122807015,0.4277432126696832,0.05207595848813251,0.09398771023981989,nflverse_archive,2022,18,2022_18_CLE_PIT,PIT,CLE,nflverse,,nflverse_archive,false,archive_final_fallback,,loss,-1.0,gaussian_unconditional,false,false,false,archive_final_fallback
spread,away,2.5,-101,1.99009900990099,0.5635396945726945,0.5024875621890548,0.49070156678599663,0.07283812778669785,0.12149978820902563,nflverse_archive,2022,18,2022_18_CLE_PIT,PIT,CLE,nflverse,,nflverse_archive,false,archive_final_fallback,,loss,-1.0,gaussian_unconditional,false,false,false,archive_final_fallback
total,over,40.0,-106,1.9433962264150944,0.5117290471711956,0.5145631067961165,0.5,0.011729047171195606,-0.0055077007805066636,nflverse_archive,2022,18,2022_18_CLE_PIT,PIT,CLE,nflverse,,nflverse_archive,false,archive_final_fallback,,win,0.9433962264150944,gaussian_unconditional,false,false,false,archive_final_fallback
moneyline,home,,274,3.74,0.31476575288401065,0.267379679144385,0.2597723899059871,0.05499336297802354,0.1772239157861999,nflverse_archive,2022,18,2022_18_DAL_WAS,WAS,DAL,nflverse,,nflverse_archive,false,archive_final_fallback,,win,2.74,gaussian_unconditional,false,false,false,archive_final_fallback
spread,home,7.5,-110,1.9090909090909092,0.5593357646029753,0.5238095238095238,0.5116279069767442,0.04770785762623109,0.06782282333295298,nflverse_archive,2022,18,2022_18_DAL_WAS,WAS,DAL,nflverse,,nflverse_archive,false,archive_final_fallback,,win,0.9090909090909092,gaussian_unconditional,false,false,false,archive_final_fallback
total,over,40.5,-108,1.925925925925926,0.5922101360891198,0.5192307692307692,0.5045804323928179,0.08762970369630185,0.14055285469015666,nflverse_archive,2022,18,2022_18_DAL_WAS,WAS,DAL,nflverse,,nflverse_archive,false,archive_final_fallback,,loss,-1.0,gaussian_unconditional,false,false,false,archive_final_fallback
moneyline,away,,237,3.37,0.42876922725829947,0.29673590504451036,0.28847418040077033,0.14029504685752914,0.44495229586046925,nflverse_archive,2022,18,2022_18_DET_GB,GB,DET,nflverse,,nflverse_archive,false,archive_final_fallback,,win,2.37,gaussian_unconditional,false,false,false,archive_final_fallback
spread,away,5.5,-110,1.9090909090909092,0.6116865362531602,0.5238095238095238,0.5116279069767442,0.10005862927641596,0.16776520557421493,nflverse_archive,2022,18,2022_18_DET_GB,GB,DET,nflverse,,nflverse_archive,false,archive_final_fallback,,win,0.9090909090909092,gaussian_unconditional,false,false,false,archive_final_fallback
total,over,49.0,101,2.01,0.4911520199058552,0.49751243781094534,0.48394792447685914,0.007204095428996082,-0.012784439989231067,nflverse_archive,2022,18,2022_18_DET_GB,GB,DET,nflverse,,nflverse_archive,false,archive_final_fallback,,loss,-1.0,gaussian_unconditional,false,false,false,archive_final_fallback
moneyline,home,,-142,1.704225352112676,0.6016431188426231,0.5867768595041323,0.5722567873303167,0.029386331512306407,0.025335456055737948,nflverse_archive,2022,18,2022_18_HOU_IND,IND,HOU,nflverse,,nflverse_archive,false,archive_final_fallback,,loss,-1.0,gaussian_unconditional,false,false,false,archive_final_fallback
spread,home,-3.0,108,2.08,0.5019682661609329,0.4807692307692307,0.4694332504501415,0.032535015710791426,0.04409399361474042,nflverse_archive,2022,18,2022_18_HOU_IND,IND,HOU,nflverse,,nflverse_archive,false,archive_final_fallback,,loss,-1.0,gaussian_unconditional,false,false,false,archive_final_fallback
total,over,38.0,-101,1.99009900990099,0.5478509591798653,0.5024875621890548,0.4885378937233506,0.05931306545651466,0.09027765143715749,nflverse_archive,2022,18,2022_18_HOU_IND,IND,HOU,nflverse,,nflverse_archive,false,archive_final_fallback,,win,0.9900990099009901,gaussian_unconditional,false,false,false,archive_final_fallback
moneyline,home,,338,4.38,0.39276605112577445,0.22831050228310504,0.22143025602054456,0.1713357951052299,0.720315303930892,nflverse_archive,2022,18,2022_18_KC_LV,LV,KC,nflverse,,nflverse_archive,false,archive_final_fallback,,loss,-1.0,gaussian_unconditional,false,false,false,archive_final_fallback
spread,home,9.0,-105,1.9523809523809523,0.6864771086747832,0.5121951219512195,0.5,0.18647710867478318,0.34026483122219564,nflverse_archive,2022,18,2022_18_KC_LV,LV,KC,nflverse,,nflverse_archive,false,archive_final_fallback,,loss,-1.0,gaussian_unconditional,false,false,false,archive_final_fallback
total,over,51.5,-104,1.9615384615384617,0.52845308355402,0.5098039215686274,0.49541956760718214,0.033033515946837844,0.03658104850980859,nflverse_archive,2022,18,2022_18_KC_LV,LV,KC,nflverse,,nflverse_archive,false,archive_final_fallback,,loss,-1.0,gaussian_unconditional,false,false,false,archive_final_fallback
moneyline,away,,222,3.22,0.5325855316920981,0.3105590062111801,0.30207871113083246,0.23050682056126565,0.714925412048556,nflverse_archive,2022,18,2022_18_LAC_DEN,DEN,LAC,nflverse,,nflverse_archive,false,archive_final_fallback,,loss,-1.0,gaussian_unconditional,false,false,false,archive_final_fallback
spread,away,6.0,-104,1.9615384615384617,0.7214344882773445,0.5098039215686274,0.497677011707861,0.22375747656948347,0.41512149623632966,nflverse_archive,2022,18,2022_18_LAC_DEN,DEN,LAC,nflverse,,nflverse_archive,false,archive_final_fallback,,win,0.9615384615384617,gaussian_unconditional,false,false,false,archive_final_fallback
total,over,38.5,-110,1.9090909090909092,0.5208070807069938,0.5238095238095238,0.5079617834394904,0.012845297267503386,-0.005731936832102713,nflverse_archive,2022,18,2022_18_LAC_DEN,DEN,LAC,nflverse,,nflverse_archive,false,archive_final_fallback,,win,0.9090909090909092,gaussian_unconditional,false,false,false,archive_final_fallback
moneyline,away,,198,2.98,0.36100481559194475,0.33557046979865773,0.3267710182346297,0.03423379735731508,0.0757943504639953,nflverse_archive,2022,18,2022_18_LA_SEA,SEA,LA,nflverse,,nflverse_archive,false,archive_final_fallback,,loss,-1.0,gaussian_unconditional,false,false,false,archive_final_fallback
spread,away,5.5,-112,1.8928571428571428,0.5427846687194655,0.5283018867924528,0.5162468054034319,0.026537863316033583,0.02741383721898827,nflverse_archive,2022,18,2022_18_LA_SEA,SEA,LA,nflverse,,nflverse_archive,false,archive_final_fallback,,win,0.8928571428571428,gaussian_unconditional,false,false,false,archive_final_fallback
total,over,41.5,-111,1.900900900900901,0.5910093854523192,0.5260663507109005,0.5114621062766493,0.07954727917566984,0.12345027324720137,nflverse_archive,2022,18,2022_18_LA_SEA,SEA,LA,nflverse,,nflverse_archive,false,archive_final_fallback,,loss,-1.0,gaussian_unconditional,false,false,false,archive_final_fallback
moneyline,home,,227,3.27,0.43880656823072006,0.3058103975535168,0.2974714923153198,0.1413350759154003,0.43489747811445456,nflverse_archive,2022,18,2022_18_MIN_CHI,CHI,MIN,nflverse,,nflverse_archive,false,archive_final_fallback,,loss,-1.0,gaussian_unconditional,false,false,false,archive_final_fallback
spread,home,6.5,-106,1.9433962264150944,0.6530075849255024,0.5145631067961165,0.5023229882921391,0.1506845966333633,0.26905247636465557,nflverse_archive,2022,18,2022_18_MIN_CHI,CHI,MIN,nflverse,,nflverse_archive,false,archive_final_fallback,,loss,-1.0,gaussian_unconditional,false,false,false,archive_final_fallback
total,over,42.5,-109,1.9174311926605505,0.6771953612243709,0.5215311004784688,0.506872222476749,0.17032313874762184,0.2984755091366378,nflverse_archive,2022,18,2022_18_MIN_CHI,CHI,MIN,nflverse,,nflverse_archive,false,archive_final_fallback,,loss,-1.0,gaussian_unconditional,false,false,false,archive_final_fallback
moneyline,away,,314,4.140000000000001,0.26711948391645124,0.24154589371980673,0.23448111757765633,0.03263836633879491,0.10587466341410834,nflverse_archive,2022,18,2022_18_NE_BUF,BUF,NE,nflverse,,nflverse_archive,false,archive_final_fallback,,loss,-1.0,gaussian_unconditional,false,false,false,archive_final_fallback
spread,away,8.0,104,2.04,0.5208292503522775,0.49019607843137253,0.4782028469750889,0.04262640337718854,0.06249167071864603,nflverse_archive,2022,18,2022_18_NE_BUF,BUF,NE,nflverse,,nflverse_archive,false,archive_final_fallback,,loss,-1.0,gaussian_unconditional,false,false,false,archive_final_fallback
total,under,44.0,-104,1.9615384615384617,0.5406234006109604,0.5098039215686274,0.49541956760718214,0.04520383300377823,0.06045359350611457,nflverse_archive,2022,18,2022_18_NE_BUF,BUF,NE,nflverse,,nflverse_archive,false,archive_final_fallback,,loss,-1.0,gaussian_unconditional,false,false,false,archive_final_fallback
moneyline,away,,858,9.58,0.2629858807241138,0.10438413361169102,0.10130254694983426,0.16168333377427951,1.5194047373370099,nflverse_archive,2022,18,2022_18_NYG_PHI,PHI,NYG,nflverse,,nflverse_archive,false,archive_final_fallback,,loss,-1.0,gaussian_unconditional,false,false,false,archive_final_fallback
spread,away,16.5,-103,1.970873786407767,0.7750286807701621,0.5073891625615764,0.4953533757725013,0.27967530499766075,0.5274837106441059,nflverse_archive,2022,18,2022_18_NYG_PHI,PHI,NYG,nflverse,,nflverse_archive,false,archive_final_fallback,,win,0.970873786407767,gaussian_unconditional,false,false,false,archive_final_fallback
total,over,42.5,-107,1.9345794392523366,0.6088353546478421,0.5169082125603864,0.5022899015342339,0.10654545311360819,0.17784035899161976,nflverse_archive,2022,18,2022_18_NYG_PHI,PHI,NYG,nflverse,,nflverse_archive,false,archive_final_fallback,,loss,-1.0,gaussian_unconditional,false,false,false,archive_final_fallback
moneyline,away,,178,2.7800000000000002,0.39788257337539523,0.3597122302158273,0.3504672897196262,0.047415283655769025,0.1061135539835989,nflverse_archive,2022,18,2022_18_NYJ_MIA,MIA,NYJ,nflverse,,nflverse_archive,false,archive_final_fallback,,loss,-1.0,gaussian_unconditional,false,false,false,archive_final_fallback
spread,away,3.5,-103,1.970873786407767,0.5143382878288774,0.5073891625615764,0.4953533757725013,0.018984912056376035,0.013695848827787405,nflverse_archive,2022,18,2022_18_NYJ_MIA,MIA,NYJ,nflverse,,nflverse_archive,false,archive_final_fallback,,loss,-1.0,gaussian_unconditional,false,false,false,archive_final_fallback
total,over,37.5,-103,1.970873786407767,0.6412891905306713,0.5073891625615764,0.49203821656050956,0.1492509739701618,0.2639000551235562,nflverse_archive,2022,18,2022_18_NYJ_MIA,MIA,NYJ,nflverse,,nflverse_archive,false,archive_final_fallback,,loss,-1.0,gaussian_unconditional,false,false,false,archive_final_fallback
moneyline,away,,207,3.07,0.4876845468610005,0.32573289902280134,0.31709972076293247,0.17058482609806802,0.4971915588632714,nflverse_archive,2022,18,2022_18_TB_ATL,ATL,TB,nflverse,,nflverse_archive,false,archive_final_fallback,,loss,-1.0,gaussian_unconditional,false,false,false,archive_final_fallback
spread,away,6.0,-110,1.9090909090909092,0.6824148292048984,0.5238095238095238,0.5116279069767442,0.17078692222815417,0.30279194666389686,nflverse_archive,2022,18,2022_18_TB_ATL,ATL,TB,nflverse,,nflverse_archive,false,archive_final_fallback,,loss,-1.0,gaussian_unconditional,false,false,false,archive_final_fallback
total,over,40.5,-106,1.9433962264150944,0.527710816048744,0.5145631067961165,0.5,0.027710816048744036,0.0255512085475591,nflverse_archive,2022,18,2022_18_TB_ATL,ATL,TB,nflverse,,nflverse_archive,false,archive_final_fallback,,win,0.9433962264150944,gaussian_unconditional,false,false,false,archive_final_fallback
moneyline,away,,227,3.27,0.3453903473172454,0.3058103975535168,0.2974714923153198,0.04791885500192561,0.12942643572739243,nflverse_archive,2022,18,2022_18_TEN_JAX,JAX,TEN,nflverse,,nflverse_archive,false,archive_final_fallback,,loss,-1.0,gaussian_unconditional,false,false,false,archive_final_fallback
spread,away,6.0,-106,1.9433962264150944,0.5428203178480119,0.5145631067961165,0.5023229882921391,0.04049732955587282,0.05491495732726848,nflverse_archive,2022,18,2022_18_TEN_JAX,JAX,TEN,nflverse,,nflverse_archive,false,archive_final_fallback,,win,0.9433962264150944,gaussian_unconditional,false,false,false,archive_final_fallback
total,over,39.5,-106,1.9433962264150944,0.5489054370379896,0.5145631067961165,0.5,0.04890543703798955,0.06674075499835697,nflverse_archive,2022,18,2022_18_TEN_JAX,JAX,TEN,nflverse,,nflverse_archive,false,archive_final_fallback,,loss,-1.0,gaussian_unconditional,false,false,false,archive_final_fallback
moneyline,away,,270,3.7,0.39401097907629823,0.27027027027027023,0.2591283863368669,0.13488259273943132,0.4578406225823035,nflverse_archive,2023,1,2023_01_ARI_WAS,WAS,ARI,nflverse,,nflverse_archive,false,archive_final_fallback,,loss,-1.0,gaussian_unconditional,false,false,false,archive_final_fallback
spread,away,7.0,-108,1.925925925925926,0.6270638330786924,0.5192307692307692,0.4956702459300312,0.13139358714866123,0.20767849333674104,nflverse_archive,2023,1,2023_01_ARI_WAS,WAS,ARI,nflverse,,nflverse_archive,false,archive_final_fallback,,win,0.925925925925926,gaussian_unconditional,false,false,false,archive_final_fallback
total,over,38.0,-110,1.9090909090909092,0.6381521651615067,0.5238095238095238,0.5,0.13815216516150675,0.21829049712651294,nflverse_archive,2023,1,2023_01_ARI_WAS,WAS,ARI,nflverse,,nflverse_archive,false,archive_final_fallback,,loss,-1.0,gaussian_unconditional,false,false,false,archive_final_fallback
moneyline,home,,114,2.1399999999999997,0.5129588593493208,0.4672897196261683,0.44855888528345106,0.06439997406586978,0.0977319590075465,nflverse_archive,2023,1,2023_01_BUF_NYJ,NYJ,BUF,nflverse,,nflverse_archive,false,archive_final_fallback,,win,1.1399999999999997,gaussian_unconditional,false,false,false,archive_final_fallback
spread,home,2.5,-110,1.9090909090909092,0.5964862922597874,0.5238095238095238,0.5,0.09648629225978744,0.1387465579505034,nflverse_archive,2023,1,2023_01_BUF_NYJ,NYJ,BUF,nflverse,,nflverse_archive,false,archive_final_fallback,,win,0.9090909090909092,gaussian_unconditional,false,false,false,archive_final_fallback
total,under,44.5,-110,1.9090909090909092,0.5618062476835884,0.5238095238095238,0.5,0.061806247683588444,0.07253920012321435,nflverse_archive,2023,1,2023_01_BUF_NYJ,NYJ,BUF,nflverse,,nflverse_archive,false,archive_final_fallback,,win,0.9090909090909092,gaussian_unconditional,false,false,false,archive_final_fallback
moneyline,away,,160,2.6,0.42173251363813935,0.3846153846153846,0.3690596562184024,0.05267285741973693,0.09650453545916227,nflverse_archive,2023,1,2023_01_CAR_ATL,ATL,CAR,nflverse,,nflverse_archive,false,archive_final_fallback,,loss,-1.0,gaussian_unconditional,false,false,false,archive_final_fallback
spread,away,3.5,-108,1.925925925925926,0.5394388736060475,0.5192307692307692,0.4956702459300312,0.0437686276760163,0.03891931213016564,nflverse_archive,2023,1,2023_01_CAR_ATL,ATL,CAR,nflverse,,nflverse_archive,false,archive_final_fallback,,loss,-1.0,gaussian_unconditional,false,false,false,archive_final_fallback
total,over,40.5,-110,1.9090909090909092,0.5777842196173477,0.5238095238095238,0.5,0.07778421961734772,0.10304260108766394,nflverse_archive,2023,1,2023_01_CAR_ATL,ATL,CAR,nflverse,,nflverse_archive,false,archive_final_fallback,,loss,-1.0,gaussian_unconditional,false,false,false,archive_final_fallback
moneyline,home,,-108,1.925925925925926,0.5358081494051299,0.5192307692307692,0.4956702459300312,0.04013790347509871,0.03192680626173172,nflverse_archive,2023,1,2023_01_CIN_CLE,CLE,CIN,nflverse,,nflverse_archive,false,archive_final_fallback,,win,0.925925925925926,gaussian_unconditional,false,false,false,archive_final_fallback
spread,home,1.0,-115,1.8695652173913042,0.5692983640315565,0.5348837209302326,0.5108342361863489,0.0584641278452076,0.06434041971117077,nflverse_archive,2023,1,2023_01_CIN_CLE,CLE,CIN,nflverse,,nflverse_archive,false,archive_final_fallback,,win,0.8695652173913042,gaussian_unconditional,false,false,false,archive_final_fallback
total,under,46.5,-110,1.9090909090909092,0.5773656288717133,0.5238095238095238,0.5,0.07736562887171328,0.10224347330054351,nflverse_archive,2023,1,2023_01_CIN_CLE,CLE,CIN,nflverse,,nflverse_archive,false,archive_final_fallback,,win,0.9090909090909092,gaussian_unconditional,false,false,false,archive_final_fallback
moneyline,home,,142,2.42,0.5324227179745319,0.4132231404958678,0.3962430290578222,0.13617968891670967,0.28846297749836713,nflverse_archive,2023,1,2023_01_DAL_NYG,NYG,DAL,nflverse,,nflverse_archive,false,archive_final_fallback,,loss,-1.0,gaussian_unconditional,false,false,false,archive_final_fallback
spread,home,3.5,-120,1.8333333333333335,0.6472270594769796,0.5454545454545454,0.5217391304347826,0.12548792904219697,0.1865829423744627,nflverse_archive,2023,1,2023_01_DAL_NYG,NYG,DAL,nflverse,,nflverse_archive,false,archive_final_fallback,,loss,-1.0,gaussian_unconditional,false,false,false,archive_final_fallback
total,under,44.5,-110,1.9090909090909092,0.5184288311787023,0.5238095238095238,0.5,0.01842883117870231,-0.010272231386113773,nflverse_archive,2023,1,2023_01_DAL_NYG,NYG,DAL,nflverse,,nflverse_archive,false,archive_final_fallback,,win,0.9090909090909092,gaussian_unconditional,false,false,false,archive_final_fallback
moneyline,away,,164,2.6399999999999997,0.3891689445115063,0.37878787878787884,0.36309581830587784,0.02607312620562846,0.027406013510376415,nflverse_archive,2023,1,2023_01_DET_KC,KC,DET,nflverse,,nflverse_archive,false,archive_final_fallback,,win,1.6399999999999997,gaussian_unconditional,false,false,false,archive_final_fallback
spread,away,4.0,-110,1.9090909090909092,0.5228678021813722,0.5238095238095238,0.5,0.022867802181372188,-0.0017978321991984902,nflverse_archive,2023,1,2023_01_DET_KC,KC,DET,nflverse,,nflverse_archive,false,archive_final_fallback,,win,0.9090909090909092,gaussian_unconditional,false,false,false,archive_final_fallback
total,under,53.0,-110,1.9090909090909092,0.6956847875630372,0.5238095238095238,0.5,0.1956847875630372,0.3281255035294348,nflverse_archive,2023,1,2023_01_DET_KC,KC,DET,nflverse,,nflverse_archive,false,archive_final_fallback,,win,0.9090909090909092,gaussian_unconditional,false,false,false,archive_final_fallback
moneyline,home,,-118,1.847457627118644,0.5312733564420539,0.5412844036697247,0.5173641257162701,0.013909230725783761,-0.018494985556205545,nflverse_archive,2023,1,2023_01_GB_CHI,CHI,GB,nflverse,,nflverse_archive,false,archive_final_fallback,,loss,-1.0,gaussian_unconditional,false,false,false,archive_final_fallback
spread,away,1.0,-110,1.9090909090909092,0.5024887510466424,0.5238095238095238,0.5,0.002488751046642368,-0.040703293456409995,nflverse_archive,2023,1,2023_01_GB_CHI,CHI,GB,nflverse,,nflverse_archive,false,archive_final_fallback,,win,0.9090909090909092,gaussian_unconditional,false,false,false,archive_final_fallback
total,over,41.0,-108,1.925925925925926,0.5762246625165639,0.5192307692307692,0.4956702459300312,0.08055441658653273,0.10976601669856767,nflverse_archive,2023,1,2023_01_GB_CHI,CHI,GB,nflverse,,nflverse_archive,false,archive_final_fallback,,win,0.925925925925926,gaussian_unconditional,false,false,false,archive_final_fallback
moneyline,away,,380,4.8,0.3665712990503347,0.20833333333333334,0.19999999999999998,0.16657129905033471,0.7595422354416066,nflverse_archive,2023,1,2023_01_HOU_BAL,BAL,HOU,nflverse,,nflverse_archive,false,archive_final_fallback,,loss,-1.0,gaussian_unconditional,false,false,false,archive_final_fallback
spread,away,9.5,-110,1.9090909090909092,0.678601820937669,0.5238095238095238,0.5,0.17860182093766896,0.2955125672446408,nflverse_archive,2023,1,2023_01_HOU_BAL,BAL,HOU,nflverse,,nflverse_archive,false,archive_final_fallback,,loss,-1.0,gaussian_unconditional,false,false,false,archive_final_fallback
total,under,43.5,-110,1.9090909090909092,0.5386399701143124,0.5238095238095238,0.5,0.038639970114312416,0.028312670218232805,nflverse_archive,2023,1,2023_01_HOU_BAL,BAL,HOU,nflverse,,nflverse_archive,false,archive_final_fallback,,win,0.9090909090909092,gaussian_unconditional,false,false,false,archive_final_fallback
moneyline,home,,170,2.7,0.5112855174390578,0.37037037037037035,0.35527082119976705,0.15601469623929076,0.38047089708545623,nflverse_archive,2023,1,2023_01_JAX_IND,IND,JAX,nflverse,,nflverse_archive,false,archive_final_fallback,,loss,-1.0,gaussian_unconditional,false,false,false,archive_final_fallback
spread,home,4.0,-112,1.8928571428571428,0.6432391925466414,0.5283018867924528,0.5043297540699689,0.13890943847667248,0.2175599001775712,nflverse_archive,2023,1,2023_01_JAX_IND,IND,JAX,nflverse,,nflverse_archive,false,archive_final_fallback,,loss,-1.0,gaussian_unconditional,false,false,false,archive_final_fallback
total,under,45.5,-110,1.9090909090909092,0.5677170053152854,0.5238095238095238,0.5,0.06771700531528535,0.08382337378372662,nflverse_archive,2023,1,2023_01_JAX_IND,IND,JAX,nflverse,,nflverse_archive,false,archive_final_fallback,,loss,-1.0,gaussian_unconditional,false,false,false,archive_final_fallback
moneyline,away,,180,2.8,0.3967741273248043,0.35714285714285715,0.3425247738043946,0.054249353520409715,0.11096755650945211,nflverse_archive,2023,1,2023_01_LA_SEA,SEA,LA,nflverse,,nflverse_archive,false,archive_final_fallback,,win,1.7999999999999998,gaussian_unconditional,false,false,false,archive_final_fallback
spread,away,4.5,-110,1.9090909090909092,0.5475552985827848,0.5238095238095238,0.5,0.047555298582784844,0.045332842748952995,nflverse_archive,2023,1,2023_01_LA_SEA,SEA,LA,nflverse,,nflverse_archive,false,archive_final_fallback,,win,0.9090909090909092,gaussian_unconditional,false,false,false,archive_final_fallback
total,under,45.0,-110,1.9090909090909092,0.5462209890932606,0.5238095238095238,0.5,0.046220989093260556,0.042785524632588334,nflverse_archive,2023,1,2023_01_LA_SEA,SEA,LA,nflverse,,nflverse_archive,false,archive_final_fallback,,win,0.9090909090909092,gaussian_unconditional,false,false,false,archive_final_fallback
moneyline,away,,136,2.3600000000000003,0.4397992966092099,0.42372881355932196,0.4066302458405761,0.0331690507686338,0.037926339997735425,nflverse_archive,2023,1,2023_01_LV_DEN,DEN,LV,nflverse,,nflverse_archive,false,archive_final_fallback,,win,1.3600000000000003,gaussian_unconditional,false,false,false,archive_final_fallback
spread,away,3.0,-105,1.9523809523809523,0.5408798471262448,0.5121951219512195,0.4891657638136511,0.051714083312593695,0.056003511056001765,nflverse_archive,2023,1,2023_01_LV_DEN,DEN,LV,nflverse,,nflverse_archive,false,archive_final_fallback,,win,0.9523809523809523,gaussian_unconditional,false,false,false,archive_final_fallback
total,over,43.0,-110,1.9090909090909092,0.5002421009217572,0.5238095238095238,0.5,0.00024210092175724895,-0.0449923527857361,nflverse_archive,2023,1,2023_01_LV_DEN,DEN,LV,nflverse,,nflverse_archive,false,archive_final_fallback,,loss,-1.0,gaussian_unconditional,false,false,false,archive_final_fallback
moneyline,away,,136,2.3600000000000003,0.4225256482469274,0.42372881355932196,0.4066302458405761,0.01589540240635129,-0.0028394701372511655,nflverse_archive,2023,1,2023_01_MIA_LAC,LAC,MIA,nflverse,,nflverse_archive,false,archive_final_fallback,,win,1.3600000000000003,gaussian_unconditional,false,false,false,archive_final_fallback
spread,away,3.0,-110,1.9090909090909092,0.5234013743012889,0.5238095238095238,0.5,0.023401374301288858,-0.0007791945157212821,nflverse_archive,2023,1,2023_01_MIA_LAC,LAC,MIA,nflverse,,nflverse_archive,false,archive_final_fallback,,win,0.9090909090909092,gaussian_unconditional,false,false,false,archive_final_fallback
total,under,50.5,-110,1.9090909090909092,0.6770427964189515,0.5238095238095238,0.5,0.1770427964189515,0.2925362477089075,nflverse_archive,2023,1,2023_01_MIA_LAC,LAC,MIA,nflverse,,nflverse_archive,false,archive_final_fallback,,loss,-1.0,gaussian_unconditional,false,false,false,archive_final_fallback
moneyline,home,,154,2.54,0.5393636521178762,0.39370078740157477,0.37753344813882633,0.16183020397904985,0.36998367637940555,nflverse_archive,2023,1,2023_01_PHI_NE,NE,PHI,nflverse,,nflverse_archive,false,archive_final_fallback,,loss,-1.0,gaussian_unconditional,false,false,false,archive_final_fallback
spread,home,3.5,-110,1.9090909090909092,0.6536944646232368,0.5238095238095238,0.5,0.15369446462323677,0.24796215973527036,nflverse_archive,2023,1,2023_01_PHI_NE,NE,PHI,nflverse,,nflverse_archive,false,archive_final_fallback,,loss,-1.0,gaussian_unconditional,false,false,false,archive_final_fallback
total,under,44.5,-112,1.8928571428571428,0.5219633432272177,0.5283018867924528,0.5043297540699689,0.017633589157248775,-0.01199795746276655,nflverse_archive,2023,1,2023_01_PHI_NE,NE,PHI,nflverse,,nflverse_archive,false,archive_final_fallback,,loss,-1.0,gaussian_unconditional,false,false,false,archive_final_fallback
moneyline,home,,100,2.0,0.5080559305606891,0.5,0.4782608695652174,0.02979506099547169,0.01611186112137819,nflverse_archive,2023,1,2023_01_SF_PIT,PIT,SF,nflverse,,nflverse_archive,false,archive_final_fallback,,loss,-1.0,gaussian_unconditional,false,false,false,archive_final_fallback
spread,home,1.5,-112,1.8928571428571428,0.5585361742651925,0.5283018867924528,0.5043297540699689,0.05420642019522359,0.05722918700197144,nflverse_archive,2023,1,2023_01_SF_PIT,PIT,SF,nflverse,,nflverse_archive,false,archive_final_fallback,,loss,-1.0,gaussian_unconditional,false,false,false,archive_final_fallback
total,over,41.5,-110,1.9090909090909092,0.5202741632402813,0.5238095238095238,0.5,0.020274163240281307,-0.006749324723099304,nflverse_archive,2023,1,2023_01_SF_PIT,PIT,SF,nflverse,,nflverse_archive,false,archive_final_fallback,,loss,-1.0,gaussian_unconditional,false,false,false,archive_final_fallback
moneyline,away,,170,2.7,0.41000857175535177,0.37037037037037035,0.35527082119976705,0.05473775055558472,0.10702314373944977,nflverse_archive,2023,1,2023_01_TB_MIN,MIN,TB,nflverse,,nflverse_archive,false,archive_final_fallback,,win,1.7000000000000002,gaussian_unconditional,false,false,false,archive_final_fallback
spread,away,4.0,-110,1.9090909090909092,0.5443168328806012,0.5238095238095238,0.5,0.044316832880601176,0.039150317317511396,nflverse_archive,2023,1,2023_01_TB_MIN,MIN,TB,nflverse,,nflverse_archive,false,archive_final_fallback,,win,0.9090909090909092,gaussian_unconditional,false,false,false,archive_final_fallback
total,under,45.0,-110,1.9090909090909092,0.5395530052712326,0.5238095238095238,0.5,0.03955300527123262,0.03005573733598954,nflverse_archive,2023,1,2023_01_TB_MIN,MIN,TB,nflverse,,nflverse_archive,false,archive_final_fallback,,win,0.9090909090909092,gaussian_unconditional,false,false,false,archive_final_fallback
moneyline,home,,-148,1.6756756756756757,0.5904713680074701,0.5967741935483871,0.5720596355604638,0.018411732447006335,-0.010561491446941962,nflverse_archive,2023,1,2023_01_TEN_NO,NO,TEN,nflverse,,nflverse_archive,false,archive_final_fallback,,win,0.6756756756756757,gaussian_unconditional,false,false,false,archive_final_fallback
spread,home,-3.0,-102,1.9803921568627452,0.4898795277243937,0.504950495049505,0.4826358742837298,0.007243653440663911,-0.029846425486985018,nflverse_archive,2023,1,2023_01_TEN_NO,NO,TEN,nflverse,,nflverse_archive,false,archive_final_fallback,,loss,-1.0,gaussian_unconditional,false,false,false,archive_final_fallback
total,over,41.0,-110,1.9090909090909092,0.5194278642789812,0.5238095238095238,0.5,0.019427864278981244,-0.008364986376490302,nflverse_archive,2023,1,2023_01_TEN_NO,NO,TEN,nflverse,,nflverse_archive,false,archive_final_fallback,,loss,-1.0,gaussian_unconditional,false,false,false,archive_final_fallback
moneyline,away,,145,2.45,0.569517090501282,0.4081632653061224,0.3907637655417407,0.17875332495954127,0.395316871728141,nflverse_archive,2023,2,2023_02_BAL_CIN,CIN,BAL,nflverse,,nflverse_archive,false,archive_final_fallback,,win,1.4500000000000002,gaussian_unconditional,false,false,false,archive_final_fallback
spread,away,3.5,-118,1.847457627118644,0.6792674014577053,0.5412844036697247,0.5173641257162701,0.16190327574143515,0.2549177416760995,nflverse_archive,2023,2,2023_02_BAL_CIN,CIN,BAL,nflverse,,nflverse_archive,false,archive_final_fallback,,win,0.847457627118644,gaussian_unconditional,false,false,false,archive_final_fallback
total,under,45.5,-110,1.9090909090909092,0.6519405330541126,0.5238095238095238,0.5,0.1519405330541126,0.2446137449214878,nflverse_archive,2023,2,2023_02_BAL_CIN,CIN,BAL,nflverse,,nflverse_archive,false,archive_final_fallback,,loss,-1.0,gaussian_unconditional,false,false,false,archive_final_fallback
moneyline,home,,-135,1.7407407407407407,0.5957946849220017,0.574468085106383,0.551441114716549,0.04435357020545272,0.03712408116052157,nflverse_archive,2023,2,2023_02_CHI_TB,TB,CHI,nflverse,,nflverse_archive,false,archive_final_fallback,,win,0.7407407407407407,gaussian_unconditional,false,false,false,archive_final_fallback
spread,home,-2.5,-110,1.9090909090909092,0.5139491265941563,0.5238095238095238,0.5,0.013949126594156258,-0.018824394683883416,nflverse_archive,2023,2,2023_02_CHI_TB,TB,CHI,nflverse,,nflverse_archive,false,archive_final_fallback,,win,0.9090909090909092,gaussian_unconditional,false,false,false,archive_final_fallback
total,over,41.0,-110,1.9090909090909092,0.555792813200534,0.5238095238095238,0.5,0.055792813200533975,0.061059007019201195,nflverse_archive,2023,2,2023_02_CHI_TB,TB,CHI,nflverse,,nflverse_archive,false,archive_final_fallback,,win,0.9090909090909092,gaussian_unconditional,false,false,false,archive_final_fallback
moneyline,away,,-148,1.6756756756756757,0.615792158929589,0.5967741935483871,0.5720596355604638,0.043732523369125254,0.03186794199012222,nflverse_archive,2023,2,2023_02_CLE_PIT,PIT,CLE,nflverse,,nflverse_archive,false,archive_final_fallback,,loss,-1.0,gaussian_unconditional,false,false,false,archive_final_fallback
spread,away,-2.5,-115,1.8695652173913042,0.5346417312675474,0.5348837209302326,0.5108342361863489,0.023807495081198504,-0.000452415456324462,nflverse_archive,2023,2,2023_02_CLE_PIT,PIT,CLE,nflverse,,nflverse_archive,false,archive_final_fallback,,loss,-1.0,gaussian_unconditional,false,false,false,archive_final_fallback
total,over,39.0,-110,1.9090909090909092,0.5247481894468051,0.5238095238095238,0.5,0.024748189446805124,0.001791998034809783,nflverse_archive,2023,2,2023_02_CLE_PIT,PIT,CLE,nflverse,,nflverse_archive,false,archive_final_fallback,,win,0.9090909090909092,gaussian_unconditional,false,false,false,archive_final_fallback
moneyline,away,,124,2.24,0.5092769943858133,0.4464285714285714,0.4279403644395361,0.08133662994627722,0.1407804674242219,nflverse_archive,2023,2,2023_02_GB_ATL,ATL,GB,nflverse,,nflverse_archive,false,archive_final_fallback,,loss,-1.0,gaussian_unconditional,false,false,false,archive_final_fallback
spread,away,3.0,-115,1.8695652173913042,0.6072895239122684,0.5348837209302326,0.5108342361863489,0.09645528772591949,0.13536737079250183,nflverse_archive,2023,2,2023_02_GB_ATL,ATL,GB,nflverse,,nflverse_archive,false,archive_final_fallback,,win,0.8695652173913042,gaussian_unconditional,false,false,false,archive_final_fallback
total,over,40.5,-110,1.9090909090909092,0.5733904233229341,0.5238095238095238,0.5,0.0733904233229341,0.09465444452560146,nflverse_archive,2023,2,2023_02_GB_ATL,ATL,GB,nflverse,,nflverse_archive,false,archive_final_fallback,,win,0.9090909090909092,gaussian_unconditional,false,false,false,archive_final_fallback
moneyline,away,,-110,1.9090909090909092,0.5052665574318939,0.5238095238095238,0.5,0.005266557431893859,-0.03540020853911163,nflverse_archive,2023,2,2023_02_IND_HOU,HOU,IND,nflverse,,nflverse_archive,false,archive_final_fallback,,win,0.9090909090909092,gaussian_unconditional,false,false,false,archive_final_fallback
spread,home,1.0,-115,1.8695652173913042,0.5278236265424483,0.5348837209302326,0.5108342361863489,0.016989390356099365,-0.013199306898901031,nflverse_archive,2023,2,2023_02_IND_HOU,HOU,IND,nflverse,,nflverse_archive,false,archive_final_fallback,,loss,-1.0,gaussian_unconditional,false,false,false,archive_final_fallback
total,over,40.0,-110,1.9090909090909092,0.5552104547870091,0.5238095238095238,0.5,0.055210454787009144,0.05994723186610851,nflverse_archive,2023,2,2023_02_IND_HOU,HOU,IND,nflverse,,nflverse_archive,false,archive_final_fallback,,win,0.9090909090909092,gaussian_unconditional,false,false,false,archive_final_fallback
moneyline,home,,142,2.42,0.5124782929290401,0.4132231404958678,0.3962430290578222,0.11623526387121791,0.2401974688882771,nflverse_archive,2023,2,2023_02_KC_JAX,JAX,KC,nflverse,,nflverse_archive,false,archive_final_fallback,,loss,-1.0,gaussian_unconditional,false,false,false,archive_final_fallback
spread,home,3.5,-118,1.847457627118644,0.6261940604049171,0.5412844036697247,0.5173641257162701,0.10882993468864699,0.156866992951457,nflverse_archive,2023,2,2023_02_KC_JAX,JAX,KC,nflverse,,nflverse_archive,false,archive_final_fallback,,loss,-1.0,gaussian_unconditional,false,false,false,archive_final_fallback
total,under,50.5,-110,1.9090909090909092,0.67604940835699,0.5238095238095238,0.5,0.17604940835699,0.29063977959061726,nflverse_archive,2023,2,2023_02_KC_JAX,JAX,KC,nflverse,,nflverse_archive,false,archive_final_fallback,,win,0.9090909090909092,gaussian_unconditional,false,false,false,archive_final_fallback
moneyline,home,,120,2.2,0.4895985944461121,0.45454545454545453,0.43650793650793646,0.053090657938175634,0.07711690778144664,nflverse_archive,2023,2,2023_02_LAC_TEN,TEN,LAC,nflverse,,nflverse_archive,false,archive_final_fallback,,win,1.2000000000000002,gaussian_unconditional,false,false,false,archive_final_fallback
spread,home,2.5,-102,1.9803921568627452,0.5719846166472505,0.504950495049505,0.4826358742837298,0.08934874236352075,0.1327538486543589,nflverse_archive,2023,2,2023_02_LAC_TEN,TEN,LAC,nflverse,,nflverse_archive,false,archive_final_fallback,,win,0.9803921568627452,gaussian_unconditional,false,false,false,archive_final_fallback
total,under,45.5,-110,1.9090909090909092,0.5666349779323296,0.5238095238095238,0.5,0.06663497793232964,0.08175768514353843,nflverse_archive,2023,2,2023_02_LAC_TEN,TEN,LAC,nflverse,,nflverse_archive,false,archive_final_fallback,,loss,-1.0,gaussian_unconditional,false,false,false,archive_final_fallback
moneyline,away,,280,3.8,0.44821561980705216,0.2631578947368421,0.2522172949002217,0.19599832490683045,0.703219355266798,nflverse_archive,2023,2,2023_02_LV_BUF,BUF,LV,nflverse,,nflverse_archive,false,archive_final_fallback,,loss,-1.0,gaussian_unconditional,false,false,false,archive_final_fallback
spread,away,7.5,-110,1.9090909090909092,0.6887614549157941,0.5238095238095238,0.5,0.1887614549157941,0.3149082321119707,nflverse_archive,2023,2,2023_02_LV_BUF,BUF,LV,nflverse,,nflverse_archive,false,archive_final_fallback,,loss,-1.0,gaussian_unconditional,false,false,false,archive_final_fallback
total,under,47.0,-110,1.9090909090909092,0.6317107806042489,0.5238095238095238,0.5,0.1317107806042489,0.2059933084262935,nflverse_archive,2023,2,2023_02_LV_BUF,BUF,LV,nflverse,,nflverse_archive,false,archive_final_fallback,,loss,-1.0,gaussian_unconditional,false,false,false,archive_final_fallback
moneyline,home,,110,2.1,0.4949241328316295,0.47619047619047616,0.4572564612326044,0.03766767159902512,0.0393406789464219,nflverse_archive,2023,2,2023_02_MIA_NE,NE,MIA,nflverse,,nflverse_archive,false,archive_final_fallback,,loss,-1.0,gaussian_unconditional,false,false,false,archive_final_fallback
spread,home,2.0,-108,1.925925925925926,0.5609112509773471,0.5192307692307692,0.4956702459300312,0.06524100504731589,0.0802735204008167,nflverse_archive,2023,2,2023_02_MIA_NE,NE,MIA,nflverse,,nflverse_archive,false,archive_final_fallback,,loss,-1.0,gaussian_unconditional,false,false,false,archive_final_fallback
total,under,46.5,-112,1.8928571428571428,0.5433746551944751,0.5283018867924528,0.5043297540699689,0.039044901124506204,0.028530597332399266,nflverse_archive,2023,2,2023_02_MIA_NE,NE,MIA,nflverse,,nflverse_archive,false,archive_final_fallback,,win,0.8928571428571428,gaussian_unconditional,false,false,false,archive_final_fallback
moneyline,away,,195,2.95,0.4262441683502597,0.3389830508474576,0.32496875300451883,0.10127541534574086,0.25742029663326615,nflverse_archive,2023,2,2023_02_MIN_PHI,PHI,MIN,nflverse,,nflverse_archive,false,archive_final_fallback,,loss,-1.0,gaussian_unconditional,false,false,false,archive_final_fallback
spread,away,6.0,-110,1.9090909090909092,0.6225049821263317,0.5238095238095238,0.5,0.12250498212633165,0.18841860224117868,nflverse_archive,2023,2,2023_02_MIN_PHI,PHI,MIN,nflverse,,nflverse_archive,false,archive_final_fallback,,push,0.0,gaussian_unconditional,false,false,false,archive_final_fallback
total,under,49.0,-110,1.9090909090909092,0.6460754784956645,0.5238095238095238,0.5,0.1460754784956645,0.2334168225826323,nflverse_archive,2023,2,2023_02_MIN_PHI,PHI,MIN,nflverse,,nflverse_archive,false,archive_final_fallback,,loss,-1.0,gaussian_unconditional,false,false,false,archive_final_fallback
moneyline,home,,145,2.45,0.4635554541240222,0.4081632653061224,0.3907637655417407,0.07279168858228152,0.13571086260385457,nflverse_archive,2023,2,2023_02_NO_CAR,CAR,NO,nflverse,,nflverse_archive,false,archive_final_fallback,,loss,-1.0,gaussian_unconditional,false,false,false,archive_final_fallback
spread,home,3.0,-102,1.9803921568627452,0.5625844741696291,0.504950495049505,0.4826358742837298,0.07994859988589931,0.11413788021828508,nflverse_archive,2023,2,2023_02_NO_CAR,CAR,NO,nflverse,,nflverse_archive,false,archive_final_fallback,,push,0.0,gaussian_unconditional,false,false,false,archive_final_fallback
total,over,39.5,-112,1.8928571428571428,0.5162746631388833,0.5283018867924528,0.5043297540699689,0.011944909068914322,-0.022765816201399613,nflverse_archive,2023,2,2023_02_NO_CAR,CAR,NO,nflverse,,nflverse_archive,false,archive_final_fallback,,loss,-1.0,gaussian_unconditional,false,false,false,archive_final_fallback
moneyline,home,,185,2.85,0.5748140088335305,0.3508771929824561,0.33635187580853815,0.23846213302499236,0.638219925175562,nflverse_archive,2023,2,2023_02_NYG_ARI,ARI,NYG,nflverse,,nflverse_archive,false,archive_final_fallback,,loss,-1.0,gaussian_unconditional,false,false,false,archive_final_fallback
spread,home,5.0,-110,1.9090909090909092,0.7269627763116908,0.5238095238095238,0.5,0.22696277631169082,0.3878380275041371,nflverse_archive,2023,2,2023_02_NYG_ARI,ARI,NYG,nflverse,,nflverse_archive,false,archive_final_fallback,,win,0.9090909090909092,gaussian_unconditional,false,false,false,archive_final_fallback
total,over,40.0,-110,1.9090909090909092,0.5570699638811729,0.5238095238095238,0.5,0.057069963881172914,0.06349720377314827,nflverse_archive,2023,2,2023_02_NYG_ARI,ARI,NYG,nflverse,,nflverse_archive,false,archive_final_fallback,,win,0.9090909090909092,gaussian_unconditional,false,false,false,archive_final_fallback
moneyline,away,,300,4.0,0.3601938203254196,0.25,0.24,0.12019382032541959,0.4407752813016783,nflverse_archive,2023,2,2023_02_NYJ_DAL,DAL,NYJ,nflverse,,nflverse_archive,false,archive_final_fallback,,loss,-1.0,gaussian_unconditional,false,false,false,archive_final_fallback
spread,away,8.5,-110,1.9090909090909092,0.6359201678905453,0.5238095238095238,0.5,0.13592016789054528,0.21402941142740461,nflverse_archive,2023,2,2023_02_NYJ_DAL,DAL,NYJ,nflverse,,nflverse_archive,false,archive_final_fallback,,loss,-1.0,gaussian_unconditional,false,false,false,archive_final_fallback
total,over,38.5,-110,1.9090909090909092,0.5746584842016562,0.5238095238095238,0.5,0.07465848420165622,0.09707528802134369,nflverse_archive,2023,2,2023_02_NYJ_DAL,DAL,NYJ,nflverse,,nflverse_archive,false,archive_final_fallback,,win,0.9090909090909092,gaussian_unconditional,false,false,false,archive_final_fallback
moneyline,away,,180,2.8,0.42937230362528633,0.35714285714285715,0.3425247738043946,0.08684752982089172,0.20224245015080156,nflverse_archive,2023,2,2023_02_SEA_DET,DET,SEA,nflverse,,nflverse_archive,false,archive_final_fallback,,win,1.7999999999999998,gaussian_unconditional,false,false,false,archive_final_fallback
spread,away,4.5,-110,1.9090909090909092,0.5775132015472988,0.5238095238095238,0.5,0.0775132015472988,0.10252520295393408,nflverse_archive,2023,2,2023_02_SEA_DET,DET,SEA,nflverse,,nflverse_archive,false,archive_final_fallback,,win,0.9090909090909092,gaussian_unconditional,false,false,false,archive_final_fallback
total,under,47.5,-108,1.925925925925926,0.5989326831364096,0.5192307692307692,0.4956702459300312,0.1032624372063784,0.15349998233678885,nflverse_archive,2023,2,2023_02_SEA_DET,DET,SEA,nflverse,,nflverse_archive,false,archive_final_fallback,,loss,-1.0,gaussian_unconditional,false,false,false,archive_final_fallback
moneyline,home,,270,3.7,0.41929079409451064,0.27027027027027023,0.2591283863368669,0.16016240775764373,0.5513759381496894,nflverse_archive,2023,2,2023_02_SF_LA,LA,SF,nflverse,,nflverse_archive,false,archive_final_fallback,,loss,-1.0,gaussian_unconditional,false,false,false,archive_final_fallback
spread,home,7.5,-115,1.8695652173913042,0.6623208405373473,0.5348837209302326,0.5108342361863489,0.15148660435099837,0.23825200622199705,nflverse_archive,2023,2,2023_02_SF_LA,LA,SF,nflverse,,nflverse_archive,false,archive_final_fallback,,win,0.8695652173913042,gaussian_unconditional,false,false,false,archive_final_fallback
total,under,45.0,-110,1.9090909090909092,0.6073033810835273,0.5238095238095238,0.5,0.10730338108352733,0.1593973638867341,nflverse_archive,2023,2,2023_02_SF_LA,LA,SF,nflverse,,nflverse_archive,false,archive_final_fallback,,loss,-1.0,gaussian_unconditional,false,false,false,archive_final_fallback
moneyline,away,,164,2.6399999999999997,0.5216758349274291,0.37878787878787884,0.36309581830587784,0.15858001662155125,0.37722420420841263,nflverse_archive,2023,2,2023_02_WAS_DEN,DEN,WAS,nflverse,,nflverse_archive,false,archive_final_fallback,,win,1.6399999999999997,gaussian_unconditional,false,false,false,archive_final_fallback
spread,away,4.0,-110,1.9090909090909092,0.650387655296493,0.5238095238095238,0.5,0.150387655296493,0.24164916011148674,nflverse_archive,2023,2,2023_02_WAS_DEN,DEN,WAS,nflverse,,nflverse_archive,false,archive_final_fallback,,win,0.9090909090909092,gaussian_unconditional,false,false,false,archive_final_fallback
total,over,38.5,-110,1.9090909090909092,0.5197904191134036,0.5238095238095238,0.5,0.019790419113403623,-0.007672836238047598,nflverse_archive,2023,2,2023_02_WAS_DEN,DEN,WAS,nflverse,,nflverse_archive,false,archive_final_fallback,,win,0.9090909090909092,gaussian_unconditional,false,false,false,archive_final_fallback
moneyline,away,,140,2.4,0.5185981353806338,0.4166666666666667,0.4003612281757977,0.1182369072048361,0.24463552491352103,nflverse_archive,2023,3,2023_03_ATL_DET,DET,ATL,nflverse,,nflverse_archive,false,archive_final_fallback,,loss,-1.0,gaussian_unconditional,false,false,false,archive_final_fallback
spread,away,3.0,100,2.0,0.6172269035423759,0.5,0.4782608695652174,0.13896603397715845,0.23445380708475172,nflverse_archive,2023,3,2023_03_ATL_DET,DET,ATL,nflverse,,nflverse_archive,false,archive_final_fallback,,loss,-1.0,gaussian_unconditional,false,false,false,archive_final_fallback
total,under,47.5,-108,1.925925925925926,0.5292041236126532,0.5192307692307692,0.4956702459300312,0.03353387768262206,0.0192079417725175,nflverse_archive,2023,3,2023_03_ATL_DET,DET,ATL,nflverse,,nflverse_archive,false,archive_final_fallback,,win,0.925925925925926,gaussian_unconditional,false,false,false,archive_final_fallback
moneyline,home,,200,3.0,0.4198992072531078,0.3333333333333333,0.3194444444444444,0.10045476280866339,0.2596976217593234,nflverse_archive,2023,3,2023_03_BUF_WAS,WAS,BUF,nflverse,,nflverse_archive,false,archive_final_fallback,,loss,-1.0,gaussian_unconditional,false,false,false,archive_final_fallback
spread,home,5.5,-105,1.9523809523809523,0.6022057675156947,0.5121951219512195,0.4891657638136511,0.11304000370204353,0.17573506991159427,nflverse_archive,2023,3,2023_03_BUF_WAS,WAS,BUF,nflverse,,nflverse_archive,false,archive_final_fallback,,loss,-1.0,gaussian_unconditional,false,false,false,archive_final_fallback
total,over,44.0,-112,1.8928571428571428,0.5279322714127966,0.5283018867924528,0.5043297540699689,0.0236025173428277,-0.0006996291114921283,nflverse_archive,2023,3,2023_03_BUF_WAS,WAS,BUF,nflverse,,nflverse_archive,false,archive_final_fallback,,loss,-1.0,gaussian_unconditional,false,false,false,archive_final_fallback
moneyline,away,,185,2.85,0.4574351251134998,0.3508771929824561,0.33635187580853815,0.12108324930496167,0.3036901065734745,nflverse_archive,2023,3,2023_03_CAR_SEA,SEA,CAR,nflverse,,nflverse_archive,false,archive_final_fallback,,loss,-1.0,gaussian_unconditional,false,false,false,archive_final_fallback
spread,away,5.0,-110,1.9090909090909092,0.622626422220881,0.5238095238095238,0.5,0.12262642222088105,0.18865044242168194,nflverse_archive,2023,3,2023_03_CAR_SEA,SEA,CAR,nflverse,,nflverse_archive,false,archive_final_fallback,,loss,-1.0,gaussian_unconditional,false,false,false,archive_final_fallback
total,over,42.5,-110,1.9090909090909092,0.5711710199046686,0.5238095238095238,0.5,0.07117101990466856,0.09041740163618539,nflverse_archive,2023,3,2023_03_CAR_SEA,SEA,CAR,nflverse,,nflverse_archive,false,archive_final_fallback,,win,0.9090909090909092,gaussian_unconditional,false,false,false,archive_final_fallback
moneyline,away,,525,6.25,0.32146467602253836,0.16,0.15349887133182846,0.1679658046907099,1.0091542251408647,nflverse_archive,2023,3,2023_03_CHI_KC,KC,CHI,nflverse,,nflverse_archive,false,archive_final_fallback,,loss,-1.0,gaussian_unconditional,false,false,false,archive_final_fallback
spread,away,13.0,-110,1.9090909090909092,0.7345164431768969,0.5238095238095238,0.5,0.2345164431768969,0.40225866424680334,nflverse_archive,2023,3,2023_03_CHI_KC,KC,CHI,nflverse,,nflverse_archive,false,archive_final_fallback,,loss,-1.0,gaussian_unconditional,false,false,false,archive_final_fallback
total,under,48.0,-110,1.9090909090909092,0.5992283696707852,0.5238095238095238,0.5,0.09922836967078519,0.1439814330078626,nflverse_archive,2023,3,2023_03_CHI_KC,KC,CHI,nflverse,,nflverse_archive,false,archive_final_fallback,,loss,-1.0,gaussian_unconditional,false,false,false,archive_final_fallback
moneyline,home,,470,5.7,0.2785335511273832,0.17543859649122806,0.16835016835016833,0.11018338277721487,0.5876412414260843,nflverse_archive,2023,3,2023_03_DAL_ARI,ARI,DAL,nflverse,,nflverse_archive,false,archive_final_fallback,,win,4.7,gaussian_unconditional,false,false,false,archive_final_fallback
spread,home,11.5,-110,1.9090909090909092,0.6469685141215719,0.5238095238095238,0.5,0.14696851412157186,0.23512170877754635,nflverse_archive,2023,3,2023_03_DAL_ARI,ARI,DAL,nflverse,,nflverse_archive,false,archive_final_fallback,,win,0.9090909090909092,gaussian_unconditional,false,false,false,archive_final_fallback
total,over,43.5,-110,1.9090909090909092,0.5385829823126043,0.5238095238095238,0.5,0.038582982312604264,0.028203875324062766,nflverse_archive,2023,3,2023_03_DAL_ARI,ARI,DAL,nflverse,,nflverse_archive,false,archive_final_fallback,,win,0.9090909090909092,gaussian_unconditional,false,false,false,archive_final_fallback
moneyline,away,,205,3.05,0.4178321493841639,0.3278688524590164,0.3146067415730337,0.10322540781113021,0.27438805562169977,nflverse_archive,2023,3,2023_03_DEN_MIA,MIA,DEN,nflverse,,nflverse_archive,false,archive_final_fallback,,loss,-1.0,gaussian_unconditional,false,false,false,archive_final_fallback
spread,away,6.0,-110,1.9090909090909092,0.6162695721189959,0.5238095238095238,0.5,0.11626957211899591,0.1765146376817195,nflverse_archive,2023,3,2023_03_DEN_MIA,MIA,DEN,nflverse,,nflverse_archive,false,archive_final_fallback,,loss,-1.0,gaussian_unconditional,false,false,false,archive_final_fallback
total,under,47.5,-110,1.9090909090909092,0.5284222945381942,0.5238095238095238,0.5,0.028422294538194226,0.008806198663825482,nflverse_archive,2023,3,2023_03_DEN_MIA,MIA,DEN,nflverse,,nflverse_archive,false,archive_final_fallback,,loss,-1.0,gaussian_unconditional,false,false,false,archive_final_fallback
moneyline,away,,300,4.0,0.35100958702024154,0.25,0.24,0.11100958702024155,0.40403834808096617,nflverse_archive,2023,3,2023_03_HOU_JAX,JAX,HOU,nflverse,,nflverse_archive,false,archive_final_fallback,,win,3.0,gaussian_unconditional,false,false,false,archive_final_fallback
spread,away,7.5,-110,1.9090909090909092,0.5972862898762199,0.5238095238095238,0.5,0.0972862898762199,0.14027382612732886,nflverse_archive,2023,3,2023_03_HOU_JAX,JAX,HOU,nflverse,,nflverse_archive,false,archive_final_fallback,,win,0.9090909090909092,gaussian_unconditional,false,false,false,archive_final_fallback
total,under,43.5,-110,1.9090909090909092,0.5255336522309222,0.5238095238095238,0.5,0.025533652230922188,0.003291517895396945,nflverse_archive,2023,3,2023_03_HOU_JAX,JAX,HOU,nflverse,,nflverse_archive,false,archive_final_fallback,,loss,-1.0,gaussian_unconditional,false,false,false,archive_final_fallback
moneyline,away,,300,4.0,0.386299728024019,0.25,0.24,0.14629972802401903,0.5451989120960761,nflverse_archive,2023,3,2023_03_IND_BAL,BAL,IND,nflverse,,nflverse_archive,false,archive_final_fallback,,win,3.0,gaussian_unconditional,false,false,false,archive_final_fallback
spread,away,7.5,-110,1.9090909090909092,0.6330525427684619,0.5238095238095238,0.5,0.1330525427684619,0.20855485437615462,nflverse_archive,2023,3,2023_03_IND_BAL,BAL,IND,nflverse,,nflverse_archive,false,archive_final_fallback,,win,0.9090909090909092,gaussian_unconditional,false,false,false,archive_final_fallback
total,over,43.5,-110,1.9090909090909092,0.5286894970682534,0.5238095238095238,0.5,0.02868949706825341,0.009316312584847442,nflverse_archive,2023,3,2023_03_IND_BAL,BAL,IND,nflverse,,nflverse_archive,false,archive_final_fallback,,loss,-1.0,gaussian_unconditional,false,false,false,archive_final_fallback
moneyline,home,,-110,1.9090909090909092,0.5103580403769179,0.5238095238095238,0.5,0.010358040376917899,-0.02568010473497484,nflverse_archive,2023,3,2023_03_LAC_MIN,MIN,LAC,nflverse,,nflverse_archive,false,archive_final_fallback,,loss,-1.0,gaussian_unconditional,false,false,false,archive_final_fallback
spread,away,1.0,-115,1.8695652173913042,0.5230818939174138,0.5348837209302326,0.5108342361863489,0.012247657731064843,-0.022064285284835172,nflverse_archive,2023,3,2023_03_LAC_MIN,MIN,LAC,nflverse,,nflverse_archive,false,archive_final_fallback,,win,0.8695652173913042,gaussian_unconditional,false,false,false,archive_final_fallback
total,under,54.0,-110,1.9090909090909092,0.649425632163341,0.5238095238095238,0.5,0.14942563216334104,0.23981257049365112,nflverse_archive,2023,3,2023_03_LAC_MIN,MIN,LAC,nflverse,,nflverse_archive,false,archive_final_fallback,,win,0.9090909090909092,gaussian_unconditional,false,false,false,archive_final_fallback
moneyline,away,,136,2.3600000000000003,0.531710869754683,0.42372881355932196,0.4066302458405761,0.12508062391410685,0.25483765262105185,nflverse_archive,2023,3,2023_03_LA_CIN,CIN,LA,nflverse,,nflverse_archive,false,archive_final_fallback,,loss,-1.0,gaussian_unconditional,false,false,false,archive_final_fallback
spread,away,3.0,100,2.0,0.6297311642421924,0.5,0.4782608695652174,0.15147029467697504,0.2594623284843849,nflverse_archive,2023,3,2023_03_LA_CIN,CIN,LA,nflverse,,nflverse_archive,false,archive_final_fallback,,push,0.0,gaussian_unconditional,false,false,false,archive_final_fallback
total,under,45.5,-108,1.925925925925926,0.5487496284649971,0.5192307692307692,0.4956702459300312,0.05307938253496591,0.05685113630295735,nflverse_archive,2023,3,2023_03_LA_CIN,CIN,LA,nflverse,,nflverse_archive,false,archive_final_fallback,,win,0.925925925925926,gaussian_unconditional,false,false,false,archive_final_fallback
moneyline,home,,120,2.2,0.523438431356346,0.45454545454545453,0.43650793650793646,0.08693049484840959,0.15156454898396143,nflverse_archive,2023,3,2023_03_NE_NYJ,NYJ,NE,nflverse,,nflverse_archive,false,archive_final_fallback,,loss,-1.0,gaussian_unconditional,false,false,false,archive_final_fallback
spread,home,2.5,-108,1.925925925925926,0.6058146997109506,0.5192307692307692,0.4956702459300312,0.11014445378091942,0.16675423648034937,nflverse_archive,2023,3,2023_03_NE_NYJ,NYJ,NE,nflverse,,nflverse_archive,false,archive_final_fallback,,loss,-1.0,gaussian_unconditional,false,false,false,archive_final_fallback
total,over,35.5,-110,1.9090909090909092,0.6595076589752163,0.5238095238095238,0.5,0.15950765897521635,0.25906007622541316,nflverse_archive,2023,3,2023_03_NE_NYJ,NYJ,NE,nflverse,,nflverse_archive,false,archive_final_fallback,,loss,-1.0,gaussian_unconditional,false,false,false,archive_final_fallback
moneyline,home,,105,2.05,0.5605324120805968,0.48780487804878053,0.4675324675324676,0.09299994454812921,0.1490914447652234,nflverse_archive,2023,3,2023_03_NO_GB,GB,NO,nflverse,,nflverse_archive,false,archive_final_fallback,,win,1.0499999999999998,gaussian_unconditional,false,false,false,archive_final_fallback
spread,home,1.5,-110,1.9090909090909092,0.6095338481726448,0.5238095238095238,0.5,0.10953384817264478,0.16365552832959462,nflverse_archive,2023,3,2023_03_NO_GB,GB,NO,nflverse,,nflverse_archive,false,archive_final_fallback,,win,0.9090909090909092,gaussian_unconditional,false,false,false,archive_final_fallback
total,over,41.5,-110,1.9090909090909092,0.5566911094006377,0.5238095238095238,0.5,0.05669110940063771,0.06277393612849025,nflverse_archive,2023,3,2023_03_NO_GB,GB,NO,nflverse,,nflverse_archive,false,archive_final_fallback,,loss,-1.0,gaussian_unconditional,false,false,false,archive_final_fallback
moneyline,away,,400,5.0,0.27017847528270644,0.2,0.19184290030211482,0.07833557498059163,0.3508923764135323,nflverse_archive,2023,3,2023_03_NYG_SF,SF,NYG,nflverse,,nflverse_archive,false,archive_final_fallback,,loss,-1.0,gaussian_unconditional,false,false,false,archive_final_fallback
spread,away,10.5,-105,1.9523809523809523,0.6057358801690256,0.5121951219512195,0.4891657638136511,0.11657011635537445,0.18262719461571653,nflverse_archive,2023,3,2023_03_NYG_SF,SF,NYG,nflverse,,nflverse_archive,false,archive_final_fallback,,loss,-1.0,gaussian_unconditional,false,false,false,archive_final_fallback
total,over,43.5,-112,1.8928571428571428,0.5391306959314133,0.5283018867924528,0.5043297540699689,0.034800941861444334,0.020497388727317878,nflverse_archive,2023,3,2023_03_NYG_SF,SF,NYG,nflverse,,nflverse_archive,false,archive_final_fallback,,loss,-1.0,gaussian_unconditional,false,false,false,archive_final_fallback
moneyline,home,,210,3.1,0.46947353013038884,0.3225806451612903,0.30920711694593195,0.1602664131844569,0.4553679434042055,nflverse_archive,2023,3,2023_03_PHI_TB,TB,PHI,nflverse,,nflverse_archive,false,archive_final_fallback,,loss,-1.0,gaussian_unconditional,false,false,false,archive_final_fallback
spread,home,6.0,-110,1.9090909090909092,0.6651453409896999,0.5238095238095238,0.5,0.1651453409896999,0.2698229237076091,nflverse_archive,2023,3,2023_03_PHI_TB,TB,PHI,nflverse,,nflverse_archive,false,archive_final_fallback,,loss,-1.0,gaussian_unconditional,false,false,false,archive_final_fallback
total,over,44.0,-112,1.8928571428571428,0.5239546633115559,0.5283018867924528,0.5043297540699689,0.019624909241586996,-0.008228673017412036,nflverse_archive,2023,3,2023_03_PHI_TB,TB,PHI,nflverse,,nflverse_archive,false,archive_final_fallback,,loss,-1.0,gaussian_unconditional,false,false,false,archive_final_fallback
moneyline,away,,124,2.24,0.5062271595825577,0.4464285714285714,0.4279403644395361,0.07828679514302161,0.13394883746492936,nflverse_archive,2023,3,2023_03_PIT_LV,LV,PIT,nflverse,,nflverse_archive,false,archive_final_fallback,,win,1.2400000000000002,gaussian_unconditional,false,false,false,archive_final_fallback
spread,away,3.0,-110,1.9090909090909092,0.6053347011007386,0.5238095238095238,0.5,0.10533470110073861,0.15563897482868283,nflverse_archive,2023,3,2023_03_PIT_LV,LV,PIT,nflverse,,nflverse_archive,false,archive_final_fallback,,win,0.9090909090909092,gaussian_unconditional,false,false,false,archive_final_fallback
total,under,43.5,-110,1.9090909090909092,0.5112492480180313,0.5238095238095238,0.5,0.011249248018031288,-0.023978708329213005,nflverse_archive,2023,3,2023_03_PIT_LV,LV,PIT,nflverse,,nflverse_archive,false,archive_final_fallback,,win,0.9090909090909092,gaussian_unconditional,false,false,false,archive_final_fallback
moneyline,away,,154,2.54,0.43424434747882523,0.39370078740157477,0.37753344813882633,0.0567108993399989,0.10298064259621609,nflverse_archive,2023,3,2023_03_TEN_CLE,CLE,TEN,nflverse,,nflverse_archive,false,archive_final_fallback,,loss,-1.0,gaussian_unconditional,false,false,false,archive_final_fallback
spread,away,3.5,-110,1.9090909090909092,0.5508938802506945,0.5238095238095238,0.5,0.05089388025069452,0.051706498660416766,nflverse_archive,2023,3,2023_03_TEN_CLE,CLE,TEN,nflverse,,nflverse_archive,false,archive_final_fallback,,loss,-1.0,gaussian_unconditional,false,false,false,archive_final_fallback
total,over,38.0,-110,1.9090909090909092,0.6073256261124211,0.5238095238095238,0.5,0.10732562611242114,0.15943983166916764,nflverse_archive,2023,3,2023_03_TEN_CLE,CLE,TEN,nflverse,,nflverse_archive,false,archive_final_fallback,,loss,-1.0,gaussian_unconditional,false,false,false,archive_final_fallback
moneyline,away,,700,8.0,0.2818068629386502,0.125,0.12,0.1618068629386502,1.2544549035092016,nflverse_archive,2023,4,2023_04_ARI_SF,SF,ARI,nflverse,,nflverse_archive,false,archive_final_fallback,,loss,-1.0,gaussian_unconditional,false,false,false,archive_final_fallback
spread,away,15.0,-108,1.925925925925926,0.735965159006315,0.5192307692307692,0.4956702459300312,0.2402949130762838,0.4174143803084587,nflverse_archive,2023,4,2023_04_ARI_SF,SF,ARI,nflverse,,nflverse_archive,false,archive_final_fallback,,loss,-1.0,gaussian_unconditional,false,false,false,archive_final_fallback
total,over,44.0,-115,1.8695652173913042,0.5191299531130251,0.5348837209302326,0.5108342361863489,0.008295716926676189,-0.02945269635390968,nflverse_archive,2023,4,2023_04_ARI_SF,SF,ARI,nflverse,,nflverse_archive,false,archive_final_fallback,,win,0.8695652173913042,gaussian_unconditional,false,false,false,archive_final_fallback
moneyline,away,,154,2.54,0.47301125187891757,0.39370078740157477,0.37753344813882633,0.09547780374009124,0.20144857977245056,nflverse_archive,2023,4,2023_04_ATL_JAX,JAX,ATL,nflverse,,nflverse_archive,false,archive_final_fallback,,loss,-1.0,gaussian_unconditional,false,false,false,archive_final_fallback
spread,away,3.5,-110,1.9090909090909092,0.5848303184268908,0.5238095238095238,0.5,0.08483031842689082,0.11649424426951893,nflverse_archive,2023,4,2023_04_ATL_JAX,JAX,ATL,nflverse,,nflverse_archive,false,archive_final_fallback,,loss,-1.0,gaussian_unconditional,false,false,false,archive_final_fallback
total,under,42.5,-112,1.8928571428571428,0.5108411040479417,0.5283018867924528,0.5043297540699689,0.006511349977972758,-0.03305076733782464,nflverse_archive,2023,4,2023_04_ATL_JAX,JAX,ATL,nflverse,,nflverse_archive,false,archive_final_fallback,,win,0.8928571428571428,gaussian_unconditional,false,false,false,archive_final_fallback
moneyline,home,,114,2.1399999999999997,0.6010542528758775,0.4672897196261683,0.44855888528345106,0.1524953675924265,0.28625610115437783,nflverse_archive,2023,4,2023_04_BAL_CLE,CLE,BAL,nflverse,,nflverse_archive,false,archive_final_fallback,,loss,-1.0,gaussian_unconditional,false,false,false,archive_final_fallback
spread,home,2.0,-110,1.9090909090909092,0.6617346229759486,0.5238095238095238,0.5,0.16173462297594865,0.2633115529540839,nflverse_archive,2023,4,2023_04_BAL_CLE,CLE,BAL,nflverse,,nflverse_archive,false,archive_final_fallback,,loss,-1.0,gaussian_unconditional,false,false,false,archive_final_fallback
total,over,38.5,-110,1.9090909090909092,0.577530681168883,0.5238095238095238,0.5,0.07753068116888295,0.10255857314059469,nflverse_archive,2023,4,2023_04_BAL_CLE,CLE,BAL,nflverse,,nflverse_archive,false,archive_final_fallback,,loss,-1.0,gaussian_unconditional,false,false,false,archive_final_fallback
moneyline,home,,136,2.3600000000000003,0.5102276522162004,0.42372881355932196,0.4066302458405761,0.10359740637562426,0.20413725923023307,nflverse_archive,2023,4,2023_04_CIN_TEN,TEN,CIN,nflverse,,nflverse_archive,false,archive_final_fallback,,win,1.3600000000000003,gaussian_unconditional,false,false,false,archive_final_fallback
spread,home,2.5,100,2.0,0.5898060162723595,0.5,0.4782608695652174,0.1115451467071421,0.17961203254471902,nflverse_archive,2023,4,2023_04_CIN_TEN,TEN,CIN,nflverse,,nflverse_archive,false,archive_final_fallback,,win,1.0,gaussian_unconditional,false,false,false,archive_final_fallback
total,under,41.5,-108,1.925925925925926,0.5146706106421846,0.5192307692307692,0.4956702459300312,0.019000364712153384,-0.008782527652088978,nflverse_archive,2023,4,2023_04_CIN_TEN,TEN,CIN,nflverse,,nflverse_archive,false,archive_final_fallback,,win,0.925925925925926,gaussian_unconditional,false,false,false,archive_final_fallback
moneyline,home,,136,2.3600000000000003,0.5432017566946854,0.42372881355932196,0.4066302458405761,0.1365715108541093,0.2819561457994577,nflverse_archive,2023,4,2023_04_DEN_CHI,CHI,DEN,nflverse,,nflverse_archive,false,archive_final_fallback,,loss,-1.0,gaussian_unconditional,false,false,false,archive_final_fallback
spread,home,3.0,-108,1.925925925925926,0.6369022452527726,0.5192307692307692,0.4956702459300312,0.14123199932274144,0.22662654641274727,nflverse_archive,2023,4,2023_04_DEN_CHI,CHI,DEN,nflverse,,nflverse_archive,false,archive_final_fallback,,push,0.0,gaussian_unconditional,false,false,false,archive_final_fallback
total,over,47.0,-110,1.9090909090909092,0.5731932999225324,0.5238095238095238,0.5,0.07319329992253243,0.0942781180339256,nflverse_archive,2023,4,2023_04_DEN_CHI,CHI,DEN,nflverse,,nflverse_archive,false,archive_final_fallback,,win,0.9090909090909092,gaussian_unconditional,false,false,false,archive_final_fallback
moneyline,home,,120,2.2,0.5552996339231808,0.45454545454545453,0.43650793650793646,0.11879169741524437,0.2216591946309978,nflverse_archive,2023,4,2023_04_DET_GB,GB,DET,nflverse,,nflverse_archive,false,archive_final_fallback,,loss,-1.0,gaussian_unconditional,false,false,false,archive_final_fallback
spread,home,2.5,-102,1.9803921568627452,0.6332482473267799,0.504950495049505,0.4826358742837298,0.15061237304305009,0.2540798623530347,nflverse_archive,2023,4,2023_04_DET_GB,GB,DET,nflverse,,nflverse_archive,false,archive_final_fallback,,loss,-1.0,gaussian_unconditional,false,false,false,archive_final_fallback
total,over,45.0,-110,1.9090909090909092,0.5275563911997441,0.5238095238095238,0.5,0.027556391199744068,0.007153110472238655,nflverse_archive,2023,4,2023_04_DET_GB,GB,DET,nflverse,,nflverse_archive,false,archive_final_fallback,,win,0.9090909090909092,gaussian_unconditional,false,false,false,archive_final_fallback
moneyline,home,,370,4.7,0.4169271518266324,0.2127659574468085,0.2042241228835748,0.21270302894305762,0.9595576135851724,nflverse_archive,2023,4,2023_04_KC_NYJ,NYJ,KC,nflverse,,nflverse_archive,false,archive_final_fallback,,loss,-1.0,gaussian_unconditional,false,false,false,archive_final_fallback
spread,home,9.5,-110,1.9090909090909092,0.7107520103645056,0.5238095238095238,0.5,0.21075201036450564,0.3568902016049653,nflverse_archive,2023,4,2023_04_KC_NYJ,NYJ,KC,nflverse,,nflverse_archive,false,archive_final_fallback,,win,0.9090909090909092,gaussian_unconditional,false,false,false,archive_final_fallback
total,under,41.5,-105,1.9523809523809523,0.5373617385075268,0.5121951219512195,0.4891657638136511,0.048195974693875654,0.04913482280040937,nflverse_archive,2023,4,2023_04_KC_NYJ,NYJ,KC,nflverse,,nflverse_archive,false,archive_final_fallback,,loss,-1.0,gaussian_unconditional,false,false,false,archive_final_fallback
moneyline,home,,-105,1.9523809523809523,0.5105407325302612,0.5121951219512195,0.4891657638136511,0.0213749687166101,-0.0032299983932995158,nflverse_archive,2023,4,2023_04_LA_IND,IND,LA,nflverse,,nflverse_archive,false,archive_final_fallback,,loss,-1.0,gaussian_unconditional,false,false,false,archive_final_fallback
spread,home,1.0,-110,1.9090909090909092,0.5426004659765671,0.5238095238095238,0.5,0.04260046597656708,0.03587361686435542,nflverse_archive,2023,4,2023_04_LA_IND,IND,LA,nflverse,,nflverse_archive,false,archive_final_fallback,,loss,-1.0,gaussian_unconditional,false,false,false,archive_final_fallback
total,under,44.5,-110,1.9090909090909092,0.515881309300912,0.5238095238095238,0.5,0.015881309300912028,-0.015135682243713311,nflverse_archive,2023,4,2023_04_LA_IND,IND,LA,nflverse,,nflverse_archive,false,archive_final_fallback,,loss,-1.0,gaussian_unconditional,false,false,false,archive_final_fallback
moneyline,away,,250,3.5,0.35808018597080093,0.2857142857142857,0.27424749163879597,0.08383269433200496,0.2532806508978034,nflverse_archive,2023,4,2023_04_LV_LAC,LAC,LV,nflverse,,nflverse_archive,false,archive_final_fallback,,loss,-1.0,gaussian_unconditional,false,false,false,archive_final_fallback
spread,away,7.0,-115,1.8695652173913042,0.5793936190330752,0.5348837209302326,0.5108342361863489,0.06855938284672625,0.08321415732270565,nflverse_archive,2023,4,2023_04_LV_LAC,LAC,LV,nflverse,,nflverse_archive,false,archive_final_fallback,,push,0.0,gaussian_unconditional,false,false,false,archive_final_fallback
total,under,49.0,-110,1.9090909090909092,0.5743367768260603,0.5238095238095238,0.5,0.07433677682606032,0.09646111939520607,nflverse_archive,2023,4,2023_04_LV_LAC,LAC,LV,nflverse,,nflverse_archive,false,archive_final_fallback,,win,0.9090909090909092,gaussian_unconditional,false,false,false,archive_final_fallback
moneyline,home,,-142,1.704225352112676,0.5850470415223836,0.5867768595041323,0.5634920634920635,0.021554978030320138,-0.00294799965903636,nflverse_archive,2023,4,2023_04_MIA_BUF,BUF,MIA,nflverse,,nflverse_archive,false,archive_final_fallback,,win,0.704225352112676,gaussian_unconditional,false,false,false,archive_final_fallback
spread,away,2.5,100,2.0,0.4946479675573434,0.5,0.4782608695652174,0.01638709799212601,-0.01070406488531317,nflverse_archive,2023,4,2023_04_MIA_BUF,BUF,MIA,nflverse,,nflverse_archive,false,archive_final_fallback,,loss,-1.0,gaussian_unconditional,false,false,false,archive_final_fallback
total,under,53.0,-110,1.9090909090909092,0.5946526981293258,0.5238095238095238,0.5,0.09465269812932575,0.13524606006507645,nflverse_archive,2023,4,2023_04_MIA_BUF,BUF,MIA,nflverse,,nflverse_archive,false,archive_final_fallback,,loss,-1.0,gaussian_unconditional,false,false,false,archive_final_fallback
moneyline,home,,185,2.85,0.5102537055303031,0.3508771929824561,0.33635187580853815,0.173901829721765,0.454223060761364,nflverse_archive,2023,4,2023_04_MIN_CAR,CAR,MIN,nflverse,,nflverse_archive,false,archive_final_fallback,,loss,-1.0,gaussian_unconditional,false,false,false,archive_final_fallback
spread,home,4.5,-108,1.925925925925926,0.6510794345114448,0.5192307692307692,0.4956702459300312,0.15540918858141362,0.2539307627627827,nflverse_archive,2023,4,2023_04_MIN_CAR,CAR,MIN,nflverse,,nflverse_archive,false,archive_final_fallback,,loss,-1.0,gaussian_unconditional,false,false,false,archive_final_fallback
total,under,46.5,-110,1.9090909090909092,0.5075632695226204,0.5238095238095238,0.5,0.0075632695226204305,-0.03101557636590646,nflverse_archive,2023,4,2023_04_MIN_CAR,CAR,MIN,nflverse,,nflverse_archive,false,archive_final_fallback,,win,0.9090909090909092,gaussian_unconditional,false,false,false,archive_final_fallback
moneyline,away,,230,3.3,0.31749316810068773,0.30303030303030304,0.2904564315352697,0.02703673656541805,0.04772745473226947,nflverse_archive,2023,4,2023_04_NE_DAL,DAL,NE,nflverse,,nflverse_archive,false,archive_final_fallback,,loss,-1.0,gaussian_unconditional,false,false,false,archive_final_fallback
spread,away,6.5,-108,1.925925925925926,0.5195148516117368,0.5192307692307692,0.4956702459300312,0.023844605681705655,0.0005471216226042852,nflverse_archive,2023,4,2023_04_NE_DAL,DAL,NE,nflverse,,nflverse_archive,false,archive_final_fallback,,loss,-1.0,gaussian_unconditional,false,false,false,archive_final_fallback
total,under,43.0,-110,1.9090909090909092,0.5378440548767913,0.5238095238095238,0.5,0.03784405487679132,0.02679319567387428,nflverse_archive,2023,4,2023_04_NE_DAL,DAL,NE,nflverse,,nflverse_archive,false,archive_final_fallback,,win,0.9090909090909092,gaussian_unconditional,false,false,false,archive_final_fallback
moneyline,home,,136,2.3600000000000003,0.5350374971604392,0.42372881355932196,0.4066302458405761,0.12840725131986314,0.26268849329863686,nflverse_archive,2023,4,2023_04_PIT_HOU,HOU,PIT,nflverse,,nflverse_archive,false,archive_final_fallback,,win,1.3600000000000003,gaussian_unconditional,false,false,false,archive_final_fallback
spread,home,3.0,-110,1.9090909090909092,0.6291589865358265,0.5238095238095238,0.5,0.12915898653582647,0.20112170156839615,nflverse_archive,2023,4,2023_04_PIT_HOU,HOU,PIT,nflverse,,nflverse_archive,false,archive_final_fallback,,win,0.9090909090909092,gaussian_unconditional,false,false,false,archive_final_fallback
total,over,41.5,-110,1.9090909090909092,0.5522858525899371,0.5238095238095238,0.5,0.05228585258993712,0.05436390039897088,nflverse_archive,2023,4,2023_04_PIT_HOU,HOU,PIT,nflverse,,nflverse_archive,false,archive_final_fallback,,loss,-1.0,gaussian_unconditional,false,false,false,archive_final_fallback
moneyline,home,,120,2.2,0.44454973181144775,0.45454545454545453,0.43650793650793646,0.00804179530351129,-0.021990590014814848,nflverse_archive,2023,4,2023_04_SEA_NYG,NYG,SEA,nflverse,,nflverse_archive,false,archive_final_fallback,,loss,-1.0,gaussian_unconditional,false,false,false,archive_final_fallback
spread,home,2.5,-105,1.9523809523809523,0.524703643197914,0.5121951219512195,0.4891657638136511,0.03553787938426284,0.024421398624498547,nflverse_archive,2023,4,2023_04_SEA_NYG,NYG,SEA,nflverse,,nflverse_archive,false,archive_final_fallback,,loss,-1.0,gaussian_unconditional,false,false,false,archive_final_fallback
total,over,46.5,-105,1.9523809523809523,0.5543204184734287,0.5121951219512195,0.4891657638136511,0.0651546546597776,0.08224462654336073,nflverse_archive,2023,4,2023_04_SEA_NYG,NYG,SEA,nflverse,,nflverse_archive,false,archive_final_fallback,,loss,-1.0,gaussian_unconditional,false,false,false,archive_final_fallback
moneyline,away,,170,2.7,0.4246505306325492,0.37037037037037035,0.35527082119976705,0.06937970943278216,0.146556432707883,nflverse_archive,2023,4,2023_04_TB_NO,NO,TB,nflverse,,nflverse_archive,false,archive_final_fallback,,win,1.7000000000000002,gaussian_unconditional,false,false,false,archive_final_fallback
spread,away,4.0,-110,1.9090909090909092,0.5526026671704015,0.5238095238095238,0.5,0.05260266717040152,0.05496872823440291,nflverse_archive,2023,4,2023_04_TB_NO,NO,TB,nflverse,,nflverse_archive,false,archive_final_fallback,,win,0.9090909090909092,gaussian_unconditional,false,false,false,archive_final_fallback
total,under,41.0,-110,1.9090909090909092,0.5536838704151434,0.5238095238095238,0.5,0.05368387041514344,0.0570328435198193,nflverse_archive,2023,4,2023_04_TB_NO,NO,TB,nflverse,,nflverse_archive,false,archive_final_fallback,,win,0.9090909090909092,gaussian_unconditional,false,false,false,archive_final_fallback
moneyline,away,,350,4.5,0.2863937989665426,0.2222222222222222,0.2132564841498559,0.0731373148166867,0.2887720953494417,nflverse_archive,2023,4,2023_04_WAS_PHI,PHI,WAS,nflverse,,nflverse_archive,false,archive_final_fallback,,loss,-1.0,gaussian_unconditional,false,false,false,archive_final_fallback
spread,away,9.5,-110,1.9090909090909092,0.5798043647886234,0.5238095238095238,0.5,0.0798043647886234,0.10689924186919009,nflverse_archive,2023,4,2023_04_WAS_PHI,PHI,WAS,nflverse,,nflverse_archive,false,archive_final_fallback,,win,0.9090909090909092,gaussian_unconditional,false,false,false,archive_final_fallback
total,over,43.0,-110,1.9090909090909092,0.5735697028029686,0.5238095238095238,0.5,0.0735697028029686,0.09499670535112181,nflverse_archive,2023,4,2023_04_WAS_PHI,PHI,WAS,nflverse,,nflverse_archive,false,archive_final_fallback,,win,0.9090909090909092,gaussian_unconditional,false,false,false,archive_final_fallback
moneyline,home,,190,2.9,0.38527088300466883,0.3448275862068966,0.33099297893681046,0.054277904067858374,0.11728556071353946,nflverse_archive,2023,5,2023_05_BAL_PIT,PIT,BAL,nflverse,,nflverse_archive,false,archive_final_fallback,,win,1.9,gaussian_unconditional,false,false,false,archive_final_fallback
spread,home,4.5,-108,1.925925925925926,0.524975614653792,0.5192307692307692,0.4956702459300312,0.029305368723760883,0.011064146740636716,nflverse_archive,2023,5,2023_05_BAL_PIT,PIT,BAL,nflverse,,nflverse_archive,false,archive_final_fallback,,win,0.925925925925926,gaussian_unconditional,false,false,false,archive_final_fallback
total,over,38.5,-110,1.9090909090909092,0.5681273225207298,0.5238095238095238,0.5,0.06812732252072984,0.08460670663048431,nflverse_archive,2023,5,2023_05_BAL_PIT,PIT,BAL,nflverse,,nflverse_archive,false,archive_final_fallback,,loss,-1.0,gaussian_unconditional,false,false,false,archive_final_fallback
moneyline,away,,350,4.5,0.2896142877390868,0.2222222222222222,0.2132564841498559,0.07635780358923092,0.3032642948258908,nflverse_archive,2023,5,2023_05_CAR_DET,DET,CAR,nflverse,,nflverse_archive,false,archive_final_fallback,,loss,-1.0,gaussian_unconditional,false,false,false,archive_final_fallback
spread,away,9.5,-110,1.9090909090909092,0.5767083867032633,0.5238095238095238,0.5,0.0767083867032633,0.10098873825168453,nflverse_archive,2023,5,2023_05_CAR_DET,DET,CAR,nflverse,,nflverse_archive,false,archive_final_fallback,,loss,-1.0,gaussian_unconditional,false,false,false,archive_final_fallback
total,over,43.5,-110,1.9090909090909092,0.5498225624950053,0.5238095238095238,0.5,0.049822562495005274,0.049661255672282856,nflverse_archive,2023,5,2023_05_CAR_DET,DET,CAR,nflverse,,nflverse_archive,false,archive_final_fallback,,win,0.9090909090909092,gaussian_unconditional,false,false,false,archive_final_fallback
moneyline,away,,210,3.1,0.3356209815293918,0.3225806451612903,0.30920711694593195,0.026413864583459845,0.04042504274111458,nflverse_archive,2023,5,2023_05_CHI_WAS,WAS,CHI,nflverse,,nflverse_archive,false,archive_final_fallback,,win,2.1,gaussian_unconditional,false,false,false,archive_final_fallback
spread,away,6.0,-110,1.9090909090909092,0.5191305999834689,0.5238095238095238,0.5,0.019130599983468888,-0.008932490940650295,nflverse_archive,2023,5,2023_05_CHI_WAS,WAS,CHI,nflverse,,nflverse_archive,false,archive_final_fallback,,win,0.9090909090909092,gaussian_unconditional,false,false,false,archive_final_fallback
total,over,45.5,-108,1.925925925925926,0.5620684479375466,0.5192307692307692,0.4956702459300312,0.06639820200751545,0.08250219602786757,nflverse_archive,2023,5,2023_05_CHI_WAS,WAS,CHI,nflverse,,nflverse_archive,false,archive_final_fallback,,win,0.925925925925926,gaussian_unconditional,false,false,false,archive_final_fallback
moneyline,home,,142,2.42,0.5884017883476009,0.4132231404958678,0.3962430290578222,0.1921587592897787,0.42393232780119416,nflverse_archive,2023,5,2023_05_CIN_ARI,ARI,CIN,nflverse,,nflverse_archive,false,archive_final_fallback,,loss,-1.0,gaussian_unconditional,false,false,false,archive_final_fallback
spread,home,3.0,100,2.0,0.6771139698021573,0.5,0.4782608695652174,0.19885310023693992,0.35422793960431465,nflverse_archive,2023,5,2023_05_CIN_ARI,ARI,CIN,nflverse,,nflverse_archive,false,archive_final_fallback,,loss,-1.0,gaussian_unconditional,false,false,false,archive_final_fallback
total,under,45.5,-110,1.9090909090909092,0.5528543349226859,0.5238095238095238,0.5,0.052854334922685875,0.05544918485240036,nflverse_archive,2023,5,2023_05_CIN_ARI,ARI,CIN,nflverse,,nflverse_archive,false,archive_final_fallback,,loss,-1.0,gaussian_unconditional,false,false,false,archive_final_fallback
moneyline,away,,150,2.5,0.45899143163049083,0.4,0.38356164383561653,0.0754297877948743,0.14747857907622697,nflverse_archive,2023,5,2023_05_DAL_SF,SF,DAL,nflverse,,nflverse_archive,false,archive_final_fallback,,loss,-1.0,gaussian_unconditional,false,false,false,archive_final_fallback
spread,away,3.5,-115,1.8695652173913042,0.5685174459062143,0.5348837209302326,0.5108342361863489,0.0576832097198654,0.06288044234640067,nflverse_archive,2023,5,2023_05_DAL_SF,SF,DAL,nflverse,,nflverse_archive,false,archive_final_fallback,,loss,-1.0,gaussian_unconditional,false,false,false,archive_final_fallback
total,under,45.0,-105,1.9523809523809523,0.5218747079915065,0.5121951219512195,0.4891657638136511,0.03270894417785536,0.01889823941198876,nflverse_archive,2023,5,2023_05_DAL_SF,SF,DAL,nflverse,,nflverse_archive,false,archive_final_fallback,,loss,-1.0,gaussian_unconditional,false,false,false,archive_final_fallback
moneyline,away,,-102,1.9803921568627452,0.5177676596565898,0.504950495049505,0.4826358742837298,0.03513178537285999,0.025383012261089632,nflverse_archive,2023,5,2023_05_GB_LV,LV,GB,nflverse,,nflverse_archive,false,archive_final_fallback,,loss,-1.0,gaussian_unconditional,false,false,false,archive_final_fallback
spread,away,1.0,-110,1.9090909090909092,0.549060327316139,0.5238095238095238,0.5,0.04906032731613896,0.04820607942171984,nflverse_archive,2023,5,2023_05_GB_LV,LV,GB,nflverse,,nflverse_archive,false,archive_final_fallback,,loss,-1.0,gaussian_unconditional,false,false,false,archive_final_fallback
total,under,45.0,-110,1.9090909090909092,0.5199343270384048,0.5238095238095238,0.5,0.01993432703840481,-0.007398102926681638,nflverse_archive,2023,5,2023_05_GB_LV,LV,GB,nflverse,,nflverse_archive,false,archive_final_fallback,,win,0.9090909090909092,gaussian_unconditional,false,false,false,archive_final_fallback
moneyline,away,,120,2.2,0.48719377759364724,0.45454545454545453,0.43650793650793646,0.05068584108571078,0.07182631070602397,nflverse_archive,2023,5,2023_05_HOU_ATL,ATL,HOU,nflverse,,nflverse_archive,false,archive_final_fallback,,loss,-1.0,gaussian_unconditional,false,false,false,archive_final_fallback
spread,away,2.5,-110,1.9090909090909092,0.5654233077411064,0.5238095238095238,0.5,0.06542330774110638,0.07944449659665764,nflverse_archive,2023,5,2023_05_HOU_ATL,ATL,HOU,nflverse,,nflverse_archive,false,archive_final_fallback,,win,0.9090909090909092,gaussian_unconditional,false,false,false,archive_final_fallback
total,under,42.0,-110,1.9090909090909092,0.5325183375495157,0.5238095238095238,0.5,0.03251833754951572,0.016625917139984514,nflverse_archive,2023,5,2023_05_HOU_ATL,ATL,HOU,nflverse,,nflverse_archive,false,archive_final_fallback,,win,0.9090909090909092,gaussian_unconditional,false,false,false,archive_final_fallback
moneyline,home,,-250,1.4,0.7630033209634477,0.7142857142857143,0.6853932584269663,0.0776100625364814,0.06820464934882664,nflverse_archive,2023,5,2023_05_JAX_BUF,BUF,JAX,nflverse,,nflverse_archive,false,archive_final_fallback,,loss,-1.0,gaussian_unconditional,false,false,false,archive_final_fallback
spread,home,-5.5,-110,1.9090909090909092,0.6113920076029062,0.5238095238095238,0.5,0.11139200760290624,0.16720292360554834,nflverse_archive,2023,5,2023_05_JAX_BUF,BUF,JAX,nflverse,,nflverse_archive,false,archive_final_fallback,,loss,-1.0,gaussian_unconditional,false,false,false,archive_final_fallback
total,under,48.5,-108,1.925925925925926,0.6191874359306623,0.5192307692307692,0.4956702459300312,0.1235171900006311,0.1925091358664608,nflverse_archive,2023,5,2023_05_JAX_BUF,BUF,JAX,nflverse,,nflverse_archive,false,archive_final_fallback,,win,0.925925925925926,gaussian_unconditional,false,false,false,archive_final_fallback
moneyline,home,,150,2.5,0.4389752134534185,0.4,0.38356164383561653,0.05541356961780197,0.0974380336335463,nflverse_archive,2023,5,2023_05_KC_MIN,MIN,KC,nflverse,,nflverse_archive,false,archive_final_fallback,,loss,-1.0,gaussian_unconditional,false,false,false,archive_final_fallback
spread,home,3.5,-115,1.8695652173913042,0.5485536407315657,0.5348837209302326,0.5108342361863489,0.03771940454521672,0.025556806585100844,nflverse_archive,2023,5,2023_05_KC_MIN,MIN,KC,nflverse,,nflverse_archive,false,archive_final_fallback,,loss,-1.0,gaussian_unconditional,false,false,false,archive_final_fallback
total,under,52.5,-110,1.9090909090909092,0.718165490678113,0.5238095238095238,0.5,0.21816549067811297,0.3710432094763976,nflverse_archive,2023,5,2023_05_KC_MIN,MIN,KC,nflverse,,nflverse_archive,false,archive_final_fallback,,win,0.9090909090909092,gaussian_unconditional,false,false,false,archive_final_fallback
moneyline,away,,114,2.1399999999999997,0.458654194624428,0.4672897196261683,0.44855888528345106,0.010095309340976966,-0.01848002350372413,nflverse_archive,2023,5,2023_05_NO_NE,NE,NO,nflverse,,nflverse_archive,false,archive_final_fallback,,win,1.1399999999999997,gaussian_unconditional,false,false,false,archive_final_fallback
spread,away,2.5,-110,1.9090909090909092,0.5370542257111214,0.5238095238095238,0.5,0.03705422571112138,0.02528533999395899,nflverse_archive,2023,5,2023_05_NO_NE,NE,NO,nflverse,,nflverse_archive,false,archive_final_fallback,,win,0.9090909090909092,gaussian_unconditional,false,false,false,archive_final_fallback
total,under,38.5,-110,1.9090909090909092,0.5027438817927488,0.5238095238095238,0.5,0.002743881792748759,-0.04021622566838867,nflverse_archive,2023,5,2023_05_NO_NE,NE,NO,nflverse,,nflverse_archive,false,archive_final_fallback,,win,0.9090909090909092,gaussian_unconditional,false,false,false,archive_final_fallback
moneyline,away,,525,6.25,0.23038654379301793,0.16,0.15349887133182846,0.07688767246118947,0.43991589870636205,nflverse_archive,2023,5,2023_05_NYG_MIA,MIA,NYG,nflverse,,nflverse_archive,false,archive_final_fallback,,loss,-1.0,gaussian_unconditional,false,false,false,archive_final_fallback
spread,away,12.5,-110,1.9090909090909092,0.5974008234497566,0.5238095238095238,0.5,0.09740082344975665,0.1404924811313537,nflverse_archive,2023,5,2023_05_NYG_MIA,MIA,NYG,nflverse,,nflverse_archive,false,archive_final_fallback,,loss,-1.0,gaussian_unconditional,false,false,false,archive_final_fallback
total,over,47.5,-112,1.8928571428571428,0.5625480403662833,0.5283018867924528,0.5043297540699689,0.058218286296314314,0.06482307640760765,nflverse_archive,2023,5,2023_05_NYG_MIA,MIA,NYG,nflverse,,nflverse_archive,false,archive_final_fallback,,loss,-1.0,gaussian_unconditional,false,false,false,archive_final_fallback
moneyline,away,,114,2.1399999999999997,0.5562076740688209,0.4672897196261683,0.44855888528345106,0.10764878878536982,0.1902844225072764,nflverse_archive,2023,5,2023_05_NYJ_DEN,DEN,NYJ,nflverse,,nflverse_archive,false,archive_final_fallback,,win,1.1399999999999997,gaussian_unconditional,false,false,false,archive_final_fallback
spread,away,2.5,-110,1.9090909090909092,0.6323941598239696,0.5238095238095238,0.5,0.13239415982396963,0.20729794148212388,nflverse_archive,2023,5,2023_05_NYJ_DEN,DEN,NYJ,nflverse,,nflverse_archive,false,archive_final_fallback,,win,0.9090909090909092,gaussian_unconditional,false,false,false,archive_final_fallback
total,over,42.5,-110,1.9090909090909092,0.5639278660061882,0.5238095238095238,0.5,0.06392786600618816,0.07658956237545023,nflverse_archive,2023,5,2023_05_NYJ_DEN,DEN,NYJ,nflverse,,nflverse_archive,false,archive_final_fallback,,win,0.9090909090909092,gaussian_unconditional,false,false,false,archive_final_fallback
moneyline,home,,160,2.6,0.5123896111392674,0.3846153846153846,0.3690596562184024,0.14332995492086498,0.3322129889620953,nflverse_archive,2023,5,2023_05_PHI_LA,LA,PHI,nflverse,,nflverse_archive,false,archive_final_fallback,,loss,-1.0,gaussian_unconditional,false,false,false,archive_final_fallback
spread,home,3.5,-110,1.9090909090909092,0.6204401660069632,0.5238095238095238,0.5,0.12044016600696317,0.18447668055874789,nflverse_archive,2023,5,2023_05_PHI_LA,LA,PHI,nflverse,,nflverse_archive,false,archive_final_fallback,,loss,-1.0,gaussian_unconditional,false,false,false,archive_final_fallback
total,under,50.5,-110,1.9090909090909092,0.6066317333167441,0.5238095238095238,0.5,0.10663173331674414,0.15811512724105703,nflverse_archive,2023,5,2023_05_PHI_LA,LA,PHI,nflverse,,nflverse_archive,false,archive_final_fallback,,win,0.9090909090909092,gaussian_unconditional,false,false,false,archive_final_fallback
moneyline,home,,120,2.2,0.5504362232615042,0.45454545454545453,0.43650793650793646,0.11392828675356775,0.21095969117530933,nflverse_archive,2023,5,2023_05_TEN_IND,IND,TEN,nflverse,,nflverse_archive,false,archive_final_fallback,,win,1.2000000000000002,gaussian_unconditional,false,false,false,archive_final_fallback
spread,home,2.5,-110,1.9090909090909092,0.626880864508491,0.5238095238095238,0.5,0.126880864508491,0.1967725595162102,nflverse_archive,2023,5,2023_05_TEN_IND,IND,TEN,nflverse,,nflverse_archive,false,archive_final_fallback,,win,0.9090909090909092,gaussian_unconditional,false,false,false,archive_final_fallback
total,under,43.5,-110,1.9090909090909092,0.531056293891888,0.5238095238095238,0.5,0.03105629389188802,0.013834742884513584,nflverse_archive,2023,5,2023_05_TEN_IND,IND,TEN,nflverse,,nflverse_archive,false,archive_final_fallback,,win,0.9090909090909092,gaussian_unconditional,false,false,false,archive_final_fallback
moneyline,away,,270,3.7,0.3561900840376264,0.27027027027027023,0.2591283863368669,0.09706169770075951,0.31790331093921775,nflverse_archive,2023,6,2023_06_ARI_LA,LA,ARI,nflverse,,nflverse_archive,false,archive_final_fallback,,loss,-1.0,gaussian_unconditional,false,false,false,archive_final_fallback
spread,away,7.0,-105,1.9523809523809523,0.569470180011879,0.5121951219512195,0.4891657638136511,0.08030441619822787,0.11182273240414475,nflverse_archive,2023,6,2023_06_ARI_LA,LA,ARI,nflverse,,nflverse_archive,false,archive_final_fallback,,loss,-1.0,gaussian_unconditional,false,false,false,archive_final_fallback
total,under,48.0,-110,1.9090909090909092,0.5911286627086718,0.5238095238095238,0.5,0.09112866270867181,0.1285183560801917,nflverse_archive,2023,6,2023_06_ARI_LA,LA,ARI,nflverse,,nflverse_archive,false,archive_final_fallback,,win,0.9090909090909092,gaussian_unconditional,false,false,false,archive_final_fallback
moneyline,home,,205,3.05,0.4544966529853659,0.3278688524590164,0.3146067415730337,0.1398899114123322,0.386214791605366,nflverse_archive,2023,6,2023_06_BAL_TEN,TEN,BAL,nflverse,,nflverse_archive,false,archive_final_fallback,,loss,-1.0,gaussian_unconditional,false,false,false,archive_final_fallback
spread,home,5.5,-108,1.925925925925926,0.6228118237525476,0.5192307692307692,0.4956702459300312,0.12714157782251645,0.19948943833823995,nflverse_archive,2023,6,2023_06_BAL_TEN,TEN,BAL,nflverse,,nflverse_archive,false,archive_final_fallback,,loss,-1.0,gaussian_unconditional,false,false,false,archive_final_fallback
total,under,42.5,-110,1.9090909090909092,0.6281543639445124,0.5238095238095238,0.5,0.1281543639445124,0.19920378571225106,nflverse_archive,2023,6,2023_06_BAL_TEN,TEN,BAL,nflverse,,nflverse_archive,false,archive_final_fallback,,win,0.9090909090909092,gaussian_unconditional,false,false,false,archive_final_fallback
moneyline,away,,700,8.0,0.27324655459256186,0.125,0.12,0.15324655459256187,1.185972436740495,nflverse_archive,2023,6,2023_06_CAR_MIA,MIA,CAR,nflverse,,nflverse_archive,false,archive_final_fallback,,loss,-1.0,gaussian_unconditional,false,false,false,archive_final_fallback
spread,away,14.0,-110,1.9090909090909092,0.6859313049516534,0.5238095238095238,0.5,0.18593130495165344,0.30950521854406565,nflverse_archive,2023,6,2023_06_CAR_MIA,MIA,CAR,nflverse,,nflverse_archive,false,archive_final_fallback,,loss,-1.0,gaussian_unconditional,false,false,false,archive_final_fallback
total,over,47.5,-108,1.925925925925926,0.6157384572370713,0.5192307692307692,0.4956702459300312,0.12006821130704015,0.1858666583825077,nflverse_archive,2023,6,2023_06_CAR_MIA,MIA,CAR,nflverse,,nflverse_archive,false,archive_final_fallback,,win,0.925925925925926,gaussian_unconditional,false,false,false,archive_final_fallback
moneyline,away,,-130,1.7692307692307692,0.5601050900609575,0.5652173913043479,0.5427435387673957,0.017361551293561872,-0.009044840661382891,nflverse_archive,2023,6,2023_06_DAL_LAC,LAC,DAL,nflverse,,nflverse_archive,false,archive_final_fallback,,win,0.7692307692307692,gaussian_unconditional,false,false,false,archive_final_fallback
spread,away,-1.5,-112,1.8928571428571428,0.5138530190614352,0.5283018867924528,0.5043297540699689,0.009523264991466274,-0.02734964249085481,nflverse_archive,2023,6,2023_06_DAL_LAC,LAC,DAL,nflverse,,nflverse_archive,false,archive_final_fallback,,win,0.8928571428571428,gaussian_unconditional,false,false,false,archive_final_fallback
total,under,49.5,-108,1.925925925925926,0.5695099847705971,0.5192307692307692,0.4956702459300312,0.07383973884056594,0.0968340447433722,nflverse_archive,2023,6,2023_06_DAL_LAC,LAC,DAL,nflverse,,nflverse_archive,false,archive_final_fallback,,win,0.925925925925926,gaussian_unconditional,false,false,false,archive_final_fallback
moneyline,away,,470,5.7,0.20043646690430594,0.17543859649122806,0.16835016835016833,0.03208629855413761,0.14248786135454394,nflverse_archive,2023,6,2023_06_DEN_KC,KC,DEN,nflverse,,nflverse_archive,false,archive_final_fallback,,loss,-1.0,gaussian_unconditional,false,false,false,archive_final_fallback
spread,home,-10.5,-112,1.8928571428571428,0.5097862910868483,0.5283018867924528,0.5043297540699689,0.005456537016879315,-0.03504737758560872,nflverse_archive,2023,6,2023_06_DEN_KC,KC,DEN,nflverse,,nflverse_archive,false,archive_final_fallback,,win,0.8928571428571428,gaussian_unconditional,false,false,false,archive_final_fallback
total,over,47.5,-108,1.925925925925926,0.5142571084979924,0.5192307692307692,0.4956702459300312,0.01858686256796127,-0.009578902152014512,nflverse_archive,2023,6,2023_06_DEN_KC,KC,DEN,nflverse,,nflverse_archive,false,archive_final_fallback,,loss,-1.0,gaussian_unconditional,false,false,false,archive_final_fallback
moneyline,home,,136,2.3600000000000003,0.48522797214277114,0.42372881355932196,0.4066302458405761,0.07859772630219503,0.14513801425694006,nflverse_archive,2023,6,2023_06_DET_TB,TB,DET,nflverse,,nflverse_archive,false,archive_final_fallback,,loss,-1.0,gaussian_unconditional,false,false,false,archive_final_fallback
spread,home,3.0,-105,1.9523809523809523,0.5776840272450932,0.5121951219512195,0.4891657638136511,0.08851826343144203,0.12785929128803897,nflverse_archive,2023,6,2023_06_DET_TB,TB,DET,nflverse,,nflverse_archive,false,archive_final_fallback,,loss,-1.0,gaussian_unconditional,false,false,false,archive_final_fallback
total,over,43.5,-108,1.925925925925926,0.5330974304895764,0.5192307692307692,0.4956702459300312,0.03742718455954519,0.026706162424369406,nflverse_archive,2023,6,2023_06_DET_TB,TB,DET,nflverse,,nflverse_archive,false,archive_final_fallback,,loss,-1.0,gaussian_unconditional,false,false,false,archive_final_fallback
moneyline,away,,170,2.7,0.40402636628950805,0.37037037037037035,0.35527082119976705,0.048755545089741004,0.09087118898167179,nflverse_archive,2023,6,2023_06_IND_JAX,JAX,IND,nflverse,,nflverse_archive,false,archive_final_fallback,,loss,-1.0,gaussian_unconditional,false,false,false,archive_final_fallback
spread,away,4.0,-110,1.9090909090909092,0.527003404321917,0.5238095238095238,0.5,0.027003404321916946,0.006097408250932412,nflverse_archive,2023,6,2023_06_IND_JAX,JAX,IND,nflverse,,nflverse_archive,false,archive_final_fallback,,loss,-1.0,gaussian_unconditional,false,false,false,archive_final_fallback
total,over,44.0,-110,1.9090909090909092,0.5150425136648575,0.5238095238095238,0.5,0.015042513664857537,-0.016737019367090156,nflverse_archive,2023,6,2023_06_IND_JAX,JAX,IND,nflverse,,nflverse_archive,false,archive_final_fallback,,win,0.9090909090909092,gaussian_unconditional,false,false,false,archive_final_fallback
moneyline,home,,140,2.4,0.4463232016999421,0.4166666666666667,0.4003612281757977,0.045961973524144384,0.07117568407986097,nflverse_archive,2023,6,2023_06_MIN_CHI,CHI,MIN,nflverse,,nflverse_archive,false,archive_final_fallback,,loss,-1.0,gaussian_unconditional,false,false,false,archive_final_fallback
spread,home,3.0,-105,1.9523809523809523,0.5390546156159433,0.5121951219512195,0.4891657638136511,0.04988885180229213,0.05243996382160354,nflverse_archive,2023,6,2023_06_MIN_CHI,CHI,MIN,nflverse,,nflverse_archive,false,archive_final_fallback,,loss,-1.0,gaussian_unconditional,false,false,false,archive_final_fallback
total,over,44.5,-108,1.925925925925926,0.6195101494050615,0.5192307692307692,0.4956702459300312,0.12383990347503038,0.19313065811345198,nflverse_archive,2023,6,2023_06_MIN_CHI,CHI,MIN,nflverse,,nflverse_archive,false,archive_final_fallback,,loss,-1.0,gaussian_unconditional,false,false,false,archive_final_fallback
moneyline,home,,-148,1.6756756756756757,0.6067431414467518,0.5967741935483871,0.5720596355604638,0.03468350588628799,0.01670472350536789,nflverse_archive,2023,6,2023_06_NE_LV,LV,NE,nflverse,,nflverse_archive,false,archive_final_fallback,,win,0.6756756756756757,gaussian_unconditional,false,false,false,archive_final_fallback
spread,home,-3.0,-102,1.9803921568627452,0.5150891319723279,0.504950495049505,0.4826358742837298,0.03245325768859808,0.02007847704323762,nflverse_archive,2023,6,2023_06_NE_LV,LV,NE,nflverse,,nflverse_archive,false,archive_final_fallback,,win,0.9803921568627452,gaussian_unconditional,false,false,false,archive_final_fallback
total,under,41.5,-110,1.9090909090909092,0.5684271474908278,0.5238095238095238,0.5,0.06842714749082779,0.08517909975521665,nflverse_archive,2023,6,2023_06_NE_LV,LV,NE,nflverse,,nflverse_archive,false,archive_final_fallback,,win,0.9090909090909092,gaussian_unconditional,false,false,false,archive_final_fallback
moneyline,home,,110,2.1,0.5289135224121753,0.47619047619047616,0.4572564612326044,0.07165706117957088,0.11071839706556807,nflverse_archive,2023,6,2023_06_NO_HOU,HOU,NO,nflverse,,nflverse_archive,false,archive_final_fallback,,win,1.1,gaussian_unconditional,false,false,false,archive_final_fallback
spread,home,2.0,-110,1.9090909090909092,0.5901294956408918,0.5238095238095238,0.5,0.09012949564089179,0.12661085531442984,nflverse_archive,2023,6,2023_06_NO_HOU,HOU,NO,nflverse,,nflverse_archive,false,archive_final_fallback,,win,0.9090909090909092,gaussian_unconditional,false,false,false,archive_final_fallback
total,under,42.5,-112,1.8928571428571428,0.5566024936771576,0.5283018867924528,0.5043297540699689,0.0522727396071887,0.05356900588890556,nflverse_archive,2023,6,2023_06_NO_HOU,HOU,NO,nflverse,,nflverse_archive,false,archive_final_fallback,,win,0.8928571428571428,gaussian_unconditional,false,false,false,archive_final_fallback
moneyline,away,,750,8.5,0.15528182890679154,0.11764705882352941,0.11304347826086955,0.04223835064592199,0.31989554570772816,nflverse_archive,2023,6,2023_06_NYG_BUF,BUF,NYG,nflverse,,nflverse_archive,false,archive_final_fallback,,loss,-1.0,gaussian_unconditional,false,false,false,archive_final_fallback
spread,away,15.5,-110,1.9090909090909092,0.5752819080212783,0.5238095238095238,0.5,0.07528190802127832,0.098265460767895,nflverse_archive,2023,6,2023_06_NYG_BUF,BUF,NYG,nflverse,,nflverse_archive,false,archive_final_fallback,,win,0.9090909090909092,gaussian_unconditional,false,false,false,archive_final_fallback
total,over,43.5,-110,1.9090909090909092,0.5140319387660841,0.5238095238095238,0.5,0.014031938766084107,-0.018666298719293928,nflverse_archive,2023,6,2023_06_NYG_BUF,BUF,NYG,nflverse,,nflverse_archive,false,archive_final_fallback,,loss,-1.0,gaussian_unconditional,false,false,false,archive_final_fallback
moneyline,home,,245,3.45,0.43724698409105967,0.2898550724637681,0.27792074112197634,0.15932624296908332,0.5085020951141559,nflverse_archive,2023,6,2023_06_PHI_NYJ,NYJ,PHI,nflverse,,nflverse_archive,false,archive_final_fallback,,win,2.45,gaussian_unconditional,false,false,false,archive_final_fallback
spread,home,6.5,-105,1.9523809523809523,0.6356664704404507,0.5121951219512195,0.4891657638136511,0.14650070662679954,0.24106310895516558,nflverse_archive,2023,6,2023_06_PHI_NYJ,NYJ,PHI,nflverse,,nflverse_archive,false,archive_final_fallback,,win,0.9523809523809523,gaussian_unconditional,false,false,false,archive_final_fallback
total,over,43.0,-115,1.8695652173913042,0.518198641276298,0.5348837209302326,0.5108342361863489,0.0073644050899490665,-0.03119384457039942,nflverse_archive,2023,6,2023_06_PHI_NYJ,NYJ,PHI,nflverse,,nflverse_archive,false,archive_final_fallback,,loss,-1.0,gaussian_unconditional,false,false,false,archive_final_fallback
moneyline,away,,130,2.3,0.5269723984871886,0.4347826086956522,0.41700735895339325,0.10996503953379533,0.21203651652053357,nflverse_archive,2023,6,2023_06_SEA_CIN,CIN,SEA,nflverse,,nflverse_archive,false,archive_final_fallback,,loss,-1.0,gaussian_unconditional,false,false,false,archive_final_fallback
spread,away,3.0,-112,1.8928571428571428,0.6181669224300278,0.5283018867924528,0.5043297540699689,0.11383716836005886,0.1701016745996955,nflverse_archive,2023,6,2023_06_SEA_CIN,CIN,SEA,nflverse,,nflverse_archive,false,archive_final_fallback,,loss,-1.0,gaussian_unconditional,false,false,false,archive_final_fallback
total,under,45.5,-108,1.925925925925926,0.5001895212573212,0.5192307692307692,0.4956702459300312,0.004519275327290018,-0.03667203313404799,nflverse_archive,2023,6,2023_06_SEA_CIN,CIN,SEA,nflverse,,nflverse_archive,false,archive_final_fallback,,win,0.925925925925926,gaussian_unconditional,false,false,false,archive_final_fallback
moneyline,home,,360,4.6,0.34527711238832826,0.2173913043478261,0.20863836017569548,0.13663875221263277,0.5882747169863098,nflverse_archive,2023,6,2023_06_SF_CLE,CLE,SF,nflverse,,nflverse_archive,false,archive_final_fallback,,win,3.5999999999999996,gaussian_unconditional,false,false,false,archive_final_fallback
spread,home,9.5,-105,1.9523809523809523,0.6329804540406923,0.5121951219512195,0.4891657638136511,0.14381469022704113,0.23581898169849436,nflverse_archive,2023,6,2023_06_SF_CLE,CLE,SF,nflverse,,nflverse_archive,false,archive_final_fallback,,win,0.9523809523809523,gaussian_unconditional,false,false,false,archive_final_fallback
total,over,36.0,-110,1.9090909090909092,0.6893360027270967,0.5238095238095238,0.5,0.18933600272709672,0.3160050961153664,nflverse_archive,2023,6,2023_06_SF_CLE,CLE,SF,nflverse,,nflverse_archive,false,archive_final_fallback,,push,0.0,gaussian_unconditional,false,false,false,archive_final_fallback
moneyline,home,,-125,1.8,0.6291131135814312,0.5555555555555556,0.5324675324675325,0.09664558111389865,0.13240360444657617,nflverse_archive,2023,6,2023_06_WAS_ATL,ATL,WAS,nflverse,,nflverse_archive,false,archive_final_fallback,,loss,-1.0,gaussian_unconditional,false,false,false,archive_final_fallback
spread,home,-1.5,-112,1.8928571428571428,0.5843369124571867,0.5283018867924528,0.5043297540699689,0.08000715838721772,0.10606629857967476,nflverse_archive,2023,6,2023_06_WAS_ATL,ATL,WAS,nflverse,,nflverse_archive,false,archive_final_fallback,,loss,-1.0,gaussian_unconditional,false,false,false,archive_final_fallback
total,over,42.0,-110,1.9090909090909092,0.5238602391915699,0.5238095238095238,0.5,0.023860239191569876,0.0000968202748152791,nflverse_archive,2023,6,2023_06_WAS_ATL,ATL,WAS,nflverse,,nflverse_archive,false,archive_final_fallback,,loss,-1.0,gaussian_unconditional,false,false,false,archive_final_fallback
moneyline,away,,350,4.5,0.320205967583878,0.2222222222222222,0.2132564841498559,0.10694948343402208,0.4409268541274509,nflverse_archive,2023,7,2023_07_ARI_SEA,SEA,ARI,nflverse,,nflverse_archive,false,archive_final_fallback,,loss,-1.0,gaussian_unconditional,false,false,false,archive_final_fallback
spread,away,9.5,-112,1.8928571428571428,0.6098992558506936,0.5283018867924528,0.5043297540699689,0.10556950178072466,0.15445216286024133,nflverse_archive,2023,7,2023_07_ARI_SEA,SEA,ARI,nflverse,,nflverse_archive,false,archive_final_fallback,,loss,-1.0,gaussian_unconditional,false,false,false,archive_final_fallback
total,over,43.5,-110,1.9090909090909092,0.5760522179686025,0.5238095238095238,0.5,0.07605221796860251,0.09973605248551398,nflverse_archive,2023,7,2023_07_ARI_SEA,SEA,ARI,nflverse,,nflverse_archive,false,archive_final_fallback,,loss,-1.0,gaussian_unconditional,false,false,false,archive_final_fallback
moneyline,home,,-148,1.6756756756756757,0.6071690385181042,0.5967741935483871,0.5720596355604638,0.03510940295764042,0.017418388868174706,nflverse_archive,2023,7,2023_07_ATL_TB,TB,ATL,nflverse,,nflverse_archive,false,archive_final_fallback,,loss,-1.0,gaussian_unconditional,false,false,false,archive_final_fallback
spread,home,-3.0,-105,1.9523809523809523,0.5144834110220466,0.5121951219512195,0.4891657638136511,0.025317647208395522,0.0044676119954243365,nflverse_archive,2023,7,2023_07_ATL_TB,TB,ATL,nflverse,,nflverse_archive,false,archive_final_fallback,,loss,-1.0,gaussian_unconditional,false,false,false,archive_final_fallback
total,under,37.5,-115,1.8695652173913042,0.5261384831889557,0.5348837209302326,0.5108342361863489,0.015304247002606797,-0.016349792298908872,nflverse_archive,2023,7,2023_07_ATL_TB,TB,ATL,nflverse,,nflverse_archive,false,archive_final_fallback,,win,0.8695652173913042,gaussian_unconditional,false,false,false,archive_final_fallback
moneyline,home,,310,4.1,0.24960477386455804,0.24390243902439027,0.23409789548356588,0.015506878380992156,0.023379572844687946,nflverse_archive,2023,7,2023_07_BUF_NE,NE,BUF,nflverse,,nflverse_archive,false,archive_final_fallback,,win,3.0999999999999996,gaussian_unconditional,false,false,false,archive_final_fallback
spread,away,-7.5,-110,1.9090909090909092,0.5345231528937863,0.5238095238095238,0.5,0.03452315289378627,0.020453291888137493,nflverse_archive,2023,7,2023_07_BUF_NE,NE,BUF,nflverse,,nflverse_archive,false,archive_final_fallback,,loss,-1.0,gaussian_unconditional,false,false,false,archive_final_fallback
total,under,41.0,-110,1.9090909090909092,0.519231199566777,0.5238095238095238,0.5,0.01923119956677699,-0.008740437190698391,nflverse_archive,2023,7,2023_07_BUF_NE,NE,BUF,nflverse,,nflverse_archive,false,archive_final_fallback,,loss,-1.0,gaussian_unconditional,false,false,false,archive_final_fallback
moneyline,home,,150,2.5,0.48035181102097324,0.4,0.38356164383561653,0.09679016718535671,0.2008795275524331,nflverse_archive,2023,7,2023_07_CLE_IND,IND,CLE,nflverse,,nflverse_archive,false,archive_final_fallback,,loss,-1.0,gaussian_unconditional,false,false,false,archive_final_fallback
spread,home,3.5,-112,1.8928571428571428,0.5892583386857879,0.5283018867924528,0.5043297540699689,0.08492858461581898,0.11538185536952716,nflverse_archive,2023,7,2023_07_CLE_IND,IND,CLE,nflverse,,nflverse_archive,false,archive_final_fallback,,win,0.8928571428571428,gaussian_unconditional,false,false,false,archive_final_fallback
total,over,40.0,-110,1.9090909090909092,0.580855957151279,0.5238095238095238,0.5,0.08085595715127902,0.10890682728880541,nflverse_archive,2023,7,2023_07_CLE_IND,IND,CLE,nflverse,,nflverse_archive,false,archive_final_fallback,,win,0.9090909090909092,gaussian_unconditional,false,false,false,archive_final_fallback
moneyline,away,,136,2.3600000000000003,0.4665793103186532,0.42372881355932196,0.4066302458405761,0.059949064478077074,0.10112717235202173,nflverse_archive,2023,7,2023_07_DET_BAL,BAL,DET,nflverse,,nflverse_archive,false,archive_final_fallback,,loss,-1.0,gaussian_unconditional,false,false,false,archive_final_fallback
spread,away,3.0,-105,1.9523809523809523,0.5603135105359892,0.5121951219512195,0.4891657638136511,0.07114774672233809,0.09394542533216943,nflverse_archive,2023,7,2023_07_DET_BAL,BAL,DET,nflverse,,nflverse_archive,false,archive_final_fallback,,loss,-1.0,gaussian_unconditional,false,false,false,archive_final_fallback
total,under,43.5,-108,1.925925925925926,0.5162671695699257,0.5192307692307692,0.4956702459300312,0.020596923639894515,-0.005707673420883852,nflverse_archive,2023,7,2023_07_DET_BAL,BAL,DET,nflverse,,nflverse_archive,false,archive_final_fallback,,loss,-1.0,gaussian_unconditional,false,false,false,archive_final_fallback
moneyline,away,,-102,1.9803921568627452,0.5950317889547573,0.504950495049505,0.4826358742837298,0.1123959146710275,0.1783962879300096,nflverse_archive,2023,7,2023_07_GB_DEN,DEN,GB,nflverse,,nflverse_archive,false,archive_final_fallback,,loss,-1.0,gaussian_unconditional,false,false,false,archive_final_fallback
spread,away,1.5,-112,1.8928571428571428,0.6399502625816783,0.5283018867924528,0.5043297540699689,0.13562050851170937,0.21133442560103388,nflverse_archive,2023,7,2023_07_GB_DEN,DEN,GB,nflverse,,nflverse_archive,false,archive_final_fallback,,loss,-1.0,gaussian_unconditional,false,false,false,archive_final_fallback
total,over,44.0,-110,1.9090909090909092,0.5878944072770363,0.5238095238095238,0.5,0.08789440727703635,0.12234386843797851,nflverse_archive,2023,7,2023_07_GB_DEN,DEN,GB,nflverse,,nflverse_archive,false,archive_final_fallback,,loss,-1.0,gaussian_unconditional,false,false,false,archive_final_fallback
moneyline,away,,124,2.24,0.4937420156881933,0.4464285714285714,0.4279403644395361,0.06580165124865722,0.1059821151415532,nflverse_archive,2023,7,2023_07_JAX_NO,NO,JAX,nflverse,,nflverse_archive,false,archive_final_fallback,,win,1.2400000000000002,gaussian_unconditional,false,false,false,archive_final_fallback
spread,away,2.5,-108,1.925925925925926,0.5716890173658319,0.5192307692307692,0.4956702459300312,0.07601877143580071,0.10103070011197257,nflverse_archive,2023,7,2023_07_JAX_NO,NO,JAX,nflverse,,nflverse_archive,false,archive_final_fallback,,win,0.925925925925926,gaussian_unconditional,false,false,false,archive_final_fallback
total,under,41.0,-110,1.9090909090909092,0.5358819735107904,0.5238095238095238,0.5,0.035881973510790366,0.023047403975145375,nflverse_archive,2023,7,2023_07_JAX_NO,NO,JAX,nflverse,,nflverse_archive,false,archive_final_fallback,,loss,-1.0,gaussian_unconditional,false,false,false,archive_final_fallback
moneyline,away,,215,3.15,0.3295165906116674,0.31746031746031744,0.30423004792665137,0.02528654268501601,0.03797726042675231,nflverse_archive,2023,7,2023_07_LAC_KC,KC,LAC,nflverse,,nflverse_archive,false,archive_final_fallback,,loss,-1.0,gaussian_unconditional,false,false,false,archive_final_fallback
spread,away,5.5,-105,1.9523809523809523,0.49630991666421664,0.5121951219512195,0.4891657638136511,0.007144152850565522,-0.031013972227005637,nflverse_archive,2023,7,2023_07_LAC_KC,KC,LAC,nflverse,,nflverse_archive,false,archive_final_fallback,,loss,-1.0,gaussian_unconditional,false,false,false,archive_final_fallback
total,under,48.5,-108,1.925925925925926,0.6349745963522397,0.5192307692307692,0.4956702459300312,0.13930435042220857,0.22291403741912852,nflverse_archive,2023,7,2023_07_LAC_KC,KC,LAC,nflverse,,nflverse_archive,false,archive_final_fallback,,win,0.925925925925926,gaussian_unconditional,false,false,false,archive_final_fallback
moneyline,home,,120,2.2,0.5017168701107304,0.45454545454545453,0.43650793650793646,0.06520893360279395,0.10377711424360703,nflverse_archive,2023,7,2023_07_LV_CHI,CHI,LV,nflverse,,nflverse_archive,false,archive_final_fallback,,win,1.2000000000000002,gaussian_unconditional,false,false,false,archive_final_fallback
spread,home,2.5,-110,1.9090909090909092,0.5795203480009226,0.5238095238095238,0.5,0.07952034800092256,0.10635702800176139,nflverse_archive,2023,7,2023_07_LV_CHI,CHI,LV,nflverse,,nflverse_archive,false,archive_final_fallback,,win,0.9090909090909092,gaussian_unconditional,false,false,false,archive_final_fallback
total,over,38.5,-110,1.9090909090909092,0.6661724764757053,0.5238095238095238,0.5,0.16617247647570532,0.2717838187263466,nflverse_archive,2023,7,2023_07_LV_CHI,CHI,LV,nflverse,,nflverse_archive,false,archive_final_fallback,,win,0.9090909090909092,gaussian_unconditional,false,false,false,archive_final_fallback
moneyline,away,,130,2.3,0.47900608196965244,0.4347826086956522,0.41700735895339325,0.061998723016259194,0.10171398853020053,nflverse_archive,2023,7,2023_07_MIA_PHI,PHI,MIA,nflverse,,nflverse_archive,false,archive_final_fallback,,loss,-1.0,gaussian_unconditional,false,false,false,archive_final_fallback
spread,away,3.0,-112,1.8928571428571428,0.5725960228200093,0.5283018867924528,0.5043297540699689,0.06826626875004038,0.0838424717664461,nflverse_archive,2023,7,2023_07_MIA_PHI,PHI,MIA,nflverse,,nflverse_archive,false,archive_final_fallback,,loss,-1.0,gaussian_unconditional,false,false,false,archive_final_fallback
total,over,52.0,-110,1.9090909090909092,0.5257517974856223,0.5238095238095238,0.5,0.025751797485622285,0.003707977018006181,nflverse_archive,2023,7,2023_07_MIA_PHI,PHI,MIA,nflverse,,nflverse_archive,false,archive_final_fallback,,loss,-1.0,gaussian_unconditional,false,false,false,archive_final_fallback
moneyline,home,,-175,1.5714285714285714,0.646719894605092,0.6363636363636364,0.6092362344582594,0.03748366014683269,0.016274120093715982,nflverse_archive,2023,7,2023_07_PIT_LA,LA,PIT,nflverse,,nflverse_archive,false,archive_final_fallback,,loss,-1.0,gaussian_unconditional,false,false,false,archive_final_fallback
spread,home,-3.5,-102,1.9803921568627452,0.5404516499833334,0.504950495049505,0.4826358742837298,0.05781577569960361,0.07030620879052307,nflverse_archive,2023,7,2023_07_PIT_LA,LA,PIT,nflverse,,nflverse_archive,false,archive_final_fallback,,loss,-1.0,gaussian_unconditional,false,false,false,archive_final_fallback
total,under,44.0,-112,1.8928571428571428,0.6231236416701533,0.5283018867924528,0.5043297540699689,0.11879388760018439,0.17948403601850438,nflverse_archive,2023,7,2023_07_PIT_LA,LA,PIT,nflverse,,nflverse_archive,false,archive_final_fallback,,win,0.8928571428571428,gaussian_unconditional,false,false,false,archive_final_fallback
moneyline,home,,260,3.6,0.32712791155091947,0.2777777777777778,0.26645768025078376,0.06067023130013571,0.17766048158331005,nflverse_archive,2023,7,2023_07_SF_MIN,MIN,SF,nflverse,,nflverse_archive,false,archive_final_fallback,,win,2.6,gaussian_unconditional,false,false,false,archive_final_fallback
spread,home,7.0,-115,1.8695652173913042,0.5406052282111744,0.5348837209302326,0.5108342361863489,0.02977099202482547,0.010696731003499993,nflverse_archive,2023,7,2023_07_SF_MIN,MIN,SF,nflverse,,nflverse_archive,false,archive_final_fallback,,win,0.8695652173913042,gaussian_unconditional,false,false,false,archive_final_fallback
total,under,44.5,-110,1.9090909090909092,0.5046700014787429,0.5238095238095238,0.5,0.004670001478742858,-0.03653908808603634,nflverse_archive,2023,7,2023_07_SF_MIN,MIN,SF,nflverse,,nflverse_archive,false,archive_final_fallback,,win,0.9090909090909092,gaussian_unconditional,false,false,false,archive_final_fallback
moneyline,home,,136,2.3600000000000003,0.5060507416929361,0.42372881355932196,0.4066302458405761,0.09942049585235996,0.1942797503953293,nflverse_archive,2023,7,2023_07_WAS_NYG,NYG,WAS,nflverse,,nflverse_archive,false,archive_final_fallback,,win,1.3600000000000003,gaussian_unconditional,false,false,false,archive_final_fallback
spread,home,3.0,-112,1.8928571428571428,0.599016842873104,0.5283018867924528,0.5043297540699689,0.09468708880313503,0.1338533097240897,nflverse_archive,2023,7,2023_07_WAS_NYG,NYG,WAS,nflverse,,nflverse_archive,false,archive_final_fallback,,win,0.8928571428571428,gaussian_unconditional,false,false,false,archive_final_fallback
total,over,37.0,-108,1.925925925925926,0.6648895906519221,0.5192307692307692,0.4956702459300312,0.16921934472189093,0.28052810051481303,nflverse_archive,2023,7,2023_07_WAS_NYG,NYG,WAS,nflverse,,nflverse_archive,false,archive_final_fallback,,loss,-1.0,gaussian_unconditional,false,false,false,archive_final_fallback
moneyline,home,,110,2.1,0.6032841315941282,0.47619047619047616,0.4572564612326044,0.1460276703615238,0.2668966763476692,nflverse_archive,2023,8,2023_08_ATL_TEN,TEN,ATL,nflverse,,nflverse_archive,false,archive_final_fallback,,win,1.1,gaussian_unconditional,false,false,false,archive_final_fallback
spread,home,2.5,-110,1.9090909090909092,0.6766054214716996,0.5238095238095238,0.5,0.17660542147169955,0.29170125917324463,nflverse_archive,2023,8,2023_08_ATL_TEN,TEN,ATL,nflverse,,nflverse_archive,false,archive_final_fallback,,win,0.9090909090909092,gaussian_unconditional,false,false,false,archive_final_fallback
total,over,35.0,-110,1.9090909090909092,0.5429524806192573,0.5238095238095238,0.5,0.04295248061925727,0.036545644818582135,nflverse_archive,2023,8,2023_08_ATL_TEN,TEN,ATL,nflverse,,nflverse_archive,false,archive_final_fallback,,win,0.9090909090909092,gaussian_unconditional,false,false,false,archive_final_fallback
moneyline,home,,380,4.8,0.3269089239983137,0.20833333333333334,0.19999999999999998,0.12690892399831374,0.5691628351919058,nflverse_archive,2023,8,2023_08_BAL_ARI,ARI,BAL,nflverse,,nflverse_archive,false,archive_final_fallback,,loss,-1.0,gaussian_unconditional,false,false,false,archive_final_fallback
spread,home,9.5,-110,1.9090909090909092,0.6170501873566603,0.5238095238095238,0.5,0.11705018735666028,0.17800490313544248,nflverse_archive,2023,8,2023_08_BAL_ARI,ARI,BAL,nflverse,,nflverse_archive,false,archive_final_fallback,,win,0.9090909090909092,gaussian_unconditional,false,false,false,archive_final_fallback
total,under,44.5,-110,1.9090909090909092,0.5948361901584304,0.5238095238095238,0.5,0.09483619015843037,0.13559636302973077,nflverse_archive,2023,8,2023_08_BAL_ARI,ARI,BAL,nflverse,,nflverse_archive,false,archive_final_fallback,,loss,-1.0,gaussian_unconditional,false,false,false,archive_final_fallback
moneyline,away,,340,4.4,0.32931563288066323,0.22727272727272727,0.21809369951534735,0.11122193336531588,0.4489887846749183,nflverse_archive,2023,8,2023_08_CHI_LAC,LAC,CHI,nflverse,,nflverse_archive,false,archive_final_fallback,,loss,-1.0,gaussian_unconditional,false,false,false,archive_final_fallback
spread,away,9.5,-108,1.925925925925926,0.6195897953261414,0.5192307692307692,0.4956702459300312,0.12391954939611027,0.19328405025775397,nflverse_archive,2023,8,2023_08_CHI_LAC,LAC,CHI,nflverse,,nflverse_archive,false,archive_final_fallback,,loss,-1.0,gaussian_unconditional,false,false,false,archive_final_fallback
total,over,46.0,-108,1.925925925925926,0.5695806907206192,0.5192307692307692,0.4956702459300312,0.07391044479058806,0.0969702191656372,nflverse_archive,2023,8,2023_08_CHI_LAC,LAC,CHI,nflverse,,nflverse_archive,false,archive_final_fallback,,loss,-1.0,gaussian_unconditional,false,false,false,archive_final_fallback
moneyline,home,,-205,1.4878048780487805,0.7796856727972227,0.6721311475409836,0.644729178800233,0.13495649399698972,0.16002014733245318,nflverse_archive,2023,8,2023_08_CIN_SF,SF,CIN,nflverse,,nflverse_archive,false,archive_final_fallback,,loss,-1.0,gaussian_unconditional,false,false,false,archive_final_fallback
spread,home,-4.0,-115,1.8695652173913042,0.6761427395283598,0.5348837209302326,0.5108342361863489,0.16530850334201086,0.26409294781389003,nflverse_archive,2023,8,2023_08_CIN_SF,SF,CIN,nflverse,,nflverse_archive,false,archive_final_fallback,,loss,-1.0,gaussian_unconditional,false,false,false,archive_final_fallback
total,under,44.0,-110,1.9090909090909092,0.5563629261641386,0.5238095238095238,0.5,0.05636292616413863,0.06214740449517375,nflverse_archive,2023,8,2023_08_CIN_SF,SF,CIN,nflverse,,nflverse_archive,false,archive_final_fallback,,loss,-1.0,gaussian_unconditional,false,false,false,archive_final_fallback
moneyline,away,,164,2.6399999999999997,0.42890871555113186,0.37878787878787884,0.36309581830587784,0.06581289724525402,0.13231900905498795,nflverse_archive,2023,8,2023_08_CLE_SEA,SEA,CLE,nflverse,,nflverse_archive,false,archive_final_fallback,,loss,-1.0,gaussian_unconditional,false,false,false,archive_final_fallback
spread,away,4.0,-110,1.9090909090909092,0.5537096307012459,0.5238095238095238,0.5,0.0537096307012459,0.05708202224783321,nflverse_archive,2023,8,2023_08_CLE_SEA,SEA,CLE,nflverse,,nflverse_archive,false,archive_final_fallback,,push,0.0,gaussian_unconditional,false,false,false,archive_final_fallback
total,over,39.5,-108,1.925925925925926,0.6071027048783897,0.5192307692307692,0.4956702459300312,0.11143245894835851,0.16923483902504688,nflverse_archive,2023,8,2023_08_CLE_SEA,SEA,CLE,nflverse,,nflverse_archive,false,archive_final_fallback,,win,0.925925925925926,gaussian_unconditional,false,false,false,archive_final_fallback
moneyline,home,,136,2.3600000000000003,0.4211748466524432,0.42372881355932196,0.4066302458405761,0.014544600811867092,-0.006027361900233896,nflverse_archive,2023,8,2023_08_HOU_CAR,CAR,HOU,nflverse,,nflverse_archive,false,archive_final_fallback,,win,1.3600000000000003,gaussian_unconditional,false,false,false,archive_final_fallback
spread,home,3.0,-102,1.9803921568627452,0.5146600488149475,0.504950495049505,0.4826358742837298,0.03202417453121775,0.019228724123719676,nflverse_archive,2023,8,2023_08_HOU_CAR,CAR,HOU,nflverse,,nflverse_archive,false,archive_final_fallback,,win,0.9803921568627452,gaussian_unconditional,false,false,false,archive_final_fallback
total,over,43.0,-110,1.9090909090909092,0.537094254089075,0.5238095238095238,0.5,0.03709425408907496,0.025361757806415808,nflverse_archive,2023,8,2023_08_HOU_CAR,CAR,HOU,nflverse,,nflverse_archive,false,archive_final_fallback,,loss,-1.0,gaussian_unconditional,false,false,false,archive_final_fallback
moneyline,home,,114,2.1399999999999997,0.47909297356941616,0.4672897196261683,0.44855888528345106,0.0305340882859651,0.025258963438550497,nflverse_archive,2023,8,2023_08_JAX_PIT,PIT,JAX,nflverse,,nflverse_archive,false,archive_final_fallback,,loss,-1.0,gaussian_unconditional,false,false,false,archive_final_fallback
spread,home,2.5,-110,1.9090909090909092,0.5572261509074257,0.5238095238095238,0.5,0.057226150907425666,0.06379537900508536,nflverse_archive,2023,8,2023_08_JAX_PIT,PIT,JAX,nflverse,,nflverse_archive,false,archive_final_fallback,,loss,-1.0,gaussian_unconditional,false,false,false,archive_final_fallback
total,over,41.0,-110,1.9090909090909092,0.5214381925341047,0.5238095238095238,0.5,0.021438192534104727,-0.0045270869803454294,nflverse_archive,2023,8,2023_08_JAX_PIT,PIT,JAX,nflverse,,nflverse_archive,false,archive_final_fallback,,loss,-1.0,gaussian_unconditional,false,false,false,archive_final_fallback
moneyline,home,,270,3.7,0.2930990794484982,0.27027027027027023,0.2591283863368669,0.03397069311163131,0.08446659395944356,nflverse_archive,2023,8,2023_08_KC_DEN,DEN,KC,nflverse,,nflverse_archive,false,archive_final_fallback,,win,2.7,gaussian_unconditional,false,false,false,archive_final_fallback
spread,away,-7.0,-102,1.9803921568627452,0.49781246931856615,0.504950495049505,0.4826358742837298,0.015176595034836371,-0.014136090173035631,nflverse_archive,2023,8,2023_08_KC_DEN,DEN,KC,nflverse,,nflverse_archive,false,archive_final_fallback,,loss,-1.0,gaussian_unconditional,false,false,false,archive_final_fallback
total,under,45.5,-110,1.9090909090909092,0.5264640984192804,0.5238095238095238,0.5,0.026464098419280435,0.005067824254989972,nflverse_archive,2023,8,2023_08_KC_DEN,DEN,KC,nflverse,,nflverse_archive,false,archive_final_fallback,,win,0.9090909090909092,gaussian_unconditional,false,false,false,archive_final_fallback
moneyline,away,,250,3.5,0.3140544813954358,0.2857142857142857,0.27424749163879597,0.03980698975663982,0.09919068488402516,nflverse_archive,2023,8,2023_08_LA_DAL,DAL,LA,nflverse,,nflverse_archive,false,archive_final_fallback,,loss,-1.0,gaussian_unconditional,false,false,false,archive_final_fallback
spread,away,6.5,-105,1.9523809523809523,0.5104401991647238,0.5121951219512195,0.4891657638136511,0.021274435351072707,-0.0034262778212534872,nflverse_archive,2023,8,2023_08_LA_DAL,DAL,LA,nflverse,,nflverse_archive,false,archive_final_fallback,,loss,-1.0,gaussian_unconditional,false,false,false,archive_final_fallback
total,under,44.5,-110,1.9090909090909092,0.5686292008619328,0.5238095238095238,0.5,0.0686292008619328,0.0855648380091445,nflverse_archive,2023,8,2023_08_LA_DAL,DAL,LA,nflverse,,nflverse_archive,false,archive_final_fallback,,loss,-1.0,gaussian_unconditional,false,false,false,archive_final_fallback
moneyline,away,,270,3.7,0.26826904954092523,0.27027027027027023,0.2591283863368669,0.009140663204058319,-0.007404516698576558,nflverse_archive,2023,8,2023_08_LV_DET,DET,LV,nflverse,,nflverse_archive,false,archive_final_fallback,,loss,-1.0,gaussian_unconditional,false,false,false,archive_final_fallback
spread,home,-7.0,-110,1.9090909090909092,0.5271945581175818,0.5238095238095238,0.5,0.027194558117581757,0.006462338224474395,nflverse_archive,2023,8,2023_08_LV_DET,DET,LV,nflverse,,nflverse_archive,false,archive_final_fallback,,win,0.9090909090909092,gaussian_unconditional,false,false,false,archive_final_fallback
total,under,46.0,-110,1.9090909090909092,0.5691424761033474,0.5238095238095238,0.5,0.06914247610334745,0.0865447271063906,nflverse_archive,2023,8,2023_08_LV_DET,DET,LV,nflverse,,nflverse_archive,false,archive_final_fallback,,win,0.9090909090909092,gaussian_unconditional,false,false,false,archive_final_fallback
moneyline,home,,-108,1.925925925925926,0.5597628268974404,0.5192307692307692,0.4956702459300312,0.06409258096740922,0.07806174069136684,nflverse_archive,2023,8,2023_08_MIN_GB,GB,MIN,nflverse,,nflverse_archive,false,archive_final_fallback,,loss,-1.0,gaussian_unconditional,false,false,false,archive_final_fallback
spread,home,1.0,-112,1.8928571428571428,0.5905329220861871,0.5283018867924528,0.5043297540699689,0.08620316801621819,0.11779445966313995,nflverse_archive,2023,8,2023_08_MIN_GB,GB,MIN,nflverse,,nflverse_archive,false,archive_final_fallback,,loss,-1.0,gaussian_unconditional,false,false,false,archive_final_fallback
total,over,41.5,-112,1.8928571428571428,0.5481439561462238,0.5283018867924528,0.5043297540699689,0.04381420207625486,0.03755820270535226,nflverse_archive,2023,8,2023_08_MIN_GB,GB,MIN,nflverse,,nflverse_archive,false,archive_final_fallback,,loss,-1.0,gaussian_unconditional,false,false,false,archive_final_fallback
moneyline,home,,-380,1.263157894736842,0.7662750668736698,0.7916666666666667,0.76,0.0062750668736697435,-0.03207359973852242,nflverse_archive,2023,8,2023_08_NE_MIA,MIA,NE,nflverse,,nflverse_archive,false,archive_final_fallback,,win,0.26315789473684204,gaussian_unconditional,false,false,false,archive_final_fallback
spread,home,-7.5,-110,1.9090909090909092,0.5546914896320918,0.5238095238095238,0.5,0.054691489632091805,0.05895648020672084,nflverse_archive,2023,8,2023_08_NE_MIA,MIA,NE,nflverse,,nflverse_archive,false,archive_final_fallback,,win,0.9090909090909092,gaussian_unconditional,false,false,false,archive_final_fallback
total,over,46.5,-110,1.9090909090909092,0.5541751263671488,0.5238095238095238,0.5,0.05417512636714883,0.05797069579182956,nflverse_archive,2023,8,2023_08_NE_MIA,MIA,NE,nflverse,,nflverse_archive,false,archive_final_fallback,,win,0.9090909090909092,gaussian_unconditional,false,false,false,archive_final_fallback
moneyline,home,,110,2.1,0.5499461490869821,0.47619047619047616,0.4572564612326044,0.09268968785437776,0.15488691308266245,nflverse_archive,2023,8,2023_08_NO_IND,IND,NO,nflverse,,nflverse_archive,false,archive_final_fallback,,loss,-1.0,gaussian_unconditional,false,false,false,archive_final_fallback
spread,home,2.0,-110,1.9090909090909092,0.6112665283575796,0.5238095238095238,0.5,0.11126652835757955,0.1669633723190156,nflverse_archive,2023,8,2023_08_NO_IND,IND,NO,nflverse,,nflverse_archive,false,archive_final_fallback,,loss,-1.0,gaussian_unconditional,false,false,false,archive_final_fallback
total,over,43.5,-110,1.9090909090909092,0.5306571662231809,0.5238095238095238,0.5,0.03065716622318093,0.013072771880618284,nflverse_archive,2023,8,2023_08_NO_IND,IND,NO,nflverse,,nflverse_archive,false,archive_final_fallback,,win,0.9090909090909092,gaussian_unconditional,false,false,false,archive_final_fallback
moneyline,home,,136,2.3600000000000003,0.4475068518693752,0.42372881355932196,0.4066302458405761,0.04087660602879911,0.056116170411725674,nflverse_archive,2023,8,2023_08_NYJ_NYG,NYG,NYJ,nflverse,,nflverse_archive,false,archive_final_fallback,,loss,-1.0,gaussian_unconditional,false,false,false,archive_final_fallback
spread,home,3.0,-105,1.9523809523809523,0.5412889854903334,0.5121951219512195,0.4891657638136511,0.05212322167668232,0.05680230500493666,nflverse_archive,2023,8,2023_08_NYJ_NYG,NYG,NYJ,nflverse,,nflverse_archive,false,archive_final_fallback,,push,0.0,gaussian_unconditional,false,false,false,archive_final_fallback
total,over,35.0,-108,1.925925925925926,0.5436891588805008,0.5192307692307692,0.4956702459300312,0.04801891295046967,0.04710504673281646,nflverse_archive,2023,8,2023_08_NYJ_NYG,NYG,NYJ,nflverse,,nflverse_archive,false,archive_final_fallback,,loss,-1.0,gaussian_unconditional,false,false,false,archive_final_fallback
moneyline,home,,245,3.45,0.3726692578872163,0.2898550724637681,0.27792074112197634,0.09474851676523993,0.2857089397108963,nflverse_archive,2023,8,2023_08_PHI_WAS,WAS,PHI,nflverse,,nflverse_archive,false,archive_final_fallback,,loss,-1.0,gaussian_unconditional,false,false,false,archive_final_fallback
spread,home,7.0,-110,1.9090909090909092,0.5890278625006955,0.5238095238095238,0.5,0.0890278625006955,0.12450773750132771,nflverse_archive,2023,8,2023_08_PHI_WAS,WAS,PHI,nflverse,,nflverse_archive,false,archive_final_fallback,,push,0.0,gaussian_unconditional,false,false,false,archive_final_fallback
total,over,42.5,-110,1.9090909090909092,0.5966520422132879,0.5238095238095238,0.5,0.09665204221328794,0.13906298967991337,nflverse_archive,2023,8,2023_08_PHI_WAS,WAS,PHI,nflverse,,nflverse_archive,false,archive_final_fallback,,win,0.9090909090909092,gaussian_unconditional,false,false,false,archive_final_fallback
moneyline,away,,370,4.7,0.25648752403631914,0.2127659574468085,0.2042241228835748,0.05226340115274433,0.20549136297070003,nflverse_archive,2023,8,2023_08_TB_BUF,BUF,TB,nflverse,,nflverse_archive,false,archive_final_fallback,,loss,-1.0,gaussian_unconditional,false,false,false,archive_final_fallback
spread,away,10.0,-112,1.8928571428571428,0.5522187821255385,0.5283018867924528,0.5043297540699689,0.047889028055569605,0.04527126616619803,nflverse_archive,2023,8,2023_08_TB_BUF,BUF,TB,nflverse,,nflverse_archive,false,archive_final_fallback,,win,0.8928571428571428,gaussian_unconditional,false,false,false,archive_final_fallback
total,under,43.0,-110,1.9090909090909092,0.5858402859132401,0.5238095238095238,0.5,0.08584028591324011,0.11842236401618567,nflverse_archive,2023,8,2023_08_TB_BUF,BUF,TB,nflverse,,nflverse_archive,false,archive_final_fallback,,win,0.9090909090909092,gaussian_unconditional,false,false,false,archive_final_fallback
moneyline,away,,525,6.25,0.27854060816082415,0.16,0.15349887133182846,0.1250417368289957,0.740878801005151,nflverse_archive,2023,9,2023_09_ARI_CLE,CLE,ARI,nflverse,,nflverse_archive,false,archive_final_fallback,,loss,-1.0,gaussian_unconditional,false,false,false,archive_final_fallback
spread,away,13.0,-112,1.8928571428571428,0.6694499116195842,0.5283018867924528,0.5043297540699689,0.1651201575496153,0.26717304699421285,nflverse_archive,2023,9,2023_09_ARI_CLE,CLE,ARI,nflverse,,nflverse_archive,false,archive_final_fallback,,loss,-1.0,gaussian_unconditional,false,false,false,archive_final_fallback
total,over,38.0,-110,1.9090909090909092,0.6699876945234018,0.5238095238095238,0.5,0.1699876945234018,0.27906741681740344,nflverse_archive,2023,9,2023_09_ARI_CLE,CLE,ARI,nflverse,,nflverse_archive,false,archive_final_fallback,,loss,-1.0,gaussian_unconditional,false,false,false,archive_final_fallback
moneyline,away,,105,2.05,0.5596770268484487,0.48780487804878053,0.4675324675324676,0.09214455931598109,0.14733790503931976,nflverse_archive,2023,9,2023_09_BUF_CIN,CIN,BUF,nflverse,,nflverse_archive,false,archive_final_fallback,,loss,-1.0,gaussian_unconditional,false,false,false,archive_final_fallback
spread,away,1.5,-108,1.925925925925926,0.6058374651406861,0.5192307692307692,0.4956702459300312,0.11016721921065498,0.1667980810116918,nflverse_archive,2023,9,2023_09_BUF_CIN,CIN,BUF,nflverse,,nflverse_archive,false,archive_final_fallback,,loss,-1.0,gaussian_unconditional,false,false,false,archive_final_fallback
total,under,51.0,-110,1.9090909090909092,0.7241692535007138,0.5238095238095238,0.5,0.22416925350071382,0.3825049385013628,nflverse_archive,2023,9,2023_09_BUF_CIN,CIN,BUF,nflverse,,nflverse_archive,false,archive_final_fallback,,win,0.9090909090909092,gaussian_unconditional,false,false,false,archive_final_fallback
moneyline,away,,340,4.4,0.2891578680978658,0.22727272727272727,0.21809369951534735,0.07106416858251846,0.27229461963060975,nflverse_archive,2023,9,2023_09_CHI_NO,NO,CHI,nflverse,,nflverse_archive,false,archive_final_fallback,,loss,-1.0,gaussian_unconditional,false,false,false,archive_final_fallback
spread,away,9.0,-108,1.925925925925926,0.5612614960281452,0.5192307692307692,0.4956702459300312,0.06559125009811406,0.08094806642457608,nflverse_archive,2023,9,2023_09_CHI_NO,NO,CHI,nflverse,,nflverse_archive,false,archive_final_fallback,,win,0.925925925925926,gaussian_unconditional,false,false,false,archive_final_fallback
total,over,42.0,-110,1.9090909090909092,0.5719477814925668,0.5238095238095238,0.5,0.07194778149256675,0.09190031012217292,nflverse_archive,2023,9,2023_09_CHI_NO,NO,CHI,nflverse,,nflverse_archive,false,archive_final_fallback,,loss,-1.0,gaussian_unconditional,false,false,false,archive_final_fallback
moneyline,away,,145,2.45,0.4664796859254712,0.4081632653061224,0.3907637655417407,0.07571592038373048,0.14287523051740436,nflverse_archive,2023,9,2023_09_DAL_PHI,PHI,DAL,nflverse,,nflverse_archive,false,archive_final_fallback,,loss,-1.0,gaussian_unconditional,false,false,false,archive_final_fallback
spread,away,3.5,-118,1.847457627118644,0.5761268749865012,0.5412844036697247,0.5173641257162701,0.05876274927023106,0.06436998938184102,nflverse_archive,2023,9,2023_09_DAL_PHI,PHI,DAL,nflverse,,nflverse_archive,false,archive_final_fallback,,loss,-1.0,gaussian_unconditional,false,false,false,archive_final_fallback
total,over,46.5,-110,1.9090909090909092,0.5358866896277696,0.5238095238095238,0.5,0.03588668962776964,0.023056407471196527,nflverse_archive,2023,9,2023_09_DAL_PHI,PHI,DAL,nflverse,,nflverse_archive,false,archive_final_fallback,,win,0.9090909090909092,gaussian_unconditional,false,false,false,archive_final_fallback
moneyline,home,,110,2.1,0.5140702468938454,0.47619047619047616,0.4572564612326044,0.05681378566124101,0.07954751847707531,nflverse_archive,2023,9,2023_09_IND_CAR,CAR,IND,nflverse,,nflverse_archive,false,archive_final_fallback,,loss,-1.0,gaussian_unconditional,false,false,false,archive_final_fallback
spread,home,1.5,-112,1.8928571428571428,0.5610421681376916,0.5283018867924528,0.5043297540699689,0.05671241406772265,0.06197267540348772,nflverse_archive,2023,9,2023_09_IND_CAR,CAR,IND,nflverse,,nflverse_archive,false,archive_final_fallback,,loss,-1.0,gaussian_unconditional,false,false,false,archive_final_fallback
total,over,45.0,-110,1.9090909090909092,0.626126808147289,0.5238095238095238,0.5,0.12612680814728905,0.19533299737209742,nflverse_archive,2023,9,2023_09_IND_CAR,CAR,IND,nflverse,,nflverse_archive,false,archive_final_fallback,,loss,-1.0,gaussian_unconditional,false,false,false,archive_final_fallback
moneyline,home,,142,2.42,0.5644624765894475,0.4132231404958678,0.3962430290578222,0.16821944753162527,0.3659991933464628,nflverse_archive,2023,9,2023_09_LAC_NYJ,NYJ,LAC,nflverse,,nflverse_archive,false,archive_final_fallback,,loss,-1.0,gaussian_unconditional,false,false,false,archive_final_fallback
spread,home,3.0,-102,1.9803921568627452,0.6550404080636654,0.504950495049505,0.4826358742837298,0.1724045337799356,0.29723688655745506,nflverse_archive,2023,9,2023_09_LAC_NYJ,NYJ,LAC,nflverse,,nflverse_archive,false,archive_final_fallback,,loss,-1.0,gaussian_unconditional,false,false,false,archive_final_fallback
total,over,41.0,-110,1.9090909090909092,0.510645909924456,0.5238095238095238,0.5,0.01064590992445602,-0.02513053559876577,nflverse_archive,2023,9,2023_09_LAC_NYJ,NYJ,LAC,nflverse,,nflverse_archive,false,archive_final_fallback,,loss,-1.0,gaussian_unconditional,false,false,false,archive_final_fallback
moneyline,away,,160,2.6,0.4459209133088784,0.3846153846153846,0.3666338582677166,0.07928705504116179,0.15939437460308392,nflverse_archive,2023,9,2023_09_LA_GB,GB,LA,nflverse,,nflverse_archive,false,archive_final_fallback,,loss,-1.0,gaussian_unconditional,false,false,false,archive_final_fallback
spread,away,3.5,-108,1.925925925925926,0.5557264583277851,0.5192307692307692,0.4956702459300312,0.06005621239775394,0.0702879938164751,nflverse_archive,2023,9,2023_09_LA_GB,GB,LA,nflverse,,nflverse_archive,false,archive_final_fallback,,loss,-1.0,gaussian_unconditional,false,false,false,archive_final_fallback
total,over,38.0,-108,1.925925925925926,0.6253486996498532,0.5192307692307692,0.4956702459300312,0.129678453719822,0.20437527339971728,nflverse_archive,2023,9,2023_09_LA_GB,GB,LA,nflverse,,nflverse_archive,false,archive_final_fallback,,loss,-1.0,gaussian_unconditional,false,false,false,archive_final_fallback
moneyline,home,,-115,1.8695652173913042,0.5969374860264854,0.5348837209302326,0.5108342361863489,0.08610324984013651,0.11601356083212488,nflverse_archive,2023,9,2023_09_MIA_KC,KC,MIA,nflverse,,nflverse_archive,false,archive_final_fallback,,win,0.8695652173913042,gaussian_unconditional,false,false,false,archive_final_fallback
spread,home,-1.0,-108,1.925925925925926,0.5661330060764977,0.5192307692307692,0.4956702459300312,0.07046276014646657,0.09033023392510686,nflverse_archive,2023,9,2023_09_MIA_KC,KC,MIA,nflverse,,nflverse_archive,false,archive_final_fallback,,win,0.925925925925926,gaussian_unconditional,false,false,false,archive_final_fallback
total,under,51.0,-108,1.925925925925926,0.557766033694913,0.5192307692307692,0.4956702459300312,0.06209578776488178,0.07421606489390653,nflverse_archive,2023,9,2023_09_MIA_KC,KC,MIA,nflverse,,nflverse_archive,false,archive_final_fallback,,win,0.925925925925926,gaussian_unconditional,false,false,false,archive_final_fallback
moneyline,away,,160,2.6,0.49825311778637493,0.3846153846153846,0.3690596562184024,0.1291934615679725,0.2954581062445749,nflverse_archive,2023,9,2023_09_MIN_ATL,ATL,MIN,nflverse,,nflverse_archive,false,archive_final_fallback,,win,1.6,gaussian_unconditional,false,false,false,archive_final_fallback
spread,away,3.5,-108,1.925925925925926,0.6070883040710837,0.5192307692307692,0.4956702459300312,0.11141805814105255,0.1692071041369021,nflverse_archive,2023,9,2023_09_MIN_ATL,ATL,MIN,nflverse,,nflverse_archive,false,archive_final_fallback,,win,0.925925925925926,gaussian_unconditional,false,false,false,archive_final_fallback
total,over,38.5,-108,1.925925925925926,0.5529257005531134,0.5192307692307692,0.4956702459300312,0.057255454623082236,0.06489394180599617,nflverse_archive,2023,9,2023_09_MIN_ATL,ATL,MIN,nflverse,,nflverse_archive,false,archive_final_fallback,,win,0.925925925925926,gaussian_unconditional,false,false,false,archive_final_fallback
moneyline,home,,-118,1.847457627118644,0.6068406553683001,0.5412844036697247,0.5173641257162701,0.08947652965203001,0.12111239720584255,nflverse_archive,2023,9,2023_09_NYG_LV,LV,NYG,nflverse,,nflverse_archive,false,archive_final_fallback,,win,0.847457627118644,gaussian_unconditional,false,false,false,archive_final_fallback
spread,home,-1.0,-110,1.9090909090909092,0.5762086033592769,0.5238095238095238,0.5,0.07620860335927693,0.1000346064131652,nflverse_archive,2023,9,2023_09_NYG_LV,LV,NYG,nflverse,,nflverse_archive,false,archive_final_fallback,,win,0.9090909090909092,gaussian_unconditional,false,false,false,archive_final_fallback
total,under,38.5,-112,1.8928571428571428,0.5526469610452464,0.5283018867924528,0.5043297540699689,0.048317206975277416,0.04608174769278772,nflverse_archive,2023,9,2023_09_NYG_LV,LV,NYG,nflverse,,nflverse_archive,false,archive_final_fallback,,win,0.8928571428571428,gaussian_unconditional,false,false,false,archive_final_fallback
moneyline,away,,220,3.2,0.30826693866210975,0.3125,0.299837925445705,0.008429013216404768,-0.013545796281248745,nflverse_archive,2023,9,2023_09_SEA_BAL,BAL,SEA,nflverse,,nflverse_archive,false,archive_final_fallback,,loss,-1.0,gaussian_unconditional,false,false,false,archive_final_fallback
spread,home,-6.0,-110,1.9090909090909092,0.5109398100199918,0.5238095238095238,0.5,0.01093981001999178,-0.02456945359819751,nflverse_archive,2023,9,2023_09_SEA_BAL,BAL,SEA,nflverse,,nflverse_archive,false,archive_final_fallback,,win,0.9090909090909092,gaussian_unconditional,false,false,false,archive_final_fallback
total,under,44.5,-112,1.8928571428571428,0.5745864800520005,0.5283018867924528,0.5043297540699689,0.07025672598203159,0.08761012295557236,nflverse_archive,2023,9,2023_09_SEA_BAL,BAL,SEA,nflverse,,nflverse_archive,false,archive_final_fallback,,win,0.8928571428571428,gaussian_unconditional,false,false,false,archive_final_fallback
moneyline,home,,-148,1.6756756756756757,0.6106477557365231,0.5967741935483871,0.5720596355604638,0.03858812017605928,0.023247590693633358,nflverse_archive,2023,9,2023_09_TB_HOU,HOU,TB,nflverse,,nflverse_archive,false,archive_final_fallback,,win,0.6756756756756757,gaussian_unconditional,false,false,false,archive_final_fallback
spread,home,-2.5,-120,1.8333333333333335,0.5333848578833478,0.5454545454545454,0.5217391304347826,0.01164572744856518,-0.022127760547195674,nflverse_archive,2023,9,2023_09_TB_HOU,HOU,TB,nflverse,,nflverse_archive,false,archive_final_fallback,,loss,-1.0,gaussian_unconditional,false,false,false,archive_final_fallback
total,under,39.5,-110,1.9090909090909092,0.5680393217470434,0.5238095238095238,0.5,0.06803932174704341,0.08443870515344654,nflverse_archive,2023,9,2023_09_TB_HOU,HOU,TB,nflverse,,nflverse_archive,false,archive_final_fallback,,loss,-1.0,gaussian_unconditional,false,false,false,archive_final_fallback
moneyline,away,,145,2.45,0.448948494773711,0.4081632653061224,0.3907637655417407,0.05818472923197032,0.0999238121955921,nflverse_archive,2023,9,2023_09_TEN_PIT,PIT,TEN,nflverse,,nflverse_archive,false,archive_final_fallback,,loss,-1.0,gaussian_unconditional,false,false,false,archive_final_fallback
spread,away,3.5,-120,1.8333333333333335,0.5587491014126426,0.5454545454545454,0.5217391304347826,0.03700997097785996,0.024373352589844854,nflverse_archive,2023,9,2023_09_TEN_PIT,PIT,TEN,nflverse,,nflverse_archive,false,archive_final_fallback,,loss,-1.0,gaussian_unconditional,false,false,false,archive_final_fallback
total,over,37.0,-112,1.8928571428571428,0.5216131981788519,0.5283018867924528,0.5043297540699689,0.01728344410888294,-0.01266073201860185,nflverse_archive,2023,9,2023_09_TEN_PIT,PIT,TEN,nflverse,,nflverse_archive,false,archive_final_fallback,,loss,-1.0,gaussian_unconditional,false,false,false,archive_final_fallback
moneyline,away,,130,2.3,0.4281392290673689,0.4347826086956522,0.41700735895339325,0.01113187011397565,-0.015279773145051578,nflverse_archive,2023,9,2023_09_WAS_NE,NE,WAS,nflverse,,nflverse_archive,false,archive_final_fallback,,win,1.2999999999999998,gaussian_unconditional,false,false,false,archive_final_fallback
spread,away,2.5,100,2.0,0.5064278103657228,0.5,0.4782608695652174,0.028166940800505413,0.012855620731445638,nflverse_archive,2023,9,2023_09_WAS_NE,NE,WAS,nflverse,,nflverse_archive,false,archive_final_fallback,,win,1.0,gaussian_unconditional,false,false,false,archive_final_fallback
total,over,40.5,-110,1.9090909090909092,0.5696505349442418,0.5238095238095238,0.5,0.06965053494424178,0.08751465762082522,nflverse_archive,2023,9,2023_09_WAS_NE,NE,WAS,nflverse,,nflverse_archive,false,archive_final_fallback,,loss,-1.0,gaussian_unconditional,false,false,false,archive_final_fallback
moneyline,home,,110,2.1,0.5069986281404495,0.47619047619047616,0.4572564612326044,0.04974216690784511,0.06469711909494391,nflverse_archive,2023,10,2023_10_ATL_ARI,ARI,ATL,nflverse,,nflverse_archive,false,archive_final_fallback,,win,1.1,gaussian_unconditional,false,false,false,archive_final_fallback
spread,home,2.0,-110,1.9090909090909092,0.5693865760681772,0.5238095238095238,0.5,0.06938657606817722,0.08701073613015664,nflverse_archive,2023,10,2023_10_ATL_ARI,ARI,ATL,nflverse,,nflverse_archive,false,archive_final_fallback,,win,0.9090909090909092,gaussian_unconditional,false,false,false,archive_final_fallback
total,under,43.5,-108,1.925925925925926,0.5491581348928949,0.5192307692307692,0.4956702459300312,0.05348788896286372,0.05763788942335313,nflverse_archive,2023,10,2023_10_ATL_ARI,ARI,ATL,nflverse,,nflverse_archive,false,archive_final_fallback,,loss,-1.0,gaussian_unconditional,false,false,false,archive_final_fallback
moneyline,home,,-180,1.5555555555555556,0.6345422386864676,0.6428571428571428,0.6164383561643836,0.018103882522084058,-0.012934295376605842,nflverse_archive,2023,10,2023_10_CAR_CHI,CHI,CAR,nflverse,,nflverse_archive,false,archive_final_fallback,,win,0.5555555555555556,gaussian_unconditional,false,false,false,archive_final_fallback
spread,home,-3.0,-120,1.8333333333333335,0.5430040379358126,0.5454545454545454,0.5217391304347826,0.02126490750103005,-0.004492597117676689,nflverse_archive,2023,10,2023_10_CAR_CHI,CHI,CAR,nflverse,,nflverse_archive,false,archive_final_fallback,,push,0.0,gaussian_unconditional,false,false,false,archive_final_fallback
total,over,38.0,-115,1.8695652173913042,0.7166421535328742,0.5348837209302326,0.5108342361863489,0.20580791734652526,0.33980924356146036,nflverse_archive,2023,10,2023_10_CAR_CHI,CHI,CAR,nflverse,,nflverse_archive,false,archive_final_fallback,,loss,-1.0,gaussian_unconditional,false,false,false,archive_final_fallback
moneyline,home,,-258,1.3875968992248062,0.7151027897885153,0.7206703910614525,0.690792883054068,0.024309906734447218,-0.007725586262447792,nflverse_archive,2023,10,2023_10_CLE_BAL,BAL,CLE,nflverse,,nflverse_archive,false,archive_final_fallback,,loss,-1.0,gaussian_unconditional,false,false,false,archive_final_fallback
spread,home,-6.0,-108,1.925925925925926,0.5384572908374503,0.5192307692307692,0.4956702459300312,0.042787044907419136,0.037028856427682166,nflverse_archive,2023,10,2023_10_CLE_BAL,BAL,CLE,nflverse,,nflverse_archive,false,archive_final_fallback,,loss,-1.0,gaussian_unconditional,false,false,false,archive_final_fallback
total,over,38.5,-112,1.8928571428571428,0.5354487080035915,0.5283018867924528,0.5043297540699689,0.031118953933622517,0.013527911578226748,nflverse_archive,2023,10,2023_10_CLE_BAL,BAL,CLE,nflverse,,nflverse_archive,false,archive_final_fallback,,win,0.8928571428571428,gaussian_unconditional,false,false,false,archive_final_fallback
moneyline,home,,-395,1.2531645569620253,0.8142937925831204,0.797979797979798,0.7659021045164341,0.048391688066686256,0.020444119819353457,nflverse_archive,2023,10,2023_10_DEN_BUF,BUF,DEN,nflverse,,nflverse_archive,false,archive_final_fallback,,loss,-1.0,gaussian_unconditional,false,false,false,archive_final_fallback
spread,home,-7.5,-108,1.925925925925926,0.619463806914607,0.5192307692307692,0.4956702459300312,0.12379356098457583,0.1930414059096135,nflverse_archive,2023,10,2023_10_DEN_BUF,BUF,DEN,nflverse,,nflverse_archive,false,archive_final_fallback,,loss,-1.0,gaussian_unconditional,false,false,false,archive_final_fallback
total,under,47.5,-112,1.8928571428571428,0.528824000287119,0.5283018867924528,0.5043297540699689,0.024494246217150017,0.0009882862577608176,nflverse_archive,2023,10,2023_10_DEN_BUF,BUF,DEN,nflverse,,nflverse_archive,false,archive_final_fallback,,win,0.8928571428571428,gaussian_unconditional,false,false,false,archive_final_fallback
moneyline,home,,120,2.2,0.5914325316784399,0.45454545454545453,0.43650793650793646,0.15492459517050344,0.30115156969256796,nflverse_archive,2023,10,2023_10_DET_LAC,LAC,DET,nflverse,,nflverse_archive,false,archive_final_fallback,,loss,-1.0,gaussian_unconditional,false,false,false,archive_final_fallback
spread,home,2.5,-110,1.9090909090909092,0.6656080092611313,0.5238095238095238,0.5,0.16560800926113128,0.27070619949852337,nflverse_archive,2023,10,2023_10_DET_LAC,LAC,DET,nflverse,,nflverse_archive,false,archive_final_fallback,,loss,-1.0,gaussian_unconditional,false,false,false,archive_final_fallback
total,under,48.5,-110,1.9090909090909092,0.5472430776078469,0.5238095238095238,0.5,0.04724307760784685,0.04473678452407137,nflverse_archive,2023,10,2023_10_DET_LAC,LAC,DET,nflverse,,nflverse_archive,false,archive_final_fallback,,loss,-1.0,gaussian_unconditional,false,false,false,archive_final_fallback
moneyline,away,,140,2.4,0.4296038329940439,0.4166666666666667,0.4003612281757977,0.0292426048182462,0.031049199185705367,nflverse_archive,2023,10,2023_10_GB_PIT,PIT,GB,nflverse,,nflverse_archive,false,archive_final_fallback,,loss,-1.0,gaussian_unconditional,false,false,false,archive_final_fallback
spread,away,3.0,100,2.0,0.5233329123146028,0.5,0.4782608695652174,0.045072042749385366,0.04666582462920554,nflverse_archive,2023,10,2023_10_GB_PIT,PIT,GB,nflverse,,nflverse_archive,false,archive_final_fallback,,loss,-1.0,gaussian_unconditional,false,false,false,archive_final_fallback
total,under,38.5,-112,1.8928571428571428,0.5083403816564858,0.5283018867924528,0.5043297540699689,0.004010627586516824,-0.03778427757879488,nflverse_archive,2023,10,2023_10_GB_PIT,PIT,GB,nflverse,,nflverse_archive,false,archive_final_fallback,,loss,-1.0,gaussian_unconditional,false,false,false,archive_final_fallback
moneyline,away,,205,3.05,0.39236073508169445,0.3278688524590164,0.3146067415730337,0.07775399350866075,0.1967002419991679,nflverse_archive,2023,10,2023_10_HOU_CIN,CIN,HOU,nflverse,,nflverse_archive,false,archive_final_fallback,,win,2.05,gaussian_unconditional,false,false,false,archive_final_fallback
spread,away,5.5,-110,1.9090909090909092,0.5632907451041576,0.5238095238095238,0.5,0.06329074510415755,0.0753732406533918,nflverse_archive,2023,10,2023_10_HOU_CIN,CIN,HOU,nflverse,,nflverse_archive,false,archive_final_fallback,,win,0.9090909090909092,gaussian_unconditional,false,false,false,archive_final_fallback
total,under,46.0,-110,1.9090909090909092,0.6161429481669861,0.5238095238095238,0.5,0.11614294816698612,0.1762729010460644,nflverse_archive,2023,10,2023_10_HOU_CIN,CIN,HOU,nflverse,,nflverse_archive,false,archive_final_fallback,,loss,-1.0,gaussian_unconditional,false,false,false,archive_final_fallback
moneyline,home,,-102,1.9803921568627452,0.4930556098047648,0.504950495049505,0.4826358742837298,0.010419735521035034,-0.02355653744546571,nflverse_archive,2023,10,2023_10_IND_NE,NE,IND,nflverse,,nflverse_archive,false,archive_final_fallback,,loss,-1.0,gaussian_unconditional,false,false,false,archive_final_fallback
spread,home,1.0,-110,1.9090909090909092,0.5244105919544949,0.5238095238095238,0.5,0.02441059195449491,0.0011474937313085132,nflverse_archive,2023,10,2023_10_IND_NE,NE,IND,nflverse,,nflverse_archive,false,archive_final_fallback,,loss,-1.0,gaussian_unconditional,false,false,false,archive_final_fallback
total,over,42.0,-110,1.9090909090909092,0.595167730497386,0.5238095238095238,0.5,0.09516773049738603,0.13622930367682784,nflverse_archive,2023,10,2023_10_IND_NE,NE,IND,nflverse,,nflverse_archive,false,archive_final_fallback,,loss,-1.0,gaussian_unconditional,false,false,false,archive_final_fallback
moneyline,home,,130,2.3,0.6106691931438025,0.4347826086956522,0.41700735895339325,0.19366183419040928,0.4045391442307458,nflverse_archive,2023,10,2023_10_NO_MIN,MIN,NO,nflverse,,nflverse_archive,false,archive_final_fallback,,win,1.2999999999999998,gaussian_unconditional,false,false,false,archive_final_fallback
spread,home,3.0,-115,1.8695652173913042,0.6974103304551867,0.5348837209302326,0.5108342361863489,0.1865760942688378,0.3038540960683924,nflverse_archive,2023,10,2023_10_NO_MIN,MIN,NO,nflverse,,nflverse_archive,false,archive_final_fallback,,win,0.8695652173913042,gaussian_unconditional,false,false,false,archive_final_fallback
total,over,41.0,-108,1.925925925925926,0.5322064672907749,0.5192307692307692,0.4956702459300312,0.03653622136074375,0.024990233300751674,nflverse_archive,2023,10,2023_10_NO_MIN,MIN,NO,nflverse,,nflverse_archive,false,archive_final_fallback,,win,0.925925925925926,gaussian_unconditional,false,false,false,archive_final_fallback
moneyline,away,,1100,12.0,0.1432241840831744,0.08333333333333333,0.08029197080291971,0.06293221328025468,0.7186902089980927,nflverse_archive,2023,10,2023_10_NYG_DAL,DAL,NYG,nflverse,,nflverse_archive,false,archive_final_fallback,,loss,-1.0,gaussian_unconditional,false,false,false,archive_final_fallback
spread,away,17.5,-108,1.925925925925926,0.6217790715237566,0.5192307692307692,0.4956702459300312,0.12610882559372538,0.19750043404575335,nflverse_archive,2023,10,2023_10_NYG_DAL,DAL,NYG,nflverse,,nflverse_archive,false,archive_final_fallback,,loss,-1.0,gaussian_unconditional,false,false,false,archive_final_fallback
total,over,38.5,-112,1.8928571428571428,0.5543497135018547,0.5283018867924528,0.5043297540699689,0.05001995943188575,0.04930481484279636,nflverse_archive,2023,10,2023_10_NYG_DAL,DAL,NYG,nflverse,,nflverse_archive,false,archive_final_fallback,,win,0.8928571428571428,gaussian_unconditional,false,false,false,archive_final_fallback
moneyline,home,,-105,1.9523809523809523,0.5637461863937636,0.5121951219512195,0.4891657638136511,0.0745804225801125,0.10064731629258605,nflverse_archive,2023,10,2023_10_NYJ_LV,LV,NYJ,nflverse,,nflverse_archive,false,archive_final_fallback,,win,0.9523809523809523,gaussian_unconditional,false,false,false,archive_final_fallback
spread,home,1.0,-112,1.8928571428571428,0.5944892705023923,0.5283018867924528,0.5043297540699689,0.09015951643242337,0.12528326202238538,nflverse_archive,2023,10,2023_10_NYJ_LV,LV,NYJ,nflverse,,nflverse_archive,false,archive_final_fallback,,win,0.8928571428571428,gaussian_unconditional,false,false,false,archive_final_fallback
total,over,35.5,-108,1.925925925925926,0.5426434898524795,0.5192307692307692,0.4956702459300312,0.04697324392244828,0.04509116564181226,nflverse_archive,2023,10,2023_10_NYJ_LV,LV,NYJ,nflverse,,nflverse_archive,false,archive_final_fallback,,loss,-1.0,gaussian_unconditional,false,false,false,archive_final_fallback
moneyline,home,,142,2.42,0.5272223311492631,0.4132231404958678,0.3962430290578222,0.13097930209144087,0.27587804138121674,nflverse_archive,2023,10,2023_10_SF_JAX,JAX,SF,nflverse,,nflverse_archive,false,archive_final_fallback,,loss,-1.0,gaussian_unconditional,false,false,false,archive_final_fallback
spread,home,3.0,-108,1.925925925925926,0.6195093776640281,0.5192307692307692,0.4956702459300312,0.12383913173399697,0.19312917179738753,nflverse_archive,2023,10,2023_10_SF_JAX,JAX,SF,nflverse,,nflverse_archive,false,archive_final_fallback,,loss,-1.0,gaussian_unconditional,false,false,false,archive_final_fallback
total,under,44.5,-112,1.8928571428571428,0.5191244659412022,0.5283018867924528,0.5043297540699689,0.014794711871233268,-0.017371546611295807,nflverse_archive,2023,10,2023_10_SF_JAX,JAX,SF,nflverse,,nflverse_archive,false,archive_final_fallback,,win,0.8928571428571428,gaussian_unconditional,false,false,false,archive_final_fallback
moneyline,home,,-142,1.704225352112676,0.6026310076090525,0.5867768595041323,0.5634920634920635,0.03913894411698904,0.02701904113655429,nflverse_archive,2023,10,2023_10_TEN_TB,TB,TEN,nflverse,,nflverse_archive,false,archive_final_fallback,,win,0.704225352112676,gaussian_unconditional,false,false,false,archive_final_fallback
spread,home,-2.5,-115,1.8695652173913042,0.5253465116436243,0.5348837209302326,0.5108342361863489,0.014512275457275403,-0.0178304347532241,nflverse_archive,2023,10,2023_10_TEN_TB,TB,TEN,nflverse,,nflverse_archive,false,archive_final_fallback,,win,0.8695652173913042,gaussian_unconditional,false,false,false,archive_final_fallback
total,under,39.5,-110,1.9090909090909092,0.5319558015014622,0.5238095238095238,0.5,0.031955801501462155,0.015551984684609721,nflverse_archive,2023,10,2023_10_TEN_TB,TB,TEN,nflverse,,nflverse_archive,false,archive_final_fallback,,win,0.9090909090909092,gaussian_unconditional,false,false,false,archive_final_fallback
moneyline,away,,220,3.2,0.31654472677541445,0.3125,0.299837925445705,0.016706801329709475,0.012943125681326384,nflverse_archive,2023,10,2023_10_WAS_SEA,SEA,WAS,nflverse,,nflverse_archive,false,archive_final_fallback,,loss,-1.0,gaussian_unconditional,false,false,false,archive_final_fallback
spread,home,-6.0,-110,1.9090909090909092,0.5022247202191978,0.5238095238095238,0.5,0.00222472021919784,-0.041207352308804124,nflverse_archive,2023,10,2023_10_WAS_SEA,SEA,WAS,nflverse,,nflverse_archive,false,archive_final_fallback,,loss,-1.0,gaussian_unconditional,false,false,false,archive_final_fallback
total,over,44.0,-108,1.925925925925926,0.5412223887470338,0.5192307692307692,0.4956702459300312,0.045552142817002594,0.042354230179472596,nflverse_archive,2023,10,2023_10_WAS_SEA,SEA,WAS,nflverse,,nflverse_archive,false,archive_final_fallback,,win,0.925925925925926,gaussian_unconditional,false,false,false,archive_final_fallback
moneyline,home,,-250,1.4,0.7420027311858859,0.7142857142857143,0.6853932584269663,0.05660947275891959,0.038803823660240155,nflverse_archive,2023,11,2023_11_ARI_HOU,HOU,ARI,nflverse,,nflverse_archive,false,archive_final_fallback,,win,0.3999999999999999,gaussian_unconditional,false,false,false,archive_final_fallback
spread,home,-5.5,-112,1.8928571428571428,0.5854129545855664,0.5283018867924528,0.5043297540699689,0.08108320051559748,0.10810309260839346,nflverse_archive,2023,11,2023_11_ARI_HOU,HOU,ARI,nflverse,,nflverse_archive,false,archive_final_fallback,,loss,-1.0,gaussian_unconditional,false,false,false,archive_final_fallback
total,under,48.0,-110,1.9090909090909092,0.5947056586909957,0.5238095238095238,0.5,0.09470565869099568,0.13534716659190082,nflverse_archive,2023,11,2023_11_ARI_HOU,HOU,ARI,nflverse,,nflverse_archive,false,archive_final_fallback,,win,0.9090909090909092,gaussian_unconditional,false,false,false,archive_final_fallback
moneyline,away,,340,4.4,0.2437136878641628,0.22727272727272727,0.21809369951534735,0.02561998834881546,0.07234022660231654,nflverse_archive,2023,11,2023_11_CHI_DET,DET,CHI,nflverse,,nflverse_archive,false,archive_final_fallback,,loss,-1.0,gaussian_unconditional,false,false,false,archive_final_fallback
spread,home,-8.0,-110,1.9090909090909092,0.5253025319116755,0.5238095238095238,0.5,0.02530253191167553,0.002850288195016981,nflverse_archive,2023,11,2023_11_CHI_DET,DET,CHI,nflverse,,nflverse_archive,false,archive_final_fallback,,loss,-1.0,gaussian_unconditional,false,false,false,archive_final_fallback
total,over,48.0,-110,1.9090909090909092,0.5177390154897175,0.5238095238095238,0.5,0.017739015489717458,-0.011589152246903045,nflverse_archive,2023,11,2023_11_CHI_DET,DET,CHI,nflverse,,nflverse_archive,false,archive_final_fallback,,win,0.9090909090909092,gaussian_unconditional,false,false,false,archive_final_fallback
moneyline,home,,-205,1.4878048780487805,0.7416274440190986,0.6721311475409836,0.644729178800233,0.09689826521886569,0.10339692890646379,nflverse_archive,2023,11,2023_11_CIN_BAL,BAL,CIN,nflverse,,nflverse_archive,false,archive_final_fallback,,win,0.4878048780487805,gaussian_unconditional,false,false,false,archive_final_fallback
spread,home,-4.0,-108,1.925925925925926,0.630395480953923,0.5192307692307692,0.4956702459300312,0.13472523502389178,0.2140950003557036,nflverse_archive,2023,11,2023_11_CIN_BAL,BAL,CIN,nflverse,,nflverse_archive,false,archive_final_fallback,,win,0.925925925925926,gaussian_unconditional,false,false,false,archive_final_fallback
total,under,46.5,-112,1.8928571428571428,0.6360162106305417,0.5283018867924528,0.5043297540699689,0.13168645656057276,0.2038878272649538,nflverse_archive,2023,11,2023_11_CIN_BAL,BAL,CIN,nflverse,,nflverse_archive,false,archive_final_fallback,,loss,-1.0,gaussian_unconditional,false,false,false,archive_final_fallback
moneyline,home,,470,5.7,0.2794446831005597,0.17543859649122806,0.16835016835016833,0.11109451475039137,0.5928346936731903,nflverse_archive,2023,11,2023_11_DAL_CAR,CAR,DAL,nflverse,,nflverse_archive,false,archive_final_fallback,,loss,-1.0,gaussian_unconditional,false,false,false,archive_final_fallback
spread,home,11.0,-110,1.9090909090909092,0.6114308354397162,0.5238095238095238,0.5,0.11143083543971621,0.167277049475822,nflverse_archive,2023,11,2023_11_DAL_CAR,CAR,DAL,nflverse,,nflverse_archive,false,archive_final_fallback,,loss,-1.0,gaussian_unconditional,false,false,false,archive_final_fallback
total,over,43.0,-112,1.8928571428571428,0.5735910901411359,0.5283018867924528,0.5043297540699689,0.06926133607116691,0.08572599205286435,nflverse_archive,2023,11,2023_11_DAL_CAR,CAR,DAL,nflverse,,nflverse_archive,false,archive_final_fallback,,push,0.0,gaussian_unconditional,false,false,false,archive_final_fallback
moneyline,home,,136,2.3600000000000003,0.5239246511614303,0.42372881355932196,0.4066302458405761,0.11729440532085417,0.23646217674097558,nflverse_archive,2023,11,2023_11_LAC_GB,GB,LAC,nflverse,,nflverse_archive,false,archive_final_fallback,,win,1.3600000000000003,gaussian_unconditional,false,false,false,archive_final_fallback
spread,home,3.0,-110,1.9090909090909092,0.6166173347904322,0.5238095238095238,0.5,0.11661733479043224,0.17717854823627976,nflverse_archive,2023,11,2023_11_LAC_GB,GB,LAC,nflverse,,nflverse_archive,false,archive_final_fallback,,win,0.9090909090909092,gaussian_unconditional,false,false,false,archive_final_fallback
total,over,44.0,-112,1.8928571428571428,0.5232721343619784,0.5283018867924528,0.5043297540699689,0.018942380292009453,-0.009520602814826695,nflverse_archive,2023,11,2023_11_LAC_GB,GB,LAC,nflverse,,nflverse_archive,false,archive_final_fallback,,loss,-1.0,gaussian_unconditional,false,false,false,archive_final_fallback
moneyline,away,,700,8.0,0.25805149023101326,0.125,0.12,0.13805149023101326,1.064411921848106,nflverse_archive,2023,11,2023_11_LV_MIA,MIA,LV,nflverse,,nflverse_archive,false,archive_final_fallback,,loss,-1.0,gaussian_unconditional,false,false,false,archive_final_fallback
spread,away,14.0,-110,1.9090909090909092,0.6753663827115354,0.5238095238095238,0.5,0.17536638271153537,0.289335821540204,nflverse_archive,2023,11,2023_11_LV_MIA,MIA,LV,nflverse,,nflverse_archive,false,archive_final_fallback,,win,0.9090909090909092,gaussian_unconditional,false,false,false,archive_final_fallback
total,over,44.5,-110,1.9090909090909092,0.5925474051217332,0.5238095238095238,0.5,0.0925474051217332,0.131226864323309,nflverse_archive,2023,11,2023_11_LV_MIA,MIA,LV,nflverse,,nflverse_archive,false,archive_final_fallback,,loss,-1.0,gaussian_unconditional,false,false,false,archive_final_fallback
moneyline,away,,120,2.2,0.549952814482416,0.45454545454545453,0.43650793650793646,0.1134448779744795,0.20989619186131514,nflverse_archive,2023,11,2023_11_MIN_DEN,DEN,MIN,nflverse,,nflverse_archive,false,archive_final_fallback,,loss,-1.0,gaussian_unconditional,false,false,false,archive_final_fallback
spread,away,2.5,-102,1.9803921568627452,0.6265428701668706,0.504950495049505,0.4826358742837298,0.14390699588314082,0.2408005860167437,nflverse_archive,2023,11,2023_11_MIN_DEN,DEN,MIN,nflverse,,nflverse_archive,false,archive_final_fallback,,win,0.9803921568627452,gaussian_unconditional,false,false,false,archive_final_fallback
total,over,43.5,-105,1.9523809523809523,0.5877323489464273,0.5121951219512195,0.4891657638136511,0.09856658513277622,0.1474774431811201,nflverse_archive,2023,11,2023_11_MIN_DEN,DEN,MIN,nflverse,,nflverse_archive,false,archive_final_fallback,,loss,-1.0,gaussian_unconditional,false,false,false,archive_final_fallback
moneyline,away,,310,4.1,0.31362485504914206,0.24390243902439027,0.23409789548356588,0.07952695956557618,0.2858619057014824,nflverse_archive,2023,11,2023_11_NYG_WAS,WAS,NYG,nflverse,,nflverse_archive,false,archive_final_fallback,,win,3.0999999999999996,gaussian_unconditional,false,false,false,archive_final_fallback
spread,away,7.5,-110,1.9090909090909092,0.5421709448107095,0.5238095238095238,0.5,0.04217094481070949,0.035053621911354416,nflverse_archive,2023,11,2023_11_NYG_WAS,WAS,NYG,nflverse,,nflverse_archive,false,archive_final_fallback,,win,0.9090909090909092,gaussian_unconditional,false,false,false,archive_final_fallback
total,over,39.0,-110,1.9090909090909092,0.5883211143449247,0.5238095238095238,0.5,0.08832111434492473,0.12315849102212906,nflverse_archive,2023,11,2023_11_NYG_WAS,WAS,NYG,nflverse,,nflverse_archive,false,archive_final_fallback,,win,0.9090909090909092,gaussian_unconditional,false,false,false,archive_final_fallback
moneyline,away,,310,4.1,0.25776027306219285,0.24390243902439027,0.23409789548356588,0.023662377578626964,0.05681711955499047,nflverse_archive,2023,11,2023_11_NYJ_BUF,BUF,NYJ,nflverse,,nflverse_archive,false,archive_final_fallback,,loss,-1.0,gaussian_unconditional,false,false,false,archive_final_fallback
spread,home,-8.0,-112,1.8928571428571428,0.507709483382395,0.5283018867924528,0.5043297540699689,0.0033797293124260275,-0.03897847788332387,nflverse_archive,2023,11,2023_11_NYJ_BUF,BUF,NYJ,nflverse,,nflverse_archive,false,archive_final_fallback,,win,0.8928571428571428,gaussian_unconditional,false,false,false,archive_final_fallback
total,over,39.5,-108,1.925925925925926,0.498701242080298,0.5192307692307692,0.4956702459300312,0.003030996150266807,-0.03953834858609273,nflverse_archive,2023,11,2023_11_NYJ_BUF,BUF,NYJ,nflverse,,nflverse_archive,false,archive_final_fallback,,loss,-1.0,gaussian_unconditional,false,false,false,archive_final_fallback
moneyline,home,,-148,1.6756756756756757,0.601343631458845,0.5967741935483871,0.5720596355604638,0.029283995898381154,0.0076568959580645135,nflverse_archive,2023,11,2023_11_PHI_KC,KC,PHI,nflverse,,nflverse_archive,false,archive_final_fallback,,loss,-1.0,gaussian_unconditional,false,false,false,archive_final_fallback
spread,home,-2.5,-120,1.8333333333333335,0.5237859026035445,0.5454545454545454,0.5217391304347826,0.0020467721687619234,-0.03972584522683498,nflverse_archive,2023,11,2023_11_PHI_KC,KC,PHI,nflverse,,nflverse_archive,false,archive_final_fallback,,loss,-1.0,gaussian_unconditional,false,false,false,archive_final_fallback
total,under,46.0,-108,1.925925925925926,0.5594708029509629,0.5192307692307692,0.4956702459300312,0.06380055702093168,0.07749932420185446,nflverse_archive,2023,11,2023_11_PHI_KC,KC,PHI,nflverse,,nflverse_archive,false,archive_final_fallback,,win,0.925925925925926,gaussian_unconditional,false,false,false,archive_final_fallback
moneyline,home,,-142,1.704225352112676,0.7070027152980586,0.5867768595041323,0.5634920634920635,0.1435106518059951,0.20489195142345196,nflverse_archive,2023,11,2023_11_PIT_CLE,CLE,PIT,nflverse,,nflverse_archive,false,archive_final_fallback,,win,0.704225352112676,gaussian_unconditional,false,false,false,archive_final_fallback
spread,home,-2.5,-115,1.8695652173913042,0.6358849547465888,0.5348837209302326,0.5108342361863489,0.12505071856023986,0.18882839365666593,nflverse_archive,2023,11,2023_11_PIT_CLE,CLE,PIT,nflverse,,nflverse_archive,false,archive_final_fallback,,win,0.8695652173913042,gaussian_unconditional,false,false,false,archive_final_fallback
total,over,34.0,-112,1.8928571428571428,0.674214283995342,0.5283018867924528,0.5043297540699689,0.16988452992537306,0.2761913232768973,nflverse_archive,2023,11,2023_11_PIT_CLE,CLE,PIT,nflverse,,nflverse_archive,false,archive_final_fallback,,loss,-1.0,gaussian_unconditional,false,false,false,archive_final_fallback
moneyline,home,,-135,1.7407407407407407,0.5756390991367963,0.574468085106383,0.551441114716549,0.024197984420247343,0.0020384318307196114,nflverse_archive,2023,11,2023_11_SEA_LA,LA,SEA,nflverse,,nflverse_archive,false,archive_final_fallback,,win,0.7407407407407407,gaussian_unconditional,false,false,false,archive_final_fallback
spread,away,2.5,-110,1.9090909090909092,0.5025608386198531,0.5238095238095238,0.5,0.002560838619853123,-0.040565671725734886,nflverse_archive,2023,11,2023_11_SEA_LA,LA,SEA,nflverse,,nflverse_archive,false,archive_final_fallback,,win,0.9090909090909092,gaussian_unconditional,false,false,false,archive_final_fallback
total,under,45.0,-108,1.925925925925926,0.5598827336171287,0.5192307692307692,0.4956702459300312,0.06421248768709753,0.07829267215150715,nflverse_archive,2023,11,2023_11_SEA_LA,LA,SEA,nflverse,,nflverse_archive,false,archive_final_fallback,,win,0.925925925925926,gaussian_unconditional,false,false,false,archive_final_fallback
moneyline,away,,625,7.25,0.2304066670019861,0.13793103448275862,0.1322834645669291,0.09812320243505698,0.6704483357643991,nflverse_archive,2023,11,2023_11_TB_SF,SF,TB,nflverse,,nflverse_archive,false,archive_final_fallback,,loss,-1.0,gaussian_unconditional,false,false,false,archive_final_fallback
spread,away,13.5,-110,1.9090909090909092,0.6282426906670207,0.5238095238095238,0.5,0.12824269066702065,0.1993724094552214,nflverse_archive,2023,11,2023_11_TB_SF,SF,TB,nflverse,,nflverse_archive,false,archive_final_fallback,,win,0.9090909090909092,gaussian_unconditional,false,false,false,archive_final_fallback
total,under,41.5,-108,1.925925925925926,0.5256789057833418,0.5192307692307692,0.4956702459300312,0.030008659853310582,0.012418633360510078,nflverse_archive,2023,11,2023_11_TB_SF,SF,TB,nflverse,,nflverse_archive,false,archive_final_fallback,,win,0.925925925925926,gaussian_unconditional,false,false,false,archive_final_fallback
moneyline,away,,235,3.35,0.342441372188962,0.29850746268656714,0.28644876973925815,0.05599260244970383,0.1471785968330226,nflverse_archive,2023,11,2023_11_TEN_JAX,JAX,TEN,nflverse,,nflverse_archive,false,archive_final_fallback,,loss,-1.0,gaussian_unconditional,false,false,false,archive_final_fallback
spread,away,6.5,-105,1.9523809523809523,0.5425377996057983,0.5121951219512195,0.4891657638136511,0.053372035792147166,0.05924046589703469,nflverse_archive,2023,11,2023_11_TEN_JAX,JAX,TEN,nflverse,,nflverse_archive,false,archive_final_fallback,,loss,-1.0,gaussian_unconditional,false,false,false,archive_final_fallback
total,under,40.0,-110,1.9090909090909092,0.5179082933910595,0.5238095238095238,0.5,0.017908293391059482,-0.011265985344340979,nflverse_archive,2023,11,2023_11_TEN_JAX,JAX,TEN,nflverse,,nflverse_archive,false,archive_final_fallback,,loss,-1.0,gaussian_unconditional,false,false,false,archive_final_fallback
moneyline,home,,142,2.42,0.4423761191028843,0.4132231404958678,0.3962430290578222,0.04613309004506211,0.07055020822897995,nflverse_archive,2023,12,2023_12_BAL_LAC,LAC,BAL,nflverse,,nflverse_archive,false,archive_final_fallback,,loss,-1.0,gaussian_unconditional,false,false,false,archive_final_fallback
spread,home,3.0,-105,1.9523809523809523,0.5371860798611074,0.5121951219512195,0.4891657638136511,0.048020316047456324,0.04879187020501918,nflverse_archive,2023,12,2023_12_BAL_LAC,LAC,BAL,nflverse,,nflverse_archive,false,archive_final_fallback,,loss,-1.0,gaussian_unconditional,false,false,false,archive_final_fallback
total,under,49.0,-110,1.9090909090909092,0.583911423292264,0.5238095238095238,0.5,0.08391142329226398,0.11473998992159484,nflverse_archive,2023,12,2023_12_BAL_LAC,LAC,BAL,nflverse,,nflverse_archive,false,archive_final_fallback,,win,0.9090909090909092,gaussian_unconditional,false,false,false,archive_final_fallback
moneyline,away,,124,2.24,0.4321679968408464,0.4464285714285714,0.4279403644395361,0.0042276324013102995,-0.03194368707650397,nflverse_archive,2023,12,2023_12_BUF_PHI,PHI,BUF,nflverse,,nflverse_archive,false,archive_final_fallback,,loss,-1.0,gaussian_unconditional,false,false,false,archive_final_fallback
spread,away,2.5,-105,1.9523809523809523,0.5110579111835908,0.5121951219512195,0.4891657638136511,0.021892147369939663,-0.002220268641560885,nflverse_archive,2023,12,2023_12_BUF_PHI,PHI,BUF,nflverse,,nflverse_archive,false,archive_final_fallback,,loss,-1.0,gaussian_unconditional,false,false,false,archive_final_fallback
total,under,49.0,-108,1.925925925925926,0.5576233390894652,0.5192307692307692,0.4956702459300312,0.06195309315943398,0.0739412456537849,nflverse_archive,2023,12,2023_12_BUF_PHI,PHI,BUF,nflverse,,nflverse_archive,false,archive_final_fallback,,loss,-1.0,gaussian_unconditional,false,false,false,archive_final_fallback
moneyline,home,,-175,1.5714285714285714,0.6972059421884518,0.6363636363636364,0.6092362344582594,0.08796970773019241,0.09560933772470981,nflverse_archive,2023,12,2023_12_CAR_TEN,TEN,CAR,nflverse,,nflverse_archive,false,archive_final_fallback,,win,0.5714285714285714,gaussian_unconditional,false,false,false,archive_final_fallback
spread,home,-3.5,-105,1.9523809523809523,0.5942032656509898,0.5121951219512195,0.4922600619195047,0.10194320373148508,0.16011113769955143,nflverse_archive,2023,12,2023_12_CAR_TEN,TEN,CAR,nflverse,,nflverse_archive,false,archive_final_fallback,,win,0.9523809523809523,gaussian_unconditional,false,false,false,archive_final_fallback
total,over,36.0,-108,1.925925925925926,0.5944600086596241,0.5192307692307692,0.4956702459300312,0.09878976272959294,0.14488594260372056,nflverse_archive,2023,12,2023_12_CAR_TEN,TEN,CAR,nflverse,,nflverse_archive,false,archive_final_fallback,,loss,-1.0,gaussian_unconditional,false,false,false,archive_final_fallback
moneyline,home,,-166,1.6024096385542168,0.728666592473001,0.6240601503759399,0.5996387718242023,0.1290278206487987,0.16762237107119438,nflverse_archive,2023,12,2023_12_CHI_MIN,MIN,CHI,nflverse,,nflverse_archive,false,archive_final_fallback,,loss,-1.0,gaussian_unconditional,false,false,false,archive_final_fallback
spread,home,-3.0,-115,1.8695652173913042,0.6444914878000663,0.5348837209302326,0.5108342361863489,0.13365725161371733,0.2049188684957759,nflverse_archive,2023,12,2023_12_CHI_MIN,MIN,CHI,nflverse,,nflverse_archive,false,archive_final_fallback,,loss,-1.0,gaussian_unconditional,false,false,false,archive_final_fallback
total,over,43.5,-110,1.9090909090909092,0.5629769707731205,0.5238095238095238,0.5,0.06297697077312048,0.07477421693050279,nflverse_archive,2023,12,2023_12_CHI_MIN,MIN,CHI,nflverse,,nflverse_archive,false,archive_final_fallback,,loss,-1.0,gaussian_unconditional,false,false,false,archive_final_fallback
moneyline,away,,105,2.05,0.5833545986514355,0.48780487804878053,0.4675324675324676,0.11582213111896789,0.1958769272354426,nflverse_archive,2023,12,2023_12_CLE_DEN,DEN,CLE,nflverse,,nflverse_archive,false,archive_final_fallback,,loss,-1.0,gaussian_unconditional,false,false,false,archive_final_fallback
spread,away,1.5,-110,1.9090909090909092,0.6291603109968605,0.5238095238095238,0.5,0.12916031099686054,0.20112423008491565,nflverse_archive,2023,12,2023_12_CLE_DEN,DEN,CLE,nflverse,,nflverse_archive,false,archive_final_fallback,,loss,-1.0,gaussian_unconditional,false,false,false,archive_final_fallback
total,over,37.5,-110,1.9090909090909092,0.6908523861424016,0.5238095238095238,0.5,0.19085238614240163,0.3189000099082213,nflverse_archive,2023,12,2023_12_CLE_DEN,DEN,CLE,nflverse,,nflverse_archive,false,archive_final_fallback,,win,0.9090909090909092,gaussian_unconditional,false,false,false,archive_final_fallback
moneyline,away,,330,4.3,0.3333468264551107,0.23255813953488372,0.22316684378320936,0.11017998267190135,0.433391353756976,nflverse_archive,2023,12,2023_12_GB_DET,DET,GB,nflverse,,nflverse_archive,false,archive_final_fallback,,win,3.3,gaussian_unconditional,false,false,false,archive_final_fallback
spread,away,8.5,-105,1.9523809523809523,0.5965697028488749,0.5121951219512195,0.4891657638136511,0.10740393903522377,0.16473132460970819,nflverse_archive,2023,12,2023_12_GB_DET,DET,GB,nflverse,,nflverse_archive,false,archive_final_fallback,,win,0.9523809523809523,gaussian_unconditional,false,false,false,archive_final_fallback
total,under,47.0,-108,1.925925925925926,0.5386841155451456,0.5192307692307692,0.4956702459300312,0.04301386961511444,0.03746570401287319,nflverse_archive,2023,12,2023_12_GB_DET,DET,GB,nflverse,,nflverse_archive,false,archive_final_fallback,,loss,-1.0,gaussian_unconditional,false,false,false,archive_final_fallback
moneyline,home,,-105,1.9523809523809523,0.5525994335067599,0.5121951219512195,0.4891657638136511,0.06343366969310876,0.07888460827510269,nflverse_archive,2023,12,2023_12_JAX_HOU,HOU,JAX,nflverse,,nflverse_archive,false,archive_final_fallback,,loss,-1.0,gaussian_unconditional,false,false,false,archive_final_fallback
spread,home,1.0,-110,1.9090909090909092,0.583815071308653,0.5238095238095238,0.5,0.08381507130865296,0.11455604522561025,nflverse_archive,2023,12,2023_12_JAX_HOU,HOU,JAX,nflverse,,nflverse_archive,false,archive_final_fallback,,loss,-1.0,gaussian_unconditional,false,false,false,archive_final_fallback
total,under,48.0,-108,1.925925925925926,0.6215671803456366,0.5192307692307692,0.4956702459300312,0.12589693441560545,0.19709234733233738,nflverse_archive,2023,12,2023_12_JAX_HOU,HOU,JAX,nflverse,,nflverse_archive,false,archive_final_fallback,,win,0.925925925925926,gaussian_unconditional,false,false,false,archive_final_fallback
moneyline,home,,380,4.8,0.40412399573358293,0.20833333333333334,0.19999999999999998,0.20412399573358295,0.9397951795211981,nflverse_archive,2023,12,2023_12_KC_LV,LV,KC,nflverse,,nflverse_archive,false,archive_final_fallback,,loss,-1.0,gaussian_unconditional,false,false,false,archive_final_fallback
spread,home,9.0,-110,1.9090909090909092,0.681606970736049,0.5238095238095238,0.5,0.18160697073604903,0.30124967140518466,nflverse_archive,2023,12,2023_12_KC_LV,LV,KC,nflverse,,nflverse_archive,false,archive_final_fallback,,loss,-1.0,gaussian_unconditional,false,false,false,archive_final_fallback
total,under,42.5,-112,1.8928571428571428,0.6509391386375172,0.5283018867924528,0.5043297540699689,0.14660938456754824,0.23213479813530036,nflverse_archive,2023,12,2023_12_KC_LV,LV,KC,nflverse,,nflverse_archive,false,archive_final_fallback,,loss,-1.0,gaussian_unconditional,false,false,false,archive_final_fallback
moneyline,home,,124,2.24,0.48915375198805977,0.4464285714285714,0.4279403644395361,0.06121338754852368,0.09570440445325401,nflverse_archive,2023,12,2023_12_LA_ARI,ARI,LA,nflverse,,nflverse_archive,false,archive_final_fallback,,loss,-1.0,gaussian_unconditional,false,false,false,archive_final_fallback
spread,home,3.0,-115,1.8695652173913042,0.5835968676321481,0.5348837209302326,0.5108342361863489,0.0727626314457992,0.09107240470358113,nflverse_archive,2023,12,2023_12_LA_ARI,ARI,LA,nflverse,,nflverse_archive,false,archive_final_fallback,,loss,-1.0,gaussian_unconditional,false,false,false,archive_final_fallback
total,under,45.0,-112,1.8928571428571428,0.5980087022356182,0.5283018867924528,0.5043297540699689,0.09367894816564926,0.1319450435174201,nflverse_archive,2023,12,2023_12_LA_ARI,ARI,LA,nflverse,,nflverse_archive,false,archive_final_fallback,,loss,-1.0,gaussian_unconditional,false,false,false,archive_final_fallback
moneyline,home,,380,4.8,0.42828152238030726,0.20833333333333334,0.19999999999999998,0.22828152238030727,1.0557513074254747,nflverse_archive,2023,12,2023_12_MIA_NYJ,NYJ,MIA,nflverse,,nflverse_archive,false,archive_final_fallback,,loss,-1.0,gaussian_unconditional,false,false,false,archive_final_fallback
spread,home,9.5,100,2.0,0.7169649487246538,0.5,0.4782608695652174,0.23870407915943637,0.43392989744930754,nflverse_archive,2023,12,2023_12_MIA_NYJ,NYJ,MIA,nflverse,,nflverse_archive,false,archive_final_fallback,,loss,-1.0,gaussian_unconditional,false,false,false,archive_final_fallback
total,over,40.0,-110,1.9090909090909092,0.6263691530943344,0.5238095238095238,0.5,0.12636915309433439,0.1957956559073657,nflverse_archive,2023,12,2023_12_MIA_NYJ,NYJ,MIA,nflverse,,nflverse_archive,false,archive_final_fallback,,win,0.9090909090909092,gaussian_unconditional,false,false,false,archive_final_fallback
moneyline,home,,180,2.8,0.550324172274876,0.35714285714285715,0.3425247738043946,0.20779939847048134,0.5409076823696526,nflverse_archive,2023,12,2023_12_NE_NYG,NYG,NE,nflverse,,nflverse_archive,false,archive_final_fallback,,win,1.7999999999999998,gaussian_unconditional,false,false,false,archive_final_fallback
spread,home,4.5,-112,1.8928571428571428,0.6857795367555325,0.5283018867924528,0.5043297540699689,0.18144978268556355,0.2980826945729722,nflverse_archive,2023,12,2023_12_NE_NYG,NYG,NE,nflverse,,nflverse_archive,false,archive_final_fallback,,win,0.8928571428571428,gaussian_unconditional,false,false,false,archive_final_fallback
total,under,36.5,-105,1.9523809523809523,0.5040728181531955,0.5121951219512195,0.4891657638136511,0.014907054339544368,-0.015857831224713625,nflverse_archive,2023,12,2023_12_NE_NYG,NYG,NE,nflverse,,nflverse_archive,false,archive_final_fallback,,win,0.9523809523809523,gaussian_unconditional,false,false,false,archive_final_fallback
moneyline,home,,110,2.1,0.5157594175756417,0.47619047619047616,0.4572564612326044,0.058502956343037316,0.0830947769088477,nflverse_archive,2023,12,2023_12_NO_ATL,ATL,NO,nflverse,,nflverse_archive,false,archive_final_fallback,,win,1.1,gaussian_unconditional,false,false,false,archive_final_fallback
spread,home,2.0,-110,1.9090909090909092,0.5786247090089047,0.5238095238095238,0.5,0.07862470900890473,0.10464717174427274,nflverse_archive,2023,12,2023_12_NO_ATL,ATL,NO,nflverse,,nflverse_archive,false,archive_final_fallback,,win,0.9090909090909092,gaussian_unconditional,false,false,false,archive_final_fallback
total,under,42.0,-110,1.9090909090909092,0.544843151742493,0.5238095238095238,0.5,0.04484315174249298,0.040155107872032136,nflverse_archive,2023,12,2023_12_NO_ATL,ATL,NO,nflverse,,nflverse_archive,false,archive_final_fallback,,win,0.9090909090909092,gaussian_unconditional,false,false,false,archive_final_fallback
moneyline,home,,114,2.1399999999999997,0.6335686682016282,0.4672897196261683,0.44855888528345106,0.1850097829181771,0.35583694995148396,nflverse_archive,2023,12,2023_12_PIT_CIN,CIN,PIT,nflverse,,nflverse_archive,false,archive_final_fallback,,loss,-1.0,gaussian_unconditional,false,false,false,archive_final_fallback
spread,home,2.0,-108,1.925925925925926,0.6915269412602801,0.5192307692307692,0.4956702459300312,0.19585669533024896,0.33182966464942854,nflverse_archive,2023,12,2023_12_PIT_CIN,CIN,PIT,nflverse,,nflverse_archive,false,archive_final_fallback,,loss,-1.0,gaussian_unconditional,false,false,false,archive_final_fallback
total,over,36.0,-112,1.8928571428571428,0.6032261414166897,0.5283018867924528,0.5043297540699689,0.0988963873467208,0.14182091053873402,nflverse_archive,2023,12,2023_12_PIT_CIN,CIN,PIT,nflverse,,nflverse_archive,false,archive_final_fallback,,loss,-1.0,gaussian_unconditional,false,false,false,archive_final_fallback
moneyline,home,,280,3.8,0.3536185870501528,0.2631578947368421,0.2522172949002217,0.1014012921499311,0.34375063079058066,nflverse_archive,2023,12,2023_12_SF_SEA,SEA,SF,nflverse,,nflverse_archive,false,archive_final_fallback,,loss,-1.0,gaussian_unconditional,false,false,false,archive_final_fallback
spread,home,7.0,-108,1.925925925925926,0.5716010093279078,0.5192307692307692,0.4956702459300312,0.07593076339787663,0.10086120315004465,nflverse_archive,2023,12,2023_12_SF_SEA,SEA,SF,nflverse,,nflverse_archive,false,archive_final_fallback,,loss,-1.0,gaussian_unconditional,false,false,false,archive_final_fallback
total,over,43.5,-105,1.9523809523809523,0.5080292730669879,0.5121951219512195,0.4891657638136511,0.01886350925333674,-0.008133324012071341,nflverse_archive,2023,12,2023_12_SF_SEA,SEA,SF,nflverse,,nflverse_archive,false,archive_final_fallback,,win,0.9523809523809523,gaussian_unconditional,false,false,false,archive_final_fallback
moneyline,away,,130,2.3,0.43955673137830686,0.4347826086956522,0.41700735895339325,0.022549372424913616,0.01098048217010561,nflverse_archive,2023,12,2023_12_TB_IND,IND,TB,nflverse,,nflverse_archive,false,archive_final_fallback,,loss,-1.0,gaussian_unconditional,false,false,false,archive_final_fallback
spread,away,2.5,-105,1.9523809523809523,0.5185384505627801,0.5121951219512195,0.4891657638136511,0.029372686749129018,0.012384593955903966,nflverse_archive,2023,12,2023_12_TB_IND,IND,TB,nflverse,,nflverse_archive,false,archive_final_fallback,,loss,-1.0,gaussian_unconditional,false,false,false,archive_final_fallback
total,under,45.0,-112,1.8928571428571428,0.5454593803518429,0.5283018867924528,0.5043297540699689,0.041129626281874,0.0324766842374169,nflverse_archive,2023,12,2023_12_TB_IND,IND,TB,nflverse,,nflverse_archive,false,archive_final_fallback,,loss,-1.0,gaussian_unconditional,false,false,false,archive_final_fallback
moneyline,home,,-800,1.125,0.855903723064485,0.8888888888888888,0.8524590163934427,0.0034447066710423524,-0.03710831155245431,nflverse_archive,2023,12,2023_12_WAS_DAL,DAL,WAS,nflverse,,nflverse_archive,false,archive_final_fallback,,win,0.125,gaussian_unconditional,false,false,false,archive_final_fallback
spread,home,-13.0,-110,1.9090909090909092,0.5117610104779134,0.5238095238095238,0.5,0.011761010477913447,-0.023001707269437954,nflverse_archive,2023,12,2023_12_WAS_DAL,DAL,WAS,nflverse,,nflverse_archive,false,archive_final_fallback,,win,0.9090909090909092,gaussian_unconditional,false,false,false,archive_final_fallback
total,over,48.0,-110,1.9090909090909092,0.515629381556482,0.5238095238095238,0.49786507258753204,0.017764308968949927,-0.015616635210352614,nflverse_archive,2023,12,2023_12_WAS_DAL,DAL,WAS,nflverse,,nflverse_archive,false,archive_final_fallback,,win,0.9090909090909092,gaussian_unconditional,false,false,false,archive_final_fallback
moneyline,home,,-285,1.3508771929824561,0.7193045546210763,0.7402597402597403,0.7095435684647302,0.00976098615634613,-0.028307882353984626,nflverse_archive,2023,13,2023_13_ARI_PIT,PIT,ARI,nflverse,,nflverse_archive,false,archive_final_fallback,,loss,-1.0,gaussian_unconditional,false,false,false,archive_final_fallback
spread,home,-6.0,-115,1.8695652173913042,0.5415096845579788,0.5348837209302326,0.5108342361863489,0.030675448371629832,0.01238767113013406,nflverse_archive,2023,13,2023_13_ARI_PIT,PIT,ARI,nflverse,,nflverse_archive,false,archive_final_fallback,,loss,-1.0,gaussian_unconditional,false,false,false,archive_final_fallback
total,under,41.0,-112,1.8928571428571428,0.5521142379315076,0.5283018867924528,0.5043297540699689,0.04778448386153866,0.045073378941782316,nflverse_archive,2023,13,2023_13_ARI_PIT,PIT,ARI,nflverse,,nflverse_archive,false,archive_final_fallback,,win,0.8928571428571428,gaussian_unconditional,false,false,false,archive_final_fallback
moneyline,home,,105,2.05,0.5417580824411123,0.48780487804878053,0.4675324675324676,0.07422561490864477,0.11060406900428021,nflverse_archive,2023,13,2023_13_ATL_NYJ,NYJ,ATL,nflverse,,nflverse_archive,false,archive_final_fallback,,loss,-1.0,gaussian_unconditional,false,false,false,archive_final_fallback
spread,home,2.0,-112,1.8928571428571428,0.6039983798266231,0.5283018867924528,0.5043297540699689,0.09966862575665414,0.14328264752896502,nflverse_archive,2023,13,2023_13_ATL_NYJ,NYJ,ATL,nflverse,,nflverse_archive,false,archive_final_fallback,,loss,-1.0,gaussian_unconditional,false,false,false,archive_final_fallback
total,over,33.0,-110,1.9090909090909092,0.6063214275687605,0.5238095238095238,0.5,0.10632142756876051,0.15752272535854273,nflverse_archive,2023,13,2023_13_ATL_NYJ,NYJ,ATL,nflverse,,nflverse_archive,false,archive_final_fallback,,loss,-1.0,gaussian_unconditional,false,false,false,archive_final_fallback
moneyline,home,,-198,1.5050505050505052,0.7330514395298307,0.6644295302013422,0.6369041816941222,0.09614725783570843,0.10327943929237149,nflverse_archive,2023,13,2023_13_CAR_TB,TB,CAR,nflverse,,nflverse_archive,false,archive_final_fallback,,win,0.5050505050505052,gaussian_unconditional,false,false,false,archive_final_fallback
spread,home,-4.0,-110,1.9090909090909092,0.6195790422013028,0.5238095238095238,0.5,0.11957904220130278,0.1828327169297599,nflverse_archive,2023,13,2023_13_CAR_TB,TB,CAR,nflverse,,nflverse_archive,false,archive_final_fallback,,loss,-1.0,gaussian_unconditional,false,false,false,archive_final_fallback
total,over,37.0,-110,1.9090909090909092,0.5569670299093679,0.5238095238095238,0.5,0.05696702990936786,0.06330069346333866,nflverse_archive,2023,13,2023_13_CAR_TB,TB,CAR,nflverse,,nflverse_archive,false,archive_final_fallback,,win,0.9090909090909092,gaussian_unconditional,false,false,false,archive_final_fallback
moneyline,away,,410,5.1,0.3500064380353094,0.19607843137254904,0.1881331403762663,0.1618732976590431,0.7850328339800778,nflverse_archive,2023,13,2023_13_CIN_JAX,JAX,CIN,nflverse,,nflverse_archive,false,archive_final_fallback,,win,4.1,gaussian_unconditional,false,false,false,archive_final_fallback
spread,away,10.0,-105,1.9523809523809523,0.6587039605089936,0.5121951219512195,0.4891657638136511,0.16953819669534248,0.28604106575565424,nflverse_archive,2023,13,2023_13_CIN_JAX,JAX,CIN,nflverse,,nflverse_archive,false,archive_final_fallback,,win,0.9523809523809523,gaussian_unconditional,false,false,false,archive_final_fallback
total,over,41.0,-115,1.8695652173913042,0.5454436664414397,0.5348837209302326,0.5108342361863489,0.03460943025509078,0.01974250682530032,nflverse_archive,2023,13,2023_13_CIN_JAX,JAX,CIN,nflverse,,nflverse_archive,false,archive_final_fallback,,win,0.8695652173913042,gaussian_unconditional,false,false,false,archive_final_fallback
moneyline,away,,160,2.6,0.4745252855578074,0.3846153846153846,0.3690596562184024,0.10546562933940495,0.23376574245029924,nflverse_archive,2023,13,2023_13_CLE_LA,LA,CLE,nflverse,,nflverse_archive,false,archive_final_fallback,,loss,-1.0,gaussian_unconditional,false,false,false,archive_final_fallback
spread,away,3.5,-110,1.9090909090909092,0.5847584373677516,0.5238095238095238,0.5,0.08475843736775157,0.11635701679298038,nflverse_archive,2023,13,2023_13_CLE_LA,LA,CLE,nflverse,,nflverse_archive,false,archive_final_fallback,,loss,-1.0,gaussian_unconditional,false,false,false,archive_final_fallback
total,over,39.5,-110,1.9090909090909092,0.5350186773001955,0.5238095238095238,0.5,0.03501867730019548,0.02139929302764587,nflverse_archive,2023,13,2023_13_CLE_LA,LA,CLE,nflverse,,nflverse_archive,false,archive_final_fallback,,win,0.9090909090909092,gaussian_unconditional,false,false,false,archive_final_fallback
moneyline,home,,-170,1.5882352941176472,0.6537050358580647,0.6296296296296295,0.6037569709421778,0.04994806491588688,0.038237409892220464,nflverse_archive,2023,13,2023_13_DEN_HOU,HOU,DEN,nflverse,,nflverse_archive,false,archive_final_fallback,,win,0.5882352941176472,gaussian_unconditional,false,false,false,archive_final_fallback
spread,home,-3.5,102,2.02,0.5467132848712619,0.49504950495049505,0.47391341473828025,0.07279987013298167,0.104360835439949,nflverse_archive,2023,13,2023_13_DEN_HOU,HOU,DEN,nflverse,,nflverse_archive,false,archive_final_fallback,,win,1.02,gaussian_unconditional,false,false,false,archive_final_fallback
total,under,47.5,-110,1.9090909090909092,0.5538340049220727,0.5238095238095238,0.5,0.05383400492207269,0.057319463942138826,nflverse_archive,2023,13,2023_13_DEN_HOU,HOU,DEN,nflverse,,nflverse_archive,false,archive_final_fallback,,win,0.9090909090909092,gaussian_unconditional,false,false,false,archive_final_fallback
moneyline,home,,164,2.6399999999999997,0.5269787807126549,0.37878787878787884,0.36309581830587784,0.16388296240677708,0.3912239810814089,nflverse_archive,2023,13,2023_13_DET_NO,NO,DET,nflverse,,nflverse_archive,false,archive_final_fallback,,loss,-1.0,gaussian_unconditional,false,false,false,archive_final_fallback
spread,home,4.0,-110,1.9090909090909092,0.6500183713447862,0.5238095238095238,0.5,0.15001837134478624,0.24094416347641023,nflverse_archive,2023,13,2023_13_DET_NO,NO,DET,nflverse,,nflverse_archive,false,archive_final_fallback,,loss,-1.0,gaussian_unconditional,false,false,false,archive_final_fallback
total,under,47.5,-108,1.925925925925926,0.5282975879013271,0.5192307692307692,0.4956702459300312,0.03262734197129591,0.017462021143296758,nflverse_archive,2023,13,2023_13_DET_NO,NO,DET,nflverse,,nflverse_archive,false,archive_final_fallback,,loss,-1.0,gaussian_unconditional,false,false,false,archive_final_fallback
moneyline,home,,102,2.02,0.5429508483331589,0.49504950495049505,0.47391341473828025,0.06903743359487863,0.09676071363298089,nflverse_archive,2023,13,2023_13_IND_TEN,TEN,IND,nflverse,,nflverse_archive,false,archive_final_fallback,,loss,-1.0,gaussian_unconditional,false,false,false,archive_final_fallback
spread,home,1.5,-110,1.9090909090909092,0.5897902259060963,0.5238095238095238,0.5,0.08979022590609631,0.1259631585480021,nflverse_archive,2023,13,2023_13_IND_TEN,TEN,IND,nflverse,,nflverse_archive,false,archive_final_fallback,,loss,-1.0,gaussian_unconditional,false,false,false,archive_final_fallback
total,over,42.0,-112,1.8928571428571428,0.5277832950263213,0.5283018867924528,0.5043297540699689,0.023453540956352326,-0.0009816201287490278,nflverse_archive,2023,13,2023_13_IND_TEN,TEN,IND,nflverse,,nflverse_archive,false,archive_final_fallback,,win,0.8928571428571428,gaussian_unconditional,false,false,false,archive_final_fallback
moneyline,home,,215,3.15,0.45480833719744806,0.31746031746031744,0.30423004792665137,0.1505782892707967,0.43264626217196134,nflverse_archive,2023,13,2023_13_KC_GB,GB,KC,nflverse,,nflverse_archive,false,archive_final_fallback,,win,2.15,gaussian_unconditional,false,false,false,archive_final_fallback
spread,home,5.5,-102,1.9803921568627452,0.6267679993969479,0.504950495049505,0.4826358742837298,0.14413212511321816,0.24124643017826952,nflverse_archive,2023,13,2023_13_KC_GB,GB,KC,nflverse,,nflverse_archive,false,archive_final_fallback,,win,0.9803921568627452,gaussian_unconditional,false,false,false,archive_final_fallback
total,under,43.5,-105,1.9523809523809523,0.619239307182737,0.5121951219512195,0.4891657638136511,0.1300735433690859,0.20899102830915317,nflverse_archive,2023,13,2023_13_KC_GB,GB,KC,nflverse,,nflverse_archive,false,archive_final_fallback,,loss,-1.0,gaussian_unconditional,false,false,false,archive_final_fallback
moneyline,home,,185,2.85,0.40297165667860635,0.3508771929824561,0.33635187580853815,0.0666197808700682,0.1484692215340282,nflverse_archive,2023,13,2023_13_LAC_NE,NE,LAC,nflverse,,nflverse_archive,false,archive_final_fallback,,loss,-1.0,gaussian_unconditional,false,false,false,archive_final_fallback
spread,home,4.5,-110,1.9090909090909092,0.5444858138740863,0.5238095238095238,0.5,0.044485813874086344,0.03947291739598313,nflverse_archive,2023,13,2023_13_LAC_NE,NE,LAC,nflverse,,nflverse_archive,false,archive_final_fallback,,loss,-1.0,gaussian_unconditional,false,false,false,archive_final_fallback
total,over,38.5,-112,1.8928571428571428,0.5589389551066424,0.5283018867924528,0.5043297540699689,0.05460920103667344,0.05799159359471595,nflverse_archive,2023,13,2023_13_LAC_NE,NE,LAC,nflverse,,nflverse_archive,false,archive_final_fallback,,loss,-1.0,gaussian_unconditional,false,false,false,archive_final_fallback
moneyline,home,,350,4.5,0.31041863016721516,0.2222222222222222,0.2132564841498559,0.09716214601735926,0.3968838357524682,nflverse_archive,2023,13,2023_13_MIA_WAS,WAS,MIA,nflverse,,nflverse_archive,false,archive_final_fallback,,loss,-1.0,gaussian_unconditional,false,false,false,archive_final_fallback
spread,home,8.5,-108,1.925925925925926,0.5715936084135788,0.5192307692307692,0.4956702459300312,0.07592336248354759,0.10084694953726281,nflverse_archive,2023,13,2023_13_MIA_WAS,WAS,MIA,nflverse,,nflverse_archive,false,archive_final_fallback,,loss,-1.0,gaussian_unconditional,false,false,false,archive_final_fallback
total,over,50.0,-110,1.9090909090909092,0.5643645701085819,0.5238095238095238,0.5,0.06436457010858188,0.07742327020729278,nflverse_archive,2023,13,2023_13_MIA_WAS,WAS,MIA,nflverse,,nflverse_archive,false,archive_final_fallback,,win,0.9090909090909092,gaussian_unconditional,false,false,false,archive_final_fallback
moneyline,home,,-500,1.2,0.8147888657400804,0.8333333333333334,0.7999999999999999,0.014788865740080426,-0.02225336111190357,nflverse_archive,2023,13,2023_13_SEA_DAL,DAL,SEA,nflverse,,nflverse_archive,false,archive_final_fallback,,win,0.19999999999999996,gaussian_unconditional,false,false,false,archive_final_fallback
spread,home,-9.5,-118,1.847457627118644,0.5561292522201312,0.5412844036697247,0.5173641257162701,0.0387651265038611,0.027425228677869562,nflverse_archive,2023,13,2023_13_SEA_DAL,DAL,SEA,nflverse,,nflverse_archive,false,archive_final_fallback,,loss,-1.0,gaussian_unconditional,false,false,false,archive_final_fallback
total,under,47.5,-110,1.9090909090909092,0.5237651501926056,0.5238095238095238,0.5,0.02376515019260561,-0.00008471326866199558,nflverse_archive,2023,13,2023_13_SEA_DAL,DAL,SEA,nflverse,,nflverse_archive,false,archive_final_fallback,,loss,-1.0,gaussian_unconditional,false,false,false,archive_final_fallback
moneyline,home,,124,2.24,0.4669811417993919,0.4464285714285714,0.4279403644395361,0.03904077735985578,0.04603775763063789,nflverse_archive,2023,13,2023_13_SF_PHI,PHI,SF,nflverse,,nflverse_archive,false,archive_final_fallback,,loss,-1.0,gaussian_unconditional,false,false,false,archive_final_fallback
spread,home,3.0,-115,1.8695652173913042,0.56175046574851,0.5348837209302326,0.5108342361863489,0.05091622956216102,0.05022913161677933,nflverse_archive,2023,13,2023_13_SF_PHI,PHI,SF,nflverse,,nflverse_archive,false,archive_final_fallback,,loss,-1.0,gaussian_unconditional,false,false,false,archive_final_fallback
total,over,46.5,-112,1.8928571428571428,0.5271958776902614,0.5283018867924528,0.5043297540699689,0.0228661236202925,-0.0020935172291480786,nflverse_archive,2023,13,2023_13_SF_PHI,PHI,SF,nflverse,,nflverse_archive,false,archive_final_fallback,,win,0.8928571428571428,gaussian_unconditional,false,false,false,archive_final_fallback
moneyline,home,,-125,1.8,0.5437624621870552,0.5555555555555556,0.5324675324675325,0.011294929719522617,-0.021227568063300728,nflverse_archive,2023,14,2023_14_BUF_KC,KC,BUF,nflverse,,nflverse_archive,false,archive_final_fallback,,loss,-1.0,gaussian_unconditional,false,false,false,archive_final_fallback
spread,away,2.0,-110,1.9090909090909092,0.5195152091380386,0.5238095238095238,0.5,0.019515209138038614,-0.00819823710010803,nflverse_archive,2023,14,2023_14_BUF_KC,KC,BUF,nflverse,,nflverse_archive,false,archive_final_fallback,,win,0.9090909090909092,gaussian_unconditional,false,false,false,archive_final_fallback
total,under,49.5,-110,1.9090909090909092,0.6711584514213692,0.5238095238095238,0.5,0.1711584514213692,0.2813024981680685,nflverse_archive,2023,14,2023_14_BUF_KC,KC,BUF,nflverse,,nflverse_archive,false,archive_final_fallback,,win,0.9090909090909092,gaussian_unconditional,false,false,false,archive_final_fallback
moneyline,home,,-245,1.4081632653061225,0.7112646610783321,0.7101449275362319,0.6805555555555556,0.030709105522776503,0.001576767640916632,nflverse_archive,2023,14,2023_14_CAR_NO,NO,CAR,nflverse,,nflverse_archive,false,archive_final_fallback,,win,0.40816326530612246,gaussian_unconditional,false,false,false,archive_final_fallback
spread,home,-5.5,-110,1.9090909090909092,0.5478512683977206,0.5238095238095238,0.5,0.04785126839772058,0.04589787603201212,nflverse_archive,2023,14,2023_14_CAR_NO,NO,CAR,nflverse,,nflverse_archive,false,archive_final_fallback,,win,0.9090909090909092,gaussian_unconditional,false,false,false,archive_final_fallback
total,over,39.0,-110,1.9090909090909092,0.5625229395128756,0.5238095238095238,0.5,0.06252293951287557,0.07390742997912625,nflverse_archive,2023,14,2023_14_CAR_NO,NO,CAR,nflverse,,nflverse_archive,false,archive_final_fallback,,loss,-1.0,gaussian_unconditional,false,false,false,archive_final_fallback
moneyline,home,,-162,1.617283950617284,0.6671755558911494,0.6183206106870228,0.593369754159424,0.07380580173172546,0.07901231878692072,nflverse_archive,2023,14,2023_14_DEN_LAC,LAC,DEN,nflverse,,nflverse_archive,false,archive_final_fallback,,loss,-1.0,gaussian_unconditional,false,false,false,archive_final_fallback
spread,home,-3.0,-108,1.925925925925926,0.5768518531207243,0.5192307692307692,0.4956702459300312,0.08118160719069312,0.11097393934361732,nflverse_archive,2023,14,2023_14_DEN_LAC,LAC,DEN,nflverse,,nflverse_archive,false,archive_final_fallback,,loss,-1.0,gaussian_unconditional,false,false,false,archive_final_fallback
total,over,45.0,-110,1.9090909090909092,0.515553823583732,0.5238095238095238,0.5,0.01555382358373203,-0.015760882249238772,nflverse_archive,2023,14,2023_14_DEN_LAC,LAC,DEN,nflverse,,nflverse_archive,false,archive_final_fallback,,loss,-1.0,gaussian_unconditional,false,false,false,archive_final_fallback
moneyline,home,,142,2.42,0.4051287165101102,0.4132231404958678,0.3962430290578222,0.00888568745228796,-0.019588506045533416,nflverse_archive,2023,14,2023_14_DET_CHI,CHI,DET,nflverse,,nflverse_archive,false,archive_final_fallback,,win,1.42,gaussian_unconditional,false,false,false,archive_final_fallback
spread,home,3.0,100,2.0,0.49927677694496,0.5,0.4782608695652174,0.02101590737974257,-0.0014464461100800463,nflverse_archive,2023,14,2023_14_DET_CHI,CHI,DET,nflverse,,nflverse_archive,false,archive_final_fallback,,win,1.0,gaussian_unconditional,false,false,false,archive_final_fallback
total,over,44.5,-110,1.9090909090909092,0.6395599937882382,0.5238095238095238,0.5,0.13955999378823825,0.22097816995936403,nflverse_archive,2023,14,2023_14_DET_CHI,CHI,DET,nflverse,,nflverse_archive,false,archive_final_fallback,,loss,-1.0,gaussian_unconditional,false,false,false,archive_final_fallback
moneyline,home,,215,3.15,0.36567722924553936,0.31746031746031744,0.30423004792665137,0.06144718131888799,0.15188327212344888,nflverse_archive,2023,14,2023_14_GB_NYG,NYG,GB,nflverse,,nflverse_archive,false,archive_final_fallback,,win,2.15,gaussian_unconditional,false,false,false,archive_final_fallback
spread,home,6.0,-108,1.925925925925926,0.5529973473536032,0.5192307692307692,0.4956702459300312,0.057327101423572,0.06503192823656923,nflverse_archive,2023,14,2023_14_GB_NYG,NYG,GB,nflverse,,nflverse_archive,false,archive_final_fallback,,win,0.925925925925926,gaussian_unconditional,false,false,false,archive_final_fallback
total,over,37.5,-110,1.9090909090909092,0.5151776980308058,0.5238095238095238,0.5,0.01517769803080582,-0.01647894012300699,nflverse_archive,2023,14,2023_14_GB_NYG,NYG,GB,nflverse,,nflverse_archive,false,archive_final_fallback,,win,0.9090909090909092,gaussian_unconditional,false,false,false,archive_final_fallback
moneyline,home,,145,2.45,0.44740360955770075,0.4081632653061224,0.3907637655417407,0.05663984401596006,0.09613884341636703,nflverse_archive,2023,14,2023_14_HOU_NYJ,NYJ,HOU,nflverse,,nflverse_archive,false,archive_final_fallback,,win,1.4500000000000002,gaussian_unconditional,false,false,false,archive_final_fallback
spread,home,3.5,-112,1.8928571428571428,0.5579488076177705,0.5283018867924528,0.5043297540699689,0.05361905354780161,0.056117385847922696,nflverse_archive,2023,14,2023_14_HOU_NYJ,NYJ,HOU,nflverse,,nflverse_archive,false,archive_final_fallback,,win,0.8928571428571428,gaussian_unconditional,false,false,false,archive_final_fallback
total,over,33.5,-110,1.9090909090909092,0.6286418967085985,0.5238095238095238,0.5,0.1286418967085985,0.20013453008005166,nflverse_archive,2023,14,2023_14_HOU_NYJ,NYJ,HOU,nflverse,,nflverse_archive,false,archive_final_fallback,,win,0.9090909090909092,gaussian_unconditional,false,false,false,archive_final_fallback
moneyline,home,,-148,1.6756756756756757,0.5910359628352388,0.5967741935483871,0.5720596355604638,0.01897632727477505,-0.009615413627437563,nflverse_archive,2023,14,2023_14_IND_CIN,CIN,IND,nflverse,,nflverse_archive,false,archive_final_fallback,,win,0.6756756756756757,gaussian_unconditional,false,false,false,archive_final_fallback
spread,home,-3.0,-102,1.9803921568627452,0.4967804029618257,0.504950495049505,0.4826358742837298,0.014144528678095902,-0.016179986291286363,nflverse_archive,2023,14,2023_14_IND_CIN,CIN,IND,nflverse,,nflverse_archive,false,archive_final_fallback,,win,0.9803921568627452,gaussian_unconditional,false,false,false,archive_final_fallback
total,over,45.0,-110,1.9090909090909092,0.5769949354550664,0.5238095238095238,0.5,0.07699493545506642,0.1015357858687631,nflverse_archive,2023,14,2023_14_IND_CIN,CIN,IND,nflverse,,nflverse_archive,false,archive_final_fallback,,win,0.9090909090909092,gaussian_unconditional,false,false,false,archive_final_fallback
moneyline,away,,120,2.2,0.46130617707047294,0.45454545454545453,0.43650793650793646,0.02479824056253649,0.014873589555040478,nflverse_archive,2023,14,2023_14_JAX_CLE,CLE,JAX,nflverse,,nflverse_archive,false,archive_final_fallback,,loss,-1.0,gaussian_unconditional,false,false,false,archive_final_fallback
spread,away,2.5,-108,1.925925925925926,0.5403930448212889,0.5192307692307692,0.4956702459300312,0.04472279889125774,0.04075697521137123,nflverse_archive,2023,14,2023_14_JAX_CLE,CLE,JAX,nflverse,,nflverse_archive,false,archive_final_fallback,,loss,-1.0,gaussian_unconditional,false,false,false,archive_final_fallback
total,over,37.5,-110,1.9090909090909092,0.6749436928540907,0.5238095238095238,0.5,0.17494369285409073,0.28852886817599144,nflverse_archive,2023,14,2023_14_JAX_CLE,CLE,JAX,nflverse,,nflverse_archive,false,archive_final_fallback,,win,0.9090909090909092,gaussian_unconditional,false,false,false,archive_final_fallback
moneyline,away,,285,3.85,0.2726724769090505,0.2597402597402597,0.2491874322860238,0.023485044623026696,0.04978903609984453,nflverse_archive,2023,14,2023_14_LA_BAL,BAL,LA,nflverse,,nflverse_archive,false,archive_final_fallback,,loss,-1.0,gaussian_unconditional,false,false,false,archive_final_fallback
spread,home,-7.5,-105,1.9523809523809523,0.5036093949158369,0.5121951219512195,0.4891657638136511,0.014443631102185772,-0.01676260992622325,nflverse_archive,2023,14,2023_14_LA_BAL,BAL,LA,nflverse,,nflverse_archive,false,archive_final_fallback,,loss,-1.0,gaussian_unconditional,false,false,false,archive_final_fallback
total,under,42.0,-110,1.9090909090909092,0.5198930129727035,0.5238095238095238,0.5,0.019893012972703517,-0.00747697523392965,nflverse_archive,2023,14,2023_14_LA_BAL,BAL,LA,nflverse,,nflverse_archive,false,archive_final_fallback,,loss,-1.0,gaussian_unconditional,false,false,false,archive_final_fallback
moneyline,home,,130,2.3,0.44901197069520704,0.4347826086956522,0.41700735895339325,0.03200461174181379,0.032727532598976206,nflverse_archive,2023,14,2023_14_MIN_LV,LV,MIN,nflverse,,nflverse_archive,false,archive_final_fallback,,loss,-1.0,gaussian_unconditional,false,false,false,archive_final_fallback
spread,home,3.0,-112,1.8928571428571428,0.5438441225485195,0.5283018867924528,0.5043297540699689,0.03951436847855061,0.029419231966840487,nflverse_archive,2023,14,2023_14_MIN_LV,LV,MIN,nflverse,,nflverse_archive,false,archive_final_fallback,,push,0.0,gaussian_unconditional,false,false,false,archive_final_fallback
total,under,40.5,-108,1.925925925925926,0.5008267669938113,0.5192307692307692,0.4956702459300312,0.005156521063780173,-0.035444745048955895,nflverse_archive,2023,14,2023_14_MIN_LV,LV,MIN,nflverse,,nflverse_archive,false,archive_final_fallback,,win,0.925925925925926,gaussian_unconditional,false,false,false,archive_final_fallback
moneyline,away,,220,3.2,0.33888130905743197,0.3125,0.299837925445705,0.03904338361172699,0.08442018898378234,nflverse_archive,2023,14,2023_14_NE_PIT,PIT,NE,nflverse,,nflverse_archive,false,archive_final_fallback,,win,2.2,gaussian_unconditional,false,false,false,archive_final_fallback
spread,away,6.0,-118,1.847457627118644,0.5243379181900468,0.5412844036697247,0.5173641257162701,0.006973792473776719,-0.03130791385228637,nflverse_archive,2023,14,2023_14_NE_PIT,PIT,NE,nflverse,,nflverse_archive,false,archive_final_fallback,,win,0.847457627118644,gaussian_unconditional,false,false,false,archive_final_fallback
total,over,30.0,-115,1.8695652173913042,0.5498117818167425,0.5348837209302326,0.5108342361863489,0.03897754563039357,0.027908983396518483,nflverse_archive,2023,14,2023_14_NE_PIT,PIT,NE,nflverse,,nflverse_archive,false,archive_final_fallback,,win,0.8695652173913042,gaussian_unconditional,false,false,false,archive_final_fallback
moneyline,home,,-175,1.5714285714285714,0.6943429031708443,0.6363636363636364,0.6092362344582594,0.08510666871258499,0.09111027641132674,nflverse_archive,2023,14,2023_14_PHI_DAL,DAL,PHI,nflverse,,nflverse_archive,false,archive_final_fallback,,win,0.5714285714285714,gaussian_unconditional,false,false,false,archive_final_fallback
spread,home,-3.5,-102,1.9803921568627452,0.591033305748454,0.504950495049505,0.4826358742837298,0.10839743146472425,0.1704777231488992,nflverse_archive,2023,14,2023_14_PHI_DAL,DAL,PHI,nflverse,,nflverse_archive,false,archive_final_fallback,,win,0.9803921568627452,gaussian_unconditional,false,false,false,archive_final_fallback
total,under,52.5,-110,1.9090909090909092,0.5015727235471836,0.5238095238095238,0.5,0.0015727235471836298,-0.04245207322810396,nflverse_archive,2023,14,2023_14_PHI_DAL,DAL,PHI,nflverse,,nflverse_archive,false,archive_final_fallback,,win,0.9090909090909092,gaussian_unconditional,false,false,false,archive_final_fallback
moneyline,away,,650,7.5,0.18016538316815223,0.13333333333333333,0.12790697674418605,0.052258406423966175,0.3512403737611418,nflverse_archive,2023,14,2023_14_SEA_SF,SF,SEA,nflverse,,nflverse_archive,false,archive_final_fallback,,loss,-1.0,gaussian_unconditional,false,false,false,archive_final_fallback
spread,away,14.5,-110,1.9090909090909092,0.5936548939251838,0.5238095238095238,0.5,0.09365489392518378,0.13334116112989625,nflverse_archive,2023,14,2023_14_SEA_SF,SF,SEA,nflverse,,nflverse_archive,false,archive_final_fallback,,win,0.9090909090909092,gaussian_unconditional,false,false,false,archive_final_fallback
total,over,44.5,-110,1.9090909090909092,0.5301931980654557,0.5238095238095238,0.5,0.03019319806545573,0.01218701448859738,nflverse_archive,2023,14,2023_14_SEA_SF,SF,SEA,nflverse,,nflverse_archive,false,archive_final_fallback,,loss,-1.0,gaussian_unconditional,false,false,false,archive_final_fallback
moneyline,away,,105,2.05,0.46840780422986283,0.48780487804878053,0.4675324675324676,0.000875336697395257,-0.03976400132878122,nflverse_archive,2023,14,2023_14_TB_ATL,ATL,TB,nflverse,,nflverse_archive,false,archive_final_fallback,,win,1.0499999999999998,gaussian_unconditional,false,false,false,archive_final_fallback
spread,away,1.5,-108,1.925925925925926,0.515900699932218,0.5192307692307692,0.4956702459300312,0.020230454002186815,-0.006413466797209777,nflverse_archive,2023,14,2023_14_TB_ATL,ATL,TB,nflverse,,nflverse_archive,false,archive_final_fallback,,win,0.925925925925926,gaussian_unconditional,false,false,false,archive_final_fallback
total,under,41.5,-110,1.9090909090909092,0.6006239171004745,0.5238095238095238,0.5,0.10062391710047447,0.14664565991908773,nflverse_archive,2023,14,2023_14_TB_ATL,ATL,TB,nflverse,,nflverse_archive,false,archive_final_fallback,,loss,-1.0,gaussian_unconditional,false,false,false,archive_final_fallback
moneyline,away,,625,7.25,0.24018445651284415,0.13793103448275862,0.1322834645669291,0.10790099194591504,0.7413373097181202,nflverse_archive,2023,14,2023_14_TEN_MIA,MIA,TEN,nflverse,,nflverse_archive,false,archive_final_fallback,,win,6.25,gaussian_unconditional,false,false,false,archive_final_fallback
spread,away,14.0,-110,1.9090909090909092,0.6577275438998547,0.5238095238095238,0.5,0.15772754389985466,0.25566167471790435,nflverse_archive,2023,14,2023_14_TEN_MIA,MIA,TEN,nflverse,,nflverse_archive,false,archive_final_fallback,,win,0.9090909090909092,gaussian_unconditional,false,false,false,archive_final_fallback
total,over,45.0,-112,1.8928571428571428,0.5669702904331646,0.5283018867924528,0.502134927412468,0.06483536302069659,0.07319376403420441,nflverse_archive,2023,14,2023_14_TEN_MIA,MIA,TEN,nflverse,,nflverse_archive,false,archive_final_fallback,,win,0.8928571428571428,gaussian_unconditional,false,false,false,archive_final_fallback
moneyline,home,,130,2.3,0.4433830666232227,0.4347826086956522,0.41700735895339325,0.02637570766982944,0.01978105323341217,nflverse_archive,2023,15,2023_15_ATL_CAR,CAR,ATL,nflverse,,nflverse_archive,false,archive_final_fallback,,win,1.2999999999999998,gaussian_unconditional,false,false,false,archive_final_fallback
spread,home,3.0,-118,1.847457627118644,0.5381503870670848,0.5412844036697247,0.5173641257162701,0.02078626135081474,-0.005789962876063592,nflverse_archive,2023,15,2023_15_ATL_CAR,CAR,ATL,nflverse,,nflverse_archive,false,archive_final_fallback,,win,0.847457627118644,gaussian_unconditional,false,false,false,archive_final_fallback
total,over,32.0,-110,1.9090909090909092,0.7134638750610867,0.5238095238095238,0.5,0.21346387506108666,0.36206739784389286,nflverse_archive,2023,15,2023_15_ATL_CAR,CAR,ATL,nflverse,,nflverse_archive,false,archive_final_fallback,,loss,-1.0,gaussian_unconditional,false,false,false,archive_final_fallback
moneyline,home,,185,2.85,0.43017640411437963,0.3508771929824561,0.33635187580853815,0.09382452830584148,0.22600275172598194,nflverse_archive,2023,15,2023_15_BAL_JAX,JAX,BAL,nflverse,,nflverse_archive,false,archive_final_fallback,,loss,-1.0,gaussian_unconditional,false,false,false,archive_final_fallback
spread,home,4.0,-110,1.9090909090909092,0.5563170956252994,0.5238095238095238,0.5,0.05631709562529941,0.06205990983011711,nflverse_archive,2023,15,2023_15_BAL_JAX,JAX,BAL,nflverse,,nflverse_archive,false,archive_final_fallback,,loss,-1.0,gaussian_unconditional,false,false,false,archive_final_fallback
total,over,42.5,-112,1.8928571428571428,0.5710868819414814,0.5283018867924528,0.5043297540699689,0.06675712787151244,0.08098588367494686,nflverse_archive,2023,15,2023_15_BAL_JAX,JAX,BAL,nflverse,,nflverse_archive,false,archive_final_fallback,,loss,-1.0,gaussian_unconditional,false,false,false,archive_final_fallback
moneyline,home,,-148,1.6756756756756757,0.6809355319649906,0.5967741935483871,0.5720596355604638,0.10887589640452677,0.14102710761701132,nflverse_archive,2023,15,2023_15_CHI_CLE,CLE,CHI,nflverse,,nflverse_archive,false,archive_final_fallback,,win,0.6756756756756757,gaussian_unconditional,false,false,false,archive_final_fallback
spread,home,-3.0,100,2.0,0.5917869248790293,0.5,0.4782608695652174,0.11352605531381188,0.18357384975805857,nflverse_archive,2023,15,2023_15_CHI_CLE,CLE,CHI,nflverse,,nflverse_archive,false,archive_final_fallback,,push,0.0,gaussian_unconditional,false,false,false,archive_final_fallback
total,over,38.0,-110,1.9090909090909092,0.6668384797808453,0.5238095238095238,0.5,0.16683847978084532,0.2730552795816139,nflverse_archive,2023,15,2023_15_CHI_CLE,CLE,CHI,nflverse,,nflverse_archive,false,archive_final_fallback,,loss,-1.0,gaussian_unconditional,false,false,false,archive_final_fallback
moneyline,away,,114,2.1399999999999997,0.5201135207462182,0.4672897196261683,0.44855888528345106,0.07155463546276714,0.11304293439690682,nflverse_archive,2023,15,2023_15_DAL_BUF,BUF,DAL,nflverse,,nflverse_archive,false,archive_final_fallback,,loss,-1.0,gaussian_unconditional,false,false,false,archive_final_fallback
spread,away,2.0,-108,1.925925925925926,0.582861797942055,0.5192307692307692,0.4956702459300312,0.08719155201202378,0.12254864788840214,nflverse_archive,2023,15,2023_15_DAL_BUF,BUF,DAL,nflverse,,nflverse_archive,false,archive_final_fallback,,loss,-1.0,gaussian_unconditional,false,false,false,archive_final_fallback
total,under,49.5,-110,1.9090909090909092,0.5010997711494212,0.5238095238095238,0.5,0.0010997711494211693,-0.04335498235110502,nflverse_archive,2023,15,2023_15_DAL_BUF,BUF,DAL,nflverse,,nflverse_archive,false,archive_final_fallback,,win,0.9090909090909092,gaussian_unconditional,false,false,false,archive_final_fallback
moneyline,away,,210,3.1,0.3583587939717663,0.3225806451612903,0.30920711694593195,0.04915167702583434,0.11091226131247556,nflverse_archive,2023,15,2023_15_DEN_DET,DET,DEN,nflverse,,nflverse_archive,false,archive_final_fallback,,loss,-1.0,gaussian_unconditional,false,false,false,archive_final_fallback
spread,away,5.5,-108,1.925925925925926,0.5294153708767128,0.5192307692307692,0.4956702459300312,0.03374512494668158,0.019614788355150514,nflverse_archive,2023,15,2023_15_DEN_DET,DET,DEN,nflverse,,nflverse_archive,false,archive_final_fallback,,loss,-1.0,gaussian_unconditional,false,false,false,archive_final_fallback
total,under,49.0,-108,1.925925925925926,0.4963198958084152,0.5192307692307692,0.4956702459300312,0.0006496498783840066,-0.04412464510971881,nflverse_archive,2023,15,2023_15_DEN_DET,DET,DEN,nflverse,,nflverse_archive,false,archive_final_fallback,,loss,-1.0,gaussian_unconditional,false,false,false,archive_final_fallback
moneyline,away,,142,2.42,0.4622231901055551,0.4132231404958678,0.3962430290578222,0.06598016104773291,0.11858012005544327,nflverse_archive,2023,15,2023_15_HOU_TEN,TEN,HOU,nflverse,,nflverse_archive,false,archive_final_fallback,,win,1.42,gaussian_unconditional,false,false,false,archive_final_fallback
spread,away,3.0,100,2.0,0.5569884005531704,0.5,0.4782608695652174,0.07872753098795304,0.1139768011063409,nflverse_archive,2023,15,2023_15_HOU_TEN,TEN,HOU,nflverse,,nflverse_archive,false,archive_final_fallback,,win,1.0,gaussian_unconditional,false,false,false,archive_final_fallback
total,over,38.0,-112,1.8928571428571428,0.5769568655522221,0.5283018867924528,0.5043297540699689,0.0726271114822532,0.0920969240809919,nflverse_archive,2023,15,2023_15_HOU_TEN,TEN,HOU,nflverse,,nflverse_archive,false,archive_final_fallback,,loss,-1.0,gaussian_unconditional,false,false,false,archive_final_fallback
moneyline,home,,370,4.7,0.33144369483311964,0.2127659574468085,0.2042241228835748,0.12721957194954484,0.5577853657156624,nflverse_archive,2023,15,2023_15_KC_NE,NE,KC,nflverse,,nflverse_archive,false,archive_final_fallback,,loss,-1.0,gaussian_unconditional,false,false,false,archive_final_fallback
spread,home,10.0,-108,1.925925925925926,0.639820091996063,0.5192307692307692,0.4956702459300312,0.14414984606603187,0.232246103103529,nflverse_archive,2023,15,2023_15_KC_NE,NE,KC,nflverse,,nflverse_archive,false,archive_final_fallback,,push,0.0,gaussian_unconditional,false,false,false,archive_final_fallback
total,under,39.5,-110,1.9090909090909092,0.6334519866958881,0.5238095238095238,0.5,0.1334519866958881,0.2093174291466955,nflverse_archive,2023,15,2023_15_KC_NE,NE,KC,nflverse,,nflverse_archive,false,archive_final_fallback,,loss,-1.0,gaussian_unconditional,false,false,false,archive_final_fallback
moneyline,away,,136,2.3600000000000003,0.5248824025294602,0.42372881355932196,0.4066302458405761,0.11825215668888406,0.23872246996952606,nflverse_archive,2023,15,2023_15_LAC_LV,LV,LAC,nflverse,,nflverse_archive,false,archive_final_fallback,,loss,-1.0,gaussian_unconditional,false,false,false,archive_final_fallback
spread,away,3.0,-110,1.9090909090909092,0.6181340817077099,0.5238095238095238,0.5,0.11813408170770989,0.18007415598744614,nflverse_archive,2023,15,2023_15_LAC_LV,LV,LAC,nflverse,,nflverse_archive,false,archive_final_fallback,,loss,-1.0,gaussian_unconditional,false,false,false,archive_final_fallback
total,over,36.0,-110,1.9090909090909092,0.6005644892027999,0.5238095238095238,0.5,0.10056448920279992,0.14653220665989086,nflverse_archive,2023,15,2023_15_LAC_LV,LV,LAC,nflverse,,nflverse_archive,false,archive_final_fallback,,win,0.9090909090909092,gaussian_unconditional,false,false,false,archive_final_fallback
moneyline,away,,145,2.45,0.4302097443637729,0.4081632653061224,0.3907637655417407,0.03944597882203221,0.05401387369124366,nflverse_archive,2023,15,2023_15_MIN_CIN,CIN,MIN,nflverse,,nflverse_archive,false,archive_final_fallback,,loss,-1.0,gaussian_unconditional,false,false,false,archive_final_fallback
spread,away,3.0,-105,1.9523809523809523,0.5248508728505866,0.5121951219512195,0.4891657638136511,0.0356851090369355,0.024708846994002442,nflverse_archive,2023,15,2023_15_MIN_CIN,CIN,MIN,nflverse,,nflverse_archive,false,archive_final_fallback,,push,0.0,gaussian_unconditional,false,false,false,archive_final_fallback
total,under,41.5,-110,1.9090909090909092,0.503226933428964,0.5238095238095238,0.5,0.003226933428963963,-0.03929403618106875,nflverse_archive,2023,15,2023_15_MIN_CIN,CIN,MIN,nflverse,,nflverse_archive,false,archive_final_fallback,,loss,-1.0,gaussian_unconditional,false,false,false,archive_final_fallback
moneyline,home,,-250,1.4,0.7346144855367798,0.7142857142857143,0.6853932584269663,0.04922122710981347,0.02846027975149168,nflverse_archive,2023,15,2023_15_NYG_NO,NO,NYG,nflverse,,nflverse_archive,false,archive_final_fallback,,win,0.3999999999999999,gaussian_unconditional,false,false,false,archive_final_fallback
spread,home,-6.0,-112,1.8928571428571428,0.5598088448254659,0.5283018867924528,0.5043297540699689,0.05547909075549695,0.05963817056248888,nflverse_archive,2023,15,2023_15_NYG_NO,NO,NYG,nflverse,,nflverse_archive,false,archive_final_fallback,,win,0.8928571428571428,gaussian_unconditional,false,false,false,archive_final_fallback
total,under,39.5,-110,1.9090909090909092,0.5228072646470147,0.5238095238095238,0.5,0.022807264647014658,-0.0019134038556992694,nflverse_archive,2023,15,2023_15_NYG_NO,NO,NYG,nflverse,,nflverse_archive,false,archive_final_fallback,,win,0.9090909090909092,gaussian_unconditional,false,false,false,archive_final_fallback
moneyline,home,,-345,1.289855072463768,0.7598241127550831,0.7752808988764045,0.7440690150970525,0.015755097658030626,-0.01993701398257397,nflverse_archive,2023,15,2023_15_NYJ_MIA,MIA,NYJ,nflverse,,nflverse_archive,false,archive_final_fallback,,win,0.28985507246376807,gaussian_unconditional,false,false,false,archive_final_fallback
spread,home,-7.5,-105,1.9523809523809523,0.5439165700481887,0.5121951219512195,0.4891657638136511,0.0547508062345376,0.06193235104646355,nflverse_archive,2023,15,2023_15_NYJ_MIA,MIA,NYJ,nflverse,,nflverse_archive,false,archive_final_fallback,,win,0.9523809523809523,gaussian_unconditional,false,false,false,archive_final_fallback
total,over,36.0,-110,1.9090909090909092,0.7461775901742944,0.5238095238095238,0.5,0.24617759017429441,0.42452085396910766,nflverse_archive,2023,15,2023_15_NYJ_MIA,MIA,NYJ,nflverse,,nflverse_archive,false,archive_final_fallback,,loss,-1.0,gaussian_unconditional,false,false,false,archive_final_fallback
moneyline,home,,195,2.95,0.4684236938322668,0.3389830508474576,0.32496875300451883,0.14345494082774796,0.3818498968051871,nflverse_archive,2023,15,2023_15_PHI_SEA,SEA,PHI,nflverse,,nflverse_archive,false,archive_final_fallback,,win,1.9500000000000002,gaussian_unconditional,false,false,false,archive_final_fallback
spread,home,5.0,100,2.0,0.6246517769552529,0.5,0.4782608695652174,0.14639090739003546,0.24930355391050574,nflverse_archive,2023,15,2023_15_PHI_SEA,SEA,PHI,nflverse,,nflverse_archive,false,archive_final_fallback,,win,1.0,gaussian_unconditional,false,false,false,archive_final_fallback
total,over,46.0,-108,1.925925925925926,0.5800448767799219,0.5192307692307692,0.4956702459300312,0.08437463084989072,0.11712346639096083,nflverse_archive,2023,15,2023_15_PHI_SEA,SEA,PHI,nflverse,,nflverse_archive,false,archive_final_fallback,,loss,-1.0,gaussian_unconditional,false,false,false,archive_final_fallback
moneyline,home,,-122,1.819672131147541,0.5900887614953382,0.5495495495495495,0.5260865852617197,0.06400217623361848,0.07376807419643505,nflverse_archive,2023,15,2023_15_PIT_IND,IND,PIT,nflverse,,nflverse_archive,false,archive_final_fallback,,win,0.819672131147541,gaussian_unconditional,false,false,false,archive_final_fallback
spread,home,-1.5,-110,1.9090909090909092,0.5432746594455764,0.5238095238095238,0.5,0.0432746594455764,0.037160713487009556,nflverse_archive,2023,15,2023_15_PIT_IND,IND,PIT,nflverse,,nflverse_archive,false,archive_final_fallback,,win,0.9090909090909092,gaussian_unconditional,false,false,false,archive_final_fallback
total,over,41.5,-110,1.9090909090909092,0.5285312363717518,0.5238095238095238,0.5,0.02853123637175181,0.009014178527889882,nflverse_archive,2023,15,2023_15_PIT_IND,IND,PIT,nflverse,,nflverse_archive,false,archive_final_fallback,,win,0.9090909090909092,gaussian_unconditional,false,false,false,archive_final_fallback
moneyline,home,,525,6.25,0.20082254367999952,0.16,0.15349887133182846,0.04732367234817106,0.25514089799999695,nflverse_archive,2023,15,2023_15_SF_ARI,ARI,SF,nflverse,,nflverse_archive,false,archive_final_fallback,,loss,-1.0,gaussian_unconditional,false,false,false,archive_final_fallback
spread,home,12.5,-110,1.9090909090909092,0.5610762097132511,0.5238095238095238,0.5,0.06107620971325112,0.07114549127075209,nflverse_archive,2023,15,2023_15_SF_ARI,ARI,SF,nflverse,,nflverse_archive,false,archive_final_fallback,,loss,-1.0,gaussian_unconditional,false,false,false,archive_final_fallback
total,under,48.0,-110,1.9090909090909092,0.620215985904717,0.5238095238095238,0.5,0.12021598590471705,0.1840487003635507,nflverse_archive,2023,15,2023_15_SF_ARI,ARI,SF,nflverse,,nflverse_archive,false,archive_final_fallback,,loss,-1.0,gaussian_unconditional,false,false,false,archive_final_fallback
moneyline,away,,180,2.8,0.4044696148995569,0.35714285714285715,0.3425247738043946,0.061944841095162295,0.13251492171875934,nflverse_archive,2023,15,2023_15_TB_GB,GB,TB,nflverse,,nflverse_archive,false,archive_final_fallback,,win,1.7999999999999998,gaussian_unconditional,false,false,false,archive_final_fallback
spread,away,4.0,-110,1.9090909090909092,0.5301983730255727,0.5238095238095238,0.5,0.03019837302557271,0.01219689395791157,nflverse_archive,2023,15,2023_15_TB_GB,GB,TB,nflverse,,nflverse_archive,false,archive_final_fallback,,win,0.9090909090909092,gaussian_unconditional,false,false,false,archive_final_fallback
total,under,41.5,-110,1.9090909090909092,0.5294772111847887,0.5238095238095238,0.5,0.029477211184788743,0.010820130443687681,nflverse_archive,2023,15,2023_15_TB_GB,GB,TB,nflverse,,nflverse_archive,false,archive_final_fallback,,loss,-1.0,gaussian_unconditional,false,false,false,archive_final_fallback
moneyline,home,,-298,1.3355704697986577,0.7668487256525567,0.7487437185929648,0.7179705215419501,0.048878204110606616,0.024180512784287123,nflverse_archive,2023,15,2023_15_WAS_LA,LA,WAS,nflverse,,nflverse_archive,false,archive_final_fallback,,win,0.3355704697986577,gaussian_unconditional,false,false,false,archive_final_fallback
spread,home,-6.5,-112,1.8928571428571428,0.584128999486172,0.5283018867924528,0.5043297540699689,0.07979924541620309,0.10567274902739698,nflverse_archive,2023,15,2023_15_WAS_LA,LA,WAS,nflverse,,nflverse_archive,false,archive_final_fallback,,win,0.8928571428571428,gaussian_unconditional,false,false,false,archive_final_fallback
total,under,48.5,-110,1.9090909090909092,0.5569951396418729,0.5238095238095238,0.5,0.05699513964187286,0.06335435749812102,nflverse_archive,2023,15,2023_15_WAS_LA,LA,WAS,nflverse,,nflverse_archive,false,archive_final_fallback,,win,0.9090909090909092,gaussian_unconditional,false,false,false,archive_final_fallback
moneyline,home,,-218,1.4587155963302751,0.6619729033029453,0.6855345911949686,0.6574752261956053,0.004497677107340059,-0.034369801603960526,nflverse_archive,2023,16,2023_16_ARI_CHI,CHI,ARI,nflverse,,nflverse_archive,false,archive_final_fallback,,win,0.45871559633027514,gaussian_unconditional,false,false,false,archive_final_fallback
spread,home,-4.5,-110,1.9090909090909092,0.5254990623536364,0.5238095238095238,0.5,0.025499062353636415,0.003225482675124125,nflverse_archive,2023,16,2023_16_ARI_CHI,CHI,ARI,nflverse,,nflverse_archive,false,archive_final_fallback,,win,0.9090909090909092,gaussian_unconditional,false,false,false,archive_final_fallback
total,over,42.0,-115,1.8695652173913042,0.5787629876461864,0.5348837209302326,0.5108342361863489,0.06792875145983746,0.08203515081678314,nflverse_archive,2023,16,2023_16_ARI_CHI,CHI,ARI,nflverse,,nflverse_archive,false,archive_final_fallback,,win,0.8695652173913042,gaussian_unconditional,false,false,false,archive_final_fallback
moneyline,away,,275,3.75,0.34644638547152407,0.26666666666666666,0.2559309849029475,0.09051540056857654,0.2991739455182152,nflverse_archive,2023,16,2023_16_BAL_SF,SF,BAL,nflverse,,nflverse_archive,false,archive_final_fallback,,win,2.75,gaussian_unconditional,false,false,false,archive_final_fallback
spread,away,6.5,-105,1.9523809523809523,0.5462715270549516,0.5121951219512195,0.4891657638136511,0.05710576324130051,0.06653012425014371,nflverse_archive,2023,16,2023_16_BAL_SF,SF,BAL,nflverse,,nflverse_archive,false,archive_final_fallback,,win,0.9523809523809523,gaussian_unconditional,false,false,false,archive_final_fallback
total,under,47.5,-112,1.8928571428571428,0.5848589158970493,0.5283018867924528,0.5043297540699689,0.08052916182708036,0.10705437651941474,nflverse_archive,2023,16,2023_16_BAL_SF,SF,BAL,nflverse,,nflverse_archive,false,archive_final_fallback,,loss,-1.0,gaussian_unconditional,false,false,false,archive_final_fallback
moneyline,home,,550,6.5,0.37684164763251804,0.15384615384615385,0.1475409836065574,0.22930066402596064,1.4494707096113673,nflverse_archive,2023,16,2023_16_BUF_LAC,LAC,BUF,nflverse,,nflverse_archive,false,archive_final_fallback,,loss,-1.0,gaussian_unconditional,false,false,false,archive_final_fallback
spread,home,13.0,-115,1.8695652173913042,0.7607049567374873,0.5348837209302326,0.5108342361863489,0.24987072055113835,0.42218752781356317,nflverse_archive,2023,16,2023_16_BUF_LAC,LAC,BUF,nflverse,,nflverse_archive,false,archive_final_fallback,,win,0.8695652173913042,gaussian_unconditional,false,false,false,archive_final_fallback
total,over,44.5,-105,1.9523809523809523,0.5645577211783448,0.5121951219512195,0.4891657638136511,0.07539195736469367,0.10223174134819701,nflverse_archive,2023,16,2023_16_BUF_LAC,LAC,BUF,nflverse,,nflverse_archive,false,archive_final_fallback,,win,0.9523809523809523,gaussian_unconditional,false,false,false,archive_final_fallback
moneyline,home,,130,2.3,0.4855506488870691,0.4347826086956522,0.41700735895339325,0.06854328993367587,0.11676649244025894,nflverse_archive,2023,16,2023_16_CIN_PIT,PIT,CIN,nflverse,,nflverse_archive,false,archive_final_fallback,,win,1.2999999999999998,gaussian_unconditional,false,false,false,archive_final_fallback
spread,home,3.0,-115,1.8695652173913042,0.5791430938961619,0.5348837209302326,0.5108342361863489,0.06830885770981299,0.08274578424065049,nflverse_archive,2023,16,2023_16_CIN_PIT,PIT,CIN,nflverse,,nflverse_archive,false,archive_final_fallback,,win,0.8695652173913042,gaussian_unconditional,false,false,false,archive_final_fallback
total,under,39.5,-110,1.9090909090909092,0.5104470217423346,0.5238095238095238,0.5,0.010447021742334583,-0.02551023121917939,nflverse_archive,2023,16,2023_16_CIN_PIT,PIT,CIN,nflverse,,nflverse_archive,false,archive_final_fallback,,loss,-1.0,gaussian_unconditional,false,false,false,archive_final_fallback
moneyline,home,,136,2.3600000000000003,0.5465172808168924,0.42372881355932196,0.4066302458405761,0.13988703497631633,0.2897807827278662,nflverse_archive,2023,16,2023_16_CLE_HOU,HOU,CLE,nflverse,,nflverse_archive,false,archive_final_fallback,,loss,-1.0,gaussian_unconditional,false,false,false,archive_final_fallback
spread,home,3.0,-110,1.9090909090909092,0.6378792636759997,0.5238095238095238,0.5,0.13787926367599967,0.21776950338145395,nflverse_archive,2023,16,2023_16_CLE_HOU,HOU,CLE,nflverse,,nflverse_archive,false,archive_final_fallback,,loss,-1.0,gaussian_unconditional,false,false,false,archive_final_fallback
total,over,40.0,-110,1.9090909090909092,0.5816355737444721,0.5238095238095238,0.5,0.08163557374447206,0.11039518623944677,nflverse_archive,2023,16,2023_16_CLE_HOU,HOU,CLE,nflverse,,nflverse_archive,false,archive_final_fallback,,win,0.9090909090909092,gaussian_unconditional,false,false,false,archive_final_fallback
moneyline,home,,-122,1.819672131147541,0.5407240003014281,0.5495495495495495,0.5260865852617197,0.01463741503970839,-0.016059606008876792,nflverse_archive,2023,16,2023_16_DAL_MIA,MIA,DAL,nflverse,,nflverse_archive,false,archive_final_fallback,,win,0.819672131147541,gaussian_unconditional,false,false,false,archive_final_fallback
spread,away,1.5,-110,1.9090909090909092,0.5062657568444748,0.5238095238095238,0.5,0.006265756844474835,-0.033492646024184336,nflverse_archive,2023,16,2023_16_DAL_MIA,MIA,DAL,nflverse,,nflverse_archive,false,archive_final_fallback,,loss,-1.0,gaussian_unconditional,false,false,false,archive_final_fallback
total,over,48.5,-120,1.8333333333333335,0.6536740198733362,0.5454545454545454,0.5217391304347826,0.13193488943855358,0.19840236976778303,nflverse_archive,2023,16,2023_16_DAL_MIA,MIA,DAL,nflverse,,nflverse_archive,false,archive_final_fallback,,loss,-1.0,gaussian_unconditional,false,false,false,archive_final_fallback
moneyline,home,,124,2.24,0.5634812209294746,0.4464285714285714,0.4279403644395361,0.13554085648993852,0.26219793488202336,nflverse_archive,2023,16,2023_16_DET_MIN,MIN,DET,nflverse,,nflverse_archive,false,archive_final_fallback,,loss,-1.0,gaussian_unconditional,false,false,false,archive_final_fallback
spread,home,2.5,105,2.05,0.6392327582200911,0.48780487804878053,0.4675324675324676,0.1717002906876235,0.3104271543511865,nflverse_archive,2023,16,2023_16_DET_MIN,MIN,DET,nflverse,,nflverse_archive,false,archive_final_fallback,,loss,-1.0,gaussian_unconditional,false,false,false,archive_final_fallback
total,under,47.5,-102,1.9803921568627452,0.5196082543018654,0.504950495049505,0.4826358742837298,0.03697238001813563,0.02902811146055706,nflverse_archive,2023,16,2023_16_DET_MIN,MIN,DET,nflverse,,nflverse_archive,false,archive_final_fallback,,loss,-1.0,gaussian_unconditional,false,false,false,archive_final_fallback
moneyline,home,,164,2.6399999999999997,0.42608520086225976,0.37878787878787884,0.36309581830587784,0.06298938255638192,0.12486493027636558,nflverse_archive,2023,16,2023_16_GB_CAR,CAR,GB,nflverse,,nflverse_archive,false,archive_final_fallback,,loss,-1.0,gaussian_unconditional,false,false,false,archive_final_fallback
spread,home,3.5,-108,1.925925925925926,0.5354194967071917,0.5192307692307692,0.4956702459300312,0.039749250777160516,0.031178289954591376,nflverse_archive,2023,16,2023_16_GB_CAR,CAR,GB,nflverse,,nflverse_archive,false,archive_final_fallback,,win,0.925925925925926,gaussian_unconditional,false,false,false,archive_final_fallback
total,over,39.5,-110,1.9090909090909092,0.523364525640879,0.5238095238095238,0.5,0.023364525640878986,-0.0008495419583218755,nflverse_archive,2023,16,2023_16_GB_CAR,CAR,GB,nflverse,,nflverse_archive,false,archive_final_fallback,,win,0.9090909090909092,gaussian_unconditional,false,false,false,archive_final_fallback
moneyline,away,,130,2.3,0.44373765984928215,0.4347826086956522,0.41700735895339325,0.026730300895888903,0.02059661765334897,nflverse_archive,2023,16,2023_16_IND_ATL,ATL,IND,nflverse,,nflverse_archive,false,archive_final_fallback,,loss,-1.0,gaussian_unconditional,false,false,false,archive_final_fallback
spread,away,3.0,-115,1.8695652173913042,0.5376159377979722,0.5348837209302326,0.5108342361863489,0.0267817016116233,0.005108057622295936,nflverse_archive,2023,16,2023_16_IND_ATL,ATL,IND,nflverse,,nflverse_archive,false,archive_final_fallback,,loss,-1.0,gaussian_unconditional,false,false,false,archive_final_fallback
total,over,44.0,-115,1.8695652173913042,0.5165163920394954,0.5348837209302326,0.5108342361863489,0.005682155853146464,-0.03433891923050869,nflverse_archive,2023,16,2023_16_IND_ATL,ATL,IND,nflverse,,nflverse_archive,false,archive_final_fallback,,loss,-1.0,gaussian_unconditional,false,false,false,archive_final_fallback
moneyline,home,,105,2.05,0.5748344249600235,0.48780487804878053,0.4675324675324676,0.10730195742755588,0.17841057116804793,nflverse_archive,2023,16,2023_16_JAX_TB,TB,JAX,nflverse,,nflverse_archive,false,archive_final_fallback,,win,1.0499999999999998,gaussian_unconditional,false,false,false,archive_final_fallback
spread,home,2.0,-110,1.9090909090909092,0.6353218151104985,0.5238095238095238,0.5,0.13532181511049846,0.21288710157458812,nflverse_archive,2023,16,2023_16_JAX_TB,TB,JAX,nflverse,,nflverse_archive,false,archive_final_fallback,,win,0.9090909090909092,gaussian_unconditional,false,false,false,archive_final_fallback
total,under,43.0,-108,1.925925925925926,0.5034658401014092,0.5192307692307692,0.4956702459300312,0.007795594171377984,-0.03036208573061938,nflverse_archive,2023,16,2023_16_JAX_TB,TB,JAX,nflverse,,nflverse_archive,false,archive_final_fallback,,win,0.925925925925926,gaussian_unconditional,false,false,false,archive_final_fallback
moneyline,away,,440,5.4,0.26984440126244835,0.18518518518518517,0.17766497461928932,0.09217942664315903,0.45715976681722115,nflverse_archive,2023,16,2023_16_LV_KC,KC,LV,nflverse,,nflverse_archive,false,archive_final_fallback,,win,4.4,gaussian_unconditional,false,false,false,archive_final_fallback
spread,away,11.0,-102,1.9803921568627452,0.5993978661715322,0.504950495049505,0.4826358742837298,0.11676199188780245,0.18704283300636781,nflverse_archive,2023,16,2023_16_LV_KC,KC,LV,nflverse,,nflverse_archive,false,archive_final_fallback,,win,0.9803921568627452,gaussian_unconditional,false,false,false,archive_final_fallback
total,under,40.5,-110,1.9090909090909092,0.5355174726008236,0.5238095238095238,0.5,0.03551747260082361,0.022351538601572463,nflverse_archive,2023,16,2023_16_LV_KC,KC,LV,nflverse,,nflverse_archive,false,archive_final_fallback,,win,0.9090909090909092,gaussian_unconditional,false,false,false,archive_final_fallback
moneyline,away,,270,3.7,0.33434900086897335,0.27027027027027023,0.2591283863368669,0.07522061453210643,0.23709130321520133,nflverse_archive,2023,16,2023_16_NE_DEN,DEN,NE,nflverse,,nflverse_archive,false,archive_final_fallback,,win,2.7,gaussian_unconditional,false,false,false,archive_final_fallback
spread,away,7.0,-110,1.9090909090909092,0.548774246231057,0.5238095238095238,0.5,0.04877424623105697,0.04765992462292701,nflverse_archive,2023,16,2023_16_NE_DEN,DEN,NE,nflverse,,nflverse_archive,false,archive_final_fallback,,win,0.9090909090909092,gaussian_unconditional,false,false,false,archive_final_fallback
total,over,37.5,-110,1.9090909090909092,0.5324309416867449,0.5238095238095238,0.5,0.032430941686744874,0.01645907049287665,nflverse_archive,2023,16,2023_16_NE_DEN,DEN,NE,nflverse,,nflverse_archive,false,archive_final_fallback,,win,0.9090909090909092,gaussian_unconditional,false,false,false,archive_final_fallback
moneyline,away,,180,2.8,0.408114507724606,0.35714285714285715,0.3425247738043946,0.06558973392021139,0.14272062162889676,nflverse_archive,2023,16,2023_16_NO_LA,LA,NO,nflverse,,nflverse_archive,false,archive_final_fallback,,loss,-1.0,gaussian_unconditional,false,false,false,archive_final_fallback
spread,away,4.0,100,2.0,0.5327458129918479,0.5,0.4782608695652174,0.05448494342663046,0.06549162598369573,nflverse_archive,2023,16,2023_16_NO_LA,LA,NO,nflverse,,nflverse_archive,false,archive_final_fallback,,loss,-1.0,gaussian_unconditional,false,false,false,archive_final_fallback
total,under,45.5,-112,1.8928571428571428,0.589583493178768,0.5283018867924528,0.5043297540699689,0.08525373910879908,0.11599732637409654,nflverse_archive,2023,16,2023_16_NO_LA,LA,NO,nflverse,,nflverse_archive,false,archive_final_fallback,,loss,-1.0,gaussian_unconditional,false,false,false,archive_final_fallback
moneyline,away,,600,7.0,0.1945153587740156,0.14285714285714285,0.13698630136986303,0.05752905740415257,0.3616075114181092,nflverse_archive,2023,16,2023_16_NYG_PHI,PHI,NYG,nflverse,,nflverse_archive,false,archive_final_fallback,,loss,-1.0,gaussian_unconditional,false,false,false,archive_final_fallback
spread,away,14.0,-112,1.8928571428571428,0.5946894633723014,0.5283018867924528,0.5043297540699689,0.0903597093023325,0.1256621985261419,nflverse_archive,2023,16,2023_16_NYG_PHI,PHI,NYG,nflverse,,nflverse_archive,false,archive_final_fallback,,win,0.8928571428571428,gaussian_unconditional,false,false,false,archive_final_fallback
total,over,41.0,-112,1.8928571428571428,0.5535637496625896,0.5283018867924528,0.5043297540699689,0.04923399559262065,0.04781709757561603,nflverse_archive,2023,16,2023_16_NYG_PHI,PHI,NYG,nflverse,,nflverse_archive,false,archive_final_fallback,,win,0.8928571428571428,gaussian_unconditional,false,false,false,archive_final_fallback
moneyline,home,,140,2.4,0.5545511643259343,0.4166666666666667,0.4003612281757977,0.1541899361501366,0.33092279438224237,nflverse_archive,2023,16,2023_16_SEA_TEN,TEN,SEA,nflverse,,nflverse_archive,false,archive_final_fallback,,loss,-1.0,gaussian_unconditional,false,false,false,archive_final_fallback
spread,home,3.0,-110,1.9090909090909092,0.645461981293063,0.5238095238095238,0.5,0.14546198129306298,0.232245600650393,nflverse_archive,2023,16,2023_16_SEA_TEN,TEN,SEA,nflverse,,nflverse_archive,false,archive_final_fallback,,push,0.0,gaussian_unconditional,false,false,false,archive_final_fallback
total,under,42.0,-108,1.925925925925926,0.5250828658068802,0.5192307692307692,0.4956702459300312,0.029412619876849067,0.011270704516954666,nflverse_archive,2023,16,2023_16_SEA_TEN,TEN,SEA,nflverse,,nflverse_archive,false,archive_final_fallback,,win,0.925925925925926,gaussian_unconditional,false,false,false,archive_final_fallback
moneyline,home,,-166,1.6024096385542168,0.6775278149716638,0.6240601503759399,0.5996387718242023,0.07788904314746148,0.08567710109917215,nflverse_archive,2023,16,2023_16_WAS_NYJ,NYJ,WAS,nflverse,,nflverse_archive,false,archive_final_fallback,,win,0.6024096385542168,gaussian_unconditional,false,false,false,archive_final_fallback
spread,home,-3.0,-112,1.8928571428571428,0.5889590071146176,0.5283018867924528,0.5043297540699689,0.08462925304464863,0.11481526346695459,nflverse_archive,2023,16,2023_16_WAS_NYJ,NYJ,WAS,nflverse,,nflverse_archive,false,archive_final_fallback,,loss,-1.0,gaussian_unconditional,false,false,false,archive_final_fallback
total,over,36.5,-110,1.9090909090909092,0.6107118035845496,0.5238095238095238,0.5,0.11071180358454957,0.16590435229777656,nflverse_archive,2023,16,2023_16_WAS_NYJ,NYJ,WAS,nflverse,,nflverse_archive,false,archive_final_fallback,,win,0.9090909090909092,gaussian_unconditional,false,false,false,archive_final_fallback
moneyline,away,,525,6.25,0.21718899038569228,0.16,0.15349887133182846,0.06369011905386382,0.35743118991057665,nflverse_archive,2023,17,2023_17_ARI_PHI,PHI,ARI,nflverse,,nflverse_archive,false,archive_final_fallback,,win,5.25,gaussian_unconditional,false,false,false,archive_final_fallback
spread,away,12.0,-110,1.9090909090909092,0.5653871094215445,0.5238095238095238,0.5,0.06538710942154446,0.07937539071385769,nflverse_archive,2023,17,2023_17_ARI_PHI,PHI,ARI,nflverse,,nflverse_archive,false,archive_final_fallback,,win,0.9090909090909092,gaussian_unconditional,false,false,false,archive_final_fallback
total,over,48.0,-110,1.9090909090909092,0.5235629613563282,0.5238095238095238,0.5,0.023562961356328183,-0.00047071013791888383,nflverse_archive,2023,17,2023_17_ARI_PHI,PHI,ARI,nflverse,,nflverse_archive,false,archive_final_fallback,,win,0.9090909090909092,gaussian_unconditional,false,false,false,archive_final_fallback
moneyline,away,,130,2.3,0.4325476981506078,0.4347826086956522,0.41700735895339325,0.015540339197214537,-0.0051402942536021845,nflverse_archive,2023,17,2023_17_ATL_CHI,CHI,ATL,nflverse,,nflverse_archive,false,archive_final_fallback,,loss,-1.0,gaussian_unconditional,false,false,false,archive_final_fallback
spread,away,3.0,-115,1.8695652173913042,0.5265894953827484,0.5348837209302326,0.5108342361863489,0.015755259196399418,-0.015506595588774874,nflverse_archive,2023,17,2023_17_ATL_CHI,CHI,ATL,nflverse,,nflverse_archive,false,archive_final_fallback,,loss,-1.0,gaussian_unconditional,false,false,false,archive_final_fallback
total,over,39.0,-110,1.9090909090909092,0.539655704047112,0.5238095238095238,0.5,0.03965570404711205,0.030251798635395843,nflverse_archive,2023,17,2023_17_ATL_CHI,CHI,ATL,nflverse,,nflverse_archive,false,archive_final_fallback,,win,0.9090909090909092,gaussian_unconditional,false,false,false,archive_final_fallback
moneyline,home,,-192,1.5208333333333335,0.7560547748101891,0.6575342465753424,0.6309403437815976,0.12511443102859154,0.14983330335716283,nflverse_archive,2023,17,2023_17_CAR_JAX,JAX,CAR,nflverse,,nflverse_archive,false,archive_final_fallback,,win,0.5208333333333335,gaussian_unconditional,false,false,false,archive_final_fallback
spread,home,-3.5,-110,1.9090909090909092,0.6618967121679918,0.5238095238095238,0.5,0.16189671216799184,0.26362099595707544,nflverse_archive,2023,17,2023_17_CAR_JAX,JAX,CAR,nflverse,,nflverse_archive,false,archive_final_fallback,,win,0.9090909090909092,gaussian_unconditional,false,false,false,archive_final_fallback
total,over,38.0,-110,1.9090909090909092,0.6322124557883407,0.5238095238095238,0.5,0.13221245578834073,0.20695105195955965,nflverse_archive,2023,17,2023_17_CAR_JAX,JAX,CAR,nflverse,,nflverse_archive,false,archive_final_fallback,,loss,-1.0,gaussian_unconditional,false,false,false,archive_final_fallback
moneyline,away,,275,3.75,0.31608996369173403,0.26666666666666666,0.2559309849029475,0.06015897878878651,0.18533736384400257,nflverse_archive,2023,17,2023_17_CIN_KC,KC,CIN,nflverse,,nflverse_archive,false,archive_final_fallback,,loss,-1.0,gaussian_unconditional,false,false,false,archive_final_fallback
spread,away,7.5,-115,1.8695652173913042,0.5449120363929416,0.5348837209302326,0.5108342361863489,0.03407780020659268,0.018748589778108116,nflverse_archive,2023,17,2023_17_CIN_KC,KC,CIN,nflverse,,nflverse_archive,false,archive_final_fallback,,loss,-1.0,gaussian_unconditional,false,false,false,archive_final_fallback
total,under,46.0,-112,1.8928571428571428,0.6101744365647086,0.5283018867924528,0.5043297540699689,0.10584468249473966,0.15497304064034134,nflverse_archive,2023,17,2023_17_CIN_KC,KC,CIN,nflverse,,nflverse_archive,false,archive_final_fallback,,win,0.8928571428571428,gaussian_unconditional,false,false,false,archive_final_fallback
moneyline,home,,-238,1.4201680672268908,0.7157489312003935,0.7041420118343195,0.6750312469954812,0.040717684204912286,0.0164837762425758,nflverse_archive,2023,17,2023_17_DET_DAL,DAL,DET,nflverse,,nflverse_archive,false,archive_final_fallback,,win,0.4201680672268908,gaussian_unconditional,false,false,false,archive_final_fallback
spread,home,-5.5,-110,1.9090909090909092,0.5542904306494192,0.5238095238095238,0.5,0.054290430649419186,0.05819082214889115,nflverse_archive,2023,17,2023_17_DET_DAL,DAL,DET,nflverse,,nflverse_archive,false,archive_final_fallback,,loss,-1.0,gaussian_unconditional,false,false,false,archive_final_fallback
total,under,53.0,-110,1.9090909090909092,0.5216654698974232,0.5238095238095238,0.5,0.02166546989742324,-0.004093193832191977,nflverse_archive,2023,17,2023_17_DET_DAL,DAL,DET,nflverse,,nflverse_archive,false,archive_final_fallback,,win,0.9090909090909092,gaussian_unconditional,false,false,false,archive_final_fallback
moneyline,home,,-112,1.8928571428571428,0.6195507395084244,0.5283018867924528,0.5043297540699689,0.11522098543845549,0.17272104264094623,nflverse_archive,2023,17,2023_17_GB_MIN,MIN,GB,nflverse,,nflverse_archive,false,archive_final_fallback,,loss,-1.0,gaussian_unconditional,false,false,false,archive_final_fallback
spread,home,-1.0,-108,1.925925925925926,0.5891804972713994,0.5192307692307692,0.4956702459300312,0.09351025134136826,0.13471799474491752,nflverse_archive,2023,17,2023_17_GB_MIN,MIN,GB,nflverse,,nflverse_archive,false,archive_final_fallback,,loss,-1.0,gaussian_unconditional,false,false,false,archive_final_fallback
total,over,42.5,-108,1.925925925925926,0.502600962493176,0.5192307692307692,0.4956702459300312,0.006930716563144812,-0.03202777593906847,nflverse_archive,2023,17,2023_17_GB_MIN,MIN,GB,nflverse,,nflverse_archive,false,archive_final_fallback,,win,0.925925925925926,gaussian_unconditional,false,false,false,archive_final_fallback
moneyline,away,,164,2.6399999999999997,0.44266291484029874,0.37878787878787884,0.36309581830587784,0.0795670965344209,0.16863009517838856,nflverse_archive,2023,17,2023_17_LAC_DEN,DEN,LAC,nflverse,,nflverse_archive,false,archive_final_fallback,,loss,-1.0,gaussian_unconditional,false,false,false,archive_final_fallback
spread,away,3.5,-108,1.925925925925926,0.5524294134948571,0.5192307692307692,0.4956702459300312,0.05675916756482591,0.06393812969379886,nflverse_archive,2023,17,2023_17_LAC_DEN,DEN,LAC,nflverse,,nflverse_archive,false,archive_final_fallback,,loss,-1.0,gaussian_unconditional,false,false,false,archive_final_fallback
total,over,39.5,-110,1.9090909090909092,0.7091956259627546,0.5238095238095238,0.5,0.20919562596275465,0.35391892229253163,nflverse_archive,2023,17,2023_17_LAC_DEN,DEN,LAC,nflverse,,nflverse_archive,false,archive_final_fallback,,loss,-1.0,gaussian_unconditional,false,false,false,archive_final_fallback
moneyline,home,,240,3.4,0.386247967799489,0.29411764705882354,0.2820294784580499,0.10421848934143912,0.3132430905182626,nflverse_archive,2023,17,2023_17_LA_NYG,NYG,LA,nflverse,,nflverse_archive,false,archive_final_fallback,,loss,-1.0,gaussian_unconditional,false,false,false,archive_final_fallback
spread,home,6.0,-108,1.925925925925926,0.5730208590097368,0.5192307692307692,0.4956702459300312,0.07735061307970559,0.10359572846319676,nflverse_archive,2023,17,2023_17_LA_NYG,NYG,LA,nflverse,,nflverse_archive,false,archive_final_fallback,,win,0.925925925925926,gaussian_unconditional,false,false,false,archive_final_fallback
total,under,43.5,-108,1.925925925925926,0.5891328406988006,0.5192307692307692,0.4956702459300312,0.09346259476876939,0.13462621171620848,nflverse_archive,2023,17,2023_17_LA_NYG,NYG,LA,nflverse,,nflverse_archive,false,archive_final_fallback,,loss,-1.0,gaussian_unconditional,false,false,false,archive_final_fallback
moneyline,away,,150,2.5,0.4356117745211302,0.4,0.38356164383561653,0.052050130685513674,0.08902943630282545,nflverse_archive,2023,17,2023_17_LV_IND,IND,LV,nflverse,,nflverse_archive,false,archive_final_fallback,,loss,-1.0,gaussian_unconditional,false,false,false,archive_final_fallback
spread,away,3.5,-110,1.9090909090909092,0.5453487233594526,0.5238095238095238,0.5,0.045348723359452614,0.04112029004986417,nflverse_archive,2023,17,2023_17_LV_IND,IND,LV,nflverse,,nflverse_archive,false,archive_final_fallback,,win,0.9090909090909092,gaussian_unconditional,false,false,false,archive_final_fallback
total,over,42.5,-115,1.8695652173913042,0.5615659415694292,0.5348837209302326,0.5108342361863489,0.05073170538308025,0.04988415162980231,nflverse_archive,2023,17,2023_17_LV_IND,IND,LV,nflverse,,nflverse_archive,false,archive_final_fallback,,win,0.8695652173913042,gaussian_unconditional,false,false,false,archive_final_fallback
moneyline,home,,-180,1.5555555555555556,0.6548540638433012,0.6428571428571428,0.6164383561643836,0.038415707678917665,0.01866187708957967,nflverse_archive,2023,17,2023_17_MIA_BAL,BAL,MIA,nflverse,,nflverse_archive,false,archive_final_fallback,,win,0.5555555555555556,gaussian_unconditional,false,false,false,archive_final_fallback
spread,home,-3.0,-120,1.8333333333333335,0.5642951030835315,0.5454545454545454,0.5217391304347826,0.042555972648748885,0.03454102231980771,nflverse_archive,2023,17,2023_17_MIA_BAL,BAL,MIA,nflverse,,nflverse_archive,false,archive_final_fallback,,win,0.8333333333333335,gaussian_unconditional,false,false,false,archive_final_fallback
total,over,47.0,-112,1.8928571428571428,0.5604979145721437,0.5283018867924528,0.5043297540699689,0.05616816050217477,0.06094248115441481,nflverse_archive,2023,17,2023_17_MIA_BAL,BAL,MIA,nflverse,,nflverse_archive,false,archive_final_fallback,,win,0.8928571428571428,gaussian_unconditional,false,false,false,archive_final_fallback
moneyline,away,,750,8.5,0.16151726542526246,0.11764705882352941,0.11304347826086955,0.048473787164392906,0.37289675611473094,nflverse_archive,2023,17,2023_17_NE_BUF,BUF,NE,nflverse,,nflverse_archive,false,archive_final_fallback,,loss,-1.0,gaussian_unconditional,false,false,false,archive_final_fallback
spread,away,15.0,-110,1.9090909090909092,0.577191477196231,0.5238095238095238,0.5,0.07719147719623098,0.1019110019200773,nflverse_archive,2023,17,2023_17_NE_BUF,BUF,NE,nflverse,,nflverse_archive,false,archive_final_fallback,,win,0.9090909090909092,gaussian_unconditional,false,false,false,archive_final_fallback
total,under,40.0,-108,1.925925925925926,0.5201777522370536,0.5192307692307692,0.4956702459300312,0.024507506307022475,0.0018238191232144985,nflverse_archive,2023,17,2023_17_NE_BUF,BUF,NE,nflverse,,nflverse_archive,false,archive_final_fallback,,loss,-1.0,gaussian_unconditional,false,false,false,archive_final_fallback
moneyline,home,,-148,1.6756756756756757,0.6105390809591645,0.5967741935483871,0.5720596355604638,0.03847944539870074,0.023065487012654096,nflverse_archive,2023,17,2023_17_NO_TB,TB,NO,nflverse,,nflverse_archive,false,archive_final_fallback,,loss,-1.0,gaussian_unconditional,false,false,false,archive_final_fallback
spread,home,-2.5,-120,1.8333333333333335,0.5332989240190842,0.5454545454545454,0.5217391304347826,0.011559793584301592,-0.022285305965012214,nflverse_archive,2023,17,2023_17_NO_TB,TB,NO,nflverse,,nflverse_archive,false,archive_final_fallback,,loss,-1.0,gaussian_unconditional,false,false,false,archive_final_fallback
total,under,42.5,-112,1.8928571428571428,0.5416945757927943,0.5283018867924528,0.5043297540699689,0.0373648217228254,0.02535044703636058,nflverse_archive,2023,17,2023_17_NO_TB,TB,NO,nflverse,,nflverse_archive,false,archive_final_fallback,,win,0.8928571428571428,gaussian_unconditional,false,false,false,archive_final_fallback
moneyline,away,,270,3.7,0.2738793195821222,0.27027027027027023,0.2584954981121115,0.015383821470010717,0.01335348245385215,nflverse_archive,2023,17,2023_17_NYJ_CLE,CLE,NYJ,nflverse,,nflverse_archive,false,archive_final_fallback,,loss,-1.0,gaussian_unconditional,false,false,false,archive_final_fallback
spread,home,-6.5,-115,1.8695652173913042,0.5352636649550087,0.5348837209302326,0.5108342361863489,0.024429428768659722,0.0007103301332769263,nflverse_archive,2023,17,2023_17_NYJ_CLE,CLE,NYJ,nflverse,,nflverse_archive,false,archive_final_fallback,,win,0.8695652173913042,gaussian_unconditional,false,false,false,archive_final_fallback
total,over,33.5,-110,1.9090909090909092,0.6341929864649515,0.5238095238095238,0.5,0.13419298646495148,0.21073206506945286,nflverse_archive,2023,17,2023_17_NYJ_CLE,CLE,NYJ,nflverse,,nflverse_archive,false,archive_final_fallback,,win,0.9090909090909092,gaussian_unconditional,false,false,false,archive_final_fallback
moneyline,away,,185,2.85,0.3814388622385073,0.3508771929824561,0.33635187580853815,0.04508698642996917,0.08710075737974599,nflverse_archive,2023,17,2023_17_PIT_SEA,SEA,PIT,nflverse,,nflverse_archive,false,archive_final_fallback,,win,1.85,gaussian_unconditional,false,false,false,archive_final_fallback
spread,away,4.5,-110,1.9090909090909092,0.5212067488040284,0.5238095238095238,0.5,0.021206748804028397,-0.004968934101400313,nflverse_archive,2023,17,2023_17_PIT_SEA,SEA,PIT,nflverse,,nflverse_archive,false,archive_final_fallback,,win,0.9090909090909092,gaussian_unconditional,false,false,false,archive_final_fallback
total,under,40.5,-108,1.925925925925926,0.5376241186611987,0.5192307692307692,0.4956702459300312,0.041953872731167574,0.035424228532679125,nflverse_archive,2023,17,2023_17_PIT_SEA,SEA,PIT,nflverse,,nflverse_archive,false,archive_final_fallback,,loss,-1.0,gaussian_unconditional,false,false,false,archive_final_fallback
moneyline,home,,675,7.75,0.19405375084305765,0.12903225806451613,0.12382234185733514,0.07023140898572251,0.5039165690336969,nflverse_archive,2023,17,2023_17_SF_WAS,WAS,SF,nflverse,,nflverse_archive,false,archive_final_fallback,,loss,-1.0,gaussian_unconditional,false,false,false,archive_final_fallback
spread,home,14.0,-105,1.9523809523809523,0.5952367002431066,0.5121951219512195,0.4891657638136511,0.10607093642945548,0.16212879571273198,nflverse_archive,2023,17,2023_17_SF_WAS,WAS,SF,nflverse,,nflverse_archive,false,archive_final_fallback,,loss,-1.0,gaussian_unconditional,false,false,false,archive_final_fallback
total,over,49.0,-108,1.925925925925926,0.5166056183241515,0.5192307692307692,0.4956702459300312,0.020935372394120355,-0.005055846190522906,nflverse_archive,2023,17,2023_17_SF_WAS,WAS,SF,nflverse,,nflverse_archive,false,archive_final_fallback,,loss,-1.0,gaussian_unconditional,false,false,false,archive_final_fallback
moneyline,away,,190,2.9,0.3797157177367302,0.3448275862068966,0.33099297893681046,0.04872273879991973,0.10117558143651739,nflverse_archive,2023,17,2023_17_TEN_HOU,HOU,TEN,nflverse,,nflverse_archive,false,archive_final_fallback,,loss,-1.0,gaussian_unconditional,false,false,false,archive_final_fallback
spread,away,5.0,-105,1.9523809523809523,0.5350977536829841,0.5121951219512195,0.4891657638136511,0.045931989869332945,0.04471466195249274,nflverse_archive,2023,17,2023_17_TEN_HOU,HOU,TEN,nflverse,,nflverse_archive,false,archive_final_fallback,,loss,-1.0,gaussian_unconditional,false,false,false,archive_final_fallback
total,under,44.0,-108,1.925925925925926,0.5901590787677329,0.5192307692307692,0.4956702459300312,0.09448883283770171,0.13660267021933747,nflverse_archive,2023,17,2023_17_TEN_HOU,HOU,TEN,nflverse,,nflverse_archive,false,archive_final_fallback,,win,0.925925925925926,gaussian_unconditional,false,false,false,archive_final_fallback
moneyline,home,,-175,1.5714285714285714,0.6790511610422394,0.6363636363636364,0.6092362344582594,0.06981492658398003,0.06708039592351911,nflverse_archive,2023,18,2023_18_ATL_NO,NO,ATL,nflverse,,nflverse_archive,false,archive_final_fallback,,win,0.5714285714285714,gaussian_unconditional,false,false,false,archive_final_fallback
spread,home,-3.5,102,2.02,0.5755262500947635,0.49504950495049505,0.47391341473828025,0.1016128353564833,0.1625630251914223,nflverse_archive,2023,18,2023_18_ATL_NO,NO,ATL,nflverse,,nflverse_archive,false,archive_final_fallback,,win,1.02,gaussian_unconditional,false,false,false,archive_final_fallback
total,under,41.5,-108,1.925925925925926,0.5425179116344706,0.5192307692307692,0.4956702459300312,0.046847665704439434,0.04484931129601755,nflverse_archive,2023,18,2023_18_ATL_NO,NO,ATL,nflverse,,nflverse_archive,false,archive_final_fallback,,loss,-1.0,gaussian_unconditional,false,false,false,archive_final_fallback
moneyline,home,,130,2.3,0.5549204038065558,0.4347826086956522,0.41700735895339325,0.13791304485316258,0.2763169287550784,nflverse_archive,2023,18,2023_18_BUF_MIA,MIA,BUF,nflverse,,nflverse_archive,false,archive_final_fallback,,loss,-1.0,gaussian_unconditional,false,false,false,archive_final_fallback
spread,home,2.5,105,2.05,0.6308990287106748,0.48780487804878053,0.4675324675324676,0.16336656117820725,0.29334300885688336,nflverse_archive,2023,18,2023_18_BUF_MIA,MIA,BUF,nflverse,,nflverse_archive,false,archive_final_fallback,,loss,-1.0,gaussian_unconditional,false,false,false,archive_final_fallback
total,over,47.5,-110,1.9090909090909092,0.6356339851211572,0.5238095238095238,0.5,0.1356339851211572,0.21348306250402738,nflverse_archive,2023,18,2023_18_BUF_MIA,MIA,BUF,nflverse,,nflverse_archive,false,archive_final_fallback,,loss,-1.0,gaussian_unconditional,false,false,false,archive_final_fallback
moneyline,home,,-148,1.6756756756756757,0.6574479157171631,0.5967741935483871,0.5720596355604638,0.0853882801566993,0.10166948039092194,nflverse_archive,2023,18,2023_18_CHI_GB,GB,CHI,nflverse,,nflverse_archive,false,archive_final_fallback,,win,0.6756756756756757,gaussian_unconditional,false,false,false,archive_final_fallback
spread,home,-2.5,-118,1.847457627118644,0.5829223820718109,0.5412844036697247,0.5173641257162701,0.0655582563555408,0.07692440077673535,nflverse_archive,2023,18,2023_18_CHI_GB,GB,CHI,nflverse,,nflverse_archive,false,archive_final_fallback,,win,0.847457627118644,gaussian_unconditional,false,false,false,archive_final_fallback
total,under,45.5,-108,1.925925925925926,0.519641636389177,0.5192307692307692,0.4956702459300312,0.02397139045914587,0.0007912997124892573,nflverse_archive,2023,18,2023_18_CHI_GB,GB,CHI,nflverse,,nflverse_archive,false,archive_final_fallback,,win,0.925925925925926,gaussian_unconditional,false,false,false,archive_final_fallback
moneyline,away,,285,3.85,0.46560422642111654,0.2597402597402597,0.2491874322860238,0.21641679413509274,0.7925762717212987,nflverse_archive,2023,18,2023_18_CLE_CIN,CIN,CLE,nflverse,,nflverse_archive,false,archive_final_fallback,,loss,-1.0,gaussian_unconditional,false,false,false,archive_final_fallback
spread,away,7.5,-115,1.8695652173913042,0.692192027915188,0.5348837209302326,0.5108342361863489,0.18135779172883904,0.2940981391457862,nflverse_archive,2023,18,2023_18_CLE_CIN,CIN,CLE,nflverse,,nflverse_archive,false,archive_final_fallback,,loss,-1.0,gaussian_unconditional,false,false,false,archive_final_fallback
total,over,37.0,-108,1.925925925925926,0.7205190913106931,0.5192307692307692,0.4956702459300312,0.22484884538066197,0.3876663980798536,nflverse_archive,2023,18,2023_18_CLE_CIN,CIN,CLE,nflverse,,nflverse_archive,false,archive_final_fallback,,win,0.925925925925926,gaussian_unconditional,false,false,false,archive_final_fallback
moneyline,home,,575,6.75,0.2295800312016405,0.14814814814814814,0.14205607476635515,0.08752395643528535,0.5496652106110733,nflverse_archive,2023,18,2023_18_DAL_WAS,WAS,DAL,nflverse,,nflverse_archive,false,archive_final_fallback,,loss,-1.0,gaussian_unconditional,false,false,false,archive_final_fallback
spread,home,13.0,-105,1.9523809523809523,0.6101304120144754,0.5121951219512195,0.4891657638136511,0.12096464820082425,0.19120699488540427,nflverse_archive,2023,18,2023_18_DAL_WAS,WAS,DAL,nflverse,,nflverse_archive,false,archive_final_fallback,,loss,-1.0,gaussian_unconditional,false,false,false,archive_final_fallback
total,over,47.5,-110,1.9090909090909092,0.5581105878170112,0.5238095238095238,0.5,0.05811058781701117,0.06548384946883945,nflverse_archive,2023,18,2023_18_DAL_WAS,WAS,DAL,nflverse,,nflverse_archive,false,archive_final_fallback,,win,0.9090909090909092,gaussian_unconditional,false,false,false,archive_final_fallback
moneyline,home,,-175,1.5714285714285714,0.6364802664844146,0.6363636363636364,0.6092362344582594,0.027244032026155218,0.00018327590408007133,nflverse_archive,2023,18,2023_18_DEN_LV,LV,DEN,nflverse,,nflverse_archive,false,archive_final_fallback,,win,0.5714285714285714,gaussian_unconditional,false,false,false,archive_final_fallback
spread,home,-3.5,-102,1.9803921568627452,0.5296860649645867,0.504950495049505,0.4826358742837298,0.04705019068085692,0.04898612865535812,nflverse_archive,2023,18,2023_18_DEN_LV,LV,DEN,nflverse,,nflverse_archive,false,archive_final_fallback,,win,0.9803921568627452,gaussian_unconditional,false,false,false,archive_final_fallback
total,over,37.5,-105,1.9523809523809523,0.6211083398100724,0.5121951219512195,0.4891657638136511,0.13194257599642129,0.21264009201014122,nflverse_archive,2023,18,2023_18_DEN_LV,LV,DEN,nflverse,,nflverse_archive,false,archive_final_fallback,,win,0.9523809523809523,gaussian_unconditional,false,false,false,archive_final_fallback
moneyline,home,,105,2.05,0.5661024557682109,0.48780487804878053,0.4675324675324676,0.09856998823574337,0.16051003432483224,nflverse_archive,2023,18,2023_18_HOU_IND,IND,HOU,nflverse,,nflverse_archive,false,archive_final_fallback,,loss,-1.0,gaussian_unconditional,false,false,false,archive_final_fallback
spread,home,1.5,-110,1.9090909090909092,0.6118482242734565,0.5238095238095238,0.5,0.11184822427345653,0.1680738827038717,nflverse_archive,2023,18,2023_18_HOU_IND,IND,HOU,nflverse,,nflverse_archive,false,archive_final_fallback,,loss,-1.0,gaussian_unconditional,false,false,false,archive_final_fallback
total,under,47.5,-108,1.925925925925926,0.509365552868565,0.5192307692307692,0.4956702459300312,0.013695306938533824,-0.018999675956837714,nflverse_archive,2023,18,2023_18_HOU_IND,IND,HOU,nflverse,,nflverse_archive,false,archive_final_fallback,,win,0.925925925925926,gaussian_unconditional,false,false,false,archive_final_fallback
moneyline,home,,154,2.54,0.47284866702282635,0.39370078740157477,0.37753344813882633,0.09531521888400002,0.201035614237979,nflverse_archive,2023,18,2023_18_JAX_TEN,TEN,JAX,nflverse,,nflverse_archive,false,archive_final_fallback,,win,1.54,gaussian_unconditional,false,false,false,archive_final_fallback
spread,home,3.5,-118,1.847457627118644,0.5817899499761705,0.5412844036697247,0.5173641257162701,0.0644258242599004,0.07483228046445056,nflverse_archive,2023,18,2023_18_JAX_TEN,TEN,JAX,nflverse,,nflverse_archive,false,archive_final_fallback,,win,0.847457627118644,gaussian_unconditional,false,false,false,archive_final_fallback
total,under,41.5,-112,1.8928571428571428,0.5348446393389015,0.5283018867924528,0.5043297540699689,0.030514885268932535,0.012384495891492042,nflverse_archive,2023,18,2023_18_JAX_TEN,TEN,JAX,nflverse,,nflverse_archive,false,archive_final_fallback,,loss,-1.0,gaussian_unconditional,false,false,false,archive_final_fallback
moneyline,away,,154,2.54,0.5490456498096602,0.39370078740157477,0.37753344813882633,0.17151220167083386,0.39457595051653693,nflverse_archive,2023,18,2023_18_KC_LAC,LAC,KC,nflverse,,nflverse_archive,false,archive_final_fallback,,win,1.54,gaussian_unconditional,false,false,false,archive_final_fallback
spread,away,3.5,-115,1.8695652173913042,0.6546245356273712,0.5348837209302326,0.5108342361863489,0.14379029944102228,0.22386326225986775,nflverse_archive,2023,18,2023_18_KC_LAC,LAC,KC,nflverse,,nflverse_archive,false,archive_final_fallback,,win,0.8695652173913042,gaussian_unconditional,false,false,false,archive_final_fallback
total,over,35.0,-115,1.8695652173913042,0.7094395043352115,0.5348837209302326,0.5074246924056004,0.20201481192961113,0.32634342114843884,nflverse_archive,2023,18,2023_18_KC_LAC,LAC,KC,nflverse,,nflverse_archive,false,archive_final_fallback,,loss,-1.0,gaussian_unconditional,false,false,false,archive_final_fallback
moneyline,home,,-245,1.4081632653061225,0.7929192452627538,0.7101449275362319,0.6805555555555556,0.11236368970719823,0.11655975353326564,nflverse_archive,2023,18,2023_18_LA_SF,SF,LA,nflverse,,nflverse_archive,false,archive_final_fallback,,loss,-1.0,gaussian_unconditional,false,false,false,archive_final_fallback
spread,home,-5.5,-112,1.8928571428571428,0.6499185068717482,0.5283018867924528,0.5043297540699689,0.1455887528017793,0.23020288800723776,nflverse_archive,2023,18,2023_18_LA_SF,SF,LA,nflverse,,nflverse_archive,false,archive_final_fallback,,loss,-1.0,gaussian_unconditional,false,false,false,archive_final_fallback
total,over,40.0,-112,1.8928571428571428,0.6671251280103332,0.5283018867924528,0.5043297540699689,0.16279537394036425,0.26277256373384494,nflverse_archive,2023,18,2023_18_LA_SF,SF,LA,nflverse,,nflverse_archive,false,archive_final_fallback,,win,0.8928571428571428,gaussian_unconditional,false,false,false,archive_final_fallback
moneyline,home,,-205,1.4878048780487805,0.6779052445224913,0.6721311475409836,0.644729178800233,0.0331760657222584,0.008590729655413964,nflverse_archive,2023,18,2023_18_MIN_DET,DET,MIN,nflverse,,nflverse_archive,false,archive_final_fallback,,win,0.4878048780487805,gaussian_unconditional,false,false,false,archive_final_fallback
spread,home,-3.5,-118,1.847457627118644,0.5742729724084519,0.5412844036697247,0.5173641257162701,0.05690884669218177,0.06094498292408912,nflverse_archive,2023,18,2023_18_MIN_DET,DET,MIN,nflverse,,nflverse_archive,false,archive_final_fallback,,win,0.847457627118644,gaussian_unconditional,false,false,false,archive_final_fallback
total,under,47.5,-110,1.9090909090909092,0.5142912530141684,0.5238095238095238,0.5,0.014291253014168448,-0.018171244245678397,nflverse_archive,2023,18,2023_18_MIN_DET,DET,MIN,nflverse,,nflverse_archive,false,archive_final_fallback,,loss,-1.0,gaussian_unconditional,false,false,false,archive_final_fallback
moneyline,home,,-142,1.704225352112676,0.5861713409075244,0.5867768595041323,0.5634920634920635,0.02267927741546094,-0.001031940143514709,nflverse_archive,2023,18,2023_18_NYJ_NE,NE,NYJ,nflverse,,nflverse_archive,false,archive_final_fallback,,loss,-1.0,gaussian_unconditional,false,false,false,archive_final_fallback
spread,home,-2.5,-108,1.925925925925926,0.5086063144750563,0.5192307692307692,0.4956702459300312,0.012936068545025159,-0.02046191286285437,nflverse_archive,2023,18,2023_18_NYJ_NE,NE,NYJ,nflverse,,nflverse_archive,false,archive_final_fallback,,loss,-1.0,gaussian_unconditional,false,false,false,archive_final_fallback
total,over,28.5,-110,1.9090909090909092,0.6403122644613335,0.5238095238095238,0.5,0.1403122644613335,0.22241432306254572,nflverse_archive,2023,18,2023_18_NYJ_NE,NE,NYJ,nflverse,,nflverse_archive,false,archive_final_fallback,,loss,-1.0,gaussian_unconditional,false,false,false,archive_final_fallback
moneyline,home,,190,2.9,0.37588081082856395,0.3448275862068966,0.32872981910134214,0.047150991727221814,0.09005435140283535,nflverse_archive,2023,18,2023_18_PHI_NYG,NYG,PHI,nflverse,,nflverse_archive,false,archive_final_fallback,,win,1.9,gaussian_unconditional,false,false,false,archive_final_fallback
spread,home,4.5,-108,1.925925925925926,0.5146463967165784,0.5192307692307692,0.4956702459300312,0.01897615078654724,-0.008829161879182257,nflverse_archive,2023,18,2023_18_PHI_NYG,NYG,PHI,nflverse,,nflverse_archive,false,archive_final_fallback,,win,0.925925925925926,gaussian_unconditional,false,false,false,archive_final_fallback
total,over,43.0,-115,1.8695652173913042,0.5652952358617406,0.5348837209302326,0.5108342361863489,0.05446099967539164,0.05685631052412354,nflverse_archive,2023,18,2023_18_PHI_NYG,NYG,PHI,nflverse,,nflverse_archive,false,archive_final_fallback,,loss,-1.0,gaussian_unconditional,false,false,false,archive_final_fallback
moneyline,home,,130,2.3,0.8394102425546336,0.4347826086956522,0.41700735895339325,0.42240288360124034,0.9306435578756571,nflverse_archive,2023,18,2023_18_PIT_BAL,BAL,PIT,nflverse,,nflverse_archive,false,archive_final_fallback,,loss,-1.0,gaussian_unconditional,false,false,false,archive_final_fallback
spread,home,3.0,-115,1.8695652173913042,0.890163116016051,0.5348837209302326,0.5108342361863489,0.3793288798297021,0.6642179995082691,nflverse_archive,2023,18,2023_18_PIT_BAL,BAL,PIT,nflverse,,nflverse_archive,false,archive_final_fallback,,loss,-1.0,gaussian_unconditional,false,false,false,archive_final_fallback
total,over,34.0,-110,1.9090909090909092,0.6684720239871969,0.5238095238095238,0.5,0.16847202398719685,0.27617386397555777,nflverse_archive,2023,18,2023_18_PIT_BAL,BAL,PIT,nflverse,,nflverse_archive,false,archive_final_fallback,,loss,-1.0,gaussian_unconditional,false,false,false,archive_final_fallback
moneyline,home,,130,2.3,0.493281064485369,0.4347826086956522,0.41700735895339325,0.07627370553197577,0.13454644831634854,nflverse_archive,2023,18,2023_18_SEA_ARI,ARI,SEA,nflverse,,nflverse_archive,false,archive_final_fallback,,loss,-1.0,gaussian_unconditional,false,false,false,archive_final_fallback
spread,home,2.5,102,2.02,0.5711449780478915,0.49504950495049505,0.47391341473828025,0.0972315633096113,0.15371285565674087,nflverse_archive,2023,18,2023_18_SEA_ARI,ARI,SEA,nflverse,,nflverse_archive,false,archive_final_fallback,,win,1.02,gaussian_unconditional,false,false,false,archive_final_fallback
total,under,48.0,-110,1.9090909090909092,0.5556925416897283,0.5238095238095238,0.5,0.05569254168972826,0.0608675795894813,nflverse_archive,2023,18,2023_18_SEA_ARI,ARI,SEA,nflverse,,nflverse_archive,false,archive_final_fallback,,win,0.9090909090909092,gaussian_unconditional,false,false,false,archive_final_fallback
moneyline,home,,200,3.0,0.3819944796048008,0.3333333333333333,0.3194444444444444,0.0625500351603564,0.14598343881440234,nflverse_archive,2023,18,2023_18_TB_CAR,CAR,TB,nflverse,,nflverse_archive,false,archive_final_fallback,,loss,-1.0,gaussian_unconditional,false,false,false,archive_final_fallback
spread,home,5.0,-115,1.8695652173913042,0.5366583252479122,0.5348837209302326,0.5108342361863489,0.025824089061563305,0.0033177385069662613,nflverse_archive,2023,18,2023_18_TB_CAR,CAR,TB,nflverse,,nflverse_archive,false,archive_final_fallback,,loss,-1.0,gaussian_unconditional,false,false,false,archive_final_fallback
total,over,36.5,-110,1.9090909090909092,0.5826716299109924,0.5238095238095238,0.5,0.08267162991099242,0.11237311164825825,nflverse_archive,2023,18,2023_18_TB_CAR,CAR,TB,nflverse,,nflverse_archive,false,archive_final_fallback,,loss,-1.0,gaussian_unconditional,false,false,false,archive_final_fallback
moneyline,away,,250,3.5,0.3255288733809202,0.2857142857142857,0.27424749163879597,0.05128138174212421,0.13935105683322058,nflverse_archive,2024,1,2024_01_ARI_BUF,BUF,ARI,nflverse,,nflverse_archive,false,archive_final_fallback,,loss,-1.0,gaussian_unconditional,false,false,false,archive_final_fallback
spread,away,6.5,-105,1.9523809523809523,0.5227739684900172,0.5121951219512195,0.4891657638136511,0.033608204676366105,0.02065393848050978,nflverse_archive,2024,1,2024_01_ARI_BUF,BUF,ARI,nflverse,,nflverse_archive,false,archive_final_fallback,,win,0.9523809523809523,gaussian_unconditional,false,false,false,archive_final_fallback
total,under,46.0,-112,1.8928571428571428,0.5615285178811038,0.5283018867924528,0.5043297540699689,0.05719876381113487,0.06289326598923206,nflverse_archive,2024,1,2024_01_ARI_BUF,BUF,ARI,nflverse,,nflverse_archive,false,archive_final_fallback,,loss,-1.0,gaussian_unconditional,false,false,false,archive_final_fallback
moneyline,away,,124,2.24,0.442334025631153,0.4464285714285714,0.4279403644395361,0.014393661191616891,-0.009171782586217203,nflverse_archive,2024,1,2024_01_BAL_KC,KC,BAL,nflverse,,nflverse_archive,false,archive_final_fallback,,loss,-1.0,gaussian_unconditional,false,false,false,archive_final_fallback
spread,away,3.0,-118,1.847457627118644,0.5358794944044054,0.5412844036697247,0.5173641257162701,0.018515368688135303,-0.009985340846098478,nflverse_archive,2024,1,2024_01_BAL_KC,KC,BAL,nflverse,,nflverse_archive,false,archive_final_fallback,,loss,-1.0,gaussian_unconditional,false,false,false,archive_final_fallback
total,under,46.0,-110,1.9090909090909092,0.5971016470293123,0.5238095238095238,0.5,0.09710164702931234,0.13992132614686903,nflverse_archive,2024,1,2024_01_BAL_KC,KC,BAL,nflverse,,nflverse_archive,false,archive_final_fallback,,loss,-1.0,gaussian_unconditional,false,false,false,archive_final_fallback
moneyline,home,,-192,1.5208333333333335,0.6725649897599814,0.6575342465753424,0.6309403437815976,0.04162464597838378,0.02285925525997179,nflverse_archive,2024,1,2024_01_CAR_NO,NO,CAR,nflverse,,nflverse_archive,false,archive_final_fallback,,win,0.5208333333333335,gaussian_unconditional,false,false,false,archive_final_fallback
spread,home,-3.5,-112,1.8928571428571428,0.5685599962065659,0.5283018867924528,0.5043297540699689,0.064230242136597,0.07620284996242832,nflverse_archive,2024,1,2024_01_CAR_NO,NO,CAR,nflverse,,nflverse_archive,false,archive_final_fallback,,win,0.8928571428571428,gaussian_unconditional,false,false,false,archive_final_fallback
total,over,41.5,-108,1.925925925925926,0.5214321672893135,0.5192307692307692,0.4956702459300312,0.025761921359282347,0.004239729594233577,nflverse_archive,2024,1,2024_01_CAR_NO,NO,CAR,nflverse,,nflverse_archive,false,archive_final_fallback,,win,0.925925925925926,gaussian_unconditional,false,false,false,archive_final_fallback
moneyline,home,,-130,1.7692307692307692,0.548894262054227,0.5652173913043479,0.5427435387673957,0.0061507232868313055,-0.028879382519444663,nflverse_archive,2024,1,2024_01_DAL_CLE,CLE,DAL,nflverse,,nflverse_archive,false,archive_final_fallback,,loss,-1.0,gaussian_unconditional,false,false,false,archive_final_fallback
spread,away,2.5,-112,1.8928571428571428,0.5291203334214002,0.5283018867924528,0.5043297540699689,0.024790579351431252,0.0015492025476502302,nflverse_archive,2024,1,2024_01_DAL_CLE,CLE,DAL,nflverse,,nflverse_archive,false,archive_final_fallback,,win,0.8928571428571428,gaussian_unconditional,false,false,false,archive_final_fallback
total,over,42.0,-112,1.8928571428571428,0.5649687944031491,0.5283018867924528,0.5043297540699689,0.06063904033318013,0.06940521797738919,nflverse_archive,2024,1,2024_01_DAL_CLE,CLE,DAL,nflverse,,nflverse_archive,false,archive_final_fallback,,win,0.8928571428571428,gaussian_unconditional,false,false,false,archive_final_fallback
moneyline,away,,225,3.25,0.39390396092301005,0.3076923076923077,0.2949668357393679,0.09893712518364217,0.28018787299978265,nflverse_archive,2024,1,2024_01_DEN_SEA,SEA,DEN,nflverse,,nflverse_archive,false,archive_final_fallback,,loss,-1.0,gaussian_unconditional,false,false,false,archive_final_fallback
spread,away,6.5,-110,1.9090909090909092,0.594932517704547,0.5238095238095238,0.5,0.09493251770454703,0.1357802610723171,nflverse_archive,2024,1,2024_01_DEN_SEA,SEA,DEN,nflverse,,nflverse_archive,false,archive_final_fallback,,win,0.9090909090909092,gaussian_unconditional,false,false,false,archive_final_fallback
total,over,42.0,-112,1.8928571428571428,0.5515934328607259,0.5283018867924528,0.5043297540699689,0.04726367879075699,0.044087569343516986,nflverse_archive,2024,1,2024_01_DEN_SEA,SEA,DEN,nflverse,,nflverse_archive,false,archive_final_fallback,,win,0.8928571428571428,gaussian_unconditional,false,false,false,archive_final_fallback
moneyline,home,,-130,1.7692307692307692,0.5899997876729861,0.5652173913043479,0.5427435387673957,0.04725624890559044,0.043845778190667595,nflverse_archive,2024,1,2024_01_GB_PHI,PHI,GB,nflverse,,nflverse_archive,false,archive_final_fallback,,win,0.7692307692307692,gaussian_unconditional,false,false,false,archive_final_fallback
spread,home,-2.0,-110,1.9090909090909092,0.5282226663471419,0.5238095238095238,0.5,0.028222666347141878,0.008425090299089,nflverse_archive,2024,1,2024_01_GB_PHI,PHI,GB,nflverse,,nflverse_archive,false,archive_final_fallback,,win,0.9090909090909092,gaussian_unconditional,false,false,false,archive_final_fallback
total,under,49.5,-112,1.8928571428571428,0.645329518734457,0.5283018867924528,0.5043297540699689,0.14099976466448805,0.22151658903307925,nflverse_archive,2024,1,2024_01_GB_PHI,PHI,GB,nflverse,,nflverse_archive,false,archive_final_fallback,,loss,-1.0,gaussian_unconditional,false,false,false,archive_final_fallback
moneyline,home,,130,2.3,0.5856745368540055,0.4347826086956522,0.41700735895339325,0.16866717790061225,0.34705143476421263,nflverse_archive,2024,1,2024_01_HOU_IND,IND,HOU,nflverse,,nflverse_archive,false,archive_final_fallback,,loss,-1.0,gaussian_unconditional,false,false,false,archive_final_fallback
spread,home,3.0,-112,1.8928571428571428,0.6742014214802106,0.5283018867924528,0.5043297540699689,0.16987166741024162,0.2761669763732557,nflverse_archive,2024,1,2024_01_HOU_IND,IND,HOU,nflverse,,nflverse_archive,false,archive_final_fallback,,win,0.8928571428571428,gaussian_unconditional,false,false,false,archive_final_fallback
total,under,49.0,-112,1.8928571428571428,0.6446878689129282,0.5283018867924528,0.5043297540699689,0.14035811484295924,0.2203020375851854,nflverse_archive,2024,1,2024_01_HOU_IND,IND,HOU,nflverse,,nflverse_archive,false,archive_final_fallback,,loss,-1.0,gaussian_unconditional,false,false,false,archive_final_fallback
moneyline,home,,-180,1.5555555555555556,0.6267367165219047,0.6428571428571428,0.6164383561643836,0.010298360357521075,-0.025076218743703804,nflverse_archive,2024,1,2024_01_JAX_MIA,MIA,JAX,nflverse,,nflverse_archive,false,archive_final_fallback,,win,0.5555555555555556,gaussian_unconditional,false,false,false,archive_final_fallback
spread,home,-3.5,-110,1.9090909090909092,0.5195104501744433,0.5238095238095238,0.5,0.019510450174443306,-0.008207322394244598,nflverse_archive,2024,1,2024_01_JAX_MIA,MIA,JAX,nflverse,,nflverse_archive,false,archive_final_fallback,,loss,-1.0,gaussian_unconditional,false,false,false,archive_final_fallback
total,under,49.5,-112,1.8928571428571428,0.6320801138486669,0.5283018867924528,0.5043297540699689,0.12775035977869797,0.1964373583564052,nflverse_archive,2024,1,2024_01_JAX_MIA,MIA,JAX,nflverse,,nflverse_archive,false,archive_final_fallback,,win,0.8928571428571428,gaussian_unconditional,false,false,false,archive_final_fallback
moneyline,away,,185,2.85,0.38966371837555847,0.3508771929824561,0.33635187580853815,0.05331184256702032,0.11054159737034164,nflverse_archive,2024,1,2024_01_LA_DET,DET,LA,nflverse,,nflverse_archive,false,archive_final_fallback,,loss,-1.0,gaussian_unconditional,false,false,false,archive_final_fallback
spread,away,5.0,-108,1.925925925925926,0.5444528499941766,0.5192307692307692,0.4956702459300312,0.048782604064145474,0.048575859248044084,nflverse_archive,2024,1,2024_01_LA_DET,DET,LA,nflverse,,nflverse_archive,false,archive_final_fallback,,loss,-1.0,gaussian_unconditional,false,false,false,archive_final_fallback
total,under,54.0,-112,1.8928571428571428,0.7494508093133422,0.5283018867924528,0.5043297540699689,0.24512105524337324,0.4186033176288262,nflverse_archive,2024,1,2024_01_LA_DET,DET,LA,nflverse,,nflverse_archive,false,archive_final_fallback,,win,0.8928571428571428,gaussian_unconditional,false,false,false,archive_final_fallback
moneyline,home,,-155,1.6451612903225805,0.5836744882841598,0.607843137254902,0.5829926410466066,0.000681847237553157,-0.039761325726059726,nflverse_archive,2024,1,2024_01_LV_LAC,LAC,LV,nflverse,,nflverse_archive,false,archive_final_fallback,,win,0.6451612903225805,gaussian_unconditional,false,false,false,archive_final_fallback
spread,home,-3.0,-102,1.9803921568627452,0.4905022372170308,0.504950495049505,0.4826358742837298,0.007866362933301008,-0.028613216491762516,nflverse_archive,2024,1,2024_01_LV_LAC,LAC,LV,nflverse,,nflverse_archive,false,archive_final_fallback,,win,0.9803921568627452,gaussian_unconditional,false,false,false,archive_final_fallback
total,over,41.0,-112,1.8928571428571428,0.5438677937440559,0.5283018867924528,0.5043297540699689,0.03953803967408698,0.029464038158391492,nflverse_archive,2024,1,2024_01_LV_LAC,LAC,LV,nflverse,,nflverse_archive,false,archive_final_fallback,,loss,-1.0,gaussian_unconditional,false,false,false,archive_final_fallback
moneyline,home,,-105,1.9523809523809523,0.5595941624120621,0.5121951219512195,0.4891657638136511,0.07042839859841094,0.09254098375688313,nflverse_archive,2024,1,2024_01_MIN_NYG,NYG,MIN,nflverse,,nflverse_archive,false,archive_final_fallback,,loss,-1.0,gaussian_unconditional,false,false,false,archive_final_fallback
spread,home,1.0,-112,1.8928571428571428,0.5902978194436698,0.5283018867924528,0.5043297540699689,0.08596806537370083,0.11734944394694624,nflverse_archive,2024,1,2024_01_MIN_NYG,NYG,MIN,nflverse,,nflverse_archive,false,archive_final_fallback,,loss,-1.0,gaussian_unconditional,false,false,false,archive_final_fallback
total,under,42.5,-108,1.925925925925926,0.5116252094568945,0.5192307692307692,0.4956702459300312,0.01595496352686332,-0.014647744749684666,nflverse_archive,2024,1,2024_01_MIN_NYG,NYG,MIN,nflverse,,nflverse_archive,false,archive_final_fallback,,win,0.925925925925926,gaussian_unconditional,false,false,false,archive_final_fallback
moneyline,away,,295,3.95,0.3655419740055412,0.2531645569620253,0.24281150159744405,0.12273047240809717,0.44389079732188796,nflverse_archive,2024,1,2024_01_NE_CIN,CIN,NE,nflverse,,nflverse_archive,false,archive_final_fallback,,win,2.95,gaussian_unconditional,false,false,false,archive_final_fallback
spread,away,8.0,-110,1.9090909090909092,0.611519794871202,0.5238095238095238,0.5,0.111519794871202,0.1674468811177494,nflverse_archive,2024,1,2024_01_NE_CIN,CIN,NE,nflverse,,nflverse_archive,false,archive_final_fallback,,win,0.9090909090909092,gaussian_unconditional,false,false,false,archive_final_fallback
total,over,40.5,-108,1.925925925925926,0.5403363850614277,0.5192307692307692,0.4956702459300312,0.0446661391313965,0.04064785271089777,nflverse_archive,2024,1,2024_01_NE_CIN,CIN,NE,nflverse,,nflverse_archive,false,archive_final_fallback,,loss,-1.0,gaussian_unconditional,false,false,false,archive_final_fallback
moneyline,home,,-180,1.5555555555555556,0.683749971608645,0.6428571428571428,0.6164383561643836,0.06731161544426145,0.06361106694678109,nflverse_archive,2024,1,2024_01_NYJ_SF,SF,NYJ,nflverse,,nflverse_archive,false,archive_final_fallback,,win,0.5555555555555556,gaussian_unconditional,false,false,false,archive_final_fallback
spread,home,-3.5,-105,1.9523809523809523,0.5807893328246552,0.5121951219512195,0.4891657638136511,0.09162356901100405,0.1339220307528981,nflverse_archive,2024,1,2024_01_NYJ_SF,SF,NYJ,nflverse,,nflverse_archive,false,archive_final_fallback,,win,0.9523809523809523,gaussian_unconditional,false,false,false,archive_final_fallback
total,under,43.0,-108,1.925925925925926,0.5155550289373503,0.5192307692307692,0.4956702459300312,0.019884783007319107,-0.007079203528066125,nflverse_archive,2024,1,2024_01_NYJ_SF,SF,NYJ,nflverse,,nflverse_archive,false,archive_final_fallback,,loss,-1.0,gaussian_unconditional,false,false,false,archive_final_fallback
moneyline,away,,160,2.6,0.4128591197604736,0.3846153846153846,0.3690596562184024,0.043799463542071204,0.07343371137723143,nflverse_archive,2024,1,2024_01_PIT_ATL,ATL,PIT,nflverse,,nflverse_archive,false,archive_final_fallback,,win,1.6,gaussian_unconditional,false,false,false,archive_final_fallback
spread,away,4.0,-110,1.9090909090909092,0.5371621490624262,0.5238095238095238,0.5,0.03716214906242621,0.02549137548281366,nflverse_archive,2024,1,2024_01_PIT_ATL,ATL,PIT,nflverse,,nflverse_archive,false,archive_final_fallback,,win,0.9090909090909092,gaussian_unconditional,false,false,false,archive_final_fallback
total,under,43.0,-115,1.8695652173913042,0.5407296141052718,0.5348837209302326,0.5108342361863489,0.029895377918922827,0.010929278544638432,nflverse_archive,2024,1,2024_01_PIT_ATL,ATL,PIT,nflverse,,nflverse_archive,false,archive_final_fallback,,win,0.8695652173913042,gaussian_unconditional,false,false,false,archive_final_fallback
moneyline,away,,164,2.6399999999999997,0.3877068848064351,0.37878787878787884,0.36309581830587784,0.024611066500557277,0.023546175888988552,nflverse_archive,2024,1,2024_01_TEN_CHI,CHI,TEN,nflverse,,nflverse_archive,false,archive_final_fallback,,loss,-1.0,gaussian_unconditional,false,false,false,archive_final_fallback
spread,away,4.0,-108,1.925925925925926,0.5112416872082315,0.5192307692307692,0.4956702459300312,0.015571441278200315,-0.015386380191554139,nflverse_archive,2024,1,2024_01_TEN_CHI,CHI,TEN,nflverse,,nflverse_archive,false,archive_final_fallback,,loss,-1.0,gaussian_unconditional,false,false,false,archive_final_fallback
total,under,43.0,-110,1.9090909090909092,0.514753973253284,0.5238095238095238,0.5,0.01475397325328398,-0.01728786924373049,nflverse_archive,2024,1,2024_01_TEN_CHI,CHI,TEN,nflverse,,nflverse_archive,false,archive_final_fallback,,win,0.9090909090909092,gaussian_unconditional,false,false,false,archive_final_fallback
moneyline,home,,-198,1.5050505050505052,0.6627763824932709,0.6644295302013422,0.6369041816941222,0.025872200799148648,-0.0024880707929558765,nflverse_archive,2024,1,2024_01_WAS_TB,TB,WAS,nflverse,,nflverse_archive,false,archive_final_fallback,,win,0.5050505050505052,gaussian_unconditional,false,false,false,archive_final_fallback
spread,home,-4.0,-108,1.925925925925926,0.542434601827666,0.5192307692307692,0.4956702459300312,0.046764355897634835,0.04468886277920858,nflverse_archive,2024,1,2024_01_WAS_TB,TB,WAS,nflverse,,nflverse_archive,false,archive_final_fallback,,win,0.925925925925926,gaussian_unconditional,false,false,false,archive_final_fallback
total,over,42.0,-110,1.9090909090909092,0.5464836587245725,0.5238095238095238,0.5,0.046483658724572496,0.04328698483782034,nflverse_archive,2024,1,2024_01_WAS_TB,TB,WAS,nflverse,,nflverse_archive,false,archive_final_fallback,,win,0.9090909090909092,gaussian_unconditional,false,false,false,archive_final_fallback
moneyline,away,,215,3.15,0.34092352937124826,0.31746031746031744,0.30423004792665137,0.03669348144459689,0.07390911751943197,nflverse_archive,2024,2,2024_02_ATL_PHI,PHI,ATL,nflverse,,nflverse_archive,false,archive_final_fallback,,win,2.15,gaussian_unconditional,false,false,false,archive_final_fallback
spread,away,5.5,-105,1.9523809523809523,0.5085783691770047,0.5121951219512195,0.4891657638136511,0.019412605363353597,-0.007061279225847983,nflverse_archive,2024,2,2024_02_ATL_PHI,PHI,ATL,nflverse,,nflverse_archive,false,archive_final_fallback,,win,0.9523809523809523,gaussian_unconditional,false,false,false,archive_final_fallback
total,under,46.5,-110,1.9090909090909092,0.5500309495155816,0.5238095238095238,0.5,0.050030949515581624,0.050059085438837636,nflverse_archive,2024,2,2024_02_ATL_PHI,PHI,ATL,nflverse,,nflverse_archive,false,archive_final_fallback,,win,0.9090909090909092,gaussian_unconditional,false,false,false,archive_final_fallback
moneyline,home,,-135,1.7407407407407407,0.5926589030387297,0.574468085106383,0.551441114716549,0.041217788322180704,0.03166549788223305,nflverse_archive,2024,2,2024_02_BUF_MIA,MIA,BUF,nflverse,,nflverse_archive,false,archive_final_fallback,,loss,-1.0,gaussian_unconditional,false,false,false,archive_final_fallback
spread,home,-2.5,-110,1.9090909090909092,0.5152666364003232,0.5238095238095238,0.5,0.015266636400323219,-0.016309148690291986,nflverse_archive,2024,2,2024_02_BUF_MIA,MIA,BUF,nflverse,,nflverse_archive,false,archive_final_fallback,,loss,-1.0,gaussian_unconditional,false,false,false,archive_final_fallback
total,under,48.5,-105,1.9523809523809523,0.5608250856068339,0.5121951219512195,0.4891657638136511,0.07165932179318274,0.09494421475619941,nflverse_archive,2024,2,2024_02_BUF_MIA,MIA,BUF,nflverse,,nflverse_archive,false,archive_final_fallback,,win,0.9523809523809523,gaussian_unconditional,false,false,false,archive_final_fallback
moneyline,away,,210,3.1,0.380083077285859,0.3225806451612903,0.30920711694593195,0.07087596033992705,0.17825753958616297,nflverse_archive,2024,2,2024_02_CHI_HOU,HOU,CHI,nflverse,,nflverse_archive,false,archive_final_fallback,,loss,-1.0,gaussian_unconditional,false,false,false,archive_final_fallback
spread,away,6.0,-108,1.925925925925926,0.5656887186688128,0.5192307692307692,0.4956702459300312,0.07001847273878159,0.08947456928808384,nflverse_archive,2024,2,2024_02_CHI_HOU,HOU,CHI,nflverse,,nflverse_archive,false,archive_final_fallback,,push,0.0,gaussian_unconditional,false,false,false,archive_final_fallback
total,under,45.5,-105,1.9523809523809523,0.5300982398147128,0.5121951219512195,0.4891657638136511,0.0409324760010617,0.034953706304915455,nflverse_archive,2024,2,2024_02_CHI_HOU,HOU,CHI,nflverse,,nflverse_archive,false,archive_final_fallback,,win,0.9523809523809523,gaussian_unconditional,false,false,false,archive_final_fallback
moneyline,away,,235,3.35,0.32661102572052825,0.29850746268656714,0.28644876973925815,0.0401622559812701,0.09414693616376968,nflverse_archive,2024,2,2024_02_CIN_KC,KC,CIN,nflverse,,nflverse_archive,false,archive_final_fallback,,loss,-1.0,gaussian_unconditional,false,false,false,archive_final_fallback
spread,away,6.5,-105,1.9523809523809523,0.5241622997348088,0.5121951219512195,0.4891657638136511,0.034996535921157645,0.023364489958436208,nflverse_archive,2024,2,2024_02_CIN_KC,KC,CIN,nflverse,,nflverse_archive,false,archive_final_fallback,,win,0.9523809523809523,gaussian_unconditional,false,false,false,archive_final_fallback
total,under,47.5,-108,1.925925925925926,0.654972964150407,0.5192307692307692,0.4956702459300312,0.15930271822037578,0.2614294124378209,nflverse_archive,2024,2,2024_02_CIN_KC,KC,CIN,nflverse,,nflverse_archive,false,archive_final_fallback,,loss,-1.0,gaussian_unconditional,false,false,false,archive_final_fallback
moneyline,home,,-170,1.5882352941176472,0.6462984586233824,0.6296296296296295,0.6037569709421778,0.04254148768120458,0.026474022519489715,nflverse_archive,2024,2,2024_02_CLE_JAX,JAX,CLE,nflverse,,nflverse_archive,false,archive_final_fallback,,loss,-1.0,gaussian_unconditional,false,false,false,archive_final_fallback
spread,home,-3.0,-120,1.8333333333333335,0.5556741978095111,0.5454545454545454,0.5217391304347826,0.03393506737472851,0.01873602931743701,nflverse_archive,2024,2,2024_02_CLE_JAX,JAX,CLE,nflverse,,nflverse_archive,false,archive_final_fallback,,loss,-1.0,gaussian_unconditional,false,false,false,archive_final_fallback
total,over,41.5,-112,1.8928571428571428,0.5675715879235996,0.5283018867924528,0.5043297540699689,0.06324183385363069,0.07433193428395635,nflverse_archive,2024,2,2024_02_CLE_JAX,JAX,CLE,nflverse,,nflverse_archive,false,archive_final_fallback,,loss,-1.0,gaussian_unconditional,false,false,false,archive_final_fallback
moneyline,home,,120,2.2,0.6331350191892009,0.45454545454545453,0.43650793650793646,0.19662708268126444,0.3928970422162421,nflverse_archive,2024,2,2024_02_IND_GB,GB,IND,nflverse,,nflverse_archive,false,archive_final_fallback,,win,1.2000000000000002,gaussian_unconditional,false,false,false,archive_final_fallback
spread,home,3.0,-118,1.847457627118644,0.7175246083326704,0.5412844036697247,0.5173641257162701,0.2001604826164003,0.32559631030950964,nflverse_archive,2024,2,2024_02_IND_GB,GB,IND,nflverse,,nflverse_archive,false,archive_final_fallback,,win,0.847457627118644,gaussian_unconditional,false,false,false,archive_final_fallback
total,over,41.5,-110,1.9090909090909092,0.6615359341770768,0.5238095238095238,0.5,0.1615359341770768,0.26293223797441945,nflverse_archive,2024,2,2024_02_IND_GB,GB,IND,nflverse,,nflverse_archive,false,archive_final_fallback,,loss,-1.0,gaussian_unconditional,false,false,false,archive_final_fallback
moneyline,home,,185,2.85,0.46196533598408895,0.3508771929824561,0.33635187580853815,0.1256134601755508,0.3166012075546536,nflverse_archive,2024,2,2024_02_LAC_CAR,CAR,LAC,nflverse,,nflverse_archive,false,archive_final_fallback,,loss,-1.0,gaussian_unconditional,false,false,false,archive_final_fallback
spread,home,5.0,-110,1.9090909090909092,0.6166683167000229,0.5238095238095238,0.5,0.11666831670002287,0.17727587733640737,nflverse_archive,2024,2,2024_02_LAC_CAR,CAR,LAC,nflverse,,nflverse_archive,false,archive_final_fallback,,loss,-1.0,gaussian_unconditional,false,false,false,archive_final_fallback
total,over,39.0,-108,1.925925925925926,0.6215718975479392,0.5192307692307692,0.4956702459300312,0.125901651617908,0.19710143231454968,nflverse_archive,2024,2,2024_02_LAC_CAR,CAR,LAC,nflverse,,nflverse_archive,false,archive_final_fallback,,loss,-1.0,gaussian_unconditional,false,false,false,archive_final_fallback
moneyline,home,,-108,1.925925925925926,0.5654416405286944,0.5192307692307692,0.4956702459300312,0.06977139459866322,0.0889987150923004,nflverse_archive,2024,2,2024_02_LA_ARI,ARI,LA,nflverse,,nflverse_archive,false,archive_final_fallback,,win,0.925925925925926,gaussian_unconditional,false,false,false,archive_final_fallback
spread,home,1.0,-115,1.8695652173913042,0.5960847230687245,0.5348837209302326,0.5108342361863489,0.08525048688237558,0.11441926486761522,nflverse_archive,2024,2,2024_02_LA_ARI,ARI,LA,nflverse,,nflverse_archive,false,archive_final_fallback,,win,0.8695652173913042,gaussian_unconditional,false,false,false,archive_final_fallback
total,under,47.5,-118,1.847457627118644,0.5412115791542076,0.5412844036697247,0.5173641257162701,0.023847453437937483,-0.0001345402066335044,nflverse_archive,2024,2,2024_02_LA_ARI,ARI,LA,nflverse,,nflverse_archive,false,archive_final_fallback,,loss,-1.0,gaussian_unconditional,false,false,false,archive_final_fallback
moneyline,away,,350,4.5,0.321335305741703,0.2222222222222222,0.2132564841498559,0.10807882159184709,0.44600887583766347,nflverse_archive,2024,2,2024_02_LV_BAL,BAL,LV,nflverse,,nflverse_archive,false,archive_final_fallback,,win,3.5,gaussian_unconditional,false,false,false,archive_final_fallback
spread,away,9.0,-112,1.8928571428571428,0.5956247893080241,0.5283018867924528,0.5043297540699689,0.09129503523805516,0.12743263690447404,nflverse_archive,2024,2,2024_02_LV_BAL,BAL,LV,nflverse,,nflverse_archive,false,archive_final_fallback,,win,0.8928571428571428,gaussian_unconditional,false,false,false,archive_final_fallback
total,over,41.0,-112,1.8928571428571428,0.5491161588365563,0.5283018867924528,0.5043297540699689,0.04478640476658735,0.039398443512052905,nflverse_archive,2024,2,2024_02_LV_BAL,BAL,LV,nflverse,,nflverse_archive,false,archive_final_fallback,,win,0.8928571428571428,gaussian_unconditional,false,false,false,archive_final_fallback
moneyline,away,,235,3.35,0.39260937550184816,0.29850746268656714,0.28644876973925815,0.10616060576259001,0.3152414079311914,nflverse_archive,2024,2,2024_02_NO_DAL,DAL,NO,nflverse,,nflverse_archive,false,archive_final_fallback,,win,2.35,gaussian_unconditional,false,false,false,archive_final_fallback
spread,away,6.5,-112,1.8928571428571428,0.5938147527264336,0.5283018867924528,0.5043297540699689,0.08948499865646464,0.12400649623217785,nflverse_archive,2024,2,2024_02_NO_DAL,DAL,NO,nflverse,,nflverse_archive,false,archive_final_fallback,,win,0.8928571428571428,gaussian_unconditional,false,false,false,archive_final_fallback
total,under,47.0,-108,1.925925925925926,0.5239369114837087,0.5192307692307692,0.4956702459300312,0.028266665553677517,0.00906368137603164,nflverse_archive,2024,2,2024_02_NO_DAL,DAL,NO,nflverse,,nflverse_archive,false,archive_final_fallback,,loss,-1.0,gaussian_unconditional,false,false,false,archive_final_fallback
moneyline,home,,-125,1.8,0.6218829039483038,0.5555555555555556,0.5324675324675325,0.08941537148077128,0.119389227106947,nflverse_archive,2024,2,2024_02_NYG_WAS,WAS,NYG,nflverse,,nflverse_archive,false,archive_final_fallback,,win,0.8,gaussian_unconditional,false,false,false,archive_final_fallback
spread,home,-1.5,-112,1.8928571428571428,0.5764273100559686,0.5283018867924528,0.5043297540699689,0.07209755598599965,0.09109455117736909,nflverse_archive,2024,2,2024_02_NYG_WAS,WAS,NYG,nflverse,,nflverse_archive,false,archive_final_fallback,,win,0.8928571428571428,gaussian_unconditional,false,false,false,archive_final_fallback
total,over,42.5,-115,1.8695652173913042,0.5553474858570017,0.5348837209302326,0.5108342361863489,0.04451324967065273,0.03825834312395959,nflverse_archive,2024,2,2024_02_NYG_WAS,WAS,NYG,nflverse,,nflverse_archive,false,archive_final_fallback,,loss,-1.0,gaussian_unconditional,false,false,false,archive_final_fallback
moneyline,home,,150,2.5,0.6251915389412698,0.4,0.38356164383561653,0.24162989510565325,0.5629788473531745,nflverse_archive,2024,2,2024_02_NYJ_TEN,TEN,NYJ,nflverse,,nflverse_archive,false,archive_final_fallback,,loss,-1.0,gaussian_unconditional,false,false,false,archive_final_fallback
spread,home,3.5,-108,1.925925925925926,0.7236444765693033,0.5192307692307692,0.4956702459300312,0.22797423063927214,0.3936856585779176,nflverse_archive,2024,2,2024_02_NYJ_TEN,TEN,NYJ,nflverse,,nflverse_archive,false,archive_final_fallback,,loss,-1.0,gaussian_unconditional,false,false,false,archive_final_fallback
total,over,41.5,-108,1.925925925925926,0.526527525698246,0.5192307692307692,0.4956702459300312,0.03085727976821484,0.014053012455881309,nflverse_archive,2024,2,2024_02_NYJ_TEN,TEN,NYJ,nflverse,,nflverse_archive,false,archive_final_fallback,,loss,-1.0,gaussian_unconditional,false,false,false,archive_final_fallback
moneyline,home,,130,2.3,0.5623445920198535,0.4347826086956522,0.41700735895339325,0.1453372330664603,0.29339256164566296,nflverse_archive,2024,2,2024_02_PIT_DEN,DEN,PIT,nflverse,,nflverse_archive,false,archive_final_fallback,,loss,-1.0,gaussian_unconditional,false,false,false,archive_final_fallback
spread,home,3.0,-118,1.847457627118644,0.6525639081357545,0.5412844036697247,0.5173641257162701,0.13519978241948438,0.2055841692677498,nflverse_archive,2024,2,2024_02_PIT_DEN,DEN,PIT,nflverse,,nflverse_archive,false,archive_final_fallback,,loss,-1.0,gaussian_unconditional,false,false,false,archive_final_fallback
total,over,36.5,-108,1.925925925925926,0.6553372358474171,0.5192307692307692,0.4956702459300312,0.15966698991738593,0.26213097274317376,nflverse_archive,2024,2,2024_02_PIT_DEN,DEN,PIT,nflverse,,nflverse_archive,false,archive_final_fallback,,loss,-1.0,gaussian_unconditional,false,false,false,archive_final_fallback
moneyline,home,,142,2.42,0.5983740279151856,0.4132231404958678,0.3962430290578222,0.20213099885736335,0.448065147554749,nflverse_archive,2024,2,2024_02_SEA_NE,NE,SEA,nflverse,,nflverse_archive,false,archive_final_fallback,,loss,-1.0,gaussian_unconditional,false,false,false,archive_final_fallback
spread,home,3.5,-118,1.847457627118644,0.6997559663819414,0.5412844036697247,0.5173641257162701,0.18239184066567127,0.29276949721409506,nflverse_archive,2024,2,2024_02_SEA_NE,NE,SEA,nflverse,,nflverse_archive,false,archive_final_fallback,,win,0.847457627118644,gaussian_unconditional,false,false,false,archive_final_fallback
total,over,39.0,-110,1.9090909090909092,0.565941727182673,0.5238095238095238,0.5,0.065941727182673,0.08043420643964838,nflverse_archive,2024,2,2024_02_SEA_NE,NE,SEA,nflverse,,nflverse_archive,false,archive_final_fallback,,win,0.9090909090909092,gaussian_unconditional,false,false,false,archive_final_fallback
moneyline,home,,180,2.8,0.5867863218541598,0.35714285714285715,0.3425247738043946,0.2442615480497652,0.6430017011916473,nflverse_archive,2024,2,2024_02_SF_MIN,MIN,SF,nflverse,,nflverse_archive,false,archive_final_fallback,,win,1.7999999999999998,gaussian_unconditional,false,false,false,archive_final_fallback
spread,home,4.5,-108,1.925925925925926,0.716436940147945,0.5192307692307692,0.4956702459300312,0.22076669421791384,0.3798044773219682,nflverse_archive,2024,2,2024_02_SF_MIN,MIN,SF,nflverse,,nflverse_archive,false,archive_final_fallback,,win,0.925925925925926,gaussian_unconditional,false,false,false,archive_final_fallback
total,under,46.5,-108,1.925925925925926,0.5779697086515893,0.5192307692307692,0.4956702459300312,0.08229946272155808,0.11312684629194969,nflverse_archive,2024,2,2024_02_SF_MIN,MIN,SF,nflverse,,nflverse_archive,false,archive_final_fallback,,win,0.925925925925926,gaussian_unconditional,false,false,false,archive_final_fallback
moneyline,away,,295,3.95,0.4005478856392126,0.2531645569620253,0.24281150159744405,0.15773638404176857,0.5821641482748898,nflverse_archive,2024,2,2024_02_TB_DET,DET,TB,nflverse,,nflverse_archive,false,archive_final_fallback,,win,2.95,gaussian_unconditional,false,false,false,archive_final_fallback
spread,away,7.5,-108,1.925925925925926,0.6317189570760384,0.5192307692307692,0.4956702459300312,0.13604871114600725,0.2166439173316297,nflverse_archive,2024,2,2024_02_TB_DET,DET,TB,nflverse,,nflverse_archive,false,archive_final_fallback,,win,0.925925925925926,gaussian_unconditional,false,false,false,archive_final_fallback
total,under,51.5,-112,1.8928571428571428,0.6724800178343446,0.5283018867924528,0.5043297540699689,0.1681502637643757,0.272908605186438,nflverse_archive,2024,2,2024_02_TB_DET,DET,TB,nflverse,,nflverse_archive,false,archive_final_fallback,,win,0.8928571428571428,gaussian_unconditional,false,false,false,archive_final_fallback
moneyline,home,,100,2.0,0.5625777050932216,0.5,0.4782608695652174,0.08431683552800417,0.12515541018644316,nflverse_archive,2024,3,2024_03_BAL_DAL,DAL,BAL,nflverse,,nflverse_archive,false,archive_final_fallback,,loss,-1.0,gaussian_unconditional,false,false,false,archive_final_fallback
spread,home,1.5,-110,1.9090909090909092,0.6082584529849027,0.5238095238095238,0.5,0.10825845298490266,0.16122068297117775,nflverse_archive,2024,3,2024_03_BAL_DAL,DAL,BAL,nflverse,,nflverse_archive,false,archive_final_fallback,,loss,-1.0,gaussian_unconditional,false,false,false,archive_final_fallback
total,under,47.5,-112,1.8928571428571428,0.5234273900305403,0.5283018867924528,0.5043297540699689,0.019097635960571346,-0.009226726013620179,nflverse_archive,2024,3,2024_03_BAL_DAL,DAL,BAL,nflverse,,nflverse_archive,false,archive_final_fallback,,loss,-1.0,gaussian_unconditional,false,false,false,archive_final_fallback
moneyline,home,,-245,1.4081632653061225,0.7194225837949,0.7101449275362319,0.6805555555555556,0.0388670282393444,0.0130644547315939,nflverse_archive,2024,3,2024_03_CAR_LV,LV,CAR,nflverse,,nflverse_archive,false,archive_final_fallback,,loss,-1.0,gaussian_unconditional,false,false,false,archive_final_fallback
spread,home,-5.5,-110,1.9090909090909092,0.5600590585586551,0.5238095238095238,0.5,0.06005905855865512,0.06920365724834165,nflverse_archive,2024,3,2024_03_CAR_LV,LV,CAR,nflverse,,nflverse_archive,false,archive_final_fallback,,loss,-1.0,gaussian_unconditional,false,false,false,archive_final_fallback
total,over,40.0,-112,1.8928571428571428,0.5308869082348584,0.5283018867924528,0.5043297540699689,0.026557154164889463,0.004893076301696331,nflverse_archive,2024,3,2024_03_CAR_LV,LV,CAR,nflverse,,nflverse_archive,false,archive_final_fallback,,win,0.8928571428571428,gaussian_unconditional,false,false,false,archive_final_fallback
moneyline,home,,-125,1.8,0.5330226729388103,0.5555555555555556,0.5324675324675325,0.0005551404712778041,-0.040559188710141414,nflverse_archive,2024,3,2024_03_CHI_IND,IND,CHI,nflverse,,nflverse_archive,false,archive_final_fallback,,win,0.8,gaussian_unconditional,false,false,false,archive_final_fallback
spread,away,1.5,-108,1.925925925925926,0.5137227481370769,0.5192307692307692,0.4956702459300312,0.018052502207045684,-0.01060804062488896,nflverse_archive,2024,3,2024_03_CHI_IND,IND,CHI,nflverse,,nflverse_archive,false,archive_final_fallback,,loss,-1.0,gaussian_unconditional,false,false,false,archive_final_fallback
total,under,43.0,-105,1.9523809523809523,0.5277029039302307,0.5121951219512195,0.4891657638136511,0.03853714011657955,0.030277098149497972,nflverse_archive,2024,3,2024_03_CHI_IND,IND,CHI,nflverse,,nflverse_archive,false,archive_final_fallback,,win,0.9523809523809523,gaussian_unconditional,false,false,false,archive_final_fallback
moneyline,away,,200,3.0,0.34723216598613726,0.3333333333333333,0.3194444444444444,0.027787721541692845,0.04169649795841179,nflverse_archive,2024,3,2024_03_DEN_TB,TB,DEN,nflverse,,nflverse_archive,false,archive_final_fallback,,win,2.0,gaussian_unconditional,false,false,false,archive_final_fallback
spread,away,6.0,-112,1.8928571428571428,0.5304081358556247,0.5283018867924528,0.5043297540699689,0.026078381785655802,0.003986828583861124,nflverse_archive,2024,3,2024_03_DEN_TB,TB,DEN,nflverse,,nflverse_archive,false,archive_final_fallback,,win,0.8928571428571428,gaussian_unconditional,false,false,false,archive_final_fallback
total,over,40.5,-112,1.8928571428571428,0.5259558706043944,0.5283018867924528,0.5043297540699689,0.021626116534425477,-0.004440673498824932,nflverse_archive,2024,3,2024_03_DEN_TB,TB,DEN,nflverse,,nflverse_archive,false,archive_final_fallback,,loss,-1.0,gaussian_unconditional,false,false,false,archive_final_fallback
moneyline,home,,124,2.24,0.5734801370318838,0.4464285714285714,0.4279403644395361,0.14553977259234774,0.2845955069514199,nflverse_archive,2024,3,2024_03_DET_ARI,ARI,DET,nflverse,,nflverse_archive,false,archive_final_fallback,,loss,-1.0,gaussian_unconditional,false,false,false,archive_final_fallback
spread,home,3.0,-118,1.847457627118644,0.6626810153828617,0.5412844036697247,0.5173641257162701,0.14531688966659162,0.22427509621579533,nflverse_archive,2024,3,2024_03_DET_ARI,ARI,DET,nflverse,,nflverse_archive,false,archive_final_fallback,,loss,-1.0,gaussian_unconditional,false,false,false,archive_final_fallback
total,under,51.5,-112,1.8928571428571428,0.6613716813092827,0.5283018867924528,0.5043297540699689,0.15704192723931376,0.2518821110497136,nflverse_archive,2024,3,2024_03_DET_ARI,ARI,DET,nflverse,,nflverse_archive,false,archive_final_fallback,,win,0.8928571428571428,gaussian_unconditional,false,false,false,archive_final_fallback
moneyline,away,,136,2.3600000000000003,0.512243179614867,0.42372881355932196,0.4066302458405761,0.10561293377429087,0.2088939038910862,nflverse_archive,2024,3,2024_03_GB_TEN,TEN,GB,nflverse,,nflverse_archive,false,archive_final_fallback,,win,1.3600000000000003,gaussian_unconditional,false,false,false,archive_final_fallback
spread,away,3.0,-112,1.8928571428571428,0.6045891677455071,0.5283018867924528,0.5043297540699689,0.10025941367553814,0.1444009246611384,nflverse_archive,2024,3,2024_03_GB_TEN,TEN,GB,nflverse,,nflverse_archive,false,archive_final_fallback,,win,0.8928571428571428,gaussian_unconditional,false,false,false,archive_final_fallback
total,over,37.0,-112,1.8928571428571428,0.646502816792123,0.5283018867924528,0.5043297540699689,0.14217306272215402,0.2237374746422327,nflverse_archive,2024,3,2024_03_GB_TEN,TEN,GB,nflverse,,nflverse_archive,false,archive_final_fallback,,win,0.8928571428571428,gaussian_unconditional,false,false,false,archive_final_fallback
moneyline,home,,114,2.1399999999999997,0.5999107401190309,0.4672897196261683,0.44855888528345106,0.15135185483557984,0.28380898385472597,nflverse_archive,2024,3,2024_03_HOU_MIN,MIN,HOU,nflverse,,nflverse_archive,false,archive_final_fallback,,win,1.1399999999999997,gaussian_unconditional,false,false,false,archive_final_fallback
spread,home,2.0,-108,1.925925925925926,0.6589072520064323,0.5192307692307692,0.4956702459300312,0.16323700607640113,0.2690065594197957,nflverse_archive,2024,3,2024_03_HOU_MIN,MIN,HOU,nflverse,,nflverse_archive,false,archive_final_fallback,,win,0.925925925925926,gaussian_unconditional,false,false,false,archive_final_fallback
total,under,46.0,-108,1.925925925925926,0.6224802357787625,0.5192307692307692,0.4956702459300312,0.12680998984873137,0.198850824462802,nflverse_archive,2024,3,2024_03_HOU_MIN,MIN,HOU,nflverse,,nflverse_archive,false,archive_final_fallback,,win,0.925925925925926,gaussian_unconditional,false,false,false,archive_final_fallback
moneyline,home,,-218,1.4587155963302751,0.6790400450954368,0.6855345911949686,0.6574752261956053,0.021564818899831528,-0.009473695686472938,nflverse_archive,2024,3,2024_03_JAX_BUF,BUF,JAX,nflverse,,nflverse_archive,false,archive_final_fallback,,win,0.45871559633027514,gaussian_unconditional,false,false,false,archive_final_fallback
spread,home,-4.0,-112,1.8928571428571428,0.560518120058906,0.5283018867924528,0.5043297540699689,0.05618836598893706,0.06098072725435766,nflverse_archive,2024,3,2024_03_JAX_BUF,BUF,JAX,nflverse,,nflverse_archive,false,archive_final_fallback,,win,0.8928571428571428,gaussian_unconditional,false,false,false,archive_final_fallback
total,under,46.5,-110,1.9090909090909092,0.6094310394556611,0.5238095238095238,0.5,0.10943103945566113,0.16345925714262588,nflverse_archive,2024,3,2024_03_JAX_BUF,BUF,JAX,nflverse,,nflverse_archive,false,archive_final_fallback,,loss,-1.0,gaussian_unconditional,false,false,false,archive_final_fallback
moneyline,home,,142,2.42,0.4907870846356551,0.4132231404958678,0.3962430290578222,0.09454405557783291,0.18770474481828536,nflverse_archive,2024,3,2024_03_KC_ATL,ATL,KC,nflverse,,nflverse_archive,false,archive_final_fallback,,loss,-1.0,gaussian_unconditional,false,false,false,archive_final_fallback
spread,home,3.0,-102,1.9803921568627452,0.5837336685469965,0.504950495049505,0.4826358742837298,0.1010977942632667,0.15602157888718926,nflverse_archive,2024,3,2024_03_KC_ATL,ATL,KC,nflverse,,nflverse_archive,false,archive_final_fallback,,loss,-1.0,gaussian_unconditional,false,false,false,archive_final_fallback
total,under,46.0,-108,1.925925925925926,0.627319340522385,0.5192307692307692,0.4956702459300312,0.13164909459235385,0.20817058174681558,nflverse_archive,2024,3,2024_03_KC_ATL,ATL,KC,nflverse,,nflverse_archive,false,archive_final_fallback,,win,0.925925925925926,gaussian_unconditional,false,false,false,archive_final_fallback
moneyline,away,,124,2.24,0.4735584468895264,0.4464285714285714,0.4279403644395361,0.04561808244999033,0.06077092103253934,nflverse_archive,2024,3,2024_03_LAC_PIT,PIT,LAC,nflverse,,nflverse_archive,false,archive_final_fallback,,loss,-1.0,gaussian_unconditional,false,false,false,archive_final_fallback
spread,away,3.0,-118,1.847457627118644,0.5667957313765898,0.5412844036697247,0.5173641257162701,0.04943160566031968,0.047131096949970974,nflverse_archive,2024,3,2024_03_LAC_PIT,PIT,LAC,nflverse,,nflverse_archive,false,archive_final_fallback,,loss,-1.0,gaussian_unconditional,false,false,false,archive_final_fallback
total,over,36.0,-105,1.9523809523809523,0.5239302664277435,0.5121951219512195,0.4891657638136511,0.03476450261409242,0.022911472549403955,nflverse_archive,2024,3,2024_03_LAC_PIT,PIT,LAC,nflverse,,nflverse_archive,false,archive_final_fallback,,loss,-1.0,gaussian_unconditional,false,false,false,archive_final_fallback
moneyline,away,,170,2.7,0.4172381395179552,0.37037037037037035,0.35527082119976705,0.061967318318188136,0.12654297669847914,nflverse_archive,2024,3,2024_03_MIA_SEA,SEA,MIA,nflverse,,nflverse_archive,false,archive_final_fallback,,loss,-1.0,gaussian_unconditional,false,false,false,archive_final_fallback
spread,away,4.0,-110,1.9090909090909092,0.5413236969434873,0.5238095238095238,0.5,0.041323696943487254,0.03343614871029388,nflverse_archive,2024,3,2024_03_MIA_SEA,SEA,MIA,nflverse,,nflverse_archive,false,archive_final_fallback,,loss,-1.0,gaussian_unconditional,false,false,false,archive_final_fallback
total,over,41.5,-110,1.9090909090909092,0.5767484062110809,0.5238095238095238,0.5,0.07674840621108092,0.10106513913024551,nflverse_archive,2024,3,2024_03_MIA_SEA,SEA,MIA,nflverse,,nflverse_archive,false,archive_final_fallback,,loss,-1.0,gaussian_unconditional,false,false,false,archive_final_fallback
moneyline,away,,230,3.3,0.4488900810924248,0.30303030303030304,0.2904564315352697,0.1584336495571551,0.4813372676050016,nflverse_archive,2024,3,2024_03_NE_NYJ,NYJ,NE,nflverse,,nflverse_archive,false,archive_final_fallback,,loss,-1.0,gaussian_unconditional,false,false,false,archive_final_fallback
spread,away,6.5,-110,1.9090909090909092,0.6479253426228152,0.5238095238095238,0.5,0.1479253426228152,0.23694838137082908,nflverse_archive,2024,3,2024_03_NE_NYJ,NYJ,NE,nflverse,,nflverse_archive,false,archive_final_fallback,,loss,-1.0,gaussian_unconditional,false,false,false,archive_final_fallback
total,over,39.0,-112,1.8928571428571428,0.5180273456667146,0.5283018867924528,0.5043297540699689,0.013697591596745662,-0.019448238559433118,nflverse_archive,2024,3,2024_03_NE_NYJ,NYJ,NE,nflverse,,nflverse_archive,false,archive_final_fallback,,loss,-1.0,gaussian_unconditional,false,false,false,archive_final_fallback
moneyline,away,,220,3.2,0.362626474857334,0.3125,0.299837925445705,0.06278854941162904,0.1604047195434688,nflverse_archive,2024,3,2024_03_NYG_CLE,CLE,NYG,nflverse,,nflverse_archive,false,archive_final_fallback,,win,2.2,gaussian_unconditional,false,false,false,archive_final_fallback
spread,away,6.5,-112,1.8928571428571428,0.5622768057484192,0.5283018867924528,0.5043297540699689,0.05794705167845027,0.06430966802379356,nflverse_archive,2024,3,2024_03_NYG_CLE,CLE,NYG,nflverse,,nflverse_archive,false,archive_final_fallback,,win,0.8928571428571428,gaussian_unconditional,false,false,false,archive_final_fallback
total,over,38.0,-112,1.8928571428571428,0.5746596735216454,0.5283018867924528,0.5043297540699689,0.07032991945167644,0.0877486677374002,nflverse_archive,2024,3,2024_03_NYG_CLE,CLE,NYG,nflverse,,nflverse_archive,false,archive_final_fallback,,loss,-1.0,gaussian_unconditional,false,false,false,archive_final_fallback
moneyline,home,,-142,1.704225352112676,0.7106486114153739,0.5867768595041323,0.5634920634920635,0.14715654792331045,0.21110538001775003,nflverse_archive,2024,3,2024_03_PHI_NO,NO,PHI,nflverse,,nflverse_archive,false,archive_final_fallback,,loss,-1.0,gaussian_unconditional,false,false,false,archive_final_fallback
spread,home,-2.5,-115,1.8695652173913042,0.6405099986097833,0.5348837209302326,0.5108342361863489,0.12967576242343437,0.19747521479220342,nflverse_archive,2024,3,2024_03_PHI_NO,NO,PHI,nflverse,,nflverse_archive,false,archive_final_fallback,,loss,-1.0,gaussian_unconditional,false,false,false,archive_final_fallback
total,under,49.0,-110,1.9090909090909092,0.5189775302209466,0.5238095238095238,0.5,0.018977530220946615,-0.009224715032738251,nflverse_archive,2024,3,2024_03_PHI_NO,NO,PHI,nflverse,,nflverse_archive,false,archive_final_fallback,,win,0.9090909090909092,gaussian_unconditional,false,false,false,archive_final_fallback
moneyline,home,,210,3.1,0.40624409312284504,0.3225806451612903,0.30920711694593195,0.09703697617691309,0.2593566886808196,nflverse_archive,2024,3,2024_03_SF_LA,LA,SF,nflverse,,nflverse_archive,false,archive_final_fallback,,win,2.1,gaussian_unconditional,false,false,false,archive_final_fallback
spread,home,6.0,-112,1.8928571428571428,0.5916853225899708,0.5283018867924528,0.5043297540699689,0.08735556852000181,0.11997578918815899,nflverse_archive,2024,3,2024_03_SF_LA,LA,SF,nflverse,,nflverse_archive,false,archive_final_fallback,,win,0.8928571428571428,gaussian_unconditional,false,false,false,archive_final_fallback
total,over,44.5,-110,1.9090909090909092,0.5041950891030568,0.5238095238095238,0.5,0.0041950891030567705,-0.03744573898507342,nflverse_archive,2024,3,2024_03_SF_LA,LA,SF,nflverse,,nflverse_archive,false,archive_final_fallback,,win,0.9090909090909092,gaussian_unconditional,false,false,false,archive_final_fallback
moneyline,away,,280,3.8,0.3752342110704492,0.2631578947368421,0.2522172949002217,0.12301691617022747,0.4258900020677068,nflverse_archive,2024,3,2024_03_WAS_CIN,CIN,WAS,nflverse,,nflverse_archive,false,archive_final_fallback,,win,2.8,gaussian_unconditional,false,false,false,archive_final_fallback
spread,away,7.5,-115,1.8695652173913042,0.6057861550517856,0.5348837209302326,0.5108342361863489,0.09495191886543664,0.13255672466203383,nflverse_archive,2024,3,2024_03_WAS_CIN,CIN,WAS,nflverse,,nflverse_archive,false,archive_final_fallback,,win,0.8695652173913042,gaussian_unconditional,false,false,false,archive_final_fallback
total,under,46.0,-112,1.8928571428571428,0.5524350022385781,0.5283018867924528,0.5043297540699689,0.04810524816860917,0.04568053995159427,nflverse_archive,2024,3,2024_03_WAS_CIN,CIN,WAS,nflverse,,nflverse_archive,false,archive_final_fallback,,loss,-1.0,gaussian_unconditional,false,false,false,archive_final_fallback
moneyline,away,,114,2.1399999999999997,0.57710792848324,0.4672897196261683,0.44855888528345106,0.12854904319978894,0.23501096695413337,nflverse_archive,2024,4,2024_04_BUF_BAL,BAL,BUF,nflverse,,nflverse_archive,false,archive_final_fallback,,loss,-1.0,gaussian_unconditional,false,false,false,archive_final_fallback
spread,away,2.5,-108,1.925925925925926,0.6511731557395687,0.5192307692307692,0.4956702459300312,0.15550290980953752,0.25411126290583597,nflverse_archive,2024,4,2024_04_BUF_BAL,BAL,BUF,nflverse,,nflverse_archive,false,archive_final_fallback,,loss,-1.0,gaussian_unconditional,false,false,false,archive_final_fallback
total,over,46.5,-110,1.9090909090909092,0.5084268561436568,0.5238095238095238,0.5,0.008426856143656791,-0.029366910998473328,nflverse_archive,2024,4,2024_04_BUF_BAL,BAL,BUF,nflverse,,nflverse_archive,false,archive_final_fallback,,loss,-1.0,gaussian_unconditional,false,false,false,archive_final_fallback
moneyline,home,,170,2.7,0.4622936921896037,0.37037037037037035,0.35527082119976705,0.10702287098983665,0.24819296891193,nflverse_archive,2024,4,2024_04_CIN_CAR,CAR,CIN,nflverse,,nflverse_archive,false,archive_final_fallback,,loss,-1.0,gaussian_unconditional,false,false,false,archive_final_fallback
spread,home,4.5,-108,1.925925925925926,0.6004546118070272,0.5192307692307692,0.4956702459300312,0.10478436587699602,0.15643110422094142,nflverse_archive,2024,4,2024_04_CIN_CAR,CAR,CIN,nflverse,,nflverse_archive,false,archive_final_fallback,,loss,-1.0,gaussian_unconditional,false,false,false,archive_final_fallback
total,under,47.0,-108,1.925925925925926,0.5652216074096295,0.5192307692307692,0.4956702459300312,0.06955136147959828,0.08857494760373097,nflverse_archive,2024,4,2024_04_CIN_CAR,CAR,CIN,nflverse,,nflverse_archive,false,archive_final_fallback,,loss,-1.0,gaussian_unconditional,false,false,false,archive_final_fallback
moneyline,home,,114,2.1399999999999997,0.5540241211305266,0.4672897196261683,0.44855888528345106,0.10546523584707551,0.18561161921932667,nflverse_archive,2024,4,2024_04_CLE_LV,LV,CLE,nflverse,,nflverse_archive,false,archive_final_fallback,,win,1.1399999999999997,gaussian_unconditional,false,false,false,archive_final_fallback
spread,home,2.5,-105,1.9523809523809523,0.6292336423505362,0.5121951219512195,0.4891657638136511,0.14006787853688513,0.22850377792247545,nflverse_archive,2024,4,2024_04_CLE_LV,LV,CLE,nflverse,,nflverse_archive,false,archive_final_fallback,,win,0.9523809523809523,gaussian_unconditional,false,false,false,archive_final_fallback
total,over,36.5,-112,1.8928571428571428,0.6622808781901177,0.5283018867924528,0.5043297540699689,0.15795112412014878,0.25360309085986565,nflverse_archive,2024,4,2024_04_CLE_LV,LV,CLE,nflverse,,nflverse_archive,false,archive_final_fallback,,loss,-1.0,gaussian_unconditional,false,false,false,archive_final_fallback
moneyline,home,,205,3.05,0.46039761798295986,0.3278688524590164,0.3146067415730337,0.14579087640992616,0.40421273484802756,nflverse_archive,2024,4,2024_04_DAL_NYG,NYG,DAL,nflverse,,nflverse_archive,false,archive_final_fallback,,loss,-1.0,gaussian_unconditional,false,false,false,archive_final_fallback
spread,home,5.5,-105,1.9523809523809523,0.6282963453352618,0.5121951219512195,0.4891657638136511,0.13913058152161067,0.22667381708313017,nflverse_archive,2024,4,2024_04_DAL_NYG,NYG,DAL,nflverse,,nflverse_archive,false,archive_final_fallback,,win,0.9523809523809523,gaussian_unconditional,false,false,false,archive_final_fallback
total,under,45.0,-112,1.8928571428571428,0.5414513340436846,0.5283018867924528,0.5043297540699689,0.03712157997371568,0.024890025154117312,nflverse_archive,2024,4,2024_04_DAL_NYG,NYG,DAL,nflverse,,nflverse_archive,false,archive_final_fallback,,win,0.8928571428571428,gaussian_unconditional,false,false,false,archive_final_fallback
moneyline,away,,330,4.3,0.44541510266837125,0.23255813953488372,0.22316684378320936,0.2222482588851619,0.9152849414739963,nflverse_archive,2024,4,2024_04_DEN_NYJ,NYJ,DEN,nflverse,,nflverse_archive,false,archive_final_fallback,,win,3.3,gaussian_unconditional,false,false,false,archive_final_fallback
spread,away,7.5,-108,1.925925925925926,0.6717368830189814,0.5192307692307692,0.4956702459300312,0.1760666370889502,0.29371547840692713,nflverse_archive,2024,4,2024_04_DEN_NYJ,NYJ,DEN,nflverse,,nflverse_archive,false,archive_final_fallback,,win,0.925925925925926,gaussian_unconditional,false,false,false,archive_final_fallback
total,over,39.5,-108,1.925925925925926,0.49814181469658303,0.5192307692307692,0.4956702459300312,0.002471568766551857,-0.04061576428806224,nflverse_archive,2024,4,2024_04_DEN_NYJ,NYJ,DEN,nflverse,,nflverse_archive,false,archive_final_fallback,,loss,-1.0,gaussian_unconditional,false,false,false,archive_final_fallback
moneyline,away,,195,2.95,0.3765183543044426,0.3389830508474576,0.32496875300451883,0.05154960129992375,0.11072914519810562,nflverse_archive,2024,4,2024_04_JAX_HOU,HOU,JAX,nflverse,,nflverse_archive,false,archive_final_fallback,,loss,-1.0,gaussian_unconditional,false,false,false,archive_final_fallback
spread,away,5.5,-108,1.925925925925926,0.5446433363897276,0.5192307692307692,0.4956702459300312,0.048973090459696444,0.04894272193577187,nflverse_archive,2024,4,2024_04_JAX_HOU,HOU,JAX,nflverse,,nflverse_archive,false,archive_final_fallback,,win,0.925925925925926,gaussian_unconditional,false,false,false,archive_final_fallback
total,under,44.5,-108,1.925925925925926,0.5601310508062936,0.5192307692307692,0.4956702459300312,0.06446080487626238,0.07877091266397285,nflverse_archive,2024,4,2024_04_JAX_HOU,HOU,JAX,nflverse,,nflverse_archive,false,archive_final_fallback,,win,0.925925925925926,gaussian_unconditional,false,false,false,archive_final_fallback
moneyline,home,,275,3.75,0.5571998553505639,0.26666666666666666,0.2559309849029475,0.3012688704476164,1.0894994575646146,nflverse_archive,2024,4,2024_04_KC_LAC,LAC,KC,nflverse,,nflverse_archive,false,archive_final_fallback,,loss,-1.0,gaussian_unconditional,false,false,false,archive_final_fallback
spread,home,7.5,-112,1.8928571428571428,0.7660320803704804,0.5283018867924528,0.5043297540699689,0.2617023263005115,0.4499892949869808,nflverse_archive,2024,4,2024_04_KC_LAC,LAC,KC,nflverse,,nflverse_archive,false,archive_final_fallback,,win,0.8928571428571428,gaussian_unconditional,false,false,false,archive_final_fallback
total,under,41.5,-108,1.925925925925926,0.5456833242141303,0.5192307692307692,0.4956702459300312,0.05001307828409918,0.05094566144943635,nflverse_archive,2024,4,2024_04_KC_LAC,LAC,KC,nflverse,,nflverse_archive,false,archive_final_fallback,,win,0.925925925925926,gaussian_unconditional,false,false,false,archive_final_fallback
moneyline,home,,-162,1.617283950617284,0.5981162189001018,0.6183206106870228,0.593369754159424,0.004746464740677858,-0.03267623856897106,nflverse_archive,2024,4,2024_04_LA_CHI,CHI,LA,nflverse,,nflverse_archive,false,archive_final_fallback,,win,0.617283950617284,gaussian_unconditional,false,false,false,archive_final_fallback
spread,home,-3.0,-108,1.925925925925926,0.5062579219011382,0.5192307692307692,0.4956702459300312,0.010587675971106991,-0.02498474300521536,nflverse_archive,2024,4,2024_04_LA_CHI,CHI,LA,nflverse,,nflverse_archive,false,archive_final_fallback,,win,0.925925925925926,gaussian_unconditional,false,false,false,archive_final_fallback
total,over,40.0,-115,1.8695652173913042,0.578715888187699,0.5348837209302326,0.5108342361863489,0.0678816520013501,0.08194709530743727,nflverse_archive,2024,4,2024_04_LA_CHI,CHI,LA,nflverse,,nflverse_archive,false,archive_final_fallback,,win,0.8695652173913042,gaussian_unconditional,false,false,false,archive_final_fallback
moneyline,away,,114,2.1399999999999997,0.517307207982704,0.4672897196261683,0.44855888528345106,0.06874832269925296,0.10703742508298641,nflverse_archive,2024,4,2024_04_MIN_GB,GB,MIN,nflverse,,nflverse_archive,false,archive_final_fallback,,win,1.1399999999999997,gaussian_unconditional,false,false,false,archive_final_fallback
spread,away,2.5,-102,1.9803921568627452,0.5938212137633436,0.504950495049505,0.4826358742837298,0.11118533947961384,0.17599887431564132,nflverse_archive,2024,4,2024_04_MIN_GB,GB,MIN,nflverse,,nflverse_archive,false,archive_final_fallback,,win,0.9803921568627452,gaussian_unconditional,false,false,false,archive_final_fallback
total,under,44.0,-112,1.8928571428571428,0.569245896312427,0.5283018867924528,0.5043297540699689,0.06491614224245801,0.07750116087709391,nflverse_archive,2024,4,2024_04_MIN_GB,GB,MIN,nflverse,,nflverse_archive,false,archive_final_fallback,,loss,-1.0,gaussian_unconditional,false,false,false,archive_final_fallback
moneyline,away,,410,5.1,0.3142170760348648,0.19607843137254904,0.1881331403762663,0.12608393565859852,0.6025070877778105,nflverse_archive,2024,4,2024_04_NE_SF,SF,NE,nflverse,,nflverse_archive,false,archive_final_fallback,,loss,-1.0,gaussian_unconditional,false,false,false,archive_final_fallback
spread,away,10.5,-112,1.8928571428571428,0.6296110348480883,0.5283018867924528,0.5043297540699689,0.1252812807781194,0.19176374453388134,nflverse_archive,2024,4,2024_04_NE_SF,SF,NE,nflverse,,nflverse_archive,false,archive_final_fallback,,loss,-1.0,gaussian_unconditional,false,false,false,archive_final_fallback
total,under,41.5,-110,1.9090909090909092,0.5328187572225194,0.5238095238095238,0.5,0.03281875722251937,0.017199445606628005,nflverse_archive,2024,4,2024_04_NE_SF,SF,NE,nflverse,,nflverse_archive,false,archive_final_fallback,,loss,-1.0,gaussian_unconditional,false,false,false,archive_final_fallback
moneyline,away,,120,2.2,0.6221539860030091,0.45454545454545453,0.43650793650793646,0.18564604949507263,0.3687387692066202,nflverse_archive,2024,4,2024_04_NO_ATL,ATL,NO,nflverse,,nflverse_archive,false,archive_final_fallback,,loss,-1.0,gaussian_unconditional,false,false,false,archive_final_fallback
spread,away,2.5,-105,1.9523809523809523,0.6932670094034403,0.5121951219512195,0.4891657638136511,0.2041012455897892,0.35352130407338356,nflverse_archive,2024,4,2024_04_NO_ATL,ATL,NO,nflverse,,nflverse_archive,false,archive_final_fallback,,win,0.9523809523809523,gaussian_unconditional,false,false,false,archive_final_fallback
total,over,41.5,-108,1.925925925925926,0.5143203651722654,0.5192307692307692,0.4956702459300312,0.018650119242234253,-0.009457074483044337,nflverse_archive,2024,4,2024_04_NO_ATL,ATL,NO,nflverse,,nflverse_archive,false,archive_final_fallback,,win,0.925925925925926,gaussian_unconditional,false,false,false,archive_final_fallback
moneyline,home,,-105,1.9523809523809523,0.5371050855719444,0.5121951219512195,0.4891657638136511,0.04793932175829324,0.04863373849760566,nflverse_archive,2024,4,2024_04_PHI_TB,TB,PHI,nflverse,,nflverse_archive,false,archive_final_fallback,,win,0.9523809523809523,gaussian_unconditional,false,false,false,archive_final_fallback
spread,home,1.0,-110,1.9090909090909092,0.5677854647558894,0.5238095238095238,0.5,0.06778546475588942,0.08395406907942538,nflverse_archive,2024,4,2024_04_PHI_TB,TB,PHI,nflverse,,nflverse_archive,false,archive_final_fallback,,win,0.9090909090909092,gaussian_unconditional,false,false,false,archive_final_fallback
total,over,42.0,-112,1.8928571428571428,0.5257847722948317,0.5283018867924528,0.5043297540699689,0.021455018224862732,-0.004764538156211473,nflverse_archive,2024,4,2024_04_PHI_TB,TB,PHI,nflverse,,nflverse_archive,false,archive_final_fallback,,win,0.8928571428571428,gaussian_unconditional,false,false,false,archive_final_fallback
moneyline,home,,110,2.1,0.47866227083831914,0.47619047619047616,0.4572564612326044,0.021405809605714754,0.005190768760470199,nflverse_archive,2024,4,2024_04_PIT_IND,IND,PIT,nflverse,,nflverse_archive,false,archive_final_fallback,,win,1.1,gaussian_unconditional,false,false,false,archive_final_fallback
spread,home,2.5,-112,1.8928571428571428,0.5558588635171846,0.5283018867924528,0.5043297540699689,0.05152910944721567,0.052161420228956645,nflverse_archive,2024,4,2024_04_PIT_IND,IND,PIT,nflverse,,nflverse_archive,false,archive_final_fallback,,win,0.8928571428571428,gaussian_unconditional,false,false,false,archive_final_fallback
total,under,40.0,-110,1.9090909090909092,0.5608090777939969,0.5238095238095238,0.5,0.06080907779399691,0.070635512152176,nflverse_archive,2024,4,2024_04_PIT_IND,IND,PIT,nflverse,,nflverse_archive,false,archive_final_fallback,,loss,-1.0,gaussian_unconditional,false,false,false,archive_final_fallback
moneyline,away,,154,2.54,0.45530243770310896,0.39370078740157477,0.37753344813882633,0.07776898956428263,0.15646819176589677,nflverse_archive,2024,4,2024_04_SEA_DET,DET,SEA,nflverse,,nflverse_archive,false,archive_final_fallback,,loss,-1.0,gaussian_unconditional,false,false,false,archive_final_fallback
spread,away,3.5,-108,1.925925925925926,0.5632874765564997,0.5192307692307692,0.4956702459300312,0.06761723062646852,0.08484995484955493,nflverse_archive,2024,4,2024_04_SEA_DET,DET,SEA,nflverse,,nflverse_archive,false,archive_final_fallback,,loss,-1.0,gaussian_unconditional,false,false,false,archive_final_fallback
total,under,46.5,-108,1.925925925925926,0.634436882951407,0.5192307692307692,0.4956702459300312,0.13876663702137582,0.22187844123974676,nflverse_archive,2024,4,2024_04_SEA_DET,DET,SEA,nflverse,,nflverse_archive,false,archive_final_fallback,,loss,-1.0,gaussian_unconditional,false,false,false,archive_final_fallback
moneyline,home,,-135,1.7407407407407407,0.5852167249876734,0.574468085106383,0.551441114716549,0.03377561027112441,0.01871059534891284,nflverse_archive,2024,4,2024_04_TEN_MIA,MIA,TEN,nflverse,,nflverse_archive,false,archive_final_fallback,,loss,-1.0,gaussian_unconditional,false,false,false,archive_final_fallback
spread,home,-2.5,-112,1.8928571428571428,0.5084841277364422,0.5283018867924528,0.5043297540699689,0.00415437366647331,-0.03751218678459145,nflverse_archive,2024,4,2024_04_TEN_MIA,MIA,TEN,nflverse,,nflverse_archive,false,archive_final_fallback,,loss,-1.0,gaussian_unconditional,false,false,false,archive_final_fallback
total,over,37.0,-110,1.9090909090909092,0.6221120220282382,0.5238095238095238,0.5,0.12211202202823823,0.1876684056902731,nflverse_archive,2024,4,2024_04_TEN_MIA,MIA,TEN,nflverse,,nflverse_archive,false,archive_final_fallback,,win,0.9090909090909092,gaussian_unconditional,false,false,false,archive_final_fallback
moneyline,home,,-180,1.5555555555555556,0.6482957649785509,0.6428571428571428,0.6164383561643836,0.03185740881416732,0.008460078855523578,nflverse_archive,2024,4,2024_04_WAS_ARI,ARI,WAS,nflverse,,nflverse_archive,false,archive_final_fallback,,loss,-1.0,gaussian_unconditional,false,false,false,archive_final_fallback
spread,home,-3.5,-105,1.9523809523809523,0.5434536183076539,0.5121951219512195,0.4891657638136511,0.05428785449400281,0.06102849288637202,nflverse_archive,2024,4,2024_04_WAS_ARI,ARI,WAS,nflverse,,nflverse_archive,false,archive_final_fallback,,loss,-1.0,gaussian_unconditional,false,false,false,archive_final_fallback
total,under,49.0,-112,1.8928571428571428,0.532646747569611,0.5283018867924528,0.5043297540699689,0.028316993499642007,0.008224200756763445,nflverse_archive,2024,4,2024_04_WAS_ARI,ARI,WAS,nflverse,,nflverse_archive,false,archive_final_fallback,,loss,-1.0,gaussian_unconditional,false,false,false,archive_final_fallback
moneyline,away,,260,3.6,0.3067835388090514,0.2777777777777778,0.26645768025078376,0.04032585855826765,0.10442073971258514,nflverse_archive,2024,5,2024_05_ARI_SF,SF,ARI,nflverse,,nflverse_archive,false,archive_final_fallback,,win,2.6,gaussian_unconditional,false,false,false,archive_final_fallback
spread,away,7.0,-105,1.9523809523809523,0.5148030146445457,0.5121951219512195,0.4891657638136511,0.025637250830894576,0.0050916000203033995,nflverse_archive,2024,5,2024_05_ARI_SF,SF,ARI,nflverse,,nflverse_archive,false,archive_final_fallback,,win,0.9523809523809523,gaussian_unconditional,false,false,false,archive_final_fallback
total,under,48.5,-108,1.925925925925926,0.568112980238049,0.5192307692307692,0.4956702459300312,0.07244273430801784,0.09414351749550187,nflverse_archive,2024,5,2024_05_ARI_SF,SF,ARI,nflverse,,nflverse_archive,false,archive_final_fallback,,win,0.925925925925926,gaussian_unconditional,false,false,false,archive_final_fallback
moneyline,home,,124,2.24,0.4464309399459797,0.4464285714285714,0.4279403644395361,0.01849057550644362,5.3054789945772285e-6,nflverse_archive,2024,5,2024_05_BAL_CIN,CIN,BAL,nflverse,,nflverse_archive,false,archive_final_fallback,,loss,-1.0,gaussian_unconditional,false,false,false,archive_final_fallback
spread,home,2.5,-102,1.9803921568627452,0.5234937631271523,0.504950495049505,0.4826358742837298,0.04085788884342256,0.03672294266357623,nflverse_archive,2024,5,2024_05_BAL_CIN,CIN,BAL,nflverse,,nflverse_archive,false,archive_final_fallback,,loss,-1.0,gaussian_unconditional,false,false,false,archive_final_fallback
total,under,48.5,-112,1.8928571428571428,0.5507072307050502,0.5283018867924528,0.5043297540699689,0.046377476635081294,0.042410115263130654,nflverse_archive,2024,5,2024_05_BAL_CIN,CIN,BAL,nflverse,,nflverse_archive,false,archive_final_fallback,,loss,-1.0,gaussian_unconditional,false,false,false,archive_final_fallback
moneyline,away,,-102,1.9803921568627452,0.5708970129775237,0.504950495049505,0.4826358742837298,0.08826113869379393,0.13059996687705677,nflverse_archive,2024,5,2024_05_BUF_HOU,HOU,BUF,nflverse,,nflverse_archive,false,archive_final_fallback,,loss,-1.0,gaussian_unconditional,false,false,false,archive_final_fallback
spread,away,1.0,-108,1.925925925925926,0.6010637899840503,0.5192307692307692,0.4956702459300312,0.10539354405401913,0.15760433626557835,nflverse_archive,2024,5,2024_05_BUF_HOU,HOU,BUF,nflverse,,nflverse_archive,false,archive_final_fallback,,loss,-1.0,gaussian_unconditional,false,false,false,archive_final_fallback
total,under,48.0,-110,1.9090909090909092,0.5728132157958601,0.5238095238095238,0.5,0.07281321579586009,0.09355250288300576,nflverse_archive,2024,5,2024_05_BUF_HOU,HOU,BUF,nflverse,,nflverse_archive,false,archive_final_fallback,,win,0.9090909090909092,gaussian_unconditional,false,false,false,archive_final_fallback
moneyline,home,,-198,1.5050505050505052,0.7026878893705149,0.6644295302013422,0.6369041816941222,0.06578370767639263,0.05758076278996693,nflverse_archive,2024,5,2024_05_CAR_CHI,CHI,CAR,nflverse,,nflverse_archive,false,archive_final_fallback,,win,0.5050505050505052,gaussian_unconditional,false,false,false,archive_final_fallback
spread,home,-4.0,-112,1.8928571428571428,0.5879886748848404,0.5283018867924528,0.5043297540699689,0.08365892081487147,0.11297856317487653,nflverse_archive,2024,5,2024_05_CAR_CHI,CHI,CAR,nflverse,,nflverse_archive,false,archive_final_fallback,,win,0.8928571428571428,gaussian_unconditional,false,false,false,archive_final_fallback
total,over,40.0,-112,1.8928571428571428,0.5811378534503697,0.5283018867924528,0.5043297540699689,0.07680809938040078,0.10001093688819984,nflverse_archive,2024,5,2024_05_CAR_CHI,CHI,CAR,nflverse,,nflverse_archive,false,archive_final_fallback,,win,0.8928571428571428,gaussian_unconditional,false,false,false,archive_final_fallback
moneyline,home,,-155,1.6451612903225805,0.613558073705726,0.607843137254902,0.5829926410466066,0.030565432659119374,0.009401992225549272,nflverse_archive,2024,5,2024_05_CLE_WAS,WAS,CLE,nflverse,,nflverse_archive,false,archive_final_fallback,,win,0.6451612903225805,gaussian_unconditional,false,false,false,archive_final_fallback
spread,home,-3.0,-108,1.925925925925926,0.5224386897054656,0.5192307692307692,0.4956702459300312,0.026768443775434414,0.006178217210526471,nflverse_archive,2024,5,2024_05_CLE_WAS,WAS,CLE,nflverse,,nflverse_archive,false,archive_final_fallback,,win,0.925925925925926,gaussian_unconditional,false,false,false,archive_final_fallback
total,over,44.0,-108,1.925925925925926,0.5637829199094673,0.5192307692307692,0.4956702459300312,0.0681126739794361,0.08580414204786302,nflverse_archive,2024,5,2024_05_CLE_WAS,WAS,CLE,nflverse,,nflverse_archive,false,archive_final_fallback,,win,0.925925925925926,gaussian_unconditional,false,false,false,archive_final_fallback
moneyline,home,,-135,1.7407407407407407,0.5797224336969379,0.574468085106383,0.551441114716549,0.02828131898038888,0.009146458657632639,nflverse_archive,2024,5,2024_05_DAL_PIT,PIT,DAL,nflverse,,nflverse_archive,false,archive_final_fallback,,loss,-1.0,gaussian_unconditional,false,false,false,archive_final_fallback
spread,away,2.5,-108,1.925925925925926,0.4969778676240876,0.5192307692307692,0.4956702459300312,0.0013076216940564045,-0.042857440131386815,nflverse_archive,2024,5,2024_05_DAL_PIT,PIT,DAL,nflverse,,nflverse_archive,false,archive_final_fallback,,win,0.925925925925926,gaussian_unconditional,false,false,false,archive_final_fallback
total,under,43.5,-108,1.925925925925926,0.5411258362513288,0.5192307692307692,0.4956702459300312,0.045455590321297645,0.04216827722478156,nflverse_archive,2024,5,2024_05_DAL_PIT,PIT,DAL,nflverse,,nflverse_archive,false,archive_final_fallback,,win,0.925925925925926,gaussian_unconditional,false,false,false,archive_final_fallback
moneyline,home,,130,2.3,0.4455898325231352,0.4347826086956522,0.41700735895339325,0.028582473569741973,0.024856614803210997,nflverse_archive,2024,5,2024_05_GB_LA,LA,GB,nflverse,,nflverse_archive,false,archive_final_fallback,,loss,-1.0,gaussian_unconditional,false,false,false,archive_final_fallback
spread,home,3.0,-108,1.925925925925926,0.538048285126201,0.5192307692307692,0.4956702459300312,0.04237803919616978,0.036241141724535186,nflverse_archive,2024,5,2024_05_GB_LA,LA,GB,nflverse,,nflverse_archive,false,archive_final_fallback,,loss,-1.0,gaussian_unconditional,false,false,false,archive_final_fallback
total,under,49.5,-112,1.8928571428571428,0.6148090291024196,0.5283018867924528,0.5043297540699689,0.1104792750324507,0.1637456622295801,nflverse_archive,2024,5,2024_05_GB_LA,LA,GB,nflverse,,nflverse_archive,false,archive_final_fallback,,win,0.8928571428571428,gaussian_unconditional,false,false,false,archive_final_fallback
moneyline,away,,154,2.54,0.5349507833713222,0.39370078740157477,0.37753344813882633,0.15741733523249585,0.35877498976315825,nflverse_archive,2024,5,2024_05_IND_JAX,JAX,IND,nflverse,,nflverse_archive,false,archive_final_fallback,,loss,-1.0,gaussian_unconditional,false,false,false,archive_final_fallback
spread,away,3.5,-110,1.9090909090909092,0.6401172495536701,0.5238095238095238,0.5,0.1401172495536701,0.2220420218751884,nflverse_archive,2024,5,2024_05_IND_JAX,JAX,IND,nflverse,,nflverse_archive,false,archive_final_fallback,,win,0.9090909090909092,gaussian_unconditional,false,false,false,archive_final_fallback
total,under,45.0,-110,1.9090909090909092,0.5501514537841513,0.5238095238095238,0.5,0.05015145378415131,0.050289139042470676,nflverse_archive,2024,5,2024_05_IND_JAX,JAX,IND,nflverse,,nflverse_archive,false,archive_final_fallback,,loss,-1.0,gaussian_unconditional,false,false,false,archive_final_fallback
moneyline,home,,-155,1.6451612903225805,0.6273972655484729,0.607843137254902,0.5829926410466066,0.04440462450186622,0.032169694934584214,nflverse_archive,2024,5,2024_05_LV_DEN,DEN,LV,nflverse,,nflverse_archive,false,archive_final_fallback,,win,0.6451612903225805,gaussian_unconditional,false,false,false,archive_final_fallback
spread,home,-3.0,-108,1.925925925925926,0.5369044816396464,0.5192307692307692,0.4956702459300312,0.04123423570961526,0.03403826093561535,nflverse_archive,2024,5,2024_05_LV_DEN,DEN,LV,nflverse,,nflverse_archive,false,archive_final_fallback,,win,0.925925925925926,gaussian_unconditional,false,false,false,archive_final_fallback
total,over,36.0,-112,1.8928571428571428,0.6030970208847654,0.5283018867924528,0.5043297540699689,0.09876726681479642,0.14157650381759157,nflverse_archive,2024,5,2024_05_LV_DEN,DEN,LV,nflverse,,nflverse_archive,false,archive_final_fallback,,win,0.8928571428571428,gaussian_unconditional,false,false,false,archive_final_fallback
moneyline,home,,110,2.1,0.5860601658339916,0.47619047619047616,0.4572564612326044,0.12880370460138718,0.23072634825138238,nflverse_archive,2024,5,2024_05_MIA_NE,NE,MIA,nflverse,,nflverse_archive,false,archive_final_fallback,,loss,-1.0,gaussian_unconditional,false,false,false,archive_final_fallback
spread,home,2.0,-108,1.925925925925926,0.6451682953765122,0.5192307692307692,0.4956702459300312,0.14949804944648104,0.24254634665106067,nflverse_archive,2024,5,2024_05_MIA_NE,NE,MIA,nflverse,,nflverse_archive,false,archive_final_fallback,,loss,-1.0,gaussian_unconditional,false,false,false,archive_final_fallback
total,over,37.0,-112,1.8928571428571428,0.5420121220838768,0.5283018867924528,0.5043297540699689,0.037682368013907896,0.025951516801623997,nflverse_archive,2024,5,2024_05_MIA_NE,NE,MIA,nflverse,,nflverse_archive,false,archive_final_fallback,,loss,-1.0,gaussian_unconditional,false,false,false,archive_final_fallback
moneyline,away,,190,2.9,0.5016814983402982,0.3448275862068966,0.33099297893681046,0.17068851940348773,0.4548763451868647,nflverse_archive,2024,5,2024_05_NO_KC,KC,NO,nflverse,,nflverse_archive,false,archive_final_fallback,,loss,-1.0,gaussian_unconditional,false,false,false,archive_final_fallback
spread,away,5.5,-112,1.8928571428571428,0.6664576566356557,0.5283018867924528,0.5043297540699689,0.16212790256568677,0.26150913577463397,nflverse_archive,2024,5,2024_05_NO_KC,KC,NO,nflverse,,nflverse_archive,false,archive_final_fallback,,loss,-1.0,gaussian_unconditional,false,false,false,archive_final_fallback
total,over,43.0,-110,1.9090909090909092,0.5103883000957635,0.5238095238095238,0.5,0.010388300095763525,-0.025622336180814997,nflverse_archive,2024,5,2024_05_NO_KC,KC,NO,nflverse,,nflverse_archive,false,archive_final_fallback,,loss,-1.0,gaussian_unconditional,false,false,false,archive_final_fallback
moneyline,away,,250,3.5,0.3458889508630837,0.2857142857142857,0.27424749163879597,0.07164145922428772,0.21061132802079285,nflverse_archive,2024,5,2024_05_NYG_SEA,SEA,NYG,nflverse,,nflverse_archive,false,archive_final_fallback,,win,2.5,gaussian_unconditional,false,false,false,archive_final_fallback
spread,away,7.0,-112,1.8928571428571428,0.5579046926906324,0.5283018867924528,0.5043297540699689,0.053574938620663426,0.0560338825929827,nflverse_archive,2024,5,2024_05_NYG_SEA,SEA,NYG,nflverse,,nflverse_archive,false,archive_final_fallback,,win,0.8928571428571428,gaussian_unconditional,false,false,false,archive_final_fallback
total,under,42.5,-110,1.9090909090909092,0.5337293878898611,0.5238095238095238,0.5,0.03372938788986113,0.01893792233518954,nflverse_archive,2024,5,2024_05_NYG_SEA,SEA,NYG,nflverse,,nflverse_archive,false,archive_final_fallback,,loss,-1.0,gaussian_unconditional,false,false,false,archive_final_fallback
moneyline,home,,-142,1.704225352112676,0.6778157917185548,0.5867768595041323,0.5634920634920635,0.11432372822649128,0.1551508563090862,nflverse_archive,2024,5,2024_05_NYJ_MIN,MIN,NYJ,nflverse,,nflverse_archive,false,archive_final_fallback,,win,0.704225352112676,gaussian_unconditional,false,false,false,archive_final_fallback
spread,home,-2.5,-115,1.8695652173913042,0.6056471370982663,0.5348837209302326,0.5108342361863489,0.09481290091191741,0.13229682153154143,nflverse_archive,2024,5,2024_05_NYJ_MIN,MIN,NYJ,nflverse,,nflverse_archive,false,archive_final_fallback,,win,0.8695652173913042,gaussian_unconditional,false,false,false,archive_final_fallback
total,under,42.0,-112,1.8928571428571428,0.5596639182966527,0.5283018867924528,0.5043297540699689,0.0553341642266838,0.0593638453472356,nflverse_archive,2024,5,2024_05_NYJ_MIN,MIN,NYJ,nflverse,,nflverse_archive,false,archive_final_fallback,,win,0.8928571428571428,gaussian_unconditional,false,false,false,archive_final_fallback
moneyline,away,,120,2.2,0.5084878564477368,0.45454545454545453,0.43650793650793646,0.0719799199398003,0.11867328418502088,nflverse_archive,2024,5,2024_05_TB_ATL,ATL,TB,nflverse,,nflverse_archive,false,archive_final_fallback,,loss,-1.0,gaussian_unconditional,false,false,false,archive_final_fallback
spread,away,2.5,-102,1.9803921568627452,0.5850717129374042,0.504950495049505,0.4826358742837298,0.10243583865367445,0.15867143150348695,nflverse_archive,2024,5,2024_05_TB_ATL,ATL,TB,nflverse,,nflverse_archive,false,archive_final_fallback,,loss,-1.0,gaussian_unconditional,false,false,false,archive_final_fallback
total,under,44.0,-110,1.9090909090909092,0.5864836453782811,0.5238095238095238,0.5,0.08648364537828113,0.11965059572217318,nflverse_archive,2024,5,2024_05_TB_ATL,ATL,TB,nflverse,,nflverse_archive,false,archive_final_fallback,,loss,-1.0,gaussian_unconditional,false,false,false,archive_final_fallback
moneyline,away,,195,2.95,0.33743022509862075,0.3389830508474576,0.32496875300451883,0.012461472094101922,-0.004580835959068774,nflverse_archive,2024,6,2024_06_ARI_GB,GB,ARI,nflverse,,nflverse_archive,false,archive_final_fallback,,loss,-1.0,gaussian_unconditional,false,false,false,archive_final_fallback
spread,away,5.5,-110,1.9090909090909092,0.5033327860394126,0.5238095238095238,0.5,0.003332786039412561,-0.03909195392475784,nflverse_archive,2024,6,2024_06_ARI_GB,GB,ARI,nflverse,,nflverse_archive,false,archive_final_fallback,,loss,-1.0,gaussian_unconditional,false,false,false,archive_final_fallback
total,under,47.0,-110,1.9090909090909092,0.5236832600326009,0.5238095238095238,0.5,0.023683260032600906,-0.00024104902867094768,nflverse_archive,2024,6,2024_06_ARI_GB,GB,ARI,nflverse,,nflverse_archive,false,archive_final_fallback,,push,0.0,gaussian_unconditional,false,false,false,archive_final_fallback
moneyline,home,,210,3.1,0.3897788523359944,0.3225806451612903,0.30920711694593195,0.08057173539006246,0.2083144422415828,nflverse_archive,2024,6,2024_06_ATL_CAR,CAR,ATL,nflverse,,nflverse_archive,false,archive_final_fallback,,loss,-1.0,gaussian_unconditional,false,false,false,archive_final_fallback
spread,home,6.0,-108,1.925925925925926,0.5741069746480061,0.5192307692307692,0.4956702459300312,0.07843672871797491,0.10568750672949334,nflverse_archive,2024,6,2024_06_ATL_CAR,CAR,ATL,nflverse,,nflverse_archive,false,archive_final_fallback,,loss,-1.0,gaussian_unconditional,false,false,false,archive_final_fallback
total,under,45.5,-110,1.9090909090909092,0.5070848217250121,0.5238095238095238,0.5,0.007084821725012125,-0.031928976706794954,nflverse_archive,2024,6,2024_06_ATL_CAR,CAR,ATL,nflverse,,nflverse_archive,false,archive_final_fallback,,loss,-1.0,gaussian_unconditional,false,false,false,archive_final_fallback
moneyline,home,,102,2.02,0.4868608198133012,0.49504950495049505,0.47391341473828025,0.012947405075020957,-0.016541143977131578,nflverse_archive,2024,6,2024_06_BUF_NYJ,NYJ,BUF,nflverse,,nflverse_archive,false,archive_final_fallback,,loss,-1.0,gaussian_unconditional,false,false,false,archive_final_fallback
spread,home,1.0,-108,1.925925925925926,0.5178858689127972,0.5192307692307692,0.4956702459300312,0.022215622982766026,-0.002590178390168285,nflverse_archive,2024,6,2024_06_BUF_NYJ,NYJ,BUF,nflverse,,nflverse_archive,false,archive_final_fallback,,loss,-1.0,gaussian_unconditional,false,false,false,archive_final_fallback
total,over,42.0,-110,1.9090909090909092,0.5178360730383003,0.5238095238095238,0.5,0.01783607303830026,-0.011403860563244939,nflverse_archive,2024,6,2024_06_BUF_NYJ,NYJ,BUF,nflverse,,nflverse_archive,false,archive_final_fallback,,win,0.9090909090909092,gaussian_unconditional,false,false,false,archive_final_fallback
moneyline,home,,190,2.9,0.5503541030306289,0.3448275862068966,0.33099297893681046,0.21936112409381847,0.5960268987888238,nflverse_archive,2024,6,2024_06_CIN_NYG,NYG,CIN,nflverse,,nflverse_archive,false,archive_final_fallback,,loss,-1.0,gaussian_unconditional,false,false,false,archive_final_fallback
spread,home,4.5,-108,1.925925925925926,0.6831792396021149,0.5192307692307692,0.4956702459300312,0.18750899367208373,0.31575260960407325,nflverse_archive,2024,6,2024_06_CIN_NYG,NYG,CIN,nflverse,,nflverse_archive,false,archive_final_fallback,,loss,-1.0,gaussian_unconditional,false,false,false,archive_final_fallback
total,under,46.0,-102,1.9803921568627452,0.5214883229136615,0.504950495049505,0.4826358742837298,0.03885244862993176,0.032751384593721955,nflverse_archive,2024,6,2024_06_CIN_NYG,NYG,CIN,nflverse,,nflverse_archive,false,archive_final_fallback,,win,0.9803921568627452,gaussian_unconditional,false,false,false,archive_final_fallback
moneyline,away,,330,4.3,0.3480735026736861,0.23255813953488372,0.22316684378320936,0.12490665889047672,0.4967160614968502,nflverse_archive,2024,6,2024_06_CLE_PHI,PHI,CLE,nflverse,,nflverse_archive,false,archive_final_fallback,,loss,-1.0,gaussian_unconditional,false,false,false,archive_final_fallback
spread,away,8.0,-108,1.925925925925926,0.5916483361366327,0.5192307692307692,0.4956702459300312,0.09597809020660153,0.13947086959647792,nflverse_archive,2024,6,2024_06_CLE_PHI,PHI,CLE,nflverse,,nflverse_archive,false,archive_final_fallback,,win,0.925925925925926,gaussian_unconditional,false,false,false,archive_final_fallback
total,over,42.0,-110,1.9090909090909092,0.5353036442702692,0.5238095238095238,0.5,0.03530364427026922,0.021943320879604933,nflverse_archive,2024,6,2024_06_CLE_PHI,PHI,CLE,nflverse,,nflverse_archive,false,archive_final_fallback,,loss,-1.0,gaussian_unconditional,false,false,false,archive_final_fallback
moneyline,home,,150,2.5,0.5630922212302494,0.4,0.38356164383561653,0.17953057739463285,0.40773055307562345,nflverse_archive,2024,6,2024_06_DET_DAL,DAL,DET,nflverse,,nflverse_archive,false,archive_final_fallback,,loss,-1.0,gaussian_unconditional,false,false,false,archive_final_fallback
spread,home,3.5,-115,1.8695652173913042,0.6667935187988685,0.5348837209302326,0.5108342361863489,0.15595928261251957,0.2466139699283192,nflverse_archive,2024,6,2024_06_DET_DAL,DAL,DET,nflverse,,nflverse_archive,false,archive_final_fallback,,loss,-1.0,gaussian_unconditional,false,false,false,archive_final_fallback
total,under,52.5,-110,1.9090909090909092,0.6566655168265633,0.5238095238095238,0.5,0.15666551682656327,0.2536341684870753,nflverse_archive,2024,6,2024_06_DET_DAL,DAL,DET,nflverse,,nflverse_archive,false,archive_final_fallback,,loss,-1.0,gaussian_unconditional,false,false,false,archive_final_fallback
moneyline,home,,215,3.15,0.48302337828400665,0.31746031746031744,0.30423004792665137,0.17879333035735528,0.521523641594621,nflverse_archive,2024,6,2024_06_HOU_NE,NE,HOU,nflverse,,nflverse_archive,false,archive_final_fallback,,loss,-1.0,gaussian_unconditional,false,false,false,archive_final_fallback
spread,home,6.5,-112,1.8928571428571428,0.6783404680536609,0.5283018867924528,0.5043297540699689,0.17401071398369194,0.28400160024442944,nflverse_archive,2024,6,2024_06_HOU_NE,NE,HOU,nflverse,,nflverse_archive,false,archive_final_fallback,,loss,-1.0,gaussian_unconditional,false,false,false,archive_final_fallback
total,under,38.5,-112,1.8928571428571428,0.5069538305177387,0.5283018867924528,0.5043297540699689,0.002624076447769741,-0.040408820805708956,nflverse_archive,2024,6,2024_06_HOU_NE,NE,HOU,nflverse,,nflverse_archive,false,archive_final_fallback,,loss,-1.0,gaussian_unconditional,false,false,false,archive_final_fallback
moneyline,away,,114,2.1399999999999997,0.4494433015845737,0.4672897196261683,0.44855888528345106,0.0008844163011226258,-0.03819133460901247,nflverse_archive,2024,6,2024_06_IND_TEN,TEN,IND,nflverse,,nflverse_archive,false,archive_final_fallback,,win,1.1399999999999997,gaussian_unconditional,false,false,false,archive_final_fallback
spread,away,2.5,-110,1.9090909090909092,0.5268704193787587,0.5238095238095238,0.5,0.02687041937875867,0.005843527904902945,nflverse_archive,2024,6,2024_06_IND_TEN,TEN,IND,nflverse,,nflverse_archive,false,archive_final_fallback,,win,0.9090909090909092,gaussian_unconditional,false,false,false,archive_final_fallback
total,over,42.0,-108,1.925925925925926,0.5969822334392022,0.5192307692307692,0.4956702459300312,0.10131198750917103,0.14974356069772288,nflverse_archive,2024,6,2024_06_IND_TEN,TEN,IND,nflverse,,nflverse_archive,false,archive_final_fallback,,loss,-1.0,gaussian_unconditional,false,false,false,archive_final_fallback
moneyline,home,,100,2.0,0.697407048408881,0.5,0.4782608695652174,0.2191461788436636,0.39481409681776203,nflverse_archive,2024,6,2024_06_JAX_CHI,CHI,JAX,nflverse,,nflverse_archive,false,archive_final_fallback,,win,1.0,gaussian_unconditional,false,false,false,archive_final_fallback
spread,home,1.5,-112,1.8928571428571428,0.7368425190050985,0.5283018867924528,0.5043297540699689,0.2325127649351295,0.3947376252596506,nflverse_archive,2024,6,2024_06_JAX_CHI,CHI,JAX,nflverse,,nflverse_archive,false,archive_final_fallback,,win,0.8928571428571428,gaussian_unconditional,false,false,false,archive_final_fallback
total,under,44.5,-108,1.925925925925926,0.5331279925431743,0.5192307692307692,0.4956702459300312,0.03745774661314316,0.02676502267574321,nflverse_archive,2024,6,2024_06_JAX_CHI,CHI,JAX,nflverse,,nflverse_archive,false,archive_final_fallback,,loss,-1.0,gaussian_unconditional,false,false,false,archive_final_fallback
moneyline,home,,130,2.3,0.595342986541877,0.4347826086956522,0.41700735895339325,0.17833562758848376,0.36928886904631697,nflverse_archive,2024,6,2024_06_LAC_DEN,DEN,LAC,nflverse,,nflverse_archive,false,archive_final_fallback,,loss,-1.0,gaussian_unconditional,false,false,false,archive_final_fallback
spread,home,3.0,-115,1.8695652173913042,0.6824920456685983,0.5348837209302326,0.5108342361863489,0.1716578094822494,0.27596338972824896,nflverse_archive,2024,6,2024_06_LAC_DEN,DEN,LAC,nflverse,,nflverse_archive,false,archive_final_fallback,,loss,-1.0,gaussian_unconditional,false,false,false,archive_final_fallback
total,under,37.0,-108,1.925925925925926,0.4968043125668973,0.5192307692307692,0.4956702459300312,0.0011340666368661045,-0.04319169431560521,nflverse_archive,2024,6,2024_06_LAC_DEN,DEN,LAC,nflverse,,nflverse_archive,false,archive_final_fallback,,loss,-1.0,gaussian_unconditional,false,false,false,archive_final_fallback
moneyline,home,,150,2.5,0.45791616634959853,0.4,0.38356164383561653,0.074354522513982,0.14479041587399633,nflverse_archive,2024,6,2024_06_PIT_LV,LV,PIT,nflverse,,nflverse_archive,false,archive_final_fallback,,loss,-1.0,gaussian_unconditional,false,false,false,archive_final_fallback
spread,home,3.5,-110,1.9090909090909092,0.5661487288198068,0.5238095238095238,0.5,0.06614872881980682,0.08082939138326761,nflverse_archive,2024,6,2024_06_PIT_LV,LV,PIT,nflverse,,nflverse_archive,false,archive_final_fallback,,loss,-1.0,gaussian_unconditional,false,false,false,archive_final_fallback
total,over,36.5,-112,1.8928571428571428,0.5924761837151616,0.5283018867924528,0.5043297540699689,0.0881464296451927,0.12147277631798459,nflverse_archive,2024,6,2024_06_PIT_LV,LV,PIT,nflverse,,nflverse_archive,false,archive_final_fallback,,win,0.8928571428571428,gaussian_unconditional,false,false,false,archive_final_fallback
moneyline,home,,164,2.6399999999999997,0.4945089340009686,0.37878787878787884,0.36309581830587784,0.1314131156950908,0.305503585762557,nflverse_archive,2024,6,2024_06_SF_SEA,SEA,SF,nflverse,,nflverse_archive,false,archive_final_fallback,,loss,-1.0,gaussian_unconditional,false,false,false,archive_final_fallback
spread,home,3.5,-102,1.9803921568627452,0.6019886593714372,0.504950495049505,0.4826358742837298,0.11935278508770741,0.19217361953951295,nflverse_archive,2024,6,2024_06_SF_SEA,SEA,SF,nflverse,,nflverse_archive,false,archive_final_fallback,,loss,-1.0,gaussian_unconditional,false,false,false,archive_final_fallback
total,under,49.0,-110,1.9090909090909092,0.5559636142627595,0.5238095238095238,0.5,0.05596361426275953,0.061385081774359085,nflverse_archive,2024,6,2024_06_SF_SEA,SEA,SF,nflverse,,nflverse_archive,false,archive_final_fallback,,loss,-1.0,gaussian_unconditional,false,false,false,archive_final_fallback
moneyline,home,,145,2.45,0.6402957073374302,0.4081632653061224,0.3907637655417407,0.24953194179568955,0.5687244829767042,nflverse_archive,2024,6,2024_06_TB_NO,NO,TB,nflverse,,nflverse_archive,false,archive_final_fallback,,loss,-1.0,gaussian_unconditional,false,false,false,archive_final_fallback
spread,home,3.5,-112,1.8928571428571428,0.7361469987300518,0.5283018867924528,0.5043297540699689,0.2318172446600829,0.3934211047390266,nflverse_archive,2024,6,2024_06_TB_NO,NO,TB,nflverse,,nflverse_archive,false,archive_final_fallback,,loss,-1.0,gaussian_unconditional,false,false,false,archive_final_fallback
total,over,42.5,-110,1.9090909090909092,0.5788397082348927,0.5238095238095238,0.5,0.07883970823489272,0.10505762481206804,nflverse_archive,2024,6,2024_06_TB_NO,NO,TB,nflverse,,nflverse_archive,false,archive_final_fallback,,win,0.9090909090909092,gaussian_unconditional,false,false,false,archive_final_fallback
moneyline,away,,230,3.3,0.3673559737573612,0.30303030303030304,0.2904564315352697,0.0768995422220915,0.21227471339929171,nflverse_archive,2024,6,2024_06_WAS_BAL,BAL,WAS,nflverse,,nflverse_archive,false,archive_final_fallback,,loss,-1.0,gaussian_unconditional,false,false,false,archive_final_fallback
spread,away,6.5,-108,1.925925925925926,0.5662228429889008,0.5192307692307692,0.4956702459300312,0.07055259705886963,0.09050325316380903,nflverse_archive,2024,6,2024_06_WAS_BAL,BAL,WAS,nflverse,,nflverse_archive,false,archive_final_fallback,,loss,-1.0,gaussian_unconditional,false,false,false,archive_final_fallback
total,under,51.5,-110,1.9090909090909092,0.513398529567794,0.5238095238095238,0.5,0.01339852956779397,-0.019875534461484157,nflverse_archive,2024,6,2024_06_WAS_BAL,BAL,WAS,nflverse,,nflverse_archive,false,archive_final_fallback,,loss,-1.0,gaussian_unconditional,false,false,false,archive_final_fallback
moneyline,home,,185,2.85,0.5312531886543882,0.3508771929824561,0.33635187580853815,0.19490131284585005,0.5140715876650064,nflverse_archive,2024,7,2024_07_BAL_TB,TB,BAL,nflverse,,nflverse_archive,false,archive_final_fallback,,loss,-1.0,gaussian_unconditional,false,false,false,archive_final_fallback
spread,home,4.5,-110,1.9090909090909092,0.6647722250778645,0.5238095238095238,0.5,0.1647722250778645,0.26911061151228677,nflverse_archive,2024,7,2024_07_BAL_TB,TB,BAL,nflverse,,nflverse_archive,false,archive_final_fallback,,loss,-1.0,gaussian_unconditional,false,false,false,archive_final_fallback
total,under,51.0,-110,1.9090909090909092,0.5286679140150108,0.5238095238095238,0.5,0.028667914015010787,0.009275108574111623,nflverse_archive,2024,7,2024_07_BAL_TB,TB,BAL,nflverse,,nflverse_archive,false,archive_final_fallback,,loss,-1.0,gaussian_unconditional,false,false,false,archive_final_fallback
moneyline,away,,400,5.0,0.23723409996205036,0.2,0.19184290030211482,0.045391199659935544,0.1861704998102518,nflverse_archive,2024,7,2024_07_CAR_WAS,WAS,CAR,nflverse,,nflverse_archive,false,archive_final_fallback,,loss,-1.0,gaussian_unconditional,false,false,false,archive_final_fallback
spread,away,10.0,100,2.0,0.5223732355629859,0.5,0.4782608695652174,0.044112365997768466,0.04474647112597174,nflverse_archive,2024,7,2024_07_CAR_WAS,WAS,CAR,nflverse,,nflverse_archive,false,archive_final_fallback,,loss,-1.0,gaussian_unconditional,false,false,false,archive_final_fallback
total,under,51.0,-110,1.9090909090909092,0.5258783241190409,0.5238095238095238,0.5,0.025878324119040896,0.003949527863623681,nflverse_archive,2024,7,2024_07_CAR_WAS,WAS,CAR,nflverse,,nflverse_archive,false,archive_final_fallback,,win,0.9090909090909092,gaussian_unconditional,false,false,false,archive_final_fallback
moneyline,home,,190,2.9,0.44186113448222186,0.3448275862068966,0.33099297893681046,0.1108681555454114,0.2813972899984434,nflverse_archive,2024,7,2024_07_CIN_CLE,CLE,CIN,nflverse,,nflverse_archive,false,archive_final_fallback,,loss,-1.0,gaussian_unconditional,false,false,false,archive_final_fallback
spread,home,5.5,-110,1.9090909090909092,0.6094877115045839,0.5238095238095238,0.5,0.10948771150458392,0.16356744923602395,nflverse_archive,2024,7,2024_07_CIN_CLE,CLE,CIN,nflverse,,nflverse_archive,false,archive_final_fallback,,loss,-1.0,gaussian_unconditional,false,false,false,archive_final_fallback
total,over,42.0,-108,1.925925925925926,0.5847179495305934,0.5192307692307692,0.4956702459300312,0.08904770360056224,0.1261234583552171,nflverse_archive,2024,7,2024_07_CIN_CLE,CLE,CIN,nflverse,,nflverse_archive,false,archive_final_fallback,,loss,-1.0,gaussian_unconditional,false,false,false,archive_final_fallback
moneyline,home,,124,2.24,0.5573016360974091,0.4464285714285714,0.4279403644395361,0.12936127165787303,0.2483556648581966,nflverse_archive,2024,7,2024_07_DEN_NO,NO,DEN,nflverse,,nflverse_archive,false,archive_final_fallback,,loss,-1.0,gaussian_unconditional,false,false,false,archive_final_fallback
spread,home,2.5,-102,1.9803921568627452,0.631928760587835,0.504950495049505,0.4826358742837298,0.1492928863041052,0.2514667611641439,nflverse_archive,2024,7,2024_07_DEN_NO,NO,DEN,nflverse,,nflverse_archive,false,archive_final_fallback,,loss,-1.0,gaussian_unconditional,false,false,false,archive_final_fallback
total,over,37.0,-110,1.9090909090909092,0.6914720313932966,0.5238095238095238,0.5,0.1914720313932966,0.32008296902356626,nflverse_archive,2024,7,2024_07_DEN_NO,NO,DEN,nflverse,,nflverse_archive,false,archive_final_fallback,,win,0.9090909090909092,gaussian_unconditional,false,false,false,archive_final_fallback
moneyline,home,,-118,1.847457627118644,0.5373353609568379,0.5412844036697247,0.5173641257162701,0.019971235240567764,-0.0072956890797402085,nflverse_archive,2024,7,2024_07_DET_MIN,MIN,DET,nflverse,,nflverse_archive,false,archive_final_fallback,,loss,-1.0,gaussian_unconditional,false,false,false,archive_final_fallback
spread,home,-1.0,-112,1.8928571428571428,0.5066177596367405,0.5283018867924528,0.5043297540699689,0.002288005566771556,-0.04104495497331262,nflverse_archive,2024,7,2024_07_DET_MIN,MIN,DET,nflverse,,nflverse_archive,false,archive_final_fallback,,loss,-1.0,gaussian_unconditional,false,false,false,archive_final_fallback
total,under,50.5,-112,1.8928571428571428,0.6522605339358487,0.5283018867924528,0.5043297540699689,0.14793077986587977,0.23463601066428508,nflverse_archive,2024,7,2024_07_DET_MIN,MIN,DET,nflverse,,nflverse_archive,false,archive_final_fallback,,loss,-1.0,gaussian_unconditional,false,false,false,archive_final_fallback
moneyline,away,,142,2.42,0.39747971178883157,0.4132231404958678,0.3962430290578222,0.0012366827310093531,-0.038099097471027576,nflverse_archive,2024,7,2024_07_HOU_GB,GB,HOU,nflverse,,nflverse_archive,false,archive_final_fallback,,loss,-1.0,gaussian_unconditional,false,false,false,archive_final_fallback
spread,away,3.0,100,2.0,0.488641904150926,0.5,0.4782608695652174,0.010381034585708604,-0.02271619169814798,nflverse_archive,2024,7,2024_07_HOU_GB,GB,HOU,nflverse,,nflverse_archive,false,archive_final_fallback,,win,1.0,gaussian_unconditional,false,false,false,archive_final_fallback
total,under,48.0,-108,1.925925925925926,0.562073179077898,0.5192307692307692,0.4956702459300312,0.06640293314786683,0.08251130785372962,nflverse_archive,2024,7,2024_07_HOU_GB,GB,HOU,nflverse,,nflverse_archive,false,archive_final_fallback,,win,0.925925925925926,gaussian_unconditional,false,false,false,archive_final_fallback
moneyline,away,,120,2.2,0.4728978960436172,0.45454545454545453,0.43650793650793646,0.03638995953568075,0.04037537129595803,nflverse_archive,2024,7,2024_07_KC_SF,SF,KC,nflverse,,nflverse_archive,false,archive_final_fallback,,win,1.2000000000000002,gaussian_unconditional,false,false,false,archive_final_fallback
spread,away,2.5,-105,1.9523809523809523,0.5496778399659977,0.5121951219512195,0.4891657638136511,0.060512076152346606,0.07318054469551938,nflverse_archive,2024,7,2024_07_KC_SF,SF,KC,nflverse,,nflverse_archive,false,archive_final_fallback,,win,0.9523809523809523,gaussian_unconditional,false,false,false,archive_final_fallback
total,under,47.5,-110,1.9090909090909092,0.5971473963414795,0.5238095238095238,0.5,0.09714739634147951,0.14000866574282456,nflverse_archive,2024,7,2024_07_KC_SF,SF,KC,nflverse,,nflverse_archive,false,archive_final_fallback,,win,0.9090909090909092,gaussian_unconditional,false,false,false,archive_final_fallback
moneyline,away,,-122,1.819672131147541,0.5603010733324804,0.5495495495495495,0.5260865852617197,0.03421448807076066,0.01956424819516922,nflverse_archive,2024,7,2024_07_LAC_ARI,ARI,LAC,nflverse,,nflverse_archive,false,archive_final_fallback,,loss,-1.0,gaussian_unconditional,false,false,false,archive_final_fallback
spread,away,-1.0,-115,1.8695652173913042,0.5297330002401116,0.5348837209302326,0.5108342361863489,0.018898764053762673,-0.009629608246747967,nflverse_archive,2024,7,2024_07_LAC_ARI,ARI,LAC,nflverse,,nflverse_archive,false,archive_final_fallback,,loss,-1.0,gaussian_unconditional,false,false,false,archive_final_fallback
total,under,44.0,-108,1.925925925925926,0.5645138915647965,0.5192307692307692,0.4956702459300312,0.0688436456347653,0.08721193930997839,nflverse_archive,2024,7,2024_07_LAC_ARI,ARI,LAC,nflverse,,nflverse_archive,false,archive_final_fallback,,win,0.925925925925926,gaussian_unconditional,false,false,false,archive_final_fallback
moneyline,away,,280,3.8,0.4219975336653842,0.2631578947368421,0.2522172949002217,0.16978023876516246,0.6035906279284597,nflverse_archive,2024,7,2024_07_LV_LA,LA,LV,nflverse,,nflverse_archive,false,archive_final_fallback,,loss,-1.0,gaussian_unconditional,false,false,false,archive_final_fallback
spread,away,7.0,-105,1.9523809523809523,0.6342576474521469,0.5121951219512195,0.4891657638136511,0.14509188363849573,0.2383125497875247,nflverse_archive,2024,7,2024_07_LV_LA,LA,LV,nflverse,,nflverse_archive,false,archive_final_fallback,,win,0.9523809523809523,gaussian_unconditional,false,false,false,archive_final_fallback
total,over,43.0,-115,1.8695652173913042,0.5715319442328524,0.5348837209302326,0.5108342361863489,0.06069770804650343,0.06851624356576735,nflverse_archive,2024,7,2024_07_LV_LA,LA,LV,nflverse,,nflverse_archive,false,archive_final_fallback,,loss,-1.0,gaussian_unconditional,false,false,false,archive_final_fallback
moneyline,home,,-155,1.6451612903225805,0.637791014615831,0.607843137254902,0.5829926410466066,0.054798373569224346,0.04926908856152834,nflverse_archive,2024,7,2024_07_MIA_IND,IND,MIA,nflverse,,nflverse_archive,false,archive_final_fallback,,win,0.6451612903225805,gaussian_unconditional,false,false,false,archive_final_fallback
spread,home,-3.0,100,2.0,0.5482173910737467,0.5,0.4782608695652174,0.06995652150852927,0.09643478214749335,nflverse_archive,2024,7,2024_07_MIA_IND,IND,MIA,nflverse,,nflverse_archive,false,archive_final_fallback,,win,1.0,gaussian_unconditional,false,false,false,archive_final_fallback
total,under,44.0,-108,1.925925925925926,0.5208171415258146,0.5192307692307692,0.4956702459300312,0.025146895595783425,0.0030552355311985746,nflverse_archive,2024,7,2024_07_MIA_IND,IND,MIA,nflverse,,nflverse_archive,false,archive_final_fallback,,win,0.925925925925926,gaussian_unconditional,false,false,false,archive_final_fallback
moneyline,away,,240,3.4,0.4448119549108811,0.29411764705882354,0.2820294784580499,0.16278247645283123,0.5123606466969957,nflverse_archive,2024,7,2024_07_NE_JAX,JAX,NE,nflverse,,nflverse_archive,false,archive_final_fallback,,loss,-1.0,gaussian_unconditional,false,false,false,archive_final_fallback
spread,away,6.5,-105,1.9523809523809523,0.6415444411835037,0.5121951219512195,0.4891657638136511,0.1523786773698526,0.25253914707255487,nflverse_archive,2024,7,2024_07_NE_JAX,JAX,NE,nflverse,,nflverse_archive,false,archive_final_fallback,,loss,-1.0,gaussian_unconditional,false,false,false,archive_final_fallback
total,over,42.0,-112,1.8928571428571428,0.5121774391101914,0.5283018867924528,0.5043297540699689,0.007847685040222485,-0.030521275969994877,nflverse_archive,2024,7,2024_07_NE_JAX,JAX,NE,nflverse,,nflverse_archive,false,archive_final_fallback,,win,0.8928571428571428,gaussian_unconditional,false,false,false,archive_final_fallback
moneyline,home,,140,2.4,0.6004749961881561,0.4166666666666667,0.4003612281757977,0.20011376801235842,0.44113999085157474,nflverse_archive,2024,7,2024_07_NYJ_PIT,PIT,NYJ,nflverse,,nflverse_archive,false,archive_final_fallback,,win,1.4,gaussian_unconditional,false,false,false,archive_final_fallback
spread,home,3.0,-112,1.8928571428571428,0.686508757524451,0.5283018867924528,0.5043297540699689,0.182179003454482,0.29946300531413916,nflverse_archive,2024,7,2024_07_NYJ_PIT,PIT,NYJ,nflverse,,nflverse_archive,false,archive_final_fallback,,win,0.8928571428571428,gaussian_unconditional,false,false,false,archive_final_fallback
total,under,40.0,-110,1.9090909090909092,0.5962092255912259,0.5238095238095238,0.5,0.09620922559122591,0.13821761249234044,nflverse_archive,2024,7,2024_07_NYJ_PIT,PIT,NYJ,nflverse,,nflverse_archive,false,archive_final_fallback,,loss,-1.0,gaussian_unconditional,false,false,false,archive_final_fallback
moneyline,home,,140,2.4,0.4596504692398876,0.4166666666666667,0.4003612281757977,0.05928924106408989,0.10316112617573014,nflverse_archive,2024,7,2024_07_PHI_NYG,NYG,PHI,nflverse,,nflverse_archive,false,archive_final_fallback,,loss,-1.0,gaussian_unconditional,false,false,false,archive_final_fallback
spread,home,3.0,100,2.0,0.5517513197232078,0.5,0.4782608695652174,0.07349045015799038,0.10350263944641558,nflverse_archive,2024,7,2024_07_PHI_NYG,NYG,PHI,nflverse,,nflverse_archive,false,archive_final_fallback,,loss,-1.0,gaussian_unconditional,false,false,false,archive_final_fallback
total,under,42.0,-110,1.9090909090909092,0.5535208349426718,0.5238095238095238,0.5,0.05352083494267179,0.05672159398146448,nflverse_archive,2024,7,2024_07_PHI_NYG,NYG,PHI,nflverse,,nflverse_archive,false,archive_final_fallback,,win,0.9090909090909092,gaussian_unconditional,false,false,false,archive_final_fallback
moneyline,away,,136,2.3600000000000003,0.4215610698961001,0.42372881355932196,0.4066302458405761,0.014930824055523984,-0.005115875045203611,nflverse_archive,2024,7,2024_07_SEA_ATL,ATL,SEA,nflverse,,nflverse_archive,false,archive_final_fallback,,win,1.3600000000000003,gaussian_unconditional,false,false,false,archive_final_fallback
spread,away,3.0,-115,1.8695652173913042,0.5133621235509072,0.5348837209302326,0.5108342361863489,0.0025278873645582234,-0.04023602988308672,nflverse_archive,2024,7,2024_07_SEA_ATL,ATL,SEA,nflverse,,nflverse_archive,false,archive_final_fallback,,win,0.8695652173913042,gaussian_unconditional,false,false,false,archive_final_fallback
total,under,51.5,-110,1.9090909090909092,0.6161987389304853,0.5238095238095238,0.5,0.11619873893048527,0.17637941068547192,nflverse_archive,2024,7,2024_07_SEA_ATL,ATL,SEA,nflverse,,nflverse_archive,false,archive_final_fallback,,win,0.9090909090909092,gaussian_unconditional,false,false,false,archive_final_fallback
moneyline,away,,400,5.0,0.33440915444556696,0.2,0.19184290030211482,0.14256625414345214,0.6720457722278348,nflverse_archive,2024,7,2024_07_TEN_BUF,BUF,TEN,nflverse,,nflverse_archive,false,archive_final_fallback,,loss,-1.0,gaussian_unconditional,false,false,false,archive_final_fallback
spread,away,9.5,-110,1.9090909090909092,0.6198174778232959,0.5238095238095238,0.5,0.11981747782329588,0.18328791220811036,nflverse_archive,2024,7,2024_07_TEN_BUF,BUF,TEN,nflverse,,nflverse_archive,false,archive_final_fallback,,loss,-1.0,gaussian_unconditional,false,false,false,archive_final_fallback
total,over,41.0,-112,1.8928571428571428,0.6065399755441303,0.5283018867924528,0.5043297540699689,0.10221022147416137,0.14809352513710383,nflverse_archive,2024,7,2024_07_TEN_BUF,BUF,TEN,nflverse,,nflverse_archive,false,archive_final_fallback,,win,0.8928571428571428,gaussian_unconditional,false,false,false,archive_final_fallback
moneyline,away,,164,2.6399999999999997,0.5318218362355431,0.37878787878787884,0.36309581830587784,0.1687260179296653,0.4040096476618338,nflverse_archive,2024,8,2024_08_ARI_MIA,MIA,ARI,nflverse,,nflverse_archive,false,archive_final_fallback,,win,1.6399999999999997,gaussian_unconditional,false,false,false,archive_final_fallback
spread,away,4.0,-108,1.925925925925926,0.6506543929827062,0.5192307692307692,0.4956702459300312,0.15498414705267505,0.2531121642629899,nflverse_archive,2024,8,2024_08_ARI_MIA,MIA,ARI,nflverse,,nflverse_archive,false,archive_final_fallback,,win,0.925925925925926,gaussian_unconditional,false,false,false,archive_final_fallback
total,under,46.5,-110,1.9090909090909092,0.6407503192825609,0.5238095238095238,0.5,0.14075031928256088,0.22325060953943443,nflverse_archive,2024,8,2024_08_ARI_MIA,MIA,ARI,nflverse,,nflverse_archive,false,archive_final_fallback,,loss,-1.0,gaussian_unconditional,false,false,false,archive_final_fallback
moneyline,home,,102,2.02,0.6278617892895335,0.49504950495049505,0.47391341473828025,0.15394837455125326,0.2682808143648576,nflverse_archive,2024,8,2024_08_ATL_TB,TB,ATL,nflverse,,nflverse_archive,false,archive_final_fallback,,loss,-1.0,gaussian_unconditional,false,false,false,archive_final_fallback
spread,home,1.5,-110,1.9090909090909092,0.6705417520083552,0.5238095238095238,0.5,0.1705417520083552,0.28012516292504186,nflverse_archive,2024,8,2024_08_ATL_TB,TB,ATL,nflverse,,nflverse_archive,false,archive_final_fallback,,loss,-1.0,gaussian_unconditional,false,false,false,archive_final_fallback
total,over,47.0,-112,1.8928571428571428,0.5440927567019794,0.5283018867924528,0.5043297540699689,0.03976300263201049,0.029889860900175425,nflverse_archive,2024,8,2024_08_ATL_TB,TB,ATL,nflverse,,nflverse_archive,false,archive_final_fallback,,win,0.8928571428571428,gaussian_unconditional,false,false,false,archive_final_fallback
moneyline,home,,300,4.0,0.3141580959395571,0.25,0.24,0.07415809593955713,0.2566323837582285,nflverse_archive,2024,8,2024_08_BAL_CLE,CLE,BAL,nflverse,,nflverse_archive,false,archive_final_fallback,,win,3.0,gaussian_unconditional,false,false,false,archive_final_fallback
spread,home,7.5,-110,1.9090909090909092,0.5366399127074813,0.5238095238095238,0.5,0.03663991270748135,0.024494378805191674,nflverse_archive,2024,8,2024_08_BAL_CLE,CLE,BAL,nflverse,,nflverse_archive,false,archive_final_fallback,,win,0.9090909090909092,gaussian_unconditional,false,false,false,archive_final_fallback
total,over,44.5,-115,1.8695652173913042,0.5529476813071171,0.5348837209302326,0.5108342361863489,0.0421134451207682,0.03377175200895799,nflverse_archive,2024,8,2024_08_BAL_CLE,CLE,BAL,nflverse,,nflverse_archive,false,archive_final_fallback,,win,0.8695652173913042,gaussian_unconditional,false,false,false,archive_final_fallback
moneyline,home,,142,2.42,0.4180842451322223,0.4132231404958678,0.3962430290578222,0.021841216074400094,0.01176387321997785,nflverse_archive,2024,8,2024_08_BUF_SEA,SEA,BUF,nflverse,,nflverse_archive,false,archive_final_fallback,,loss,-1.0,gaussian_unconditional,false,false,false,archive_final_fallback
spread,home,3.0,100,2.0,0.5094266255279074,0.5,0.4782608695652174,0.03116575596269,0.018853251055814813,nflverse_archive,2024,8,2024_08_BUF_SEA,SEA,BUF,nflverse,,nflverse_archive,false,archive_final_fallback,,loss,-1.0,gaussian_unconditional,false,false,false,archive_final_fallback
total,over,45.5,-115,1.8695652173913042,0.5888700542484648,0.5348837209302326,0.5108342361863489,0.0780358180621159,0.10093097098626025,nflverse_archive,2024,8,2024_08_BUF_SEA,SEA,BUF,nflverse,,nflverse_archive,false,archive_final_fallback,,loss,-1.0,gaussian_unconditional,false,false,false,archive_final_fallback
moneyline,away,,525,6.25,0.17493144804537475,0.16,0.15349887133182846,0.021432576713546286,0.09332155028359224,nflverse_archive,2024,8,2024_08_CAR_DEN,DEN,CAR,nflverse,,nflverse_archive,false,archive_final_fallback,,loss,-1.0,gaussian_unconditional,false,false,false,archive_final_fallback
spread,away,13.0,-110,1.9090909090909092,0.5253821618546681,0.5238095238095238,0.5,0.025382161854668128,0.0030023089952755377,nflverse_archive,2024,8,2024_08_CAR_DEN,DEN,CAR,nflverse,,nflverse_archive,false,archive_final_fallback,,loss,-1.0,gaussian_unconditional,false,false,false,archive_final_fallback
total,over,40.5,-108,1.925925925925926,0.5654322732601085,0.5192307692307692,0.4956702459300312,0.0697620273300773,0.08898067442687574,nflverse_archive,2024,8,2024_08_CAR_DEN,DEN,CAR,nflverse,,nflverse_archive,false,archive_final_fallback,,win,0.925925925925926,gaussian_unconditional,false,false,false,archive_final_fallback
moneyline,home,,-122,1.819672131147541,0.540353036136197,0.5495495495495495,0.5260865852617197,0.01426645087447731,-0.01673463916200213,nflverse_archive,2024,8,2024_08_CHI_WAS,WAS,CHI,nflverse,,nflverse_archive,false,archive_final_fallback,,win,0.819672131147541,gaussian_unconditional,false,false,false,archive_final_fallback
spread,away,1.5,-110,1.9090909090909092,0.5055414888045408,0.5238095238095238,0.5,0.005541488804540751,-0.03487533955496758,nflverse_archive,2024,8,2024_08_CHI_WAS,WAS,CHI,nflverse,,nflverse_archive,false,archive_final_fallback,,loss,-1.0,gaussian_unconditional,false,false,false,archive_final_fallback
total,over,46.5,-112,1.8928571428571428,0.507878062218452,0.5283018867924528,0.5043297540699689,0.003548308148483059,-0.03865938222935872,nflverse_archive,2024,8,2024_08_CHI_WAS,WAS,CHI,nflverse,,nflverse_archive,false,archive_final_fallback,,loss,-1.0,gaussian_unconditional,false,false,false,archive_final_fallback
moneyline,away,,195,2.95,0.3637359628787479,0.3389830508474576,0.32496875300451883,0.03876720987422905,0.07302109049230632,nflverse_archive,2024,8,2024_08_DAL_SF,SF,DAL,nflverse,,nflverse_archive,false,archive_final_fallback,,loss,-1.0,gaussian_unconditional,false,false,false,archive_final_fallback
spread,away,5.5,-105,1.9523809523809523,0.5294793603448517,0.5121951219512195,0.4891657638136511,0.040313596531200535,0.033745417816138934,nflverse_archive,2024,8,2024_08_DAL_SF,SF,DAL,nflverse,,nflverse_archive,false,archive_final_fallback,,loss,-1.0,gaussian_unconditional,false,false,false,archive_final_fallback
total,over,48.0,-110,1.9090909090909092,0.5204743122752167,0.5238095238095238,0.5,0.020474312275216677,-0.006367222020040808,nflverse_archive,2024,8,2024_08_DAL_SF,SF,DAL,nflverse,,nflverse_archive,false,archive_final_fallback,,win,0.9090909090909092,gaussian_unconditional,false,false,false,archive_final_fallback
moneyline,away,,-192,1.5208333333333335,0.6484359249002696,0.6575342465753424,0.6309403437815976,0.017495581118672,-0.013837030880839873,nflverse_archive,2024,8,2024_08_GB_JAX,JAX,GB,nflverse,,nflverse_archive,false,archive_final_fallback,,win,0.5208333333333335,gaussian_unconditional,false,false,false,archive_final_fallback
spread,away,-3.5,-115,1.8695652173913042,0.544694698729256,0.5348837209302326,0.5108342361863489,0.03386046254290709,0.018342262841652524,nflverse_archive,2024,8,2024_08_GB_JAX,JAX,GB,nflverse,,nflverse_archive,false,archive_final_fallback,,loss,-1.0,gaussian_unconditional,false,false,false,archive_final_fallback
total,under,49.0,-112,1.8928571428571428,0.5454302915665941,0.5283018867924528,0.5043297540699689,0.04110053749662512,0.03242162332248166,nflverse_archive,2024,8,2024_08_GB_JAX,JAX,GB,nflverse,,nflverse_archive,false,archive_final_fallback,,loss,-1.0,gaussian_unconditional,false,false,false,archive_final_fallback
moneyline,away,,185,2.85,0.446772825129514,0.3508771929824561,0.33635187580853815,0.11042094932097585,0.273302551619115,nflverse_archive,2024,8,2024_08_IND_HOU,HOU,IND,nflverse,,nflverse_archive,false,archive_final_fallback,,loss,-1.0,gaussian_unconditional,false,false,false,archive_final_fallback
spread,away,5.0,-112,1.8928571428571428,0.5987944119948532,0.5283018867924528,0.5043297540699689,0.09446465792488423,0.13343227984740058,nflverse_archive,2024,8,2024_08_IND_HOU,HOU,IND,nflverse,,nflverse_archive,false,archive_final_fallback,,win,0.8928571428571428,gaussian_unconditional,false,false,false,archive_final_fallback
total,over,45.0,-112,1.8928571428571428,0.504998130586837,0.5283018867924528,0.5043297540699689,0.0006683765168680189,-0.04411068138920149,nflverse_archive,2024,8,2024_08_IND_HOU,HOU,IND,nflverse,,nflverse_archive,false,archive_final_fallback,,loss,-1.0,gaussian_unconditional,false,false,false,archive_final_fallback
moneyline,home,,340,4.4,0.3162857358895106,0.22727272727272727,0.21809369951534735,0.09819203637416324,0.39165723791384677,nflverse_archive,2024,8,2024_08_KC_LV,LV,KC,nflverse,,nflverse_archive,false,archive_final_fallback,,loss,-1.0,gaussian_unconditional,false,false,false,archive_final_fallback
spread,home,9.0,-108,1.925925925925926,0.5844042841139339,0.5192307692307692,0.4956702459300312,0.08873403818390269,0.12551936199720592,nflverse_archive,2024,8,2024_08_KC_LV,LV,KC,nflverse,,nflverse_archive,false,archive_final_fallback,,win,0.925925925925926,gaussian_unconditional,false,false,false,archive_final_fallback
total,over,42.0,-112,1.8928571428571428,0.5065116042075748,0.5283018867924528,0.5043297540699689,0.0021818501376058563,-0.04124589203566198,nflverse_archive,2024,8,2024_08_KC_LV,LV,KC,nflverse,,nflverse_archive,false,archive_final_fallback,,win,0.8928571428571428,gaussian_unconditional,false,false,false,archive_final_fallback
moneyline,away,,-155,1.6451612903225805,0.6502165883896514,0.607843137254902,0.5829926410466066,0.06722394734304471,0.06971116154426493,nflverse_archive,2024,8,2024_08_MIN_LA,LA,MIN,nflverse,,nflverse_archive,false,archive_final_fallback,,loss,-1.0,gaussian_unconditional,false,false,false,archive_final_fallback
spread,away,-3.0,-105,1.9523809523809523,0.5617774155850028,0.5121951219512195,0.4891657638136511,0.0726116517713517,0.09680352566595785,nflverse_archive,2024,8,2024_08_MIN_LA,LA,MIN,nflverse,,nflverse_archive,false,archive_final_fallback,,loss,-1.0,gaussian_unconditional,false,false,false,archive_final_fallback
total,under,47.5,-110,1.9090909090909092,0.5871260971068881,0.5238095238095238,0.5,0.08712609710688812,0.12087709447678652,nflverse_archive,2024,8,2024_08_MIN_LA,LA,MIN,nflverse,,nflverse_archive,false,archive_final_fallback,,loss,-1.0,gaussian_unconditional,false,false,false,archive_final_fallback
moneyline,away,,250,3.5,0.43909184008710134,0.2857142857142857,0.27424749163879597,0.16484434844830537,0.5368214403048546,nflverse_archive,2024,8,2024_08_NO_LAC,LAC,NO,nflverse,,nflverse_archive,false,archive_final_fallback,,loss,-1.0,gaussian_unconditional,false,false,false,archive_final_fallback
spread,away,7.0,-110,1.9090909090909092,0.6496565936374816,0.5238095238095238,0.5,0.14965659363748163,0.2402534969442831,nflverse_archive,2024,8,2024_08_NO_LAC,LAC,NO,nflverse,,nflverse_archive,false,archive_final_fallback,,loss,-1.0,gaussian_unconditional,false,false,false,archive_final_fallback
total,over,41.5,-112,1.8928571428571428,0.5226002451542472,0.5283018867924528,0.5043297540699689,0.01827049108427825,-0.010792393100889308,nflverse_archive,2024,8,2024_08_NO_LAC,LAC,NO,nflverse,,nflverse_archive,false,archive_final_fallback,,loss,-1.0,gaussian_unconditional,false,false,false,archive_final_fallback
moneyline,home,,-270,1.3703703703703702,0.7304228867949256,0.7297297297297298,0.700162074554295,0.030260812240630597,0.0009498819041571238,nflverse_archive,2024,8,2024_08_NYG_PIT,PIT,NYG,nflverse,,nflverse_archive,false,archive_final_fallback,,win,0.37037037037037024,gaussian_unconditional,false,false,false,archive_final_fallback
spread,home,-6.0,-115,1.8695652173913042,0.5608939978181047,0.5348837209302326,0.5108342361863489,0.05005976163175574,0.048627908964282485,nflverse_archive,2024,8,2024_08_NYG_PIT,PIT,NYG,nflverse,,nflverse_archive,false,archive_final_fallback,,win,0.8695652173913042,gaussian_unconditional,false,false,false,archive_final_fallback
total,under,37.5,-110,1.9090909090909092,0.5374201582095715,0.5238095238095238,0.5,0.03742015820957145,0.025983938400091056,nflverse_archive,2024,8,2024_08_NYG_PIT,PIT,NYG,nflverse,,nflverse_archive,false,archive_final_fallback,,loss,-1.0,gaussian_unconditional,false,false,false,archive_final_fallback
moneyline,home,,245,3.45,0.39674376081466467,0.2898550724637681,0.27792074112197634,0.11882301969268833,0.36876597481059314,nflverse_archive,2024,8,2024_08_NYJ_NE,NE,NYJ,nflverse,,nflverse_archive,false,archive_final_fallback,,win,2.45,gaussian_unconditional,false,false,false,archive_final_fallback
spread,home,7.0,-110,1.9090909090909092,0.6086802836073774,0.5238095238095238,0.5,0.10868028360737736,0.16202599597772038,nflverse_archive,2024,8,2024_08_NYJ_NE,NE,NYJ,nflverse,,nflverse_archive,false,archive_final_fallback,,win,0.9090909090909092,gaussian_unconditional,false,false,false,archive_final_fallback
total,under,41.0,-110,1.9090909090909092,0.5691274251055853,0.5238095238095238,0.5,0.06912742510558534,0.08651599338339033,nflverse_archive,2024,8,2024_08_NYJ_NE,NE,NYJ,nflverse,,nflverse_archive,false,archive_final_fallback,,loss,-1.0,gaussian_unconditional,false,false,false,archive_final_fallback
moneyline,away,,124,2.24,0.5002872642696576,0.4464285714285714,0.4279403644395361,0.07234689983012155,0.12064347196403324,nflverse_archive,2024,8,2024_08_PHI_CIN,CIN,PHI,nflverse,,nflverse_archive,false,archive_final_fallback,,win,1.2400000000000002,gaussian_unconditional,false,false,false,archive_final_fallback
spread,away,2.5,100,2.0,0.5764200750600847,0.5,0.4782608695652174,0.09815920549486734,0.1528401501201695,nflverse_archive,2024,8,2024_08_PHI_CIN,CIN,PHI,nflverse,,nflverse_archive,false,archive_final_fallback,,win,1.0,gaussian_unconditional,false,false,false,archive_final_fallback
total,under,47.5,-108,1.925925925925926,0.5442929775024565,0.5192307692307692,0.4956702459300312,0.04862273157242536,0.04826795667139794,nflverse_archive,2024,8,2024_08_PHI_CIN,CIN,PHI,nflverse,,nflverse_archive,false,archive_final_fallback,,loss,-1.0,gaussian_unconditional,false,false,false,archive_final_fallback
moneyline,away,,550,6.5,0.2621484621378265,0.15384615384615385,0.1475409836065574,0.1146074785312691,0.7039650038958722,nflverse_archive,2024,8,2024_08_TEN_DET,DET,TEN,nflverse,,nflverse_archive,false,archive_final_fallback,,loss,-1.0,gaussian_unconditional,false,false,false,archive_final_fallback
spread,away,12.5,-105,1.9523809523809523,0.626796778888432,0.5121951219512195,0.4891657638136511,0.13763101507478087,0.2237460921155101,nflverse_archive,2024,8,2024_08_TEN_DET,DET,TEN,nflverse,,nflverse_archive,false,archive_final_fallback,,loss,-1.0,gaussian_unconditional,false,false,false,archive_final_fallback
total,over,45.0,-112,1.8928571428571428,0.5084726057970412,0.5283018867924528,0.5043297540699689,0.004142851727072294,-0.037533996169886286,nflverse_archive,2024,8,2024_08_TEN_DET,DET,TEN,nflverse,,nflverse_archive,false,archive_final_fallback,,win,0.8928571428571428,gaussian_unconditional,false,false,false,archive_final_fallback
moneyline,away,,100,2.0,0.5501732709954436,0.5,0.4782608695652174,0.07191240143022615,0.1003465419908871,nflverse_archive,2024,9,2024_09_CHI_ARI,ARI,CHI,nflverse,,nflverse_archive,false,archive_final_fallback,,loss,-1.0,gaussian_unconditional,false,false,false,archive_final_fallback
spread,away,1.5,-110,1.9090909090909092,0.5954125237089019,0.5238095238095238,0.5,0.09541252370890185,0.13669663617154004,nflverse_archive,2024,9,2024_09_CHI_ARI,ARI,CHI,nflverse,,nflverse_archive,false,archive_final_fallback,,loss,-1.0,gaussian_unconditional,false,false,false,archive_final_fallback
total,under,44.5,-110,1.9090909090909092,0.5220590148797715,0.5238095238095238,0.5,0.022059014879771466,-0.0033418806840725956,nflverse_archive,2024,9,2024_09_CHI_ARI,ARI,CHI,nflverse,,nflverse_archive,false,archive_final_fallback,,win,0.9090909090909092,gaussian_unconditional,false,false,false,archive_final_fallback
moneyline,away,,140,2.4,0.4326910871255407,0.4166666666666667,0.4003612281757977,0.032329858949742996,0.038458609101297725,nflverse_archive,2024,9,2024_09_DAL_ATL,ATL,DAL,nflverse,,nflverse_archive,false,archive_final_fallback,,loss,-1.0,gaussian_unconditional,false,false,false,archive_final_fallback
spread,away,3.0,-105,1.9523809523809523,0.5244222780739921,0.5121951219512195,0.4891657638136511,0.03525651426034099,0.023872066715889373,nflverse_archive,2024,9,2024_09_DAL_ATL,ATL,DAL,nflverse,,nflverse_archive,false,archive_final_fallback,,loss,-1.0,gaussian_unconditional,false,false,false,archive_final_fallback
total,under,52.0,-112,1.8928571428571428,0.6165098663013376,0.5283018867924528,0.5043297540699689,0.1121801122313687,0.166965104070389,nflverse_archive,2024,9,2024_09_DAL_ATL,ATL,DAL,nflverse,,nflverse_archive,false,archive_final_fallback,,win,0.8928571428571428,gaussian_unconditional,false,false,false,archive_final_fallback
moneyline,away,,330,4.3,0.42593396002103023,0.23255813953488372,0.2220394736842105,0.20389448633681972,0.8315160280904299,nflverse_archive,2024,9,2024_09_DEN_BAL,BAL,DEN,nflverse,,nflverse_archive,false,archive_final_fallback,,loss,-1.0,gaussian_unconditional,false,false,false,archive_final_fallback
spread,away,9.0,-115,1.8695652173913042,0.69343575537901,0.5348837209302326,0.5108342361863489,0.1826015191926611,0.2964233687520621,nflverse_archive,2024,9,2024_09_DEN_BAL,BAL,DEN,nflverse,,nflverse_archive,false,archive_final_fallback,,loss,-1.0,gaussian_unconditional,false,false,false,archive_final_fallback
total,under,46.5,-110,1.9090909090909092,0.5074202424993479,0.5238095238095238,0.5,0.007420242499347918,-0.03128862795579035,nflverse_archive,2024,9,2024_09_DEN_BAL,BAL,DEN,nflverse,,nflverse_archive,false,archive_final_fallback,,loss,-1.0,gaussian_unconditional,false,false,false,archive_final_fallback
moneyline,home,,130,2.3,0.4334165754976671,0.4347826086956522,0.41700735895339325,0.016409216544273852,-0.0031418763553657802,nflverse_archive,2024,9,2024_09_DET_GB,GB,DET,nflverse,,nflverse_archive,false,archive_final_fallback,,loss,-1.0,gaussian_unconditional,false,false,false,archive_final_fallback
spread,home,2.5,100,2.0,0.5098275952237077,0.5,0.4782608695652174,0.03156672565849028,0.01965519044741537,nflverse_archive,2024,9,2024_09_DET_GB,GB,DET,nflverse,,nflverse_archive,false,archive_final_fallback,,loss,-1.0,gaussian_unconditional,false,false,false,archive_final_fallback
total,over,47.5,-112,1.8928571428571428,0.554493326821091,0.5283018867924528,0.5043297540699689,0.05016357275112204,0.04957665433992209,nflverse_archive,2024,9,2024_09_DET_GB,GB,DET,nflverse,,nflverse_archive,false,archive_final_fallback,,loss,-1.0,gaussian_unconditional,false,false,false,archive_final_fallback
moneyline,away,,124,2.24,0.5258713631222565,0.4464285714285714,0.4279403644395361,0.09793099868272037,0.17795185339385466,nflverse_archive,2024,9,2024_09_HOU_NYJ,NYJ,HOU,nflverse,,nflverse_archive,false,archive_final_fallback,,loss,-1.0,gaussian_unconditional,false,false,false,archive_final_fallback
spread,away,2.5,100,2.0,0.6014933741789795,0.5,0.4782608695652174,0.12323250461376212,0.20298674835795905,nflverse_archive,2024,9,2024_09_HOU_NYJ,NYJ,HOU,nflverse,,nflverse_archive,false,archive_final_fallback,,loss,-1.0,gaussian_unconditional,false,false,false,archive_final_fallback
total,under,43.5,-105,1.9523809523809523,0.5180883698344286,0.5121951219512195,0.4891657638136511,0.028922606020777508,0.011505864914836739,nflverse_archive,2024,9,2024_09_HOU_NYJ,NYJ,HOU,nflverse,,nflverse_archive,false,archive_final_fallback,,win,0.9523809523809523,gaussian_unconditional,false,false,false,archive_final_fallback
moneyline,away,,240,3.4,0.35231212009919655,0.29411764705882354,0.2820294784580499,0.07028264164114667,0.19786120833726817,nflverse_archive,2024,9,2024_09_IND_MIN,MIN,IND,nflverse,,nflverse_archive,false,archive_final_fallback,,loss,-1.0,gaussian_unconditional,false,false,false,archive_final_fallback
spread,away,6.5,-110,1.9090909090909092,0.5481322039090067,0.5238095238095238,0.5,0.04813220390900674,0.04643420746264937,nflverse_archive,2024,9,2024_09_IND_MIN,MIN,IND,nflverse,,nflverse_archive,false,archive_final_fallback,,loss,-1.0,gaussian_unconditional,false,false,false,archive_final_fallback
total,under,47.0,-110,1.9090909090909092,0.5591597829000341,0.5238095238095238,0.5,0.0591597829000341,0.0674868582637016,nflverse_archive,2024,9,2024_09_IND_MIN,MIN,IND,nflverse,,nflverse_archive,false,archive_final_fallback,,win,0.9090909090909092,gaussian_unconditional,false,false,false,archive_final_fallback
moneyline,away,,270,3.7,0.3064403488488323,0.27027027027027023,0.2591283863368669,0.0473119625119654,0.1338292907406795,nflverse_archive,2024,9,2024_09_JAX_PHI,PHI,JAX,nflverse,,nflverse_archive,false,archive_final_fallback,,loss,-1.0,gaussian_unconditional,false,false,false,archive_final_fallback
spread,away,7.5,-112,1.8928571428571428,0.5282976542637348,0.5283018867924528,0.5043297540699689,0.023967900193765823,-8.011572216415352e-6,nflverse_archive,2024,9,2024_09_JAX_PHI,PHI,JAX,nflverse,,nflverse_archive,false,archive_final_fallback,,win,0.8928571428571428,gaussian_unconditional,false,false,false,archive_final_fallback
total,over,46.0,-110,1.9090909090909092,0.5339577507964417,0.5238095238095238,0.5,0.0339577507964417,0.019373887884116092,nflverse_archive,2024,9,2024_09_JAX_PHI,PHI,JAX,nflverse,,nflverse_archive,false,archive_final_fallback,,win,0.9090909090909092,gaussian_unconditional,false,false,false,archive_final_fallback
moneyline,away,,-130,1.7692307692307692,0.6017368550702525,0.5652173913043479,0.5427435387673957,0.05899331630285687,0.06461135897044668,nflverse_archive,2024,9,2024_09_LAC_CLE,CLE,LAC,nflverse,,nflverse_archive,false,archive_final_fallback,,win,0.7692307692307692,gaussian_unconditional,false,false,false,archive_final_fallback
spread,away,-2.0,-110,1.9090909090909092,0.5414114005521707,0.5238095238095238,0.5,0.04141140055217074,0.03360358287232601,nflverse_archive,2024,9,2024_09_LAC_CLE,CLE,LAC,nflverse,,nflverse_archive,false,archive_final_fallback,,win,0.9090909090909092,gaussian_unconditional,false,false,false,archive_final_fallback
total,under,42.5,-108,1.925925925925926,0.6582665185237928,0.5192307692307692,0.4956702459300312,0.16259627259376164,0.2677725541939715,nflverse_archive,2024,9,2024_09_LAC_CLE,CLE,LAC,nflverse,,nflverse_archive,false,archive_final_fallback,,win,0.925925925925926,gaussian_unconditional,false,false,false,archive_final_fallback
moneyline,home,,105,2.05,0.5564942922654486,0.48780487804878053,0.4675324675324676,0.08896182473298098,0.1408132991441695,nflverse_archive,2024,9,2024_09_LA_SEA,SEA,LA,nflverse,,nflverse_archive,false,archive_final_fallback,,loss,-1.0,gaussian_unconditional,false,false,false,archive_final_fallback
spread,home,1.5,-108,1.925925925925926,0.6015951954205435,0.5192307692307692,0.4956702459300312,0.10592494949051234,0.15862778377289866,nflverse_archive,2024,9,2024_09_LA_SEA,SEA,LA,nflverse,,nflverse_archive,false,archive_final_fallback,,loss,-1.0,gaussian_unconditional,false,false,false,archive_final_fallback
total,under,48.5,-110,1.9090909090909092,0.5544994574986896,0.5238095238095238,0.5,0.05449945749868956,0.05858987340658928,nflverse_archive,2024,9,2024_09_LA_SEA,SEA,LA,nflverse,,nflverse_archive,false,archive_final_fallback,,win,0.9090909090909092,gaussian_unconditional,false,false,false,archive_final_fallback
moneyline,away,,320,4.2,0.3840589108041781,0.23809523809523808,0.22849462365591394,0.15556428714826415,0.613047425377548,nflverse_archive,2024,9,2024_09_LV_CIN,CIN,LV,nflverse,,nflverse_archive,false,archive_final_fallback,,loss,-1.0,gaussian_unconditional,false,false,false,archive_final_fallback
spread,away,8.0,-110,1.9090909090909092,0.6257368169191174,0.5238095238095238,0.5,0.12573681691911742,0.19458846866376978,nflverse_archive,2024,9,2024_09_LV_CIN,CIN,LV,nflverse,,nflverse_archive,false,archive_final_fallback,,loss,-1.0,gaussian_unconditional,false,false,false,archive_final_fallback
total,over,45.0,-112,1.8928571428571428,0.563281289849955,0.5283018867924528,0.5043297540699689,0.05895153577998602,0.06621101293027176,nflverse_archive,2024,9,2024_09_LV_CIN,CIN,LV,nflverse,,nflverse_archive,false,archive_final_fallback,,win,0.8928571428571428,gaussian_unconditional,false,false,false,archive_final_fallback
moneyline,home,,-285,1.3508771929824561,0.779453212773823,0.7402597402597403,0.7095435684647302,0.06990964430909274,0.05294556813305906,nflverse_archive,2024,9,2024_09_MIA_BUF,BUF,MIA,nflverse,,nflverse_archive,false,archive_final_fallback,,win,0.3508771929824561,gaussian_unconditional,false,false,false,archive_final_fallback
spread,home,-6.5,-110,1.9090909090909092,0.606542357139461,0.5238095238095238,0.5,0.10654235713946103,0.15794449999351645,nflverse_archive,2024,9,2024_09_MIA_BUF,BUF,MIA,nflverse,,nflverse_archive,false,archive_final_fallback,,loss,-1.0,gaussian_unconditional,false,false,false,archive_final_fallback
total,under,49.0,-108,1.925925925925926,0.6801941289427867,0.5192307692307692,0.4956702459300312,0.18452388301275557,0.31000350759351525,nflverse_archive,2024,9,2024_09_MIA_BUF,BUF,MIA,nflverse,,nflverse_archive,false,archive_final_fallback,,loss,-1.0,gaussian_unconditional,false,false,false,archive_final_fallback
moneyline,away,,136,2.3600000000000003,0.42898018138400695,0.42372881355932196,0.4066302458405761,0.022349935543430843,0.012393228066256645,nflverse_archive,2024,9,2024_09_NE_TEN,TEN,NE,nflverse,,nflverse_archive,false,archive_final_fallback,,loss,-1.0,gaussian_unconditional,false,false,false,archive_final_fallback
spread,away,3.0,-105,1.9523809523809523,0.520660622349385,0.5121951219512195,0.4891657638136511,0.031494858535733916,0.016527881729751615,nflverse_archive,2024,9,2024_09_NE_TEN,TEN,NE,nflverse,,nflverse_archive,false,archive_final_fallback,,push,0.0,gaussian_unconditional,false,false,false,archive_final_fallback
total,over,38.5,-110,1.9090909090909092,0.5916934890711274,0.5238095238095238,0.5,0.0916934890711274,0.1295966609539705,nflverse_archive,2024,9,2024_09_NE_TEN,TEN,NE,nflverse,,nflverse_archive,false,archive_final_fallback,,loss,-1.0,gaussian_unconditional,false,false,false,archive_final_fallback
moneyline,home,,275,3.75,0.29777569636529333,0.26666666666666666,0.2559309849029475,0.04184471146234581,0.11665886136985004,nflverse_archive,2024,9,2024_09_NO_CAR,CAR,NO,nflverse,,nflverse_archive,false,archive_final_fallback,,win,2.75,gaussian_unconditional,false,false,false,archive_final_fallback
spread,home,7.0,-102,1.9803921568627452,0.5030656769569227,0.504950495049505,0.4826358742837298,0.020429802673192943,-0.003732678967662828,nflverse_archive,2024,9,2024_09_NO_CAR,CAR,NO,nflverse,,nflverse_archive,false,archive_final_fallback,,win,0.9803921568627452,gaussian_unconditional,false,false,false,archive_final_fallback
total,over,43.5,-112,1.8928571428571428,0.635790338392032,0.5283018867924528,0.5043297540699689,0.1314605843220631,0.20346028338491773,nflverse_archive,2024,9,2024_09_NO_CAR,CAR,NO,nflverse,,nflverse_archive,false,archive_final_fallback,,win,0.8928571428571428,gaussian_unconditional,false,false,false,archive_final_fallback
moneyline,away,,330,4.3,0.40929506087127443,0.23255813953488372,0.22316684378320936,0.18612821708806507,0.7599687617464799,nflverse_archive,2024,9,2024_09_TB_KC,KC,TB,nflverse,,nflverse_archive,false,archive_final_fallback,,loss,-1.0,gaussian_unconditional,false,false,false,archive_final_fallback
spread,away,9.0,-110,1.9090909090909092,0.678314132333144,0.5238095238095238,0.5,0.17831413233314397,0.2949633435450931,nflverse_archive,2024,9,2024_09_TB_KC,KC,TB,nflverse,,nflverse_archive,false,archive_final_fallback,,win,0.9090909090909092,gaussian_unconditional,false,false,false,archive_final_fallback
total,over,45.5,-112,1.8928571428571428,0.5399453041397657,0.5283018867924528,0.5043297540699689,0.035615550069796775,0.022039325693127942,nflverse_archive,2024,9,2024_09_TB_KC,KC,TB,nflverse,,nflverse_archive,false,archive_final_fallback,,win,0.8928571428571428,gaussian_unconditional,false,false,false,archive_final_fallback
moneyline,home,,180,2.8,0.36217239489049036,0.35714285714285715,0.3425247738043946,0.019647621086095746,0.014082705693372999,nflverse_archive,2024,9,2024_09_WAS_NYG,NYG,WAS,nflverse,,nflverse_archive,false,archive_final_fallback,,loss,-1.0,gaussian_unconditional,false,false,false,archive_final_fallback
spread,away,-4.5,-108,1.925925925925926,0.5025866687881071,0.5192307692307692,0.4956702459300312,0.006916422858075921,-0.03205530455623817,nflverse_archive,2024,9,2024_09_WAS_NYG,NYG,WAS,nflverse,,nflverse_archive,false,archive_final_fallback,,win,0.925925925925926,gaussian_unconditional,false,false,false,archive_final_fallback
total,under,44.5,-110,1.9090909090909092,0.53981166806986,0.5238095238095238,0.5,0.03981166806986003,0.030549548133369298,nflverse_archive,2024,9,2024_09_WAS_NYG,NYG,WAS,nflverse,,nflverse_archive,false,archive_final_fallback,,loss,-1.0,gaussian_unconditional,false,false,false,archive_final_fallback
moneyline,home,,160,2.6,0.5253025321505603,0.3846153846153846,0.3690596562184024,0.1562428759321579,0.3657865835914569,nflverse_archive,2024,10,2024_10_ATL_NO,NO,ATL,nflverse,,nflverse_archive,false,archive_final_fallback,,win,1.6,gaussian_unconditional,false,false,false,archive_final_fallback
spread,home,3.5,-108,1.925925925925926,0.6305668306426093,0.5192307692307692,0.4956702459300312,0.13489658471257815,0.21442500716354385,nflverse_archive,2024,10,2024_10_ATL_NO,NO,ATL,nflverse,,nflverse_archive,false,archive_final_fallback,,win,0.925925925925926,gaussian_unconditional,false,false,false,archive_final_fallback
total,over,46.5,-108,1.925925925925926,0.5215135298013084,0.5192307692307692,0.4956702459300312,0.02584328387127721,0.00439642776548288,nflverse_archive,2024,10,2024_10_ATL_NO,NO,ATL,nflverse,,nflverse_archive,false,archive_final_fallback,,loss,-1.0,gaussian_unconditional,false,false,false,archive_final_fallback
moneyline,home,,190,2.9,0.3936904159293382,0.3448275862068966,0.33099297893681046,0.06269743699252772,0.14170220619508078,nflverse_archive,2024,10,2024_10_BUF_IND,IND,BUF,nflverse,,nflverse_archive,false,archive_final_fallback,,loss,-1.0,gaussian_unconditional,false,false,false,archive_final_fallback
spread,home,4.5,-105,1.9523809523809523,0.5308019963730685,0.5121951219512195,0.4891657638136511,0.04163623255941734,0.03632770720456224,nflverse_archive,2024,10,2024_10_BUF_IND,IND,BUF,nflverse,,nflverse_archive,false,archive_final_fallback,,loss,-1.0,gaussian_unconditional,false,false,false,archive_final_fallback
total,under,46.5,-108,1.925925925925926,0.5239673154048099,0.5192307692307692,0.4956702459300312,0.028297069474778724,0.009122237075930295,nflverse_archive,2024,10,2024_10_BUF_IND,IND,BUF,nflverse,,nflverse_archive,false,archive_final_fallback,,loss,-1.0,gaussian_unconditional,false,false,false,archive_final_fallback
moneyline,home,,-270,1.3703703703703702,0.7017102790712269,0.7297297297297298,0.700162074554295,0.0015482045169318281,-0.03839702497646702,nflverse_archive,2024,10,2024_10_CIN_BAL,BAL,CIN,nflverse,,nflverse_archive,false,archive_final_fallback,,win,0.37037037037037024,gaussian_unconditional,false,false,false,archive_final_fallback
spread,home,-6.0,-112,1.8928571428571428,0.5265738371700823,0.5283018867924528,0.5043297540699689,0.022244083100113388,-0.003270951070915684,nflverse_archive,2024,10,2024_10_CIN_BAL,BAL,CIN,nflverse,,nflverse_archive,false,archive_final_fallback,,loss,-1.0,gaussian_unconditional,false,false,false,archive_final_fallback
total,under,53.0,-108,1.925925925925926,0.5001593671477046,0.5192307692307692,0.4956702459300312,0.00448912121767342,-0.03673010771553187,nflverse_archive,2024,10,2024_10_CIN_BAL,BAL,CIN,nflverse,,nflverse_archive,false,archive_final_fallback,,loss,-1.0,gaussian_unconditional,false,false,false,archive_final_fallback
moneyline,away,,300,4.0,0.35270119100426456,0.25,0.24,0.11270119100426457,0.41080476401705823,nflverse_archive,2024,10,2024_10_DEN_KC,KC,DEN,nflverse,,nflverse_archive,false,archive_final_fallback,,loss,-1.0,gaussian_unconditional,false,false,false,archive_final_fallback
spread,away,7.5,-115,1.8695652173913042,0.5793747601425484,0.5348837209302326,0.5108342361863489,0.06854052395619947,0.08317889939693823,nflverse_archive,2024,10,2024_10_DEN_KC,KC,DEN,nflverse,,nflverse_archive,false,archive_final_fallback,,win,0.8695652173913042,gaussian_unconditional,false,false,false,archive_final_fallback
total,under,42.5,-110,1.9090909090909092,0.5732337521726177,0.5238095238095238,0.5,0.07323375217261774,0.09435534505681575,nflverse_archive,2024,10,2024_10_DEN_KC,KC,DEN,nflverse,,nflverse_archive,false,archive_final_fallback,,win,0.9090909090909092,gaussian_unconditional,false,false,false,archive_final_fallback
moneyline,home,,190,2.9,0.3578362966593446,0.3448275862068966,0.33099297893681046,0.02684331772253412,0.03772526031209922,nflverse_archive,2024,10,2024_10_DET_HOU,HOU,DET,nflverse,,nflverse_archive,false,archive_final_fallback,,loss,-1.0,gaussian_unconditional,false,false,false,archive_final_fallback
spread,away,-4.5,-110,1.9090909090909092,0.506881010806753,0.5238095238095238,0.5,0.006881010806752963,-0.03231807027801703,nflverse_archive,2024,10,2024_10_DET_HOU,HOU,DET,nflverse,,nflverse_archive,false,archive_final_fallback,,loss,-1.0,gaussian_unconditional,false,false,false,archive_final_fallback
total,under,49.0,-110,1.9090909090909092,0.5445858220544435,0.5238095238095238,0.49786507258753204,0.04672074946691146,0.039663842103937696,nflverse_archive,2024,10,2024_10_DET_HOU,HOU,DET,nflverse,,nflverse_archive,false,archive_final_fallback,,push,0.0,gaussian_unconditional,false,false,false,archive_final_fallback
moneyline,home,,-142,1.704225352112676,0.6352850311779048,0.5867768595041323,0.5634920634920635,0.07179296768584131,0.08266885595107709,nflverse_archive,2024,10,2024_10_MIA_LA,LA,MIA,nflverse,,nflverse_archive,false,archive_final_fallback,,loss,-1.0,gaussian_unconditional,false,false,false,archive_final_fallback
spread,home,-2.5,-118,1.847457627118644,0.5608428711047672,0.5412844036697247,0.5173641257162701,0.04347874538849705,0.03613343983762074,nflverse_archive,2024,10,2024_10_MIA_LA,LA,MIA,nflverse,,nflverse_archive,false,archive_final_fallback,,loss,-1.0,gaussian_unconditional,false,false,false,archive_final_fallback
total,under,49.5,-108,1.925925925925926,0.6944927864997388,0.5192307692307692,0.4956702459300312,0.1988225405697076,0.33754166288838583,nflverse_archive,2024,10,2024_10_MIA_LA,LA,MIA,nflverse,,nflverse_archive,false,archive_final_fallback,,win,0.925925925925926,gaussian_unconditional,false,false,false,archive_final_fallback
moneyline,home,,280,3.8,0.35519382559576684,0.2631578947368421,0.25341685649202733,0.10177696910373951,0.34973653726391385,nflverse_archive,2024,10,2024_10_MIN_JAX,JAX,MIN,nflverse,,nflverse_archive,false,archive_final_fallback,,loss,-1.0,gaussian_unconditional,false,false,false,archive_final_fallback
spread,home,7.0,100,2.0,0.5668819045450537,0.5,0.4782608695652174,0.08862103497983631,0.13376380909010743,nflverse_archive,2024,10,2024_10_MIN_JAX,JAX,MIN,nflverse,,nflverse_archive,false,archive_final_fallback,,win,1.0,gaussian_unconditional,false,false,false,archive_final_fallback
total,over,42.5,-112,1.8928571428571428,0.6448277974061136,0.5283018867924528,0.5043297540699689,0.14049804333614468,0.2205669022330008,nflverse_archive,2024,10,2024_10_MIN_JAX,JAX,MIN,nflverse,,nflverse_archive,false,archive_final_fallback,,loss,-1.0,gaussian_unconditional,false,false,false,archive_final_fallback
moneyline,away,,260,3.6,0.2796624129714894,0.2777777777777778,0.26645768025078376,0.013204732720705659,0.006784686697361986,nflverse_archive,2024,10,2024_10_NE_CHI,CHI,NE,nflverse,,nflverse_archive,false,archive_final_fallback,,win,2.6,gaussian_unconditional,false,false,false,archive_final_fallback
spread,home,-6.5,-110,1.9090909090909092,0.5329245117544968,0.5238095238095238,0.5,0.032924511754496844,0.017401340622221317,nflverse_archive,2024,10,2024_10_NE_CHI,CHI,NE,nflverse,,nflverse_archive,false,archive_final_fallback,,loss,-1.0,gaussian_unconditional,false,false,false,archive_final_fallback
total,over,37.5,-108,1.925925925925926,0.5420890485528236,0.5192307692307692,0.4956702459300312,0.04641880262279241,0.04402335276840108,nflverse_archive,2024,10,2024_10_NE_CHI,CHI,NE,nflverse,,nflverse_archive,false,archive_final_fallback,,loss,-1.0,gaussian_unconditional,false,false,false,archive_final_fallback
moneyline,home,,240,3.4,0.4041129640987212,0.29411764705882354,0.2820294784580499,0.12208348564067134,0.373984077935652,nflverse_archive,2024,10,2024_10_NYG_CAR,CAR,NYG,nflverse,,nflverse_archive,false,archive_final_fallback,,win,2.4,gaussian_unconditional,false,false,false,archive_final_fallback
spread,home,6.5,-102,1.9803921568627452,0.6019917548342686,0.504950495049505,0.4826358742837298,0.1193558805505388,0.1921797497698261,nflverse_archive,2024,10,2024_10_NYG_CAR,CAR,NYG,nflverse,,nflverse_archive,false,archive_final_fallback,,win,0.9803921568627452,gaussian_unconditional,false,false,false,archive_final_fallback
total,over,40.5,-105,1.9523809523809523,0.5427620871766864,0.5121951219512195,0.4891657638136511,0.05359632336303527,0.059678360678292464,nflverse_archive,2024,10,2024_10_NYG_CAR,CAR,NYG,nflverse,,nflverse_archive,false,archive_final_fallback,,loss,-1.0,gaussian_unconditional,false,false,false,archive_final_fallback
moneyline,home,,110,2.1,0.5830657039466045,0.47619047619047616,0.4572564612326044,0.12580924271400012,0.2244379782878696,nflverse_archive,2024,10,2024_10_NYJ_ARI,ARI,NYJ,nflverse,,nflverse_archive,false,archive_final_fallback,,win,1.1,gaussian_unconditional,false,false,false,archive_final_fallback
spread,home,2.0,-110,1.9090909090909092,0.6420577399877134,0.5238095238095238,0.5,0.14205773998771343,0.22574659452199852,nflverse_archive,2024,10,2024_10_NYJ_ARI,ARI,NYJ,nflverse,,nflverse_archive,false,archive_final_fallback,,win,0.9090909090909092,gaussian_unconditional,false,false,false,archive_final_fallback
total,under,45.5,-108,1.925925925925926,0.5695963856999252,0.5192307692307692,0.4956702459300312,0.07392613976989404,0.09700044653318929,nflverse_archive,2024,10,2024_10_NYJ_ARI,ARI,NYJ,nflverse,,nflverse_archive,false,archive_final_fallback,,win,0.925925925925926,gaussian_unconditional,false,false,false,archive_final_fallback
moneyline,home,,285,3.85,0.45030773814562175,0.2597402597402597,0.2491874322860238,0.20112030585959795,0.7336847918606437,nflverse_archive,2024,10,2024_10_PHI_DAL,DAL,PHI,nflverse,,nflverse_archive,false,archive_final_fallback,,loss,-1.0,gaussian_unconditional,false,false,false,archive_final_fallback
spread,home,7.5,-112,1.8928571428571428,0.6748870240574154,0.5283018867924528,0.5043297540699689,0.17055726998744647,0.2774647241086792,nflverse_archive,2024,10,2024_10_PHI_DAL,DAL,PHI,nflverse,,nflverse_archive,false,archive_final_fallback,,loss,-1.0,gaussian_unconditional,false,false,false,archive_final_fallback
total,over,44.5,-110,1.9090909090909092,0.5816822469571321,0.5238095238095238,0.5,0.08168224695713211,0.11048428964543411,nflverse_archive,2024,10,2024_10_PHI_DAL,DAL,PHI,nflverse,,nflverse_archive,false,archive_final_fallback,,loss,-1.0,gaussian_unconditional,false,false,false,archive_final_fallback
moneyline,away,,102,2.02,0.4741143702209185,0.49504950495049505,0.47391341473828025,0.00020095548263826535,-0.04228897215374461,nflverse_archive,2024,10,2024_10_PIT_WAS,WAS,PIT,nflverse,,nflverse_archive,false,archive_final_fallback,,win,1.02,gaussian_unconditional,false,false,false,archive_final_fallback
spread,away,1.5,-110,1.9090909090909092,0.5202317331253847,0.5238095238095238,0.5,0.020231733125384732,-0.006830327669720027,nflverse_archive,2024,10,2024_10_PIT_WAS,WAS,PIT,nflverse,,nflverse_archive,false,archive_final_fallback,,win,0.9090909090909092,gaussian_unconditional,false,false,false,archive_final_fallback
total,under,45.0,-108,1.925925925925926,0.5041155983719073,0.5192307692307692,0.4956702459300312,0.008445352441876164,-0.02911069943188216,nflverse_archive,2024,10,2024_10_PIT_WAS,WAS,PIT,nflverse,,nflverse_archive,false,archive_final_fallback,,loss,-1.0,gaussian_unconditional,false,false,false,archive_final_fallback
moneyline,home,,240,3.4,0.5380895278640954,0.29411764705882354,0.2820294784580499,0.2560600494060455,0.8295043947379241,nflverse_archive,2024,10,2024_10_SF_TB,TB,SF,nflverse,,nflverse_archive,false,archive_final_fallback,,loss,-1.0,gaussian_unconditional,false,false,false,archive_final_fallback
spread,home,6.5,-102,1.9803921568627452,0.7246939133051653,0.504950495049505,0.4826358742837298,0.24205803902143552,0.4351781420357195,nflverse_archive,2024,10,2024_10_SF_TB,TB,SF,nflverse,,nflverse_archive,false,archive_final_fallback,,win,0.9803921568627452,gaussian_unconditional,false,false,false,archive_final_fallback
total,over,50.5,-108,1.925925925925926,0.5232638816749855,0.5192307692307692,0.4956702459300312,0.027593635744954326,0.007767475818490688,nflverse_archive,2024,10,2024_10_SF_TB,TB,SF,nflverse,,nflverse_archive,false,archive_final_fallback,,loss,-1.0,gaussian_unconditional,false,false,false,archive_final_fallback
moneyline,away,,300,4.0,0.2501082939928927,0.25,0.24,0.010108293992892703,0.00043317597157077614,nflverse_archive,2024,10,2024_10_TEN_LAC,LAC,TEN,nflverse,,nflverse_archive,false,archive_final_fallback,,loss,-1.0,gaussian_unconditional,false,false,false,archive_final_fallback
spread,home,-8.0,-112,1.8928571428571428,0.5228314846683677,0.5283018867924528,0.5043297540699689,0.01850173059839877,-0.01035468973487541,nflverse_archive,2024,10,2024_10_TEN_LAC,LAC,TEN,nflverse,,nflverse_archive,false,archive_final_fallback,,win,0.8928571428571428,gaussian_unconditional,false,false,false,archive_final_fallback
total,under,40.0,-110,1.9090909090909092,0.5261091449022044,0.5238095238095238,0.5,0.026109144902204395,0.00439018572239025,nflverse_archive,2024,10,2024_10_TEN_LAC,LAC,TEN,nflverse,,nflverse_archive,false,archive_final_fallback,,loss,-1.0,gaussian_unconditional,false,false,false,archive_final_fallback
moneyline,home,,-135,1.7407407407407407,0.5818689121021301,0.574468085106383,0.551441114716549,0.0304277973855811,0.012882921066670994,nflverse_archive,2024,11,2024_11_ATL_DEN,DEN,ATL,nflverse,,nflverse_archive,false,archive_final_fallback,,win,0.7407407407407407,gaussian_unconditional,false,false,false,archive_final_fallback
spread,home,-2.0,-112,1.8928571428571428,0.5208376220390152,0.5283018867924528,0.5043297540699689,0.01650786796904624,-0.014128786854721298,nflverse_archive,2024,11,2024_11_ATL_DEN,DEN,ATL,nflverse,,nflverse_archive,false,archive_final_fallback,,win,0.8928571428571428,gaussian_unconditional,false,false,false,archive_final_fallback
total,under,44.5,-112,1.8928571428571428,0.5929061846513008,0.5283018867924528,0.5043297540699689,0.08857643058133191,0.12228670666139085,nflverse_archive,2024,11,2024_11_ATL_DEN,DEN,ATL,nflverse,,nflverse_archive,false,archive_final_fallback,,win,0.8928571428571428,gaussian_unconditional,false,false,false,archive_final_fallback
moneyline,home,,145,2.45,0.5023664827893715,0.4081632653061224,0.3907637655417407,0.11160271724763077,0.23079788283396008,nflverse_archive,2024,11,2024_11_BAL_PIT,PIT,BAL,nflverse,,nflverse_archive,false,archive_final_fallback,,win,1.4500000000000002,gaussian_unconditional,false,false,false,archive_final_fallback
spread,home,3.0,100,2.0,0.5938901314022521,0.5,0.4782608695652174,0.1156292618370347,0.18778026280450422,nflverse_archive,2024,11,2024_11_BAL_PIT,PIT,BAL,nflverse,,nflverse_archive,false,archive_final_fallback,,win,1.0,gaussian_unconditional,false,false,false,archive_final_fallback
total,under,48.0,-108,1.925925925925926,0.5049890002563762,0.5192307692307692,0.4956702459300312,0.009318754326344991,-0.027428592098831084,nflverse_archive,2024,11,2024_11_BAL_PIT,PIT,BAL,nflverse,,nflverse_archive,false,archive_final_fallback,,win,0.925925925925926,gaussian_unconditional,false,false,false,archive_final_fallback
moneyline,home,,-110,1.9090909090909092,0.6253245636805616,0.5238095238095238,0.5,0.12532456368056155,0.1938014397537995,nflverse_archive,2024,11,2024_11_CIN_LAC,LAC,CIN,nflverse,,nflverse_archive,false,archive_final_fallback,,win,0.9090909090909092,gaussian_unconditional,false,false,false,archive_final_fallback
spread,home,-1.0,-102,1.9803921568627452,0.5957202996078003,0.504950495049505,0.4826358742837298,0.11308442532407048,0.17975980902721234,nflverse_archive,2024,11,2024_11_CIN_LAC,LAC,CIN,nflverse,,nflverse_archive,false,archive_final_fallback,,win,0.9803921568627452,gaussian_unconditional,false,false,false,archive_final_fallback
total,under,48.0,-105,1.9523809523809523,0.6244249251905429,0.5121951219512195,0.4891657638136511,0.1352591613768918,0.21911533013391704,nflverse_archive,2024,11,2024_11_CIN_LAC,LAC,CIN,nflverse,,nflverse_archive,false,archive_final_fallback,,loss,-1.0,gaussian_unconditional,false,false,false,archive_final_fallback
moneyline,home,,-105,1.9523809523809523,0.6142378615380708,0.5121951219512195,0.4891657638136511,0.12507209772441968,0.1992263010981381,nflverse_archive,2024,11,2024_11_CLE_NO,NO,CLE,nflverse,,nflverse_archive,false,archive_final_fallback,,win,0.9523809523809523,gaussian_unconditional,false,false,false,archive_final_fallback
spread,home,1.0,-110,1.9090909090909092,0.6434113142884539,0.5238095238095238,0.5,0.14341131428845388,0.228330690914321,nflverse_archive,2024,11,2024_11_CLE_NO,NO,CLE,nflverse,,nflverse_archive,false,archive_final_fallback,,win,0.9090909090909092,gaussian_unconditional,false,false,false,archive_final_fallback
total,under,44.0,-110,1.9090909090909092,0.5249144786982705,0.5238095238095238,0.5,0.02491447869827046,0.002109459333061725,nflverse_archive,2024,11,2024_11_CLE_NO,NO,CLE,nflverse,,nflverse_archive,false,archive_final_fallback,,loss,-1.0,gaussian_unconditional,false,false,false,archive_final_fallback
moneyline,home,,215,3.15,0.4522348663695619,0.31746031746031744,0.30423004792665137,0.14800481844291052,0.42453982906412,nflverse_archive,2024,11,2024_11_GB_CHI,CHI,GB,nflverse,,nflverse_archive,false,archive_final_fallback,,loss,-1.0,gaussian_unconditional,false,false,false,archive_final_fallback
spread,home,6.0,-105,1.9523809523809523,0.6342933062501506,0.5121951219512195,0.4891657638136511,0.14512754243649945,0.23838216934553214,nflverse_archive,2024,11,2024_11_GB_CHI,CHI,GB,nflverse,,nflverse_archive,false,archive_final_fallback,,win,0.9523809523809523,gaussian_unconditional,false,false,false,archive_final_fallback
total,over,41.0,-112,1.8928571428571428,0.5325522331722414,0.5283018867924528,0.5043297540699689,0.02822247910227249,0.008045298504599785,nflverse_archive,2024,11,2024_11_GB_CHI,CHI,GB,nflverse,,nflverse_archive,false,archive_final_fallback,,loss,-1.0,gaussian_unconditional,false,false,false,archive_final_fallback
moneyline,home,,285,3.85,0.45607607078941403,0.2597402597402597,0.2491874322860238,0.20688863850339023,0.755892872539244,nflverse_archive,2024,11,2024_11_HOU_DAL,DAL,HOU,nflverse,,nflverse_archive,false,archive_final_fallback,,loss,-1.0,gaussian_unconditional,false,false,false,archive_final_fallback
spread,home,7.5,-120,1.8333333333333335,0.6803773781197653,0.5454545454545454,0.5217391304347826,0.1586382476849827,0.24735852655290302,nflverse_archive,2024,11,2024_11_HOU_DAL,DAL,HOU,nflverse,,nflverse_archive,false,archive_final_fallback,,loss,-1.0,gaussian_unconditional,false,false,false,archive_final_fallback
total,over,41.5,-115,1.8695652173913042,0.6593849984018647,0.5348837209302326,0.5108342361863489,0.14855076221551577,0.2327632578817469,nflverse_archive,2024,11,2024_11_HOU_DAL,DAL,HOU,nflverse,,nflverse_archive,false,archive_final_fallback,,win,0.8695652173913042,gaussian_unconditional,false,false,false,archive_final_fallback
moneyline,away,,170,2.7,0.49365617984722876,0.37037037037037035,0.35527082119976705,0.1383853586474617,0.3328716855875178,nflverse_archive,2024,11,2024_11_IND_NYJ,NYJ,IND,nflverse,,nflverse_archive,false,archive_final_fallback,,win,1.7000000000000002,gaussian_unconditional,false,false,false,archive_final_fallback
spread,away,4.0,-110,1.9090909090909092,0.6152158784043178,0.5238095238095238,0.5,0.1152158784043178,0.1745030405900614,nflverse_archive,2024,11,2024_11_IND_NYJ,NYJ,IND,nflverse,,nflverse_archive,false,archive_final_fallback,,win,0.9090909090909092,gaussian_unconditional,false,false,false,archive_final_fallback
total,under,43.0,-110,1.9090909090909092,0.5470929159678839,0.5238095238095238,0.5,0.0470929159678839,0.04445011230232376,nflverse_archive,2024,11,2024_11_IND_NYJ,NYJ,IND,nflverse,,nflverse_archive,false,archive_final_fallback,,loss,-1.0,gaussian_unconditional,false,false,false,archive_final_fallback
moneyline,away,,650,7.5,0.19971594408279658,0.13333333333333333,0.12790697674418605,0.07180896733861053,0.4978695806209743,nflverse_archive,2024,11,2024_11_JAX_DET,DET,JAX,nflverse,,nflverse_archive,false,archive_final_fallback,,loss,-1.0,gaussian_unconditional,false,false,false,archive_final_fallback
spread,away,14.0,-105,1.9523809523809523,0.5941799000247954,0.5121951219512195,0.4891657638136511,0.10501413621114425,0.16006551909602895,nflverse_archive,2024,11,2024_11_JAX_DET,DET,JAX,nflverse,,nflverse_archive,false,archive_final_fallback,,loss,-1.0,gaussian_unconditional,false,false,false,archive_final_fallback
total,over,47.5,-110,1.9090909090909092,0.5446780610575681,0.5238095238095238,0.5,0.04467806105756811,0.03983993474626635,nflverse_archive,2024,11,2024_11_JAX_DET,DET,JAX,nflverse,,nflverse_archive,false,archive_final_fallback,,win,0.9090909090909092,gaussian_unconditional,false,false,false,archive_final_fallback
moneyline,home,,-142,1.704225352112676,0.5832820623585038,0.5867768595041323,0.5634920634920635,0.019789998866440284,-0.005955921896071081,nflverse_archive,2024,11,2024_11_KC_BUF,BUF,KC,nflverse,,nflverse_archive,false,archive_final_fallback,,win,0.704225352112676,gaussian_unconditional,false,false,false,archive_final_fallback
spread,home,-2.5,-112,1.8928571428571428,0.506889698285742,0.5283018867924528,0.5043297540699689,0.0025599442157731023,-0.040530213959131145,nflverse_archive,2024,11,2024_11_KC_BUF,BUF,KC,nflverse,,nflverse_archive,false,archive_final_fallback,,win,0.8928571428571428,gaussian_unconditional,false,false,false,archive_final_fallback
total,under,46.5,-108,1.925925925925926,0.5645745807122282,0.5192307692307692,0.4956702459300312,0.06890433478219704,0.08732882211243953,nflverse_archive,2024,11,2024_11_KC_BUF,BUF,KC,nflverse,,nflverse_archive,false,archive_final_fallback,,loss,-1.0,gaussian_unconditional,false,false,false,archive_final_fallback
moneyline,home,,164,2.6399999999999997,0.45115691346270803,0.37878787878787884,0.36309581830587784,0.0880610951568302,0.19105425154154898,nflverse_archive,2024,11,2024_11_LA_NE,NE,LA,nflverse,,nflverse_archive,false,archive_final_fallback,,loss,-1.0,gaussian_unconditional,false,false,false,archive_final_fallback
spread,home,4.0,-112,1.8928571428571428,0.5738180164849042,0.5283018867924528,0.5043297540699689,0.06948826241493522,0.08615553120356845,nflverse_archive,2024,11,2024_11_LA_NE,NE,LA,nflverse,,nflverse_archive,false,archive_final_fallback,,loss,-1.0,gaussian_unconditional,false,false,false,archive_final_fallback
total,under,42.5,-112,1.8928571428571428,0.5589284545821266,0.5283018867924528,0.5043297540699689,0.05459870051215765,0.057971717601882355,nflverse_archive,2024,11,2024_11_LA_NE,NE,LA,nflverse,,nflverse_archive,false,archive_final_fallback,,loss,-1.0,gaussian_unconditional,false,false,false,archive_final_fallback
moneyline,away,,330,4.3,0.4069196398087769,0.23255813953488372,0.22316684378320936,0.18375279602556752,0.7497544511777405,nflverse_archive,2024,11,2024_11_LV_MIA,MIA,LV,nflverse,,nflverse_archive,false,archive_final_fallback,,loss,-1.0,gaussian_unconditional,false,false,false,archive_final_fallback
spread,away,8.0,-105,1.9523809523809523,0.6488464209505832,0.5121951219512195,0.4891657638136511,0.15968065713693208,0.266795393284472,nflverse_archive,2024,11,2024_11_LV_MIA,MIA,LV,nflverse,,nflverse_archive,false,archive_final_fallback,,loss,-1.0,gaussian_unconditional,false,false,false,archive_final_fallback
total,under,43.5,-112,1.8928571428571428,0.5086601572081784,0.5283018867924528,0.5043297540699689,0.004330403138209427,-0.03717898814166243,nflverse_archive,2024,11,2024_11_LV_MIA,MIA,LV,nflverse,,nflverse_archive,false,archive_final_fallback,,loss,-1.0,gaussian_unconditional,false,false,false,archive_final_fallback
moneyline,home,,235,3.35,0.3114926756311236,0.29850746268656714,0.28644876973925815,0.025043905891865448,0.043500463364264164,nflverse_archive,2024,11,2024_11_MIN_TEN,TEN,MIN,nflverse,,nflverse_archive,false,archive_final_fallback,,loss,-1.0,gaussian_unconditional,false,false,false,archive_final_fallback
spread,home,6.0,-102,1.9803921568627452,0.48868719606653266,0.504950495049505,0.4826358742837298,0.0060513217828028765,-0.03220770975059217,nflverse_archive,2024,11,2024_11_MIN_TEN,TEN,MIN,nflverse,,nflverse_archive,false,archive_final_fallback,,loss,-1.0,gaussian_unconditional,false,false,false,archive_final_fallback
total,over,40.0,-110,1.9090909090909092,0.586780876242472,0.5238095238095238,0.5,0.086780876242472,0.12021803646290108,nflverse_archive,2024,11,2024_11_MIN_TEN,TEN,MIN,nflverse,,nflverse_archive,false,archive_final_fallback,,loss,-1.0,gaussian_unconditional,false,false,false,archive_final_fallback
moneyline,away,,215,3.15,0.3534292607145958,0.31746031746031744,0.30423004792665137,0.049199212787944424,0.11330217125097675,nflverse_archive,2024,11,2024_11_SEA_SF,SF,SEA,nflverse,,nflverse_archive,false,archive_final_fallback,,win,2.15,gaussian_unconditional,false,false,false,archive_final_fallback
spread,away,6.0,-110,1.9090909090909092,0.5347375430571009,0.5238095238095238,0.5,0.03473754305710086,0.020862582199919766,nflverse_archive,2024,11,2024_11_SEA_SF,SF,SEA,nflverse,,nflverse_archive,false,archive_final_fallback,,win,0.9090909090909092,gaussian_unconditional,false,false,false,archive_final_fallback
total,under,49.0,-112,1.8928571428571428,0.5162346457289891,0.5283018867924528,0.5043297540699689,0.0119048916590202,-0.0228415634415563,nflverse_archive,2024,11,2024_11_SEA_SF,SF,SEA,nflverse,,nflverse_archive,false,archive_final_fallback,,win,0.8928571428571428,gaussian_unconditional,false,false,false,archive_final_fallback
moneyline,away,,190,2.9,0.41914101790548697,0.3448275862068966,0.33099297893681046,0.08814803896867651,0.21550895192591213,nflverse_archive,2024,11,2024_11_WAS_PHI,PHI,WAS,nflverse,,nflverse_archive,false,archive_final_fallback,,loss,-1.0,gaussian_unconditional,false,false,false,archive_final_fallback
spread,away,4.5,-110,1.9090909090909092,0.5569953918833073,0.5238095238095238,0.5,0.05699539188330727,0.06335483904995032,nflverse_archive,2024,11,2024_11_WAS_PHI,PHI,WAS,nflverse,,nflverse_archive,false,archive_final_fallback,,loss,-1.0,gaussian_unconditional,false,false,false,archive_final_fallback
total,under,49.5,-110,1.9090909090909092,0.5441230298577076,0.5238095238095238,0.5,0.04412302985770755,0.03878032972835088,nflverse_archive,2024,11,2024_11_WAS_PHI,PHI,WAS,nflverse,,nflverse_archive,false,archive_final_fallback,,win,0.9090909090909092,gaussian_unconditional,false,false,false,archive_final_fallback
moneyline,home,,-105,1.9523809523809523,0.5158199114439788,0.5121951219512195,0.4891657638136511,0.02665414763032764,0.0070769699620536475,nflverse_archive,2024,12,2024_12_ARI_SEA,SEA,ARI,nflverse,,nflverse_archive,false,archive_final_fallback,,win,0.9523809523809523,gaussian_unconditional,false,false,false,archive_final_fallback
spread,home,1.0,-110,1.9090909090909092,0.5464103322531182,0.5238095238095238,0.5,0.04641033225311819,0.043146997937771214,nflverse_archive,2024,12,2024_12_ARI_SEA,SEA,ARI,nflverse,,nflverse_archive,false,archive_final_fallback,,win,0.9090909090909092,gaussian_unconditional,false,false,false,archive_final_fallback
total,under,46.5,-108,1.925925925925926,0.4961229005498411,0.5192307692307692,0.4956702459300312,0.0004526546198099224,-0.04450404338549119,nflverse_archive,2024,12,2024_12_ARI_SEA,SEA,ARI,nflverse,,nflverse_archive,false,archive_final_fallback,,win,0.925925925925926,gaussian_unconditional,false,false,false,archive_final_fallback
moneyline,home,,140,2.4,0.5168961891259249,0.4166666666666667,0.4003612281757977,0.11653496095012722,0.24055085390221986,nflverse_archive,2024,12,2024_12_BAL_LAC,LAC,BAL,nflverse,,nflverse_archive,false,archive_final_fallback,,loss,-1.0,gaussian_unconditional,false,false,false,archive_final_fallback
spread,home,3.0,-110,1.9090909090909092,0.6076353975717869,0.5238095238095238,0.5,0.10763539757178686,0.16003121354613858,nflverse_archive,2024,12,2024_12_BAL_LAC,LAC,BAL,nflverse,,nflverse_archive,false,archive_final_fallback,,loss,-1.0,gaussian_unconditional,false,false,false,archive_final_fallback
total,under,51.0,-112,1.8928571428571428,0.6591395909731623,0.5283018867924528,0.5043297540699689,0.1548098369031934,0.24765708291348587,nflverse_archive,2024,12,2024_12_BAL_LAC,LAC,BAL,nflverse,,nflverse_archive,false,archive_final_fallback,,loss,-1.0,gaussian_unconditional,false,false,false,archive_final_fallback
moneyline,away,,455,5.55,0.28061261768276835,0.1801801801801802,0.17287630402384502,0.10773631365892333,0.5574000281393643,nflverse_archive,2024,12,2024_12_DAL_WAS,WAS,DAL,nflverse,,nflverse_archive,false,archive_final_fallback,,win,4.55,gaussian_unconditional,false,false,false,archive_final_fallback
spread,away,10.5,-112,1.8928571428571428,0.5896964095257723,0.5283018867924528,0.5043297540699689,0.08536665545580335,0.11621106088806887,nflverse_archive,2024,12,2024_12_DAL_WAS,WAS,DAL,nflverse,,nflverse_archive,false,archive_final_fallback,,win,0.8928571428571428,gaussian_unconditional,false,false,false,archive_final_fallback
total,over,45.0,-110,1.9090909090909092,0.6537783401484909,0.5238095238095238,0.5,0.1537783401484909,0.24812228573802808,nflverse_archive,2024,12,2024_12_DAL_WAS,WAS,DAL,nflverse,,nflverse_archive,false,archive_final_fallback,,win,0.9090909090909092,gaussian_unconditional,false,false,false,archive_final_fallback
moneyline,home,,225,3.25,0.3498829015738377,0.3076923076923077,0.2949668357393679,0.05491606583446984,0.13711943011497252,nflverse_archive,2024,12,2024_12_DEN_LV,LV,DEN,nflverse,,nflverse_archive,false,archive_final_fallback,,loss,-1.0,gaussian_unconditional,false,false,false,archive_final_fallback
spread,home,6.5,-115,1.8695652173913042,0.5455482807257276,0.5348837209302326,0.5108342361863489,0.03471404453937865,0.019938090052447066,nflverse_archive,2024,12,2024_12_DEN_LV,LV,DEN,nflverse,,nflverse_archive,false,archive_final_fallback,,loss,-1.0,gaussian_unconditional,false,false,false,archive_final_fallback
total,over,41.5,-112,1.8928571428571428,0.5268017223272584,0.5283018867924528,0.5043297540699689,0.022471968257289476,-0.0028395970234037504,nflverse_archive,2024,12,2024_12_DEN_LV,LV,DEN,nflverse,,nflverse_archive,false,archive_final_fallback,,win,0.8928571428571428,gaussian_unconditional,false,false,false,archive_final_fallback
moneyline,home,,295,3.95,0.29552324088207427,0.2531645569620253,0.24281150159744405,0.052711739284630216,0.16731680148419348,nflverse_archive,2024,12,2024_12_DET_IND,IND,DET,nflverse,,nflverse_archive,false,archive_final_fallback,,loss,-1.0,gaussian_unconditional,false,false,false,archive_final_fallback
spread,home,7.0,102,2.02,0.5004804430449152,0.49504950495049505,0.47391341473828025,0.026567028306634988,0.01097049495072877,nflverse_archive,2024,12,2024_12_DET_IND,IND,DET,nflverse,,nflverse_archive,false,archive_final_fallback,,loss,-1.0,gaussian_unconditional,false,false,false,archive_final_fallback
total,under,50.5,-110,1.9090909090909092,0.5596220835717257,0.5238095238095238,0.5,0.059622083571725715,0.06836943227329462,nflverse_archive,2024,12,2024_12_DET_IND,IND,DET,nflverse,,nflverse_archive,false,archive_final_fallback,,win,0.9090909090909092,gaussian_unconditional,false,false,false,archive_final_fallback
moneyline,home,,500,6.0,0.22007040698368718,0.16666666666666666,0.15999999999999998,0.06007040698368721,0.3204224419021231,nflverse_archive,2024,12,2024_12_KC_CAR,CAR,KC,nflverse,,nflverse_archive,false,archive_final_fallback,,loss,-1.0,gaussian_unconditional,false,false,false,archive_final_fallback
spread,home,11.0,-108,1.925925925925926,0.5296130722763586,0.5192307692307692,0.4956702459300312,0.03394282634632739,0.01999554660632019,nflverse_archive,2024,12,2024_12_KC_CAR,CAR,KC,nflverse,,nflverse_archive,false,archive_final_fallback,,win,0.925925925925926,gaussian_unconditional,false,false,false,archive_final_fallback
total,over,43.0,-110,1.9090909090909092,0.5266540654474497,0.5238095238095238,0.5,0.02665406544744975,0.005430488581495085,nflverse_archive,2024,12,2024_12_KC_CAR,CAR,KC,nflverse,,nflverse_archive,false,archive_final_fallback,,win,0.9090909090909092,gaussian_unconditional,false,false,false,archive_final_fallback
moneyline,home,,145,2.45,0.4283597527821972,0.4081632653061224,0.3907637655417407,0.037595987240456485,0.04948139431638321,nflverse_archive,2024,12,2024_12_MIN_CHI,CHI,MIN,nflverse,,nflverse_archive,false,archive_final_fallback,,loss,-1.0,gaussian_unconditional,false,false,false,archive_final_fallback
spread,home,3.0,100,2.0,0.5200362402630051,0.5,0.4782608695652174,0.041775370697787695,0.0400724805260102,nflverse_archive,2024,12,2024_12_MIN_CHI,CHI,MIN,nflverse,,nflverse_archive,false,archive_final_fallback,,push,0.0,gaussian_unconditional,false,false,false,archive_final_fallback
total,under,39.5,-108,1.925925925925926,0.5148803555496908,0.5192307692307692,0.4956702459300312,0.019210109619659632,-0.008378574496891722,nflverse_archive,2024,12,2024_12_MIN_CHI,CHI,MIN,nflverse,,nflverse_archive,false,archive_final_fallback,,loss,-1.0,gaussian_unconditional,false,false,false,archive_final_fallback
moneyline,away,,285,3.85,0.3690530703615521,0.2597402597402597,0.2491874322860238,0.1198656380755283,0.4208543208919757,nflverse_archive,2024,12,2024_12_NE_MIA,MIA,NE,nflverse,,nflverse_archive,false,archive_final_fallback,,loss,-1.0,gaussian_unconditional,false,false,false,archive_final_fallback
spread,away,7.5,-115,1.8695652173913042,0.595853255353039,0.5348837209302326,0.5108342361863489,0.08501901916669008,0.11398652087742067,nflverse_archive,2024,12,2024_12_NE_MIA,MIA,NE,nflverse,,nflverse_archive,false,archive_final_fallback,,loss,-1.0,gaussian_unconditional,false,false,false,archive_final_fallback
total,under,46.0,-108,1.925925925925926,0.6967558719186724,0.5192307692307692,0.4956702459300312,0.20108562598864121,0.34190019776929503,nflverse_archive,2024,12,2024_12_NE_MIA,MIA,NE,nflverse,,nflverse_archive,false,archive_final_fallback,,loss,-1.0,gaussian_unconditional,false,false,false,archive_final_fallback
moneyline,home,,142,2.42,0.4289843304618969,0.4132231404958678,0.3962430290578222,0.03274130140407466,0.03814207971779049,nflverse_archive,2024,12,2024_12_PHI_LA,LA,PHI,nflverse,,nflverse_archive,false,archive_final_fallback,,loss,-1.0,gaussian_unconditional,false,false,false,archive_final_fallback
spread,home,3.0,-108,1.925925925925926,0.5206701644009248,0.5192307692307692,0.4956702459300312,0.024999918470893667,0.0027721684758552634,nflverse_archive,2024,12,2024_12_PHI_LA,LA,PHI,nflverse,,nflverse_archive,false,archive_final_fallback,,loss,-1.0,gaussian_unconditional,false,false,false,archive_final_fallback
total,under,49.0,-108,1.925925925925926,0.6312820546177067,0.5192307692307692,0.4956702459300312,0.13561180868767553,0.21580247556002785,nflverse_archive,2024,12,2024_12_PHI_LA,LA,PHI,nflverse,,nflverse_archive,false,archive_final_fallback,,loss,-1.0,gaussian_unconditional,false,false,false,archive_final_fallback
moneyline,away,,-205,1.4878048780487805,0.6678071209839986,0.6721311475409836,0.644729178800233,0.023077942183765687,-0.006433307804294741,nflverse_archive,2024,12,2024_12_PIT_CLE,CLE,PIT,nflverse,,nflverse_archive,false,archive_final_fallback,,loss,-1.0,gaussian_unconditional,false,false,false,archive_final_fallback
spread,away,-3.5,-115,1.8695652173913042,0.5653720656287388,0.5348837209302326,0.5108342361863489,0.05453782944238983,0.0569999487841637,nflverse_archive,2024,12,2024_12_PIT_CLE,CLE,PIT,nflverse,,nflverse_archive,false,archive_final_fallback,,loss,-1.0,gaussian_unconditional,false,false,false,archive_final_fallback
total,over,36.5,-112,1.8928571428571428,0.5729304195120002,0.5283018867924528,0.5043297540699689,0.06860066544203125,0.08447543693342885,nflverse_archive,2024,12,2024_12_PIT_CLE,CLE,PIT,nflverse,,nflverse_archive,false,archive_final_fallback,,win,0.8928571428571428,gaussian_unconditional,false,false,false,archive_final_fallback
moneyline,away,,235,3.35,0.4316187709512005,0.29850746268656714,0.28644876973925815,0.14517000121194235,0.4459228826865216,nflverse_archive,2024,12,2024_12_SF_GB,GB,SF,nflverse,,nflverse_archive,false,archive_final_fallback,,loss,-1.0,gaussian_unconditional,false,false,false,archive_final_fallback
spread,away,6.5,-112,1.8928571428571428,0.6284700812503159,0.5283018867924528,0.5043297540699689,0.12414032718034695,0.18960408236666937,nflverse_archive,2024,12,2024_12_SF_GB,GB,SF,nflverse,,nflverse_archive,false,archive_final_fallback,,loss,-1.0,gaussian_unconditional,false,false,false,archive_final_fallback
total,over,44.5,-112,1.8928571428571428,0.5705158368179996,0.5283018867924528,0.5043297540699689,0.06618608274803062,0.0799049768340705,nflverse_archive,2024,12,2024_12_SF_GB,GB,SF,nflverse,,nflverse_archive,false,archive_final_fallback,,win,0.8928571428571428,gaussian_unconditional,false,false,false,archive_final_fallback
moneyline,home,,240,3.4,0.37881819405307204,0.29411764705882354,0.2820294784580499,0.09678871559502217,0.2879818597804449,nflverse_archive,2024,12,2024_12_TB_NYG,NYG,TB,nflverse,,nflverse_archive,false,archive_final_fallback,,loss,-1.0,gaussian_unconditional,false,false,false,archive_final_fallback
spread,home,6.5,-112,1.8928571428571428,0.5759222139577271,0.5283018867924528,0.5043297540699689,0.0715924598877582,0.09013847641998352,nflverse_archive,2024,12,2024_12_TB_NYG,NYG,TB,nflverse,,nflverse_archive,false,archive_final_fallback,,loss,-1.0,gaussian_unconditional,false,false,false,archive_final_fallback
total,over,40.5,-110,1.9090909090909092,0.6138351675063203,0.5238095238095238,0.5,0.11383516750632028,0.17186713796661146,nflverse_archive,2024,12,2024_12_TB_NYG,NYG,TB,nflverse,,nflverse_archive,false,archive_final_fallback,,loss,-1.0,gaussian_unconditional,false,false,false,archive_final_fallback
moneyline,away,,295,3.95,0.27777431076422,0.2531645569620253,0.24281150159744405,0.03496280916677594,0.09720852751866893,nflverse_archive,2024,12,2024_12_TEN_HOU,HOU,TEN,nflverse,,nflverse_archive,false,archive_final_fallback,,win,2.95,gaussian_unconditional,false,false,false,archive_final_fallback
spread,away,8.0,-112,1.8928571428571428,0.5103674944563867,0.5283018867924528,0.5043297540699689,0.0060377403864178,-0.03394724263612514,nflverse_archive,2024,12,2024_12_TEN_HOU,HOU,TEN,nflverse,,nflverse_archive,false,archive_final_fallback,,win,0.8928571428571428,gaussian_unconditional,false,false,false,archive_final_fallback
total,over,40.5,-108,1.925925925925926,0.6053416150647333,0.5192307692307692,0.4956702459300312,0.1096713691347021,0.16584311049504197,nflverse_archive,2024,12,2024_12_TEN_HOU,HOU,TEN,nflverse,,nflverse_archive,false,archive_final_fallback,,win,0.925925925925926,gaussian_unconditional,false,false,false,archive_final_fallback
moneyline,home,,-185,1.5405405405405406,0.6476141252886192,0.6491228070175439,0.6224665518611737,0.025147573427445447,-0.002324185366181286,nflverse_archive,2024,13,2024_13_ARI_MIN,MIN,ARI,nflverse,,nflverse_archive,false,archive_final_fallback,,win,0.5405405405405406,gaussian_unconditional,false,false,false,archive_final_fallback
spread,home,-3.5,-110,1.9090909090909092,0.5436972458135908,0.5238095238095238,0.5,0.0436972458135908,0.03796746928049166,nflverse_archive,2024,13,2024_13_ARI_MIN,MIN,ARI,nflverse,,nflverse_archive,false,archive_final_fallback,,loss,-1.0,gaussian_unconditional,false,false,false,archive_final_fallback
total,under,45.5,-112,1.8928571428571428,0.5724255703434177,0.5283018867924528,0.5043297540699689,0.06809581627344874,0.08351982957861193,nflverse_archive,2024,13,2024_13_ARI_MIN,MIN,ARI,nflverse,,nflverse_archive,false,archive_final_fallback,,win,0.8928571428571428,gaussian_unconditional,false,false,false,archive_final_fallback
moneyline,home,,-520,1.1923076923076923,0.8092619551121865,0.8387096774193549,0.8042929292929294,0.004969025819257067,-0.035110745827777734,nflverse_archive,2024,13,2024_13_CHI_DET,DET,CHI,nflverse,,nflverse_archive,false,archive_final_fallback,,win,0.1923076923076923,gaussian_unconditional,false,false,false,archive_final_fallback
spread,home,-9.5,-118,1.847457627118644,0.5575151874201663,0.5412844036697247,0.5173641257162701,0.04015106170389615,0.029985685233866466,nflverse_archive,2024,13,2024_13_CHI_DET,DET,CHI,nflverse,,nflverse_archive,false,archive_final_fallback,,loss,-1.0,gaussian_unconditional,false,false,false,archive_final_fallback
total,under,47.5,100,2.0,0.590509036734663,0.5,0.4782608695652174,0.11224816716944563,0.18101807346932608,nflverse_archive,2024,13,2024_13_CHI_DET,DET,CHI,nflverse,,nflverse_archive,false,archive_final_fallback,,win,1.0,gaussian_unconditional,false,false,false,archive_final_fallback
moneyline,home,,-290,1.3448275862068966,0.7379080506710007,0.7435897435897436,0.7135512302607419,0.024356820410258884,-0.007640897373481725,nflverse_archive,2024,13,2024_13_CLE_DEN,DEN,CLE,nflverse,,nflverse_archive,false,archive_final_fallback,,win,0.3448275862068966,gaussian_unconditional,false,false,false,archive_final_fallback
spread,home,-6.5,-112,1.8928571428571428,0.5545195453839142,0.5283018867924528,0.5043297540699689,0.0501897913139453,0.04962628233383759,nflverse_archive,2024,13,2024_13_CLE_DEN,DEN,CLE,nflverse,,nflverse_archive,false,archive_final_fallback,,win,0.8928571428571428,gaussian_unconditional,false,false,false,archive_final_fallback
total,under,41.5,-110,1.9090909090909092,0.5715644376532543,0.5238095238095238,0.5,0.07156443765325426,0.09116847188348554,nflverse_archive,2024,13,2024_13_CLE_DEN,DEN,CLE,nflverse,,nflverse_archive,false,archive_final_fallback,,loss,-1.0,gaussian_unconditional,false,false,false,archive_final_fallback
moneyline,home,,160,2.6,0.39709085760851837,0.3846153846153846,0.3690596562184024,0.028031201390115945,0.032436229782147885,nflverse_archive,2024,13,2024_13_HOU_JAX,JAX,HOU,nflverse,,nflverse_archive,false,archive_final_fallback,,loss,-1.0,gaussian_unconditional,false,false,false,archive_final_fallback
spread,home,3.5,-110,1.9090909090909092,0.5032912450963327,0.5238095238095238,0.5,0.0032912450963327178,-0.03917125936154664,nflverse_archive,2024,13,2024_13_HOU_JAX,JAX,HOU,nflverse,,nflverse_archive,false,archive_final_fallback,,win,0.9090909090909092,gaussian_unconditional,false,false,false,archive_final_fallback
total,over,44.5,-112,1.8928571428571428,0.5814136417696409,0.5283018867924528,0.5043297540699689,0.077083887699672,0.10053296477824891,nflverse_archive,2024,13,2024_13_HOU_JAX,JAX,HOU,nflverse,,nflverse_archive,false,archive_final_fallback,,loss,-1.0,gaussian_unconditional,false,false,false,archive_final_fallback
moneyline,away,,-135,1.7407407407407407,0.5660396355441837,0.574468085106383,0.551441114716549,0.014598520827634687,-0.01467174553419881,nflverse_archive,2024,13,2024_13_IND_NE,NE,IND,nflverse,,nflverse_archive,false,archive_final_fallback,,win,0.7407407407407407,gaussian_unconditional,false,false,false,archive_final_fallback
spread,home,2.5,-105,1.9523809523809523,0.510346861075643,0.5121951219512195,0.4891657638136511,0.021181097261991855,-0.0036085093285066483,nflverse_archive,2024,13,2024_13_IND_NE,NE,IND,nflverse,,nflverse_archive,false,archive_final_fallback,,win,0.9523809523809523,gaussian_unconditional,false,false,false,archive_final_fallback
total,under,41.5,-110,1.9090909090909092,0.5192330841790028,0.5238095238095238,0.5,0.019233084179002824,-0.008736839294630983,nflverse_archive,2024,13,2024_13_IND_NE,NE,IND,nflverse,,nflverse_archive,false,archive_final_fallback,,loss,-1.0,gaussian_unconditional,false,false,false,archive_final_fallback
moneyline,away,,-118,1.847457627118644,0.5703436415028753,0.5412844036697247,0.5173641257162701,0.0529795157866052,0.05368571057310856,nflverse_archive,2024,13,2024_13_LAC_ATL,ATL,LAC,nflverse,,nflverse_archive,false,archive_final_fallback,,win,0.847457627118644,gaussian_unconditional,false,false,false,archive_final_fallback
spread,away,-1.0,-108,1.925925925925926,0.5399681931046396,0.5192307692307692,0.4956702459300312,0.04429794717460844,0.039938742275602346,nflverse_archive,2024,13,2024_13_LAC_ATL,ATL,LAC,nflverse,,nflverse_archive,false,archive_final_fallback,,win,0.925925925925926,gaussian_unconditional,false,false,false,archive_final_fallback
total,under,47.0,-110,1.9090909090909092,0.6579617468286819,0.5238095238095238,0.5,0.15796174682868191,0.256108789400211,nflverse_archive,2024,13,2024_13_LAC_ATL,ATL,LAC,nflverse,,nflverse_archive,false,archive_final_fallback,,win,0.9090909090909092,gaussian_unconditional,false,false,false,archive_final_fallback
moneyline,home,,120,2.2,0.5946397879878661,0.45454545454545453,0.43650793650793646,0.15813185147992964,0.30820753357330544,nflverse_archive,2024,13,2024_13_LA_NO,NO,LA,nflverse,,nflverse_archive,false,archive_final_fallback,,loss,-1.0,gaussian_unconditional,false,false,false,archive_final_fallback
spread,home,2.5,-105,1.9523809523809523,0.6670331893377085,0.5121951219512195,0.4891657638136511,0.17786742552405738,0.3023028934688594,nflverse_archive,2024,13,2024_13_LA_NO,NO,LA,nflverse,,nflverse_archive,false,archive_final_fallback,,loss,-1.0,gaussian_unconditional,false,false,false,archive_final_fallback
total,under,48.5,-108,1.925925925925926,0.5396705585972889,0.5192307692307692,0.4956702459300312,0.04400031266725768,0.03936552026144535,nflverse_archive,2024,13,2024_13_LA_NO,NO,LA,nflverse,,nflverse_archive,false,archive_final_fallback,,win,0.925925925925926,gaussian_unconditional,false,false,false,archive_final_fallback
moneyline,away,,550,6.5,0.2228620576844198,0.15384615384615385,0.1475409836065574,0.0753210740778624,0.4486033749487288,nflverse_archive,2024,13,2024_13_LV_KC,KC,LV,nflverse,,nflverse_archive,false,archive_final_fallback,,loss,-1.0,gaussian_unconditional,false,false,false,archive_final_fallback
spread,away,13.5,-108,1.925925925925926,0.6085441956813933,0.5192307692307692,0.4956702459300312,0.11287394975136211,0.17201104353453522,nflverse_archive,2024,13,2024_13_LV_KC,KC,LV,nflverse,,nflverse_archive,false,archive_final_fallback,,win,0.925925925925926,gaussian_unconditional,false,false,false,archive_final_fallback
total,over,42.0,-112,1.8928571428571428,0.5865082983059344,0.5283018867924528,0.5043297540699689,0.08217854423596549,0.11017642179337583,nflverse_archive,2024,13,2024_13_LV_KC,KC,LV,nflverse,,nflverse_archive,false,archive_final_fallback,,loss,-1.0,gaussian_unconditional,false,false,false,archive_final_fallback
moneyline,home,,-175,1.5714285714285714,0.7004404561747729,0.6363636363636364,0.6092362344582594,0.09120422171651354,0.10069214541750027,nflverse_archive,2024,13,2024_13_MIA_GB,GB,MIA,nflverse,,nflverse_archive,false,archive_final_fallback,,win,0.5714285714285714,gaussian_unconditional,false,false,false,archive_final_fallback
spread,home,-3.5,-105,1.9523809523809523,0.6012304984209192,0.5121951219512195,0.4891657638136511,0.11206473460726812,0.17383097310750895,nflverse_archive,2024,13,2024_13_MIA_GB,GB,MIA,nflverse,,nflverse_archive,false,archive_final_fallback,,win,0.9523809523809523,gaussian_unconditional,false,false,false,archive_final_fallback
total,under,47.5,-110,1.9090909090909092,0.5978359726938268,0.5238095238095238,0.5,0.09783597269382682,0.14132322059730584,nflverse_archive,2024,13,2024_13_MIA_GB,GB,MIA,nflverse,,nflverse_archive,false,archive_final_fallback,,win,0.9090909090909092,gaussian_unconditional,false,false,false,archive_final_fallback
moneyline,away,,185,2.85,0.38555461325205065,0.3508771929824561,0.3385499840306611,0.04700462922138954,0.09883064776834449,nflverse_archive,2024,13,2024_13_NYG_DAL,DAL,NYG,nflverse,,nflverse_archive,false,archive_final_fallback,,loss,-1.0,gaussian_unconditional,false,false,false,archive_final_fallback
spread,away,4.5,-110,1.9090909090909092,0.5219728264606307,0.5238095238095238,0.5,0.0219728264606307,-0.003506422211523197,nflverse_archive,2024,13,2024_13_NYG_DAL,DAL,NYG,nflverse,,nflverse_archive,false,archive_final_fallback,,loss,-1.0,gaussian_unconditional,false,false,false,archive_final_fallback
total,over,39.0,-110,1.9090909090909092,0.6015109504597436,0.5238095238095238,0.5,0.10151095045974357,0.1483390872413286,nflverse_archive,2024,13,2024_13_NYG_DAL,DAL,NYG,nflverse,,nflverse_archive,false,archive_final_fallback,,win,0.9090909090909092,gaussian_unconditional,false,false,false,archive_final_fallback
moneyline,away,,136,2.3600000000000003,0.4286278357225367,0.42372881355932196,0.4066302458405761,0.0219975898819606,0.011561692305186666,nflverse_archive,2024,13,2024_13_PHI_BAL,BAL,PHI,nflverse,,nflverse_archive,false,archive_final_fallback,,win,1.3600000000000003,gaussian_unconditional,false,false,false,archive_final_fallback
spread,away,3.0,-110,1.9090909090909092,0.5202646904797843,0.5238095238095238,0.5,0.020264690479784297,-0.006767409084048159,nflverse_archive,2024,13,2024_13_PHI_BAL,BAL,PHI,nflverse,,nflverse_archive,false,archive_final_fallback,,win,0.9090909090909092,gaussian_unconditional,false,false,false,archive_final_fallback
total,over,50.0,-110,1.9090909090909092,0.5018677006284782,0.5238095238095238,0.5,0.001867700628478186,-0.04188893516381431,nflverse_archive,2024,13,2024_13_PHI_BAL,BAL,PHI,nflverse,,nflverse_archive,false,archive_final_fallback,,loss,-1.0,gaussian_unconditional,false,false,false,archive_final_fallback
moneyline,away,,130,2.3,0.5299286945405385,0.4347826086956522,0.41700735895339325,0.11292133558714523,0.21883599744323834,nflverse_archive,2024,13,2024_13_PIT_CIN,CIN,PIT,nflverse,,nflverse_archive,false,archive_final_fallback,,win,1.2999999999999998,gaussian_unconditional,false,false,false,archive_final_fallback
spread,away,3.0,-110,1.9090909090909092,0.6201128555693705,0.5238095238095238,0.5,0.12011285556937046,0.18385181517788918,nflverse_archive,2024,13,2024_13_PIT_CIN,CIN,PIT,nflverse,,nflverse_archive,false,archive_final_fallback,,win,0.9090909090909092,gaussian_unconditional,false,false,false,archive_final_fallback
total,over,46.0,-112,1.8928571428571428,0.5137500866167837,0.5283018867924528,0.5043297540699689,0.009420332546814736,-0.02754447890394518,nflverse_archive,2024,13,2024_13_PIT_CIN,CIN,PIT,nflverse,,nflverse_archive,false,archive_final_fallback,,win,0.8928571428571428,gaussian_unconditional,false,false,false,archive_final_fallback
moneyline,away,,-105,1.9523809523809523,0.5070038573847001,0.5121951219512195,0.4891657638136511,0.017838093571048985,-0.010135326058442695,nflverse_archive,2024,13,2024_13_SEA_NYJ,NYJ,SEA,nflverse,,nflverse_archive,false,archive_final_fallback,,win,0.9523809523809523,gaussian_unconditional,false,false,false,archive_final_fallback
spread,away,1.0,-110,1.9090909090909092,0.5376251417117517,0.5238095238095238,0.5,0.037625141711751686,0.026375270540616835,nflverse_archive,2024,13,2024_13_SEA_NYJ,NYJ,SEA,nflverse,,nflverse_archive,false,archive_final_fallback,,win,0.9090909090909092,gaussian_unconditional,false,false,false,archive_final_fallback
total,over,41.5,-110,1.9090909090909092,0.5348838959457651,0.5238095238095238,0.5,0.03488389594576513,0.021141983169187917,nflverse_archive,2024,13,2024_13_SEA_NYJ,NYJ,SEA,nflverse,,nflverse_archive,false,archive_final_fallback,,win,0.9090909090909092,gaussian_unconditional,false,false,false,archive_final_fallback
moneyline,away,,270,3.7,0.31064020496914757,0.27027027027027023,0.2591283863368669,0.05151181863228066,0.14936875838584607,nflverse_archive,2024,13,2024_13_SF_BUF,BUF,SF,nflverse,,nflverse_archive,false,archive_final_fallback,,loss,-1.0,gaussian_unconditional,false,false,false,archive_final_fallback
spread,away,6.5,-102,1.9803921568627452,0.5023076430338071,0.504950495049505,0.4826358742837298,0.019671768750077367,-0.005233883403636841,nflverse_archive,2024,13,2024_13_SF_BUF,BUF,SF,nflverse,,nflverse_archive,false,archive_final_fallback,,loss,-1.0,gaussian_unconditional,false,false,false,archive_final_fallback
total,over,45.0,-110,1.9090909090909092,0.6023222311046281,0.5238095238095238,0.5,0.10232223110462813,0.14988789574519923,nflverse_archive,2024,13,2024_13_SF_BUF,BUF,SF,nflverse,,nflverse_archive,false,archive_final_fallback,,push,0.0,gaussian_unconditional,false,false,false,archive_final_fallback
moneyline,away,,-290,1.3448275862068966,0.7530263978956993,0.7435897435897436,0.7135512302607419,0.0394751676349574,0.012690673032147215,nflverse_archive,2024,13,2024_13_TB_CAR,CAR,TB,nflverse,,nflverse_archive,false,archive_final_fallback,,win,0.3448275862068966,gaussian_unconditional,false,false,false,archive_final_fallback
spread,away,-6.5,-115,1.8695652173913042,0.5730808815473646,0.5348837209302326,0.5108342361863489,0.06224664536101565,0.07141208289289902,nflverse_archive,2024,13,2024_13_TB_CAR,CAR,TB,nflverse,,nflverse_archive,false,archive_final_fallback,,loss,-1.0,gaussian_unconditional,false,false,false,archive_final_fallback
total,over,46.0,-110,1.9090909090909092,0.6201597658799565,0.5238095238095238,0.5,0.12015976587995647,0.18394137122537146,nflverse_archive,2024,13,2024_13_TB_CAR,CAR,TB,nflverse,,nflverse_archive,false,archive_final_fallback,,win,0.9090909090909092,gaussian_unconditional,false,false,false,archive_final_fallback
moneyline,home,,-250,1.4,0.7005533457779001,0.7142857142857143,0.6853932584269663,0.01516008735093377,-0.01922531591094001,nflverse_archive,2024,13,2024_13_TEN_WAS,WAS,TEN,nflverse,,nflverse_archive,false,archive_final_fallback,,win,0.3999999999999999,gaussian_unconditional,false,false,false,archive_final_fallback
spread,home,-6.0,-108,1.925925925925926,0.5257615194168237,0.5192307692307692,0.4956702459300312,0.030091273486792525,0.012577741099067952,nflverse_archive,2024,13,2024_13_TEN_WAS,WAS,TEN,nflverse,,nflverse_archive,false,archive_final_fallback,,win,0.925925925925926,gaussian_unconditional,false,false,false,archive_final_fallback
total,over,45.0,-112,1.8928571428571428,0.6130023257322252,0.5283018867924528,0.5043297540699689,0.1086725716622563,0.1603258308502835,nflverse_archive,2024,13,2024_13_TEN_WAS,WAS,TEN,nflverse,,nflverse_archive,false,archive_final_fallback,,win,0.8928571428571428,gaussian_unconditional,false,false,false,archive_final_fallback
moneyline,home,,-250,1.4,0.7031375048854931,0.7142857142857143,0.6853932584269663,0.01774424645852679,-0.015607493160309738,nflverse_archive,2024,14,2024_14_ATL_MIN,MIN,ATL,nflverse,,nflverse_archive,false,archive_final_fallback,,win,0.3999999999999999,gaussian_unconditional,false,false,false,archive_final_fallback
spread,home,-6.0,-110,1.9090909090909092,0.5274935403436103,0.5238095238095238,0.5,0.02749354034361029,0.007033122474165099,nflverse_archive,2024,14,2024_14_ATL_MIN,MIN,ATL,nflverse,,nflverse_archive,false,archive_final_fallback,,win,0.9090909090909092,gaussian_unconditional,false,false,false,archive_final_fallback
total,under,46.5,-108,1.925925925925926,0.5777910453126816,0.5192307692307692,0.4956702459300312,0.08212079938265038,0.11278275393553483,nflverse_archive,2024,14,2024_14_ATL_MIN,MIN,ATL,nflverse,,nflverse_archive,false,archive_final_fallback,,loss,-1.0,gaussian_unconditional,false,false,false,archive_final_fallback
moneyline,away,,-192,1.5208333333333335,0.6648239372811177,0.6575342465753424,0.6309403437815976,0.03388359349952008,0.011086404615033185,nflverse_archive,2024,14,2024_14_BUF_LA,LA,BUF,nflverse,,nflverse_archive,false,archive_final_fallback,,loss,-1.0,gaussian_unconditional,false,false,false,archive_final_fallback
spread,away,-3.5,-118,1.847457627118644,0.5614793505983643,0.5412844036697247,0.5173641257162701,0.044115224882094184,0.03730930873257132,nflverse_archive,2024,14,2024_14_BUF_LA,LA,BUF,nflverse,,nflverse_archive,false,archive_final_fallback,,loss,-1.0,gaussian_unconditional,false,false,false,archive_final_fallback
total,under,49.5,-108,1.925925925925926,0.5628224878032698,0.5192307692307692,0.4956702459300312,0.06715224187323865,0.08395442095444561,nflverse_archive,2024,14,2024_14_BUF_LA,LA,BUF,nflverse,,nflverse_archive,false,archive_final_fallback,,loss,-1.0,gaussian_unconditional,false,false,false,archive_final_fallback
moneyline,away,,625,7.25,0.13523182124214017,0.13793103448275862,0.1322834645669291,0.002948356675211067,-0.01956929599448376,nflverse_archive,2024,14,2024_14_CAR_PHI,PHI,CAR,nflverse,,nflverse_archive,false,archive_final_fallback,,loss,-1.0,gaussian_unconditional,false,false,false,archive_final_fallback
spread,home,-14.0,-108,1.925925925925926,0.5072684050430906,0.5192307692307692,0.4956702459300312,0.011598159113059392,-0.02303862732441808,nflverse_archive,2024,14,2024_14_CAR_PHI,PHI,CAR,nflverse,,nflverse_archive,false,archive_final_fallback,,loss,-1.0,gaussian_unconditional,false,false,false,archive_final_fallback
total,over,44.5,-108,1.925925925925926,0.5502844924174157,0.5192307692307692,0.4956702459300312,0.054614246487384555,0.059807170581689606,nflverse_archive,2024,14,2024_14_CAR_PHI,PHI,CAR,nflverse,,nflverse_archive,false,archive_final_fallback,,loss,-1.0,gaussian_unconditional,false,false,false,archive_final_fallback
moneyline,away,,136,2.3600000000000003,0.4299531603951069,0.42372881355932196,0.4066302458405761,0.023322914554530783,0.014689458532452404,nflverse_archive,2024,14,2024_14_CHI_SF,SF,CHI,nflverse,,nflverse_archive,false,archive_final_fallback,,loss,-1.0,gaussian_unconditional,false,false,false,archive_final_fallback
spread,away,3.0,-110,1.9090909090909092,0.5222271829082324,0.5238095238095238,0.5,0.022227182908232446,-0.0030208326297380683,nflverse_archive,2024,14,2024_14_CHI_SF,SF,CHI,nflverse,,nflverse_archive,false,archive_final_fallback,,loss,-1.0,gaussian_unconditional,false,false,false,archive_final_fallback
total,under,43.5,-108,1.925925925925926,0.5073699875694445,0.5192307692307692,0.4956702459300312,0.011699741639413341,-0.022842986903292006,nflverse_archive,2024,14,2024_14_CHI_SF,SF,CHI,nflverse,,nflverse_archive,false,archive_final_fallback,,loss,-1.0,gaussian_unconditional,false,false,false,archive_final_fallback
moneyline,home,,190,2.9,0.4787203169746931,0.3448275862068966,0.33099297893681046,0.14772733803788263,0.3882889192266099,nflverse_archive,2024,14,2024_14_CIN_DAL,DAL,CIN,nflverse,,nflverse_archive,false,archive_final_fallback,,loss,-1.0,gaussian_unconditional,false,false,false,archive_final_fallback
spread,home,5.0,-110,1.9090909090909092,0.6306959014610036,0.5238095238095238,0.5,0.13069590146100363,0.20405581188009791,nflverse_archive,2024,14,2024_14_CIN_DAL,DAL,CIN,nflverse,,nflverse_archive,false,archive_final_fallback,,loss,-1.0,gaussian_unconditional,false,false,false,archive_final_fallback
total,over,51.0,-108,1.925925925925926,0.5877224374209326,0.5192307692307692,0.4956702459300312,0.09205219149090138,0.13190987947735167,nflverse_archive,2024,14,2024_14_CIN_DAL,DAL,CIN,nflverse,,nflverse_archive,false,archive_final_fallback,,loss,-1.0,gaussian_unconditional,false,false,false,archive_final_fallback
moneyline,home,,-258,1.3875968992248062,0.7477217489645118,0.7206703910614525,0.690792883054068,0.05692886591044377,0.03753638034610551,nflverse_archive,2024,14,2024_14_CLE_PIT,PIT,CLE,nflverse,,nflverse_archive,false,archive_final_fallback,,win,0.3875968992248062,gaussian_unconditional,false,false,false,archive_final_fallback
spread,home,-6.0,-108,1.925925925925926,0.5803787488114659,0.5192307692307692,0.4956702459300312,0.08470850288143472,0.11776647919245287,nflverse_archive,2024,14,2024_14_CLE_PIT,PIT,CLE,nflverse,,nflverse_archive,false,archive_final_fallback,,win,0.925925925925926,gaussian_unconditional,false,false,false,archive_final_fallback
total,under,43.0,-110,1.9090909090909092,0.5177538717647847,0.5238095238095238,0.5,0.017753871764784712,-0.011560790267229115,nflverse_archive,2024,14,2024_14_CLE_PIT,PIT,CLE,nflverse,,nflverse_archive,false,archive_final_fallback,,win,0.9090909090909092,gaussian_unconditional,false,false,false,archive_final_fallback
moneyline,home,,-170,1.5882352941176472,0.6915757671421817,0.6296296296296295,0.6037569709421778,0.08781879620000388,0.0983850419317005,nflverse_archive,2024,14,2024_14_GB_DET,DET,GB,nflverse,,nflverse_archive,false,archive_final_fallback,,win,0.5882352941176472,gaussian_unconditional,false,false,false,archive_final_fallback
spread,home,-3.0,-120,1.8333333333333335,0.6056827848599431,0.5454545454545454,0.5217391304347826,0.0839436544251605,0.11041843890989567,nflverse_archive,2024,14,2024_14_GB_DET,DET,GB,nflverse,,nflverse_archive,false,archive_final_fallback,,push,0.0,gaussian_unconditional,false,false,false,archive_final_fallback
total,under,53.0,-110,1.9090909090909092,0.6377522524375879,0.5238095238095238,0.5,0.13775225243758793,0.21752702738084984,nflverse_archive,2024,14,2024_14_GB_DET,DET,GB,nflverse,,nflverse_archive,false,archive_final_fallback,,loss,-1.0,gaussian_unconditional,false,false,false,archive_final_fallback
moneyline,away,,142,2.42,0.4474576319800886,0.4132231404958678,0.3962430290578222,0.05121460292226637,0.08284746939181442,nflverse_archive,2024,14,2024_14_JAX_TEN,TEN,JAX,nflverse,,nflverse_archive,false,archive_final_fallback,,win,1.42,gaussian_unconditional,false,false,false,archive_final_fallback
spread,away,3.0,-105,1.9523809523809523,0.5398874934899294,0.5121951219512195,0.4891657638136511,0.05072172967627825,0.054066058718433396,nflverse_archive,2024,14,2024_14_JAX_TEN,TEN,JAX,nflverse,,nflverse_archive,false,archive_final_fallback,,win,0.9523809523809523,gaussian_unconditional,false,false,false,archive_final_fallback
total,over,40.0,-112,1.8928571428571428,0.7013736662522432,0.5283018867924528,0.5043297540699689,0.19704391218227424,0.32760015397746023,nflverse_archive,2024,14,2024_14_JAX_TEN,TEN,JAX,nflverse,,nflverse_archive,false,archive_final_fallback,,loss,-1.0,gaussian_unconditional,false,false,false,archive_final_fallback
moneyline,away,,195,2.95,0.4367789831694392,0.3389830508474576,0.32496875300451883,0.11181023016492037,0.28849800034984563,nflverse_archive,2024,14,2024_14_LAC_KC,KC,LAC,nflverse,,nflverse_archive,false,archive_final_fallback,,loss,-1.0,gaussian_unconditional,false,false,false,archive_final_fallback
spread,away,5.0,-115,1.8695652173913042,0.5901464920796424,0.5348837209302326,0.5108342361863489,0.07931225589329349,0.1033173547575923,nflverse_archive,2024,14,2024_14_LAC_KC,KC,LAC,nflverse,,nflverse_archive,false,archive_final_fallback,,win,0.8695652173913042,gaussian_unconditional,false,false,false,archive_final_fallback
total,under,43.5,-110,1.9090909090909092,0.6395726960370903,0.5238095238095238,0.5,0.13957269603709033,0.2210024197071725,nflverse_archive,2024,14,2024_14_LAC_KC,KC,LAC,nflverse,,nflverse_archive,false,archive_final_fallback,,win,0.9090909090909092,gaussian_unconditional,false,false,false,archive_final_fallback
moneyline,home,,-325,1.3076923076923077,0.7490609811949356,0.7647058823529411,0.7335423197492164,0.015518661445719228,-0.020458716898930418,nflverse_archive,2024,14,2024_14_LV_TB,TB,LV,nflverse,,nflverse_archive,false,archive_final_fallback,,win,0.3076923076923077,gaussian_unconditional,false,false,false,archive_final_fallback
spread,home,-7.0,-105,1.9523809523809523,0.5515783629457909,0.5121951219512195,0.4891657638136511,0.06241259913213976,0.07689108956082968,nflverse_archive,2024,14,2024_14_LV_TB,TB,LV,nflverse,,nflverse_archive,false,archive_final_fallback,,win,0.9523809523809523,gaussian_unconditional,false,false,false,archive_final_fallback
total,over,47.0,-108,1.925925925925926,0.5684884100558103,0.5192307692307692,0.4956702459300312,0.07281816412577913,0.09486656751489408,nflverse_archive,2024,14,2024_14_LV_TB,TB,LV,nflverse,,nflverse_archive,false,archive_final_fallback,,loss,-1.0,gaussian_unconditional,false,false,false,archive_final_fallback
moneyline,home,,200,3.0,0.42108489088007206,0.3333333333333333,0.3194444444444444,0.10164044643562764,0.2632546726402163,nflverse_archive,2024,14,2024_14_NO_NYG,NYG,NO,nflverse,,nflverse_archive,false,archive_final_fallback,,loss,-1.0,gaussian_unconditional,false,false,false,archive_final_fallback
spread,home,5.5,-105,1.9523809523809523,0.5896520501762113,0.5121951219512195,0.4891657638136511,0.10048628636256013,0.1512254312964123,nflverse_archive,2024,14,2024_14_NO_NYG,NYG,NO,nflverse,,nflverse_archive,false,archive_final_fallback,,win,0.9523809523809523,gaussian_unconditional,false,false,false,archive_final_fallback
total,under,41.0,-110,1.9090909090909092,0.5050220026136603,0.5238095238095238,0.5,0.005022002613660259,-0.03586708591937582,nflverse_archive,2024,14,2024_14_NO_NYG,NYG,NO,nflverse,,nflverse_archive,false,archive_final_fallback,,win,0.9090909090909092,gaussian_unconditional,false,false,false,archive_final_fallback
moneyline,away,,240,3.4,0.41684731699864586,0.29411764705882354,0.2820294784580499,0.13481783854059598,0.4172808777953958,nflverse_archive,2024,14,2024_14_NYJ_MIA,MIA,NYJ,nflverse,,nflverse_archive,false,archive_final_fallback,,loss,-1.0,gaussian_unconditional,false,false,false,archive_final_fallback
spread,away,6.5,-108,1.925925925925926,0.6153214413835587,0.5192307692307692,0.4956702459300312,0.11965119545352754,0.1850635167387058,nflverse_archive,2024,14,2024_14_NYJ_MIA,MIA,NYJ,nflverse,,nflverse_archive,false,archive_final_fallback,,win,0.925925925925926,gaussian_unconditional,false,false,false,archive_final_fallback
total,under,45.0,-112,1.8928571428571428,0.6053299095696614,0.5283018867924528,0.5043297540699689,0.10100015549969243,0.14580304311400183,nflverse_archive,2024,14,2024_14_NYJ_MIA,MIA,NYJ,nflverse,,nflverse_archive,false,archive_final_fallback,,loss,-1.0,gaussian_unconditional,false,false,false,archive_final_fallback
moneyline,away,,145,2.45,0.42191360604255745,0.4081632653061224,0.3907637655417407,0.03114984050081676,0.03368833480426581,nflverse_archive,2024,14,2024_14_SEA_ARI,ARI,SEA,nflverse,,nflverse_archive,false,archive_final_fallback,,win,1.4500000000000002,gaussian_unconditional,false,false,false,archive_final_fallback
spread,away,3.0,-105,1.9523809523809523,0.5140546769869583,0.5121951219512195,0.4891657638136511,0.02488891317330716,0.003630559831680369,nflverse_archive,2024,14,2024_14_SEA_ARI,ARI,SEA,nflverse,,nflverse_archive,false,archive_final_fallback,,win,0.9523809523809523,gaussian_unconditional,false,false,false,archive_final_fallback
total,under,45.5,-110,1.9090909090909092,0.5220813779269081,0.5238095238095238,0.5,0.02208137792690812,-0.0032991875940844295,nflverse_archive,2024,14,2024_14_SEA_ARI,ARI,SEA,nflverse,,nflverse_archive,false,archive_final_fallback,,loss,-1.0,gaussian_unconditional,false,false,false,archive_final_fallback
moneyline,home,,275,3.75,0.4814450888221278,0.26666666666666666,0.2559309849029475,0.22551410391918025,0.8054190830829793,nflverse_archive,2024,15,2024_15_ATL_LV,LV,ATL,nflverse,,nflverse_archive,false,archive_final_fallback,,loss,-1.0,gaussian_unconditional,false,false,false,archive_final_fallback
spread,home,6.5,-110,1.9090909090909092,0.6767408205397328,0.5238095238095238,0.5,0.17674082053973283,0.29195974830312643,nflverse_archive,2024,15,2024_15_ATL_LV,LV,ATL,nflverse,,nflverse_archive,false,archive_final_fallback,,win,0.9090909090909092,gaussian_unconditional,false,false,false,archive_final_fallback
total,over,44.5,-110,1.9090909090909092,0.553214318451116,0.5238095238095238,0.5,0.053214318451116016,0.05613642613394876,nflverse_archive,2024,15,2024_15_ATL_LV,LV,ATL,nflverse,,nflverse_archive,false,archive_final_fallback,,loss,-1.0,gaussian_unconditional,false,false,false,archive_final_fallback
moneyline,home,,1000,11.0,0.2803378673360444,0.09090909090909091,0.08755760368663595,0.19278026364940842,2.0837165406964884,nflverse_archive,2024,15,2024_15_BAL_NYG,NYG,BAL,nflverse,,nflverse_archive,false,archive_final_fallback,,loss,-1.0,gaussian_unconditional,false,false,false,archive_final_fallback
spread,home,16.5,-108,1.925925925925926,0.7581669604905086,0.5192307692307692,0.4956702459300312,0.2624967145604774,0.46017340538912777,nflverse_archive,2024,15,2024_15_BAL_NYG,NYG,BAL,nflverse,,nflverse_archive,false,archive_final_fallback,,loss,-1.0,gaussian_unconditional,false,false,false,archive_final_fallback
total,over,43.5,-108,1.925925925925926,0.5180347800019678,0.5192307692307692,0.4956702459300312,0.022364534071936615,-0.002303386662876772,nflverse_archive,2024,15,2024_15_BAL_NYG,NYG,BAL,nflverse,,nflverse_archive,false,archive_final_fallback,,win,0.925925925925926,gaussian_unconditional,false,false,false,archive_final_fallback
moneyline,home,,-130,1.7692307692307692,0.6321692731474227,0.5652173913043479,0.5427435387673957,0.08942573438002699,0.1184533294146708,nflverse_archive,2024,15,2024_15_BUF_DET,DET,BUF,nflverse,,nflverse_archive,false,archive_final_fallback,,loss,-1.0,gaussian_unconditional,false,false,false,archive_final_fallback
spread,home,-2.5,-110,1.9090909090909092,0.5569824339674339,0.5238095238095238,0.5,0.056982433967433854,0.0633301012105556,nflverse_archive,2024,15,2024_15_BUF_DET,DET,BUF,nflverse,,nflverse_archive,false,archive_final_fallback,,loss,-1.0,gaussian_unconditional,false,false,false,archive_final_fallback
total,under,55.5,-110,1.9090909090909092,0.6074404530195165,0.5238095238095238,0.5,0.10744045301951655,0.15965904667362252,nflverse_archive,2024,15,2024_15_BUF_DET,DET,BUF,nflverse,,nflverse_archive,false,archive_final_fallback,,loss,-1.0,gaussian_unconditional,false,false,false,archive_final_fallback
moneyline,away,,260,3.6,0.2875502308513733,0.2777777777777778,0.26645768025078376,0.021092550600589566,0.03518083106494396,nflverse_archive,2024,15,2024_15_CHI_MIN,MIN,CHI,nflverse,,nflverse_archive,false,archive_final_fallback,,loss,-1.0,gaussian_unconditional,false,false,false,archive_final_fallback
spread,home,-7.0,-105,1.9523809523809523,0.5066094162428423,0.5121951219512195,0.4891657638136511,0.01744365242919116,-0.010905425430641325,nflverse_archive,2024,15,2024_15_CHI_MIN,MIN,CHI,nflverse,,nflverse_archive,false,archive_final_fallback,,win,0.9523809523809523,gaussian_unconditional,false,false,false,archive_final_fallback
total,under,43.5,-110,1.9090909090909092,0.5437943138550574,0.5238095238095238,0.5,0.04379431385505739,0.03815278099601871,nflverse_archive,2024,15,2024_15_CHI_MIN,MIN,CHI,nflverse,,nflverse_archive,false,archive_final_fallback,,win,0.9090909090909092,gaussian_unconditional,false,false,false,archive_final_fallback
moneyline,home,,205,3.05,0.4188290214878183,0.3278688524590164,0.3146067415730337,0.10422227991478461,0.27742851553784575,nflverse_archive,2024,15,2024_15_CIN_TEN,TEN,CIN,nflverse,,nflverse_archive,false,archive_final_fallback,,loss,-1.0,gaussian_unconditional,false,false,false,archive_final_fallback
spread,home,6.0,-110,1.9090909090909092,0.6031022047562744,0.5238095238095238,0.5,0.10310220475627441,0.15137693635288763,nflverse_archive,2024,15,2024_15_CIN_TEN,TEN,CIN,nflverse,,nflverse_archive,false,archive_final_fallback,,loss,-1.0,gaussian_unconditional,false,false,false,archive_final_fallback
total,over,46.5,-108,1.925925925925926,0.6099708304260699,0.5192307692307692,0.4956702459300312,0.11430058449603875,0.17475863637613465,nflverse_archive,2024,15,2024_15_CIN_TEN,TEN,CIN,nflverse,,nflverse_archive,false,archive_final_fallback,,win,0.925925925925926,gaussian_unconditional,false,false,false,archive_final_fallback
moneyline,away,,120,2.2,0.5735393295518425,0.45454545454545453,0.43650793650793646,0.13703139304390605,0.26178652501405364,nflverse_archive,2024,15,2024_15_DAL_CAR,CAR,DAL,nflverse,,nflverse_archive,false,archive_final_fallback,,win,1.2000000000000002,gaussian_unconditional,false,false,false,archive_final_fallback
spread,away,2.5,100,2.0,0.6479061364354692,0.5,0.4782608695652174,0.16964526687025183,0.2958122728709385,nflverse_archive,2024,15,2024_15_DAL_CAR,CAR,DAL,nflverse,,nflverse_archive,false,archive_final_fallback,,win,1.0,gaussian_unconditional,false,false,false,archive_final_fallback
total,over,42.0,-108,1.925925925925926,0.6916195947167318,0.5192307692307692,0.4956702459300312,0.19594934878670067,0.3320081083433355,nflverse_archive,2024,15,2024_15_DAL_CAR,CAR,DAL,nflverse,,nflverse_archive,false,archive_final_fallback,,win,0.925925925925926,gaussian_unconditional,false,false,false,archive_final_fallback
moneyline,home,,136,2.3600000000000003,0.45861453117892514,0.42372881355932196,0.4066302458405761,0.051984285338349034,0.0823302935822634,nflverse_archive,2024,15,2024_15_GB_SEA,SEA,GB,nflverse,,nflverse_archive,false,archive_final_fallback,,loss,-1.0,gaussian_unconditional,false,false,false,archive_final_fallback
spread,home,3.0,-110,1.9090909090909092,0.5514053592601527,0.5238095238095238,0.5,0.05140535926015266,0.05268295858756411,nflverse_archive,2024,15,2024_15_GB_SEA,SEA,GB,nflverse,,nflverse_archive,false,archive_final_fallback,,loss,-1.0,gaussian_unconditional,false,false,false,archive_final_fallback
total,under,48.0,-110,1.9090909090909092,0.5373375694497262,0.5238095238095238,0.5,0.037337569449726216,0.02582626894947726,nflverse_archive,2024,15,2024_15_GB_SEA,SEA,GB,nflverse,,nflverse_archive,false,archive_final_fallback,,win,0.9090909090909092,gaussian_unconditional,false,false,false,archive_final_fallback
moneyline,away,,195,2.95,0.32884359204229674,0.3389830508474576,0.32496875300451883,0.0038748390377779107,-0.029911403475224585,nflverse_archive,2024,15,2024_15_IND_DEN,DEN,IND,nflverse,,nflverse_archive,false,archive_final_fallback,,loss,-1.0,gaussian_unconditional,false,false,false,archive_final_fallback
spread,home,-4.5,-115,1.8695652173913042,0.537208016325414,0.5348837209302326,0.5108342361863489,0.026373780139065106,0.00434542182577391,nflverse_archive,2024,15,2024_15_IND_DEN,DEN,IND,nflverse,,nflverse_archive,false,archive_final_fallback,,win,0.8695652173913042,gaussian_unconditional,false,false,false,archive_final_fallback
total,under,43.5,-108,1.925925925925926,0.5223885714285372,0.5192307692307692,0.4956702459300312,0.026718325498506057,0.006081693121627207,nflverse_archive,2024,15,2024_15_IND_DEN,DEN,IND,nflverse,,nflverse_archive,false,archive_final_fallback,,loss,-1.0,gaussian_unconditional,false,false,false,archive_final_fallback
moneyline,home,,190,2.9,0.34818292196873957,0.3448275862068966,0.33099297893681046,0.01718994303192911,0.009730473709344656,nflverse_archive,2024,15,2024_15_KC_CLE,CLE,KC,nflverse,,nflverse_archive,false,archive_final_fallback,,loss,-1.0,gaussian_unconditional,false,false,false,archive_final_fallback
spread,away,-4.5,-110,1.9090909090909092,0.5161625339637992,0.5238095238095238,0.5,0.016162533963799186,-0.014598798796383372,nflverse_archive,2024,15,2024_15_KC_CLE,CLE,KC,nflverse,,nflverse_archive,false,archive_final_fallback,,win,0.9090909090909092,gaussian_unconditional,false,false,false,archive_final_fallback
total,over,41.5,-108,1.925925925925926,0.5280797806270334,0.5192307692307692,0.4956702459300312,0.03240953469700225,0.017042540466879252,nflverse_archive,2024,15,2024_15_KC_CLE,CLE,KC,nflverse,,nflverse_archive,false,archive_final_fallback,,loss,-1.0,gaussian_unconditional,false,false,false,archive_final_fallback
moneyline,home,,-155,1.6451612903225805,0.6186115547756228,0.607843137254902,0.5829926410466066,0.035618913729016155,0.01771578366312121,nflverse_archive,2024,15,2024_15_LA_SF,SF,LA,nflverse,,nflverse_archive,false,archive_final_fallback,,loss,-1.0,gaussian_unconditional,false,false,false,archive_final_fallback
spread,home,-3.0,-102,1.9803921568627452,0.5273852810327743,0.504950495049505,0.4826358742837298,0.044749406749044485,0.04442967420216082,nflverse_archive,2024,15,2024_15_LA_SF,SF,LA,nflverse,,nflverse_archive,false,archive_final_fallback,,loss,-1.0,gaussian_unconditional,false,false,false,archive_final_fallback
total,over,48.5,-110,1.9090909090909092,0.5021115259060195,0.5238095238095238,0.5,0.0021115259060194846,-0.04142345054305363,nflverse_archive,2024,15,2024_15_LA_SF,SF,LA,nflverse,,nflverse_archive,false,archive_final_fallback,,loss,-1.0,gaussian_unconditional,false,false,false,archive_final_fallback
moneyline,home,,-155,1.6451612903225805,0.6248182971278695,0.607843137254902,0.5829926410466066,0.041825656081262874,0.02792687592004328,nflverse_archive,2024,15,2024_15_MIA_HOU,HOU,MIA,nflverse,,nflverse_archive,false,archive_final_fallback,,win,0.6451612903225805,gaussian_unconditional,false,false,false,archive_final_fallback
spread,home,-2.5,-115,1.8695652173913042,0.5492944356365206,0.5348837209302326,0.5108342361863489,0.03846019945017165,0.0269417709726254,nflverse_archive,2024,15,2024_15_MIA_HOU,HOU,MIA,nflverse,,nflverse_archive,false,archive_final_fallback,,win,0.8695652173913042,gaussian_unconditional,false,false,false,archive_final_fallback
total,under,46.5,-112,1.8928571428571428,0.5490056593232109,0.5283018867924528,0.5043297540699689,0.04467590525324194,0.03918928371893493,nflverse_archive,2024,15,2024_15_MIA_HOU,HOU,MIA,nflverse,,nflverse_archive,false,archive_final_fallback,,win,0.8928571428571428,gaussian_unconditional,false,false,false,archive_final_fallback
moneyline,home,,-258,1.3875968992248062,0.7128135155172728,0.7206703910614525,0.690792883054068,0.022020632463204737,-0.01090217614269895,nflverse_archive,2024,15,2024_15_NE_ARI,ARI,NE,nflverse,,nflverse_archive,false,archive_final_fallback,,win,0.3875968992248062,gaussian_unconditional,false,false,false,archive_final_fallback
spread,home,-6.0,-112,1.8928571428571428,0.537980724881232,0.5283018867924528,0.5043297540699689,0.033650970811263115,0.018320657810903418,nflverse_archive,2024,15,2024_15_NE_ARI,ARI,NE,nflverse,,nflverse_archive,false,archive_final_fallback,,win,0.8928571428571428,gaussian_unconditional,false,false,false,archive_final_fallback
total,under,46.5,-110,1.9090909090909092,0.6522024022977142,0.5238095238095238,0.5,0.1522024022977142,0.24511367711381804,nflverse_archive,2024,15,2024_15_NE_ARI,ARI,NE,nflverse,,nflverse_archive,false,archive_final_fallback,,loss,-1.0,gaussian_unconditional,false,false,false,archive_final_fallback
moneyline,home,,145,2.45,0.5078876449752494,0.4081632653061224,0.3907637655417407,0.11712387943350872,0.24432473018936118,nflverse_archive,2024,15,2024_15_NYJ_JAX,JAX,NYJ,nflverse,,nflverse_archive,false,archive_final_fallback,,loss,-1.0,gaussian_unconditional,false,false,false,archive_final_fallback
spread,home,3.5,-118,1.847457627118644,0.6147674106128214,0.5412844036697247,0.5173641257162701,0.09740328489655126,0.135756741640636,nflverse_archive,2024,15,2024_15_NYJ_JAX,JAX,NYJ,nflverse,,nflverse_archive,false,archive_final_fallback,,loss,-1.0,gaussian_unconditional,false,false,false,archive_final_fallback
total,over,41.5,-108,1.925925925925926,0.5567591472929845,0.5192307692307692,0.4956702459300312,0.06108890136295331,0.07227687626797019,nflverse_archive,2024,15,2024_15_NYJ_JAX,JAX,NYJ,nflverse,,nflverse_archive,false,archive_final_fallback,,win,0.925925925925926,gaussian_unconditional,false,false,false,archive_final_fallback
moneyline,away,,215,3.15,0.4018910579809334,0.31746031746031744,0.30423004792665137,0.09766101005428202,0.2659568326399402,nflverse_archive,2024,15,2024_15_PIT_PHI,PHI,PIT,nflverse,,nflverse_archive,false,archive_final_fallback,,loss,-1.0,gaussian_unconditional,false,false,false,archive_final_fallback
spread,away,5.5,-110,1.9090909090909092,0.571016808567376,0.5238095238095238,0.5,0.07101680856737602,0.09012299817408165,nflverse_archive,2024,15,2024_15_PIT_PHI,PHI,PIT,nflverse,,nflverse_archive,false,archive_final_fallback,,loss,-1.0,gaussian_unconditional,false,false,false,archive_final_fallback
total,under,43.0,-110,1.9090909090909092,0.5117873893808221,0.5238095238095238,0.5,0.011787389380822133,-0.02295134754570316,nflverse_archive,2024,15,2024_15_PIT_PHI,PHI,PIT,nflverse,,nflverse_archive,false,archive_final_fallback,,win,0.9090909090909092,gaussian_unconditional,false,false,false,archive_final_fallback
moneyline,away,,136,2.3600000000000003,0.4366259791289371,0.42372881355932196,0.4066302458405761,0.02999573328836097,0.03043731074429168,nflverse_archive,2024,15,2024_15_TB_LAC,LAC,TB,nflverse,,nflverse_archive,false,archive_final_fallback,,win,1.3600000000000003,gaussian_unconditional,false,false,false,archive_final_fallback
spread,away,3.0,-105,1.9523809523809523,0.5293389834592804,0.5121951219512195,0.4891657638136511,0.04017321964562931,0.033471348658595135,nflverse_archive,2024,15,2024_15_TB_LAC,LAC,TB,nflverse,,nflverse_archive,false,archive_final_fallback,,win,0.9523809523809523,gaussian_unconditional,false,false,false,archive_final_fallback
total,under,46.0,-108,1.925925925925926,0.567327702518431,0.5192307692307692,0.4956702459300312,0.07165745658839984,0.09263113077623752,nflverse_archive,2024,15,2024_15_TB_LAC,LAC,TB,nflverse,,nflverse_archive,false,archive_final_fallback,,loss,-1.0,gaussian_unconditional,false,false,false,archive_final_fallback
moneyline,home,,295,3.95,0.48305356431278645,0.2531645569620253,0.24281150159744405,0.2402420627153424,0.9080615790355067,nflverse_archive,2024,15,2024_15_WAS_NO,NO,WAS,nflverse,,nflverse_archive,false,archive_final_fallback,,loss,-1.0,gaussian_unconditional,false,false,false,archive_final_fallback
spread,home,7.5,-108,1.925925925925926,0.7055230709283836,0.5192307692307692,0.4956702459300312,0.20985282499835245,0.35878517363984996,nflverse_archive,2024,15,2024_15_WAS_NO,NO,WAS,nflverse,,nflverse_archive,false,archive_final_fallback,,win,0.925925925925926,gaussian_unconditional,false,false,false,archive_final_fallback
total,over,44.5,-112,1.8928571428571428,0.6466011864690479,0.5283018867924528,0.5043297540699689,0.1422714323990789,0.22392367438784055,nflverse_archive,2024,15,2024_15_WAS_NO,NO,WAS,nflverse,,nflverse_archive,false,archive_final_fallback,,loss,-1.0,gaussian_unconditional,false,false,false,archive_final_fallback
moneyline,away,,-245,1.4081632653061225,0.7033811109680184,0.7101449275362319,0.6805555555555556,0.022825555412462784,-0.00952455802462715,nflverse_archive,2024,16,2024_16_ARI_CAR,CAR,ARI,nflverse,,nflverse_archive,false,archive_final_fallback,,loss,-1.0,gaussian_unconditional,false,false,false,archive_final_fallback
spread,away,-5.5,-110,1.9090909090909092,0.542122556615567,0.5238095238095238,0.5,0.042122556615566964,0.03496124444790061,nflverse_archive,2024,16,2024_16_ARI_CAR,CAR,ARI,nflverse,,nflverse_archive,false,archive_final_fallback,,loss,-1.0,gaussian_unconditional,false,false,false,archive_final_fallback
total,under,47.0,-110,1.9090909090909092,0.5360337168879945,0.5238095238095238,0.5,0.036033716887994505,0.023337095877080438,nflverse_archive,2024,16,2024_16_ARI_CAR,CAR,ARI,nflverse,,nflverse_archive,false,archive_final_fallback,,loss,-1.0,gaussian_unconditional,false,false,false,archive_final_fallback
moneyline,away,,425,5.25,0.3143079842455466,0.19047619047619047,0.18274111675126903,0.1315668674942776,0.6501169172891197,nflverse_archive,2024,16,2024_16_CLE_CIN,CIN,CLE,nflverse,,nflverse_archive,false,archive_final_fallback,,loss,-1.0,gaussian_unconditional,false,false,false,archive_final_fallback
spread,away,10.0,-108,1.925925925925926,0.6160695441922562,0.5192307692307692,0.4956702459300312,0.12039929826222506,0.1865043073332342,nflverse_archive,2024,16,2024_16_CLE_CIN,CIN,CLE,nflverse,,nflverse_archive,false,archive_final_fallback,,loss,-1.0,gaussian_unconditional,false,false,false,archive_final_fallback
total,over,46.5,-108,1.925925925925926,0.6155536354894805,0.5192307692307692,0.4956702459300312,0.11988338955944933,0.18551070538714765,nflverse_archive,2024,16,2024_16_CLE_CIN,CIN,CLE,nflverse,,nflverse_archive,false,archive_final_fallback,,loss,-1.0,gaussian_unconditional,false,false,false,archive_final_fallback
moneyline,away,,124,2.24,0.49230904948266985,0.4464285714285714,0.4279403644395361,0.06436868504313376,0.10277227084118046,nflverse_archive,2024,16,2024_16_DEN_LAC,LAC,DEN,nflverse,,nflverse_archive,false,archive_final_fallback,,loss,-1.0,gaussian_unconditional,false,false,false,archive_final_fallback
spread,away,3.0,-120,1.8333333333333335,0.5848728430283736,0.5454545454545454,0.5217391304347826,0.06313371259359102,0.07226687888535177,nflverse_archive,2024,16,2024_16_DEN_LAC,LAC,DEN,nflverse,,nflverse_archive,false,archive_final_fallback,,loss,-1.0,gaussian_unconditional,false,false,false,archive_final_fallback
total,under,41.5,-110,1.9090909090909092,0.5601103493878028,0.5238095238095238,0.5,0.0601103493878028,0.06930157610398724,nflverse_archive,2024,16,2024_16_DEN_LAC,LAC,DEN,nflverse,,nflverse_archive,false,archive_final_fallback,,loss,-1.0,gaussian_unconditional,false,false,false,archive_final_fallback
moneyline,home,,270,3.7,0.26282139098978563,0.27027027027027023,0.2591283863368669,0.003693004652918719,-0.027560853337793123,nflverse_archive,2024,16,2024_16_DET_CHI,CHI,DET,nflverse,,nflverse_archive,false,archive_final_fallback,,loss,-1.0,gaussian_unconditional,false,false,false,archive_final_fallback
spread,away,-7.0,-110,1.9090909090909092,0.5356483628105697,0.5238095238095238,0.5,0.03564836281056971,0.022601419911087772,nflverse_archive,2024,16,2024_16_DET_CHI,CHI,DET,nflverse,,nflverse_archive,false,archive_final_fallback,,win,0.9090909090909092,gaussian_unconditional,false,false,false,archive_final_fallback
total,under,47.5,-110,1.9090909090909092,0.5110615518138469,0.5238095238095238,0.5,0.011061551813846937,-0.02433703744629212,nflverse_archive,2024,16,2024_16_DET_CHI,CHI,DET,nflverse,,nflverse_archive,false,archive_final_fallback,,loss,-1.0,gaussian_unconditional,false,false,false,archive_final_fallback
moneyline,home,,-180,1.5555555555555556,0.6220300376264043,0.6428571428571428,0.6164383561643836,0.0055916814620207145,-0.03239771924781554,nflverse_archive,2024,16,2024_16_HOU_KC,KC,HOU,nflverse,,nflverse_archive,false,archive_final_fallback,,win,0.5555555555555556,gaussian_unconditional,false,false,false,archive_final_fallback
spread,home,-3.5,100,2.0,0.5152435873315397,0.5,0.4782608695652174,0.03698271776632234,0.030487174663079486,nflverse_archive,2024,16,2024_16_HOU_KC,KC,HOU,nflverse,,nflverse_archive,false,archive_final_fallback,,win,1.0,gaussian_unconditional,false,false,false,archive_final_fallback
total,under,42.5,-108,1.925925925925926,0.5064585574055402,0.5192307692307692,0.4956702459300312,0.010788311475509071,-0.024598333885626156,nflverse_archive,2024,16,2024_16_HOU_KC,KC,HOU,nflverse,,nflverse_archive,false,archive_final_fallback,,loss,-1.0,gaussian_unconditional,false,false,false,archive_final_fallback
moneyline,away,,110,2.1,0.46343475148274593,0.47619047619047616,0.4572564612326044,0.006178290250141549,-0.026787021886233497,nflverse_archive,2024,16,2024_16_JAX_LV,LV,JAX,nflverse,,nflverse_archive,false,archive_final_fallback,,loss,-1.0,gaussian_unconditional,false,false,false,archive_final_fallback
spread,away,2.5,-110,1.9090909090909092,0.5409900512942926,0.5238095238095238,0.5,0.04099005129429256,0.03279918883455868,nflverse_archive,2024,16,2024_16_JAX_LV,LV,JAX,nflverse,,nflverse_archive,false,archive_final_fallback,,loss,-1.0,gaussian_unconditional,false,false,false,archive_final_fallback
total,over,41.5,-108,1.925925925925926,0.6007301533718026,0.5192307692307692,0.4956702459300312,0.1050599074417714,0.15696177686421242,nflverse_archive,2024,16,2024_16_JAX_LV,LV,JAX,nflverse,,nflverse_archive,false,archive_final_fallback,,loss,-1.0,gaussian_unconditional,false,false,false,archive_final_fallback
moneyline,home,,136,2.3600000000000003,0.4908659981497473,0.42372881355932196,0.4066302458405761,0.08423575230917119,0.15844375563340374,nflverse_archive,2024,16,2024_16_LA_NYJ,NYJ,LA,nflverse,,nflverse_archive,false,archive_final_fallback,,loss,-1.0,gaussian_unconditional,false,false,false,archive_final_fallback
spread,home,3.0,-115,1.8695652173913042,0.583461714158718,0.5348837209302326,0.5108342361863489,0.07262747797236901,0.09081972647064651,nflverse_archive,2024,16,2024_16_LA_NYJ,NYJ,LA,nflverse,,nflverse_archive,false,archive_final_fallback,,loss,-1.0,gaussian_unconditional,false,false,false,archive_final_fallback
total,under,47.0,-110,1.9090909090909092,0.5655152980507376,0.5238095238095238,0.5,0.06551529805073764,0.0796201144604991,nflverse_archive,2024,16,2024_16_LA_NYJ,NYJ,LA,nflverse,,nflverse_archive,false,archive_final_fallback,,win,0.9090909090909092,gaussian_unconditional,false,false,false,archive_final_fallback
moneyline,away,,-148,1.6756756756756757,0.5823399768341998,0.5967741935483871,0.5720596355604638,0.010280341273736004,-0.024187065845394984,nflverse_archive,2024,16,2024_16_MIN_SEA,SEA,MIN,nflverse,,nflverse_archive,false,archive_final_fallback,,win,0.6756756756756757,gaussian_unconditional,false,false,false,archive_final_fallback
spread,home,2.5,-105,1.9523809523809523,0.4947457281092613,0.5121951219512195,0.4891657638136511,0.005579964295610196,-0.034067864167632744,nflverse_archive,2024,16,2024_16_MIN_SEA,SEA,MIN,nflverse,,nflverse_archive,false,archive_final_fallback,,loss,-1.0,gaussian_unconditional,false,false,false,archive_final_fallback
total,over,43.0,-105,1.9523809523809523,0.5535583895568893,0.5121951219512195,0.4891657638136511,0.06439262574323817,0.08075685580154568,nflverse_archive,2024,16,2024_16_MIN_SEA,SEA,MIN,nflverse,,nflverse_archive,false,archive_final_fallback,,win,0.9523809523809523,gaussian_unconditional,false,false,false,archive_final_fallback
moneyline,away,,700,8.0,0.14855341531892696,0.125,0.12,0.028553415318926967,0.1884273225514157,nflverse_archive,2024,16,2024_16_NE_BUF,BUF,NE,nflverse,,nflverse_archive,false,archive_final_fallback,,loss,-1.0,gaussian_unconditional,false,false,false,archive_final_fallback
spread,away,14.0,-110,1.9090909090909092,0.5190351099368664,0.5238095238095238,0.5,0.019035109936866412,-0.009114790120527738,nflverse_archive,2024,16,2024_16_NE_BUF,BUF,NE,nflverse,,nflverse_archive,false,archive_final_fallback,,win,0.9090909090909092,gaussian_unconditional,false,false,false,archive_final_fallback
total,under,48.0,-110,1.9090909090909092,0.5129210628649965,0.5238095238095238,0.5,0.012921062864996502,-0.020787061803188456,nflverse_archive,2024,16,2024_16_NE_BUF,BUF,NE,nflverse,,nflverse_archive,false,archive_final_fallback,,win,0.9090909090909092,gaussian_unconditional,false,false,false,archive_final_fallback
moneyline,away,,625,7.25,0.2959890941779407,0.13793103448275862,0.1322834645669291,0.16370562961101162,1.1459209327900703,nflverse_archive,2024,16,2024_16_NO_GB,GB,NO,nflverse,,nflverse_archive,false,archive_final_fallback,,loss,-1.0,gaussian_unconditional,false,false,false,archive_final_fallback
spread,away,14.0,-105,1.9523809523809523,0.7103536741548699,0.5121951219512195,0.4891657638136511,0.22118791034121882,0.3868809828737936,nflverse_archive,2024,16,2024_16_NO_GB,GB,NO,nflverse,,nflverse_archive,false,archive_final_fallback,,loss,-1.0,gaussian_unconditional,false,false,false,archive_final_fallback
total,over,44.0,-110,1.9090909090909092,0.5631882558424763,0.5238095238095238,0.5,0.06318825584247634,0.07517757933563662,nflverse_archive,2024,16,2024_16_NO_GB,GB,NO,nflverse,,nflverse_archive,false,archive_final_fallback,,loss,-1.0,gaussian_unconditional,false,false,false,archive_final_fallback
moneyline,away,,410,5.1,0.341126474771244,0.19607843137254904,0.1881331403762663,0.15299333439497773,0.7397450213333445,nflverse_archive,2024,16,2024_16_NYG_ATL,ATL,NYG,nflverse,,nflverse_archive,false,archive_final_fallback,,loss,-1.0,gaussian_unconditional,false,false,false,archive_final_fallback
spread,away,9.5,-110,1.9090909090909092,0.6294951956533911,0.5238095238095238,0.5,0.12949519565339107,0.20176355533829216,nflverse_archive,2024,16,2024_16_NYG_ATL,ATL,NYG,nflverse,,nflverse_archive,false,archive_final_fallback,,loss,-1.0,gaussian_unconditional,false,false,false,archive_final_fallback
total,under,42.5,-110,1.9090909090909092,0.5800825492240475,0.5238095238095238,0.5,0.08008254922404745,0.1074303212459089,nflverse_archive,2024,16,2024_16_NYG_ATL,ATL,NYG,nflverse,,nflverse_archive,false,archive_final_fallback,,win,0.9090909090909092,gaussian_unconditional,false,false,false,archive_final_fallback
moneyline,home,,180,2.8,0.4614823214364149,0.35714285714285715,0.3425247738043946,0.11895754763202027,0.2921505000219615,nflverse_archive,2024,16,2024_16_PHI_WAS,WAS,PHI,nflverse,,nflverse_archive,false,archive_final_fallback,,win,1.7999999999999998,gaussian_unconditional,false,false,false,archive_final_fallback
spread,home,4.0,-105,1.9523809523809523,0.5850539483904453,0.5121951219512195,0.4891657638136511,0.09588818457679421,0.14224818495277414,nflverse_archive,2024,16,2024_16_PHI_WAS,WAS,PHI,nflverse,,nflverse_archive,false,archive_final_fallback,,win,0.9523809523809523,gaussian_unconditional,false,false,false,archive_final_fallback
total,over,47.0,-110,1.9090909090909092,0.5372026050471784,0.5238095238095238,0.5,0.03720260504717843,0.025568609635522543,nflverse_archive,2024,16,2024_16_PHI_WAS,WAS,PHI,nflverse,,nflverse_archive,false,archive_final_fallback,,win,0.9090909090909092,gaussian_unconditional,false,false,false,archive_final_fallback
moneyline,away,,275,3.75,0.37384970527193806,0.26666666666666666,0.2559309849029475,0.11791872036899054,0.4019363947697676,nflverse_archive,2024,16,2024_16_PIT_BAL,BAL,PIT,nflverse,,nflverse_archive,false,archive_final_fallback,,loss,-1.0,gaussian_unconditional,false,false,false,archive_final_fallback
spread,away,7.0,-115,1.8695652173913042,0.5884348072741766,0.5348837209302326,0.5108342361863489,0.0776005710878277,0.10011724838215619,nflverse_archive,2024,16,2024_16_PIT_BAL,BAL,PIT,nflverse,,nflverse_archive,false,archive_final_fallback,,loss,-1.0,gaussian_unconditional,false,false,false,archive_final_fallback
total,over,44.5,-108,1.925925925925926,0.6032281501595691,0.5192307692307692,0.4956702459300312,0.10755790422953793,0.1617727336406516,nflverse_archive,2024,16,2024_16_PIT_BAL,BAL,PIT,nflverse,,nflverse_archive,false,archive_final_fallback,,win,0.925925925925926,gaussian_unconditional,false,false,false,archive_final_fallback
moneyline,home,,105,2.05,0.4734959637437516,0.48780487804878053,0.4675324675324676,0.005963496211284003,-0.0293332743253093,nflverse_archive,2024,16,2024_16_SF_MIA,MIA,SF,nflverse,,nflverse_archive,false,archive_final_fallback,,win,1.0499999999999998,gaussian_unconditional,false,false,false,archive_final_fallback
spread,home,2.0,-112,1.8928571428571428,0.5355723960308887,0.5283018867924528,0.5043297540699689,0.031242641960919748,0.013762035344182078,nflverse_archive,2024,16,2024_16_SF_MIA,MIA,SF,nflverse,,nflverse_archive,false,archive_final_fallback,,win,0.8928571428571428,gaussian_unconditional,false,false,false,archive_final_fallback
total,under,44.0,-108,1.925925925925926,0.5022759668223622,0.5192307692307692,0.4956702459300312,0.006605720892331024,-0.03265369352730241,nflverse_archive,2024,16,2024_16_SF_MIA,MIA,SF,nflverse,,nflverse_archive,false,archive_final_fallback,,loss,-1.0,gaussian_unconditional,false,false,false,archive_final_fallback
moneyline,home,,180,2.8,0.3583911675808469,0.35714285714285715,0.3425247738043946,0.01586639377645227,0.0034952692263712226,nflverse_archive,2024,16,2024_16_TB_DAL,DAL,TB,nflverse,,nflverse_archive,false,archive_final_fallback,,win,1.7999999999999998,gaussian_unconditional,false,false,false,archive_final_fallback
spread,away,-4.5,-105,1.9523809523809523,0.504898896475036,0.5121951219512195,0.4891657638136511,0.01573313266138493,-0.01424501164397729,nflverse_archive,2024,16,2024_16_TB_DAL,DAL,TB,nflverse,,nflverse_archive,false,archive_final_fallback,,loss,-1.0,gaussian_unconditional,false,false,false,archive_final_fallback
total,over,47.5,-110,1.9090909090909092,0.6068092360014257,0.5238095238095238,0.5,0.10680923600142567,0.1584539960027218,nflverse_archive,2024,16,2024_16_TB_DAL,DAL,TB,nflverse,,nflverse_archive,false,archive_final_fallback,,win,0.9090909090909092,gaussian_unconditional,false,false,false,archive_final_fallback
moneyline,home,,-198,1.5050505050505052,0.6524536277016572,0.6644295302013422,0.6369041816941222,0.01554944600753494,-0.018024338105586568,nflverse_archive,2024,16,2024_16_TEN_IND,IND,TEN,nflverse,,nflverse_archive,false,archive_final_fallback,,win,0.5050505050505052,gaussian_unconditional,false,false,false,archive_final_fallback
spread,home,-4.0,-108,1.925925925925926,0.5320457327139742,0.5192307692307692,0.4956702459300312,0.03637548678394298,0.024680670412098316,nflverse_archive,2024,16,2024_16_TEN_IND,IND,TEN,nflverse,,nflverse_archive,false,archive_final_fallback,,win,0.925925925925926,gaussian_unconditional,false,false,false,archive_final_fallback
total,over,42.5,-112,1.8928571428571428,0.5429832335668892,0.5283018867924528,0.5043297540699689,0.03865347949692022,0.02778969210875437,nflverse_archive,2024,16,2024_16_TEN_IND,IND,TEN,nflverse,,nflverse_archive,false,archive_final_fallback,,win,0.8928571428571428,gaussian_unconditional,false,false,false,archive_final_fallback
moneyline,away,,270,3.7,0.4320432711540325,0.27027027027027023,0.2591283863368669,0.1729148848171656,0.5985601032699204,nflverse_archive,2024,17,2024_17_ARI_LA,LA,ARI,nflverse,,nflverse_archive,false,archive_final_fallback,,loss,-1.0,gaussian_unconditional,false,false,false,archive_final_fallback
spread,away,6.5,100,2.0,0.6314978477770075,0.5,0.4782608695652174,0.15323697821179005,0.2629956955540149,nflverse_archive,2024,17,2024_17_ARI_LA,LA,ARI,nflverse,,nflverse_archive,false,archive_final_fallback,,win,1.0,gaussian_unconditional,false,false,false,archive_final_fallback
total,under,48.0,-112,1.8928571428571428,0.5697653612139961,0.5283018867924528,0.5043297540699689,0.06543560714402719,0.07848443372649272,nflverse_archive,2024,17,2024_17_ARI_LA,LA,ARI,nflverse,,nflverse_archive,false,archive_final_fallback,,win,0.8928571428571428,gaussian_unconditional,false,false,false,archive_final_fallback
moneyline,home,,-192,1.5208333333333335,0.655601525174221,0.6575342465753424,0.6309403437815976,0.02466118139262341,-0.002939347130872183,nflverse_archive,2024,17,2024_17_ATL_WAS,WAS,ATL,nflverse,,nflverse_archive,false,archive_final_fallback,,win,0.5208333333333335,gaussian_unconditional,false,false,false,archive_final_fallback
spread,home,-3.5,-105,1.9523809523809523,0.550723523613871,0.5121951219512195,0.4891657638136511,0.06155775980021988,0.07522211753184327,nflverse_archive,2024,17,2024_17_ATL_WAS,WAS,ATL,nflverse,,nflverse_archive,false,archive_final_fallback,,win,0.9523809523809523,gaussian_unconditional,false,false,false,archive_final_fallback
total,over,46.5,-110,1.9090909090909092,0.5991009160254126,0.5238095238095238,0.5,0.0991009160254126,0.1437381124121513,nflverse_archive,2024,17,2024_17_ATL_WAS,WAS,ATL,nflverse,,nflverse_archive,false,archive_final_fallback,,win,0.9090909090909092,gaussian_unconditional,false,false,false,archive_final_fallback
moneyline,home,,200,3.0,0.42059697973574095,0.3333333333333333,0.3194444444444444,0.10115253529129653,0.26179093920722285,nflverse_archive,2024,17,2024_17_BAL_HOU,HOU,BAL,nflverse,,nflverse_archive,false,archive_final_fallback,,loss,-1.0,gaussian_unconditional,false,false,false,archive_final_fallback
spread,home,5.5,-112,1.8928571428571428,0.5904223105200714,0.5283018867924528,0.5043297540699689,0.0860925564501025,0.11758508777013521,nflverse_archive,2024,17,2024_17_BAL_HOU,HOU,BAL,nflverse,,nflverse_archive,false,archive_final_fallback,,loss,-1.0,gaussian_unconditional,false,false,false,archive_final_fallback
total,over,46.5,-108,1.925925925925926,0.5967541926619877,0.5192307692307692,0.4956702459300312,0.10108394673195653,0.1493043710527171,nflverse_archive,2024,17,2024_17_BAL_HOU,HOU,BAL,nflverse,,nflverse_archive,false,archive_final_fallback,,loss,-1.0,gaussian_unconditional,false,false,false,archive_final_fallback
moneyline,home,,-500,1.2,0.8472581716554137,0.8333333333333334,0.7999999999999999,0.047258171655413794,0.016709805986496518,nflverse_archive,2024,17,2024_17_CAR_TB,TB,CAR,nflverse,,nflverse_archive,false,archive_final_fallback,,win,0.19999999999999996,gaussian_unconditional,false,false,false,archive_final_fallback
spread,home,-9.5,-115,1.8695652173913042,0.6116983482568491,0.5348837209302326,0.5108342361863489,0.10086411207050017,0.14360995543671784,nflverse_archive,2024,17,2024_17_CAR_TB,TB,CAR,nflverse,,nflverse_archive,false,archive_final_fallback,,win,0.8695652173913042,gaussian_unconditional,false,false,false,archive_final_fallback
total,over,47.5,-112,1.8928571428571428,0.5969733637651735,0.5283018867924528,0.5043297540699689,0.09264360969520458,0.12998529569836403,nflverse_archive,2024,17,2024_17_CAR_TB,TB,CAR,nflverse,,nflverse_archive,false,archive_final_fallback,,win,0.8928571428571428,gaussian_unconditional,false,false,false,archive_final_fallback
moneyline,home,,-325,1.3076923076923077,0.7645116481774001,0.7647058823529411,0.7335423197492164,0.030969328428183784,-0.00025399853724594745,nflverse_archive,2024,17,2024_17_DAL_PHI,PHI,DAL,nflverse,,nflverse_archive,false,archive_final_fallback,,win,0.3076923076923077,gaussian_unconditional,false,false,false,archive_final_fallback
spread,home,-7.5,-108,1.925925925925926,0.5540473026076188,0.5192307692307692,0.4956702459300312,0.058377056677587635,0.06705406428133998,nflverse_archive,2024,17,2024_17_DAL_PHI,PHI,DAL,nflverse,,nflverse_archive,false,archive_final_fallback,,win,0.925925925925926,gaussian_unconditional,false,false,false,archive_final_fallback
total,over,37.5,-112,1.8928571428571428,0.7705769508707574,0.5283018867924528,0.5043297540699689,0.26624719680078845,0.45859208557679065,nflverse_archive,2024,17,2024_17_DAL_PHI,PHI,DAL,nflverse,,nflverse_archive,false,archive_final_fallback,,win,0.8928571428571428,gaussian_unconditional,false,false,false,archive_final_fallback
moneyline,away,,145,2.45,0.5023538704879226,0.4081632653061224,0.3907637655417407,0.11159010494618188,0.2307669826954104,nflverse_archive,2024,17,2024_17_DEN_CIN,CIN,DEN,nflverse,,nflverse_archive,false,archive_final_fallback,,loss,-1.0,gaussian_unconditional,false,false,false,archive_final_fallback
spread,away,3.5,-115,1.8695652173913042,0.6098388342247117,0.5348837209302326,0.5108342361863489,0.09900459803836281,0.14013347268098264,nflverse_archive,2024,17,2024_17_DEN_CIN,CIN,DEN,nflverse,,nflverse_archive,false,archive_final_fallback,,loss,-1.0,gaussian_unconditional,false,false,false,archive_final_fallback
total,under,50.5,-110,1.9090909090909092,0.5095572506226432,0.5238095238095238,0.5,0.009557250622643232,-0.02720888517495379,nflverse_archive,2024,17,2024_17_DEN_CIN,CIN,DEN,nflverse,,nflverse_archive,false,archive_final_fallback,,loss,-1.0,gaussian_unconditional,false,false,false,archive_final_fallback
moneyline,away,,-230,1.434782608695652,0.6778233391677079,0.696969696969697,0.6690070210631895,0.008816318104518328,-0.027470861194158314,nflverse_archive,2024,17,2024_17_DET_SF,SF,DET,nflverse,,nflverse_archive,false,archive_final_fallback,,win,0.4347826086956521,gaussian_unconditional,false,false,false,archive_final_fallback
spread,away,-4.0,-112,1.8928571428571428,0.559468665513644,0.5283018867924528,0.5043297540699689,0.05513891144367511,0.058994259722254805,nflverse_archive,2024,17,2024_17_DET_SF,SF,DET,nflverse,,nflverse_archive,false,archive_final_fallback,,win,0.8928571428571428,gaussian_unconditional,false,false,false,archive_final_fallback
total,under,50.5,-110,1.9090909090909092,0.5043178195343392,0.5238095238095238,0.5,0.0043178195343391845,-0.037211435434443385,nflverse_archive,2024,17,2024_17_DET_SF,SF,DET,nflverse,,nflverse_archive,false,archive_final_fallback,,loss,-1.0,gaussian_unconditional,false,false,false,archive_final_fallback
moneyline,home,,-108,1.925925925925926,0.5270464755375229,0.5192307692307692,0.4956702459300312,0.03137622960749176,0.015052471405599732,nflverse_archive,2024,17,2024_17_GB_MIN,MIN,GB,nflverse,,nflverse_archive,false,archive_final_fallback,,win,0.925925925925926,gaussian_unconditional,false,false,false,archive_final_fallback
spread,home,1.0,-115,1.8695652173913042,0.5579789552889649,0.5348837209302326,0.5108342361863489,0.04714471910261597,0.04317804684458659,nflverse_archive,2024,17,2024_17_GB_MIN,MIN,GB,nflverse,,nflverse_archive,false,archive_final_fallback,,win,0.8695652173913042,gaussian_unconditional,false,false,false,archive_final_fallback
total,under,49.0,-110,1.9090909090909092,0.5929006777338606,0.5238095238095238,0.5,0.09290067773386057,0.13190129385555194,nflverse_archive,2024,17,2024_17_GB_MIN,MIN,GB,nflverse,,nflverse_archive,false,archive_final_fallback,,loss,-1.0,gaussian_unconditional,false,false,false,archive_final_fallback
moneyline,home,,320,4.2,0.41634540898622274,0.23809523809523808,0.22849462365591394,0.1878507853303088,0.7486507177421355,nflverse_archive,2024,17,2024_17_IND_NYG,NYG,IND,nflverse,,nflverse_archive,false,archive_final_fallback,,win,3.2,gaussian_unconditional,false,false,false,archive_final_fallback
spread,home,7.5,-108,1.925925925925926,0.6457031398686949,0.5192307692307692,0.4956702459300312,0.1500328939386637,0.243576417524894,nflverse_archive,2024,17,2024_17_IND_NYG,NYG,IND,nflverse,,nflverse_archive,false,archive_final_fallback,,win,0.925925925925926,gaussian_unconditional,false,false,false,archive_final_fallback
total,under,40.5,-112,1.8928571428571428,0.5078831393793567,0.5283018867924528,0.5043297540699689,0.0035533853093877577,-0.03864977188907481,nflverse_archive,2024,17,2024_17_IND_NYG,NYG,IND,nflverse,,nflverse_archive,false,archive_final_fallback,,loss,-1.0,gaussian_unconditional,false,false,false,archive_final_fallback
moneyline,home,,136,2.3600000000000003,0.5233225598823253,0.42372881355932196,0.4066302458405761,0.11669231404174923,0.23504124132228799,nflverse_archive,2024,17,2024_17_KC_PIT,PIT,KC,nflverse,,nflverse_archive,false,archive_final_fallback,,loss,-1.0,gaussian_unconditional,false,false,false,archive_final_fallback
spread,home,3.0,-115,1.8695652173913042,0.6150452239351216,0.5348837209302326,0.5108342361863489,0.10421098774877269,0.14986715779174897,nflverse_archive,2024,17,2024_17_KC_PIT,PIT,KC,nflverse,,nflverse_archive,false,archive_final_fallback,,loss,-1.0,gaussian_unconditional,false,false,false,archive_final_fallback
total,under,43.5,-110,1.9090909090909092,0.5684891516089303,0.5238095238095238,0.5,0.06848915160893032,0.08529747125341247,nflverse_archive,2024,17,2024_17_KC_PIT,PIT,KC,nflverse,,nflverse_archive,false,archive_final_fallback,,win,0.9090909090909092,gaussian_unconditional,false,false,false,archive_final_fallback
moneyline,home,,245,3.45,0.3566426973549339,0.2898550724637681,0.27792074112197634,0.07872195623295758,0.23041730587452203,nflverse_archive,2024,17,2024_17_LAC_NE,NE,LAC,nflverse,,nflverse_archive,false,archive_final_fallback,,loss,-1.0,gaussian_unconditional,false,false,false,archive_final_fallback
spread,home,6.0,-102,1.9803921568627452,0.5400463375111136,0.504950495049505,0.4826358742837298,0.05741046322738386,0.06950353114946028,nflverse_archive,2024,17,2024_17_LAC_NE,NE,LAC,nflverse,,nflverse_archive,false,archive_final_fallback,,loss,-1.0,gaussian_unconditional,false,false,false,archive_final_fallback
total,under,42.0,-108,1.925925925925926,0.5844929222155335,0.5192307692307692,0.4956702459300312,0.08882267628550233,0.12569007241510155,nflverse_archive,2024,17,2024_17_LAC_NE,NE,LAC,nflverse,,nflverse_archive,false,archive_final_fallback,,loss,-1.0,gaussian_unconditional,false,false,false,archive_final_fallback
moneyline,home,,105,2.05,0.6564717099426365,0.48780487804878053,0.4675324675324676,0.1889392424101689,0.3457670053824047,nflverse_archive,2024,17,2024_17_LV_NO,NO,LV,nflverse,,nflverse_archive,false,archive_final_fallback,,loss,-1.0,gaussian_unconditional,false,false,false,archive_final_fallback
spread,home,2.0,-110,1.9090909090909092,0.7118686231970386,0.5238095238095238,0.5,0.21186862319703859,0.35902191701252817,nflverse_archive,2024,17,2024_17_LV_NO,NO,LV,nflverse,,nflverse_archive,false,archive_final_fallback,,loss,-1.0,gaussian_unconditional,false,false,false,archive_final_fallback
total,over,37.5,-108,1.925925925925926,0.6625113545719528,0.5192307692307692,0.4956702459300312,0.1668411086419216,0.27594779399042757,nflverse_archive,2024,17,2024_17_LV_NO,NO,LV,nflverse,,nflverse_archive,false,archive_final_fallback,,loss,-1.0,gaussian_unconditional,false,false,false,archive_final_fallback
moneyline,home,,142,2.42,0.4424609487462302,0.4132231404958678,0.3962430290578222,0.046217919688407993,0.07075549596587716,nflverse_archive,2024,17,2024_17_MIA_CLE,CLE,MIA,nflverse,,nflverse_archive,false,archive_final_fallback,,loss,-1.0,gaussian_unconditional,false,false,false,archive_final_fallback
spread,home,3.0,-105,1.9523809523809523,0.5355648029848458,0.5121951219512195,0.4891657638136511,0.046399039171194645,0.045626520113270175,nflverse_archive,2024,17,2024_17_MIA_CLE,CLE,MIA,nflverse,,nflverse_archive,false,archive_final_fallback,,loss,-1.0,gaussian_unconditional,false,false,false,archive_final_fallback
total,over,32.5,-108,1.925925925925926,0.7552164858676235,0.5192307692307692,0.4956702459300312,0.2595462399375923,0.4544910098191268,nflverse_archive,2024,17,2024_17_MIA_CLE,CLE,MIA,nflverse,,nflverse_archive,false,archive_final_fallback,,loss,-1.0,gaussian_unconditional,false,false,false,archive_final_fallback
moneyline,away,,390,4.9,0.19928570831728742,0.2040816326530612,0.1957070707070707,0.003578637610216734,-0.023500029245291598,nflverse_archive,2024,17,2024_17_NYJ_BUF,BUF,NYJ,nflverse,,nflverse_archive,false,archive_final_fallback,,loss,-1.0,gaussian_unconditional,false,false,false,archive_final_fallback
spread,home,-10.0,-115,1.8695652173913042,0.5255861913340514,0.5348837209302326,0.5108342361863489,0.014751955147702445,-0.017382337940686665,nflverse_archive,2024,17,2024_17_NYJ_BUF,BUF,NYJ,nflverse,,nflverse_archive,false,archive_final_fallback,,win,0.8695652173913042,gaussian_unconditional,false,false,false,archive_final_fallback
total,over,44.5,-108,1.925925925925926,0.6153027163219555,0.5192307692307692,0.4956702459300312,0.11963247039192437,0.18502745365709972,nflverse_archive,2024,17,2024_17_NYJ_BUF,BUF,NYJ,nflverse,,nflverse_archive,false,archive_final_fallback,,win,0.925925925925926,gaussian_unconditional,false,false,false,archive_final_fallback
moneyline,home,,160,2.6,0.5024177133462353,0.3846153846153846,0.3690596562184024,0.13335805712783289,0.30628605470021175,nflverse_archive,2024,17,2024_17_SEA_CHI,CHI,SEA,nflverse,,nflverse_archive,false,archive_final_fallback,,loss,-1.0,gaussian_unconditional,false,false,false,archive_final_fallback
spread,home,3.5,-102,1.9803921568627452,0.6099002414780057,0.504950495049505,0.4826358742837298,0.12726436719427592,0.20784165469173677,nflverse_archive,2024,17,2024_17_SEA_CHI,CHI,SEA,nflverse,,nflverse_archive,false,archive_final_fallback,,win,0.9803921568627452,gaussian_unconditional,false,false,false,archive_final_fallback
total,under,43.5,-112,1.8928571428571428,0.5238684058820896,0.5283018867924528,0.5043297540699689,0.019538651812120666,-0.008391946008901807,nflverse_archive,2024,17,2024_17_SEA_CHI,CHI,SEA,nflverse,,nflverse_archive,false,archive_final_fallback,,win,0.8928571428571428,gaussian_unconditional,false,false,false,archive_final_fallback
moneyline,home,,-112,1.8928571428571428,0.5831282520634209,0.5283018867924528,0.5043297540699689,0.07879849799345195,0.10377847712004673,nflverse_archive,2024,17,2024_17_TEN_JAX,JAX,TEN,nflverse,,nflverse_archive,false,archive_final_fallback,,win,0.8928571428571428,gaussian_unconditional,false,false,false,archive_final_fallback
spread,home,1.0,-115,1.8695652173913042,0.6132893054142967,0.5348837209302326,0.5108342361863489,0.10245506922794778,0.1465843536006417,nflverse_archive,2024,17,2024_17_TEN_JAX,JAX,TEN,nflverse,,nflverse_archive,false,archive_final_fallback,,win,0.8695652173913042,gaussian_unconditional,false,false,false,archive_final_fallback
total,over,38.0,-110,1.9090909090909092,0.7123853163056098,0.5238095238095238,0.5,0.21238531630560975,0.3600083311288913,nflverse_archive,2024,17,2024_17_TEN_JAX,JAX,TEN,nflverse,,nflverse_archive,false,archive_final_fallback,,loss,-1.0,gaussian_unconditional,false,false,false,archive_final_fallback
moneyline,away,,-166,1.6024096385542168,0.7950907846143003,0.6240601503759399,0.5996387718242023,0.19545201279009794,0.2740611367915895,nflverse_archive,2024,18,2024_18_BUF_NE,NE,BUF,nflverse,,nflverse_archive,false,archive_final_fallback,,loss,-1.0,gaussian_unconditional,false,false,false,archive_final_fallback
spread,away,-3.0,-112,1.8928571428571428,0.7229090815633832,0.5283018867924528,0.5043297540699689,0.21857932749341424,0.3683636186735466,nflverse_archive,2024,18,2024_18_BUF_NE,NE,BUF,nflverse,,nflverse_archive,false,archive_final_fallback,,loss,-1.0,gaussian_unconditional,false,false,false,archive_final_fallback
total,over,36.5,-112,1.8928571428571428,0.8066565990378441,0.5283018867924528,0.5043297540699689,0.3023268449678752,0.5268857053216336,nflverse_archive,2024,18,2024_18_BUF_NE,NE,BUF,nflverse,,nflverse_archive,false,archive_final_fallback,,win,0.8928571428571428,gaussian_unconditional,false,false,false,archive_final_fallback
moneyline,home,,-380,1.263157894736842,0.7640999511694189,0.7916666666666667,0.76,0.004099951169418858,-0.03482111431231305,nflverse_archive,2024,18,2024_18_CAR_ATL,ATL,CAR,nflverse,,nflverse_archive,false,archive_final_fallback,,loss,-1.0,gaussian_unconditional,false,false,false,archive_final_fallback
spread,home,-7.5,-115,1.8695652173913042,0.5547943473574364,0.5348837209302326,0.5108342361863489,0.043960111171087446,0.03722421462477232,nflverse_archive,2024,18,2024_18_CAR_ATL,ATL,CAR,nflverse,,nflverse_archive,false,archive_final_fallback,,loss,-1.0,gaussian_unconditional,false,false,false,archive_final_fallback
total,under,48.5,-108,1.925925925925926,0.5256176350662448,0.5192307692307692,0.4956702459300312,0.029947389136213642,0.012300630497952936,nflverse_archive,2024,18,2024_18_CAR_ATL,ATL,CAR,nflverse,,nflverse_archive,false,archive_final_fallback,,loss,-1.0,gaussian_unconditional,false,false,false,archive_final_fallback
moneyline,home,,-410,1.2439024390243902,0.7769481251674477,0.803921568627451,0.771505376344086,0.005442748823361709,-0.03355233210878461,nflverse_archive,2024,18,2024_18_CHI_GB,GB,CHI,nflverse,,nflverse_archive,false,archive_final_fallback,,loss,-1.0,gaussian_unconditional,false,false,false,archive_final_fallback
spread,home,-10.0,-105,1.9523809523809523,0.4945083585268494,0.5121951219512195,0.4891657638136511,0.0053425947131982565,-0.03453130001900839,nflverse_archive,2024,18,2024_18_CHI_GB,GB,CHI,nflverse,,nflverse_archive,false,archive_final_fallback,,loss,-1.0,gaussian_unconditional,false,false,false,archive_final_fallback
total,over,41.5,-112,1.8928571428571428,0.5190984740585936,0.5283018867924528,0.5043297540699689,0.014768719988624612,-0.017420745531947945,nflverse_archive,2024,18,2024_18_CHI_GB,GB,CHI,nflverse,,nflverse_archive,false,archive_final_fallback,,win,0.8928571428571428,gaussian_unconditional,false,false,false,archive_final_fallback
moneyline,home,,124,2.24,0.5776893961660486,0.4464285714285714,0.4279403644395361,0.14974903172651255,0.294024247411949,nflverse_archive,2024,18,2024_18_CIN_PIT,PIT,CIN,nflverse,,nflverse_archive,false,archive_final_fallback,,loss,-1.0,gaussian_unconditional,false,false,false,archive_final_fallback
spread,home,2.5,-102,1.9803921568627452,0.6516981007503173,0.504950495049505,0.4826358742837298,0.16906222646658753,0.29061780736827547,nflverse_archive,2024,18,2024_18_CIN_PIT,PIT,CIN,nflverse,,nflverse_archive,false,archive_final_fallback,,win,0.9803921568627452,gaussian_unconditional,false,false,false,archive_final_fallback
total,over,48.5,-108,1.925925925925926,0.5265582074511289,0.5192307692307692,0.4956702459300312,0.03088796152109774,0.014112103239211304,nflverse_archive,2024,18,2024_18_CIN_PIT,PIT,CIN,nflverse,,nflverse_archive,false,archive_final_fallback,,loss,-1.0,gaussian_unconditional,false,false,false,archive_final_fallback
moneyline,away,,1200,13.0,0.13762616233956781,0.07692307692307693,0.0741839762611276,0.06344218607844021,0.7891401104143816,nflverse_archive,2024,18,2024_18_CLE_BAL,BAL,CLE,nflverse,,nflverse_archive,false,archive_final_fallback,,loss,-1.0,gaussian_unconditional,false,false,false,archive_final_fallback
spread,away,19.5,-105,1.9523809523809523,0.6633246825876689,0.5121951219512195,0.4891657638136511,0.17415891877401773,0.2950624755283058,nflverse_archive,2024,18,2024_18_CLE_BAL,BAL,CLE,nflverse,,nflverse_archive,false,archive_final_fallback,,loss,-1.0,gaussian_unconditional,false,false,false,archive_final_fallback
total,over,42.5,-112,1.8928571428571428,0.612370424450164,0.5283018867924528,0.5043297540699689,0.10804067038019505,0.15912973199495317,nflverse_archive,2024,18,2024_18_CLE_BAL,BAL,CLE,nflverse,,nflverse_archive,false,archive_final_fallback,,win,0.8928571428571428,gaussian_unconditional,false,false,false,archive_final_fallback
moneyline,away,,120,2.2,0.5942284179598416,0.45454545454545453,0.43650793650793646,0.15772048145190515,0.30730251951165166,nflverse_archive,2024,18,2024_18_HOU_TEN,TEN,HOU,nflverse,,nflverse_archive,false,archive_final_fallback,,win,1.2000000000000002,gaussian_unconditional,false,false,false,archive_final_fallback
spread,away,2.5,-108,1.925925925925926,0.667259701534847,0.5192307692307692,0.4956702459300312,0.17158945560481587,0.28509275851155724,nflverse_archive,2024,18,2024_18_HOU_TEN,TEN,HOU,nflverse,,nflverse_archive,false,archive_final_fallback,,win,0.925925925925926,gaussian_unconditional,false,false,false,archive_final_fallback
total,over,36.5,-112,1.8928571428571428,0.7119473423600755,0.5283018867924528,0.5043297540699689,0.20761758829010657,0.3476146123244286,nflverse_archive,2024,18,2024_18_HOU_TEN,TEN,HOU,nflverse,,nflverse_archive,false,archive_final_fallback,,win,0.8928571428571428,gaussian_unconditional,false,false,false,archive_final_fallback
moneyline,home,,-180,1.5555555555555556,0.6292548786865799,0.6428571428571428,0.6164383561643836,0.012816522522196339,-0.02115907759865343,nflverse_archive,2024,18,2024_18_JAX_IND,IND,JAX,nflverse,,nflverse_archive,false,archive_final_fallback,,win,0.5555555555555556,gaussian_unconditional,false,false,false,archive_final_fallback
spread,home,-3.5,-110,1.9090909090909092,0.5232802512881365,0.5238095238095238,0.5,0.02328025128813649,-0.0010104293590120772,nflverse_archive,2024,18,2024_18_JAX_IND,IND,JAX,nflverse,,nflverse_archive,false,archive_final_fallback,,loss,-1.0,gaussian_unconditional,false,false,false,archive_final_fallback
total,over,45.5,-110,1.9090909090909092,0.5310105285837827,0.5238095238095238,0.5056053811659194,0.025405147417863372,0.013747372750857911,nflverse_archive,2024,18,2024_18_JAX_IND,IND,JAX,nflverse,,nflverse_archive,false,archive_final_fallback,,win,0.9090909090909092,gaussian_unconditional,false,false,false,archive_final_fallback
moneyline,away,,370,4.7,0.487383481390506,0.2127659574468085,0.2042241228835748,0.2831593585069312,1.2907023625353782,nflverse_archive,2024,18,2024_18_KC_DEN,DEN,KC,nflverse,,nflverse_archive,false,archive_final_fallback,,loss,-1.0,gaussian_unconditional,false,false,false,archive_final_fallback
spread,away,10.5,-115,1.8695652173913042,0.7831415419856744,0.5348837209302326,0.5108342361863489,0.2723073057993255,0.4641341871906086,nflverse_archive,2024,18,2024_18_KC_DEN,DEN,KC,nflverse,,nflverse_archive,false,archive_final_fallback,,loss,-1.0,gaussian_unconditional,false,false,false,archive_final_fallback
total,over,40.5,-105,1.9523809523809523,0.5472912462005001,0.5121951219512195,0.4891657638136511,0.05812548238684895,0.06852100448669063,nflverse_archive,2024,18,2024_18_KC_DEN,DEN,KC,nflverse,,nflverse_archive,false,archive_final_fallback,,loss,-1.0,gaussian_unconditional,false,false,false,archive_final_fallback
moneyline,home,,275,3.75,0.3555094319883121,0.26666666666666666,0.2559309849029475,0.09957844708536456,0.33316036995617027,nflverse_archive,2024,18,2024_18_LAC_LV,LV,LAC,nflverse,,nflverse_archive,false,archive_final_fallback,,loss,-1.0,gaussian_unconditional,false,false,false,archive_final_fallback
spread,home,7.0,-102,1.9803921568627452,0.5684765042775288,0.504950495049505,0.4826358742837298,0.08584062999379904,0.12580641043196894,nflverse_archive,2024,18,2024_18_LAC_LV,LV,LAC,nflverse,,nflverse_archive,false,archive_final_fallback,,loss,-1.0,gaussian_unconditional,false,false,false,archive_final_fallback
total,under,42.5,-112,1.8928571428571428,0.5436348943665966,0.5283018867924528,0.5043297540699689,0.03930514029662768,0.029023192908200768,nflverse_archive,2024,18,2024_18_LAC_LV,LV,LAC,nflverse,,nflverse_archive,false,archive_final_fallback,,loss,-1.0,gaussian_unconditional,false,false,false,archive_final_fallback
moneyline,away,,102,2.02,0.5229470514674408,0.49504950495049505,0.47391341473828025,0.04903363672916056,0.056353043964230354,nflverse_archive,2024,18,2024_18_MIA_NYJ,NYJ,MIA,nflverse,,nflverse_archive,false,archive_final_fallback,,loss,-1.0,gaussian_unconditional,false,false,false,archive_final_fallback
spread,away,1.5,-110,1.9090909090909092,0.5690300874156384,0.5238095238095238,0.5,0.06903008741563843,0.08633016688440076,nflverse_archive,2024,18,2024_18_MIA_NYJ,NYJ,MIA,nflverse,,nflverse_archive,false,archive_final_fallback,,loss,-1.0,gaussian_unconditional,false,false,false,archive_final_fallback
total,over,39.5,-108,1.925925925925926,0.562614728074138,0.5192307692307692,0.4956702459300312,0.06694448214410686,0.08355429110574741,nflverse_archive,2024,18,2024_18_MIA_NYJ,NYJ,MIA,nflverse,,nflverse_archive,false,archive_final_fallback,,win,0.925925925925926,gaussian_unconditional,false,false,false,archive_final_fallback
moneyline,home,,-148,1.6756756756756757,0.6797009547348145,0.5967741935483871,0.5720596355604638,0.10764131917435071,0.1389583565826622,nflverse_archive,2024,18,2024_18_MIN_DET,DET,MIN,nflverse,,nflverse_archive,false,archive_final_fallback,,win,0.6756756756756757,gaussian_unconditional,false,false,false,archive_final_fallback
spread,home,-3.0,-102,1.9803921568627452,0.592567651701477,0.504950495049505,0.4826358742837298,0.10993177741774718,0.17351632984017984,nflverse_archive,2024,18,2024_18_MIN_DET,DET,MIN,nflverse,,nflverse_archive,false,archive_final_fallback,,win,0.9803921568627452,gaussian_unconditional,false,false,false,archive_final_fallback
total,under,56.5,-102,1.9803921568627452,0.6495367403817904,0.504950495049505,0.4826358742837298,0.16690086609806065,0.286337466246291,nflverse_archive,2024,18,2024_18_MIN_DET,DET,MIN,nflverse,,nflverse_archive,false,archive_final_fallback,,win,0.9803921568627452,gaussian_unconditional,false,false,false,archive_final_fallback
moneyline,away,,675,7.75,0.25220050557422047,0.12903225806451613,0.12382234185733514,0.12837816371688532,0.9545539182002085,nflverse_archive,2024,18,2024_18_NO_TB,TB,NO,nflverse,,nflverse_archive,false,archive_final_fallback,,loss,-1.0,gaussian_unconditional,false,false,false,archive_final_fallback
spread,away,14.5,-102,1.9803921568627452,0.6762267247224847,0.504950495049505,0.4826358742837298,0.1935908504387549,0.3391941019013913,nflverse_archive,2024,18,2024_18_NO_TB,TB,NO,nflverse,,nflverse_archive,false,archive_final_fallback,,win,0.9803921568627452,gaussian_unconditional,false,false,false,archive_final_fallback
total,over,44.5,-108,1.925925925925926,0.5969962269861939,0.5192307692307692,0.4956702459300312,0.10132598105616275,0.14977051123266993,nflverse_archive,2024,18,2024_18_NO_TB,TB,NO,nflverse,,nflverse_archive,false,archive_final_fallback,,win,0.925925925925926,gaussian_unconditional,false,false,false,archive_final_fallback
moneyline,home,,-155,1.6451612903225805,0.8510132673595947,0.607843137254902,0.5829926410466066,0.26802062631298806,0.40005408501094597,nflverse_archive,2024,18,2024_18_NYG_PHI,PHI,NYG,nflverse,,nflverse_archive,false,archive_final_fallback,,win,0.6451612903225805,gaussian_unconditional,false,false,false,archive_final_fallback
spread,home,-3.0,-110,1.9090909090909092,0.7904780952645452,0.5238095238095238,0.5,0.29047809526454516,0.5090945455050409,nflverse_archive,2024,18,2024_18_NYG_PHI,PHI,NYG,nflverse,,nflverse_archive,false,archive_final_fallback,,win,0.9090909090909092,gaussian_unconditional,false,false,false,archive_final_fallback
total,over,36.5,-102,1.9803921568627452,0.6458090717909736,0.504950495049505,0.4826358742837298,0.1631731975072438,0.2789552206056536,nflverse_archive,2024,18,2024_18_NYG_PHI,PHI,NYG,nflverse,,nflverse_archive,false,archive_final_fallback,,loss,-1.0,gaussian_unconditional,false,false,false,archive_final_fallback
moneyline,home,,285,3.85,0.5606658127760317,0.2597402597402597,0.2491874322860238,0.31147838049000787,1.1585633791877221,nflverse_archive,2024,18,2024_18_SEA_LA,LA,SEA,nflverse,,nflverse_archive,false,archive_final_fallback,,loss,-1.0,gaussian_unconditional,false,false,false,archive_final_fallback
spread,home,7.5,-110,1.9090909090909092,0.7686557282785116,0.5238095238095238,0.5,0.2686557282785116,0.4674336630771585,nflverse_archive,2024,18,2024_18_SEA_LA,LA,SEA,nflverse,,nflverse_archive,false,archive_final_fallback,,win,0.9090909090909092,gaussian_unconditional,false,false,false,archive_final_fallback
total,over,38.5,-108,1.925925925925926,0.63729171293685,0.5192307692307692,0.4956702459300312,0.14162146700681888,0.22737663232282235,nflverse_archive,2024,18,2024_18_SEA_LA,LA,SEA,nflverse,,nflverse_archive,false,archive_final_fallback,,win,0.925925925925926,gaussian_unconditional,false,false,false,archive_final_fallback
moneyline,away,,160,2.6,0.4551456861191886,0.3846153846153846,0.3690596562184024,0.08608602990078618,0.18337878390989037,nflverse_archive,2024,18,2024_18_SF_ARI,ARI,SF,nflverse,,nflverse_archive,false,archive_final_fallback,,loss,-1.0,gaussian_unconditional,false,false,false,archive_final_fallback
spread,away,4.5,-110,1.9090909090909092,0.5934352297857597,0.5238095238095238,0.5,0.09343522978575969,0.13292180231826856,nflverse_archive,2024,18,2024_18_SF_ARI,ARI,SF,nflverse,,nflverse_archive,false,archive_final_fallback,,loss,-1.0,gaussian_unconditional,false,false,false,archive_final_fallback
total,over,42.5,-110,1.9090909090909092,0.6057169282195713,0.5238095238095238,0.5,0.10571692821957135,0.1563686811464544,nflverse_archive,2024,18,2024_18_SF_ARI,ARI,SF,nflverse,,nflverse_archive,false,archive_final_fallback,,win,0.9090909090909092,gaussian_unconditional,false,false,false,archive_final_fallback
moneyline,home,,250,3.5,0.3965525884385531,0.2857142857142857,0.27424749163879597,0.12230509679975715,0.38793405953493587,nflverse_archive,2024,18,2024_18_WAS_DAL,DAL,WAS,nflverse,,nflverse_archive,false,archive_final_fallback,,loss,-1.0,gaussian_unconditional,false,false,false,archive_final_fallback
spread,home,7.0,-112,1.8928571428571428,0.6105314056687696,0.5283018867924528,0.5043297540699689,0.10620165159880068,0.15564873215874253,nflverse_archive,2024,18,2024_18_WAS_DAL,DAL,WAS,nflverse,,nflverse_archive,false,archive_final_fallback,,win,0.8928571428571428,gaussian_unconditional,false,false,false,archive_final_fallback
total,over,43.5,-102,1.9803921568627452,0.7354721822539649,0.504950495049505,0.4826358742837298,0.25283630797023515,0.45652334132647954,nflverse_archive,2024,18,2024_18_WAS_DAL,DAL,WAS,nflverse,,nflverse_archive,false,archive_final_fallback,,loss,-1.0,gaussian_unconditional,false,false,false,archive_final_fallback
moneyline,home,,220,3.2,0.5424683172375053,0.3125,0.299837925445705,0.24263039179180035,0.7358986151600171,nflverse_archive,2025,1,2025_01_ARI_NO,NO,ARI,nflverse,,nflverse_archive,false,archive_final_fallback,,loss,-1.0,gaussian_unconditional,false,false,false,archive_final_fallback
spread,home,6.0,-112,1.8928571428571428,0.7159743508007494,0.5283018867924528,0.5043297540699689,0.2116445967307805,0.3552371640157044,nflverse_archive,2025,1,2025_01_ARI_NO,NO,ARI,nflverse,,nflverse_archive,false,archive_final_fallback,,loss,-1.0,gaussian_unconditional,false,false,false,archive_final_fallback
total,over,44.5,-108,1.925925925925926,0.5321623627539404,0.5192307692307692,0.4956702459300312,0.03649211682390918,0.02490529122981111,nflverse_archive,2025,1,2025_01_ARI_NO,NO,ARI,nflverse,,nflverse_archive,false,archive_final_fallback,,loss,-1.0,gaussian_unconditional,false,false,false,archive_final_fallback
moneyline,home,,110,2.1,0.5674190938713629,0.47619047619047616,0.4572564612326044,0.11016263263875853,0.19158009712986224,nflverse_archive,2025,1,2025_01_BAL_BUF,BUF,BAL,nflverse,,nflverse_archive,false,archive_final_fallback,,win,1.1,gaussian_unconditional,false,false,false,archive_final_fallback
spread,home,1.5,-102,1.9803921568627452,0.6125128979303692,0.504950495049505,0.4826358742837298,0.12987702364663944,0.2130157390385743,nflverse_archive,2025,1,2025_01_BAL_BUF,BUF,BAL,nflverse,,nflverse_archive,false,archive_final_fallback,,win,0.9803921568627452,gaussian_unconditional,false,false,false,archive_final_fallback
total,under,50.5,-105,1.9523809523809523,0.5654166875694844,0.5121951219512195,0.4891657638136511,0.07625092375583326,0.1039087709689932,nflverse_archive,2025,1,2025_01_BAL_BUF,BUF,BAL,nflverse,,nflverse_archive,false,archive_final_fallback,,loss,-1.0,gaussian_unconditional,false,false,false,archive_final_fallback
moneyline,away,,170,2.7,0.40656771264548897,0.37037037037037035,0.35527082119976705,0.051296891445721915,0.09773282414282036,nflverse_archive,2025,1,2025_01_CAR_JAX,JAX,CAR,nflverse,,nflverse_archive,false,archive_final_fallback,,loss,-1.0,gaussian_unconditional,false,false,false,archive_final_fallback
spread,away,4.5,-110,1.9090909090909092,0.5445166040022492,0.5238095238095238,0.5,0.044516604002249216,0.03953169854974847,nflverse_archive,2025,1,2025_01_CAR_JAX,JAX,CAR,nflverse,,nflverse_archive,false,archive_final_fallback,,loss,-1.0,gaussian_unconditional,false,false,false,archive_final_fallback
total,over,45.5,-112,1.8928571428571428,0.5389832017522338,0.5283018867924528,0.5043297540699689,0.03465344768226486,0.02021820331672819,nflverse_archive,2025,1,2025_01_CAR_JAX,JAX,CAR,nflverse,,nflverse_archive,false,archive_final_fallback,,loss,-1.0,gaussian_unconditional,false,false,false,archive_final_fallback
moneyline,home,,195,2.95,0.5033271325102281,0.3389830508474576,0.32496875300451883,0.17835837950570926,0.484815040905173,nflverse_archive,2025,1,2025_01_CIN_CLE,CLE,CIN,nflverse,,nflverse_archive,false,archive_final_fallback,,loss,-1.0,gaussian_unconditional,false,false,false,archive_final_fallback
spread,home,5.5,-115,1.8695652173913042,0.6678269138120942,0.5348837209302326,0.5108342361863489,0.1569926776257453,0.2485459693008718,nflverse_archive,2025,1,2025_01_CIN_CLE,CLE,CIN,nflverse,,nflverse_archive,false,archive_final_fallback,,win,0.8695652173913042,gaussian_unconditional,false,false,false,archive_final_fallback
total,under,47.5,100,2.0,0.5296438094887713,0.5,0.4782608695652174,0.051382939923553916,0.059287618977542644,nflverse_archive,2025,1,2025_01_CIN_CLE,CLE,CIN,nflverse,,nflverse_archive,false,archive_final_fallback,,win,1.0,gaussian_unconditional,false,false,false,archive_final_fallback
moneyline,away,,330,4.3,0.34825586118810326,0.23255813953488372,0.22316684378320936,0.1250890174048939,0.497500203108844,nflverse_archive,2025,1,2025_01_DAL_PHI,PHI,DAL,nflverse,,nflverse_archive,false,archive_final_fallback,,loss,-1.0,gaussian_unconditional,false,false,false,archive_final_fallback
spread,away,8.5,-110,1.9090909090909092,0.6055278607955852,0.5238095238095238,0.5,0.10552786079558518,0.15600773424611725,nflverse_archive,2025,1,2025_01_DAL_PHI,PHI,DAL,nflverse,,nflverse_archive,false,archive_final_fallback,,win,0.9090909090909092,gaussian_unconditional,false,false,false,archive_final_fallback
total,under,47.5,-110,1.9090909090909092,0.537237469119071,0.5238095238095238,0.5,0.037237469119071,0.025635168318226542,nflverse_archive,2025,1,2025_01_DAL_PHI,PHI,DAL,nflverse,,nflverse_archive,false,archive_final_fallback,,win,0.9090909090909092,gaussian_unconditional,false,false,false,archive_final_fallback
moneyline,home,,-120,1.8333333333333335,0.5380052332719669,0.5454545454545454,0.5217391304347826,0.016266102837184326,-0.013657072334727238,nflverse_archive,2025,1,2025_01_DET_GB,GB,DET,nflverse,,nflverse_archive,false,archive_final_fallback,,win,0.8333333333333335,gaussian_unconditional,false,false,false,archive_final_fallback
spread,home,-1.5,-105,1.9523809523809523,0.4917592893145514,0.5121951219512195,0.4891657638136511,0.002593525500900251,-0.039898530385875874,nflverse_archive,2025,1,2025_01_DET_GB,GB,DET,nflverse,,nflverse_archive,false,archive_final_fallback,,win,0.9523809523809523,gaussian_unconditional,false,false,false,archive_final_fallback
total,under,48.5,-115,1.8695652173913042,0.5275081119907673,0.5348837209302326,0.5108342361863489,0.01667387580441837,-0.01378918193030465,nflverse_archive,2025,1,2025_01_DET_GB,GB,DET,nflverse,,nflverse_archive,false,archive_final_fallback,,win,0.8695652173913042,gaussian_unconditional,false,false,false,archive_final_fallback
moneyline,away,,140,2.4,0.4365007361525486,0.4166666666666667,0.4003612281757977,0.03613950797675086,0.047601766766116604,nflverse_archive,2025,1,2025_01_HOU_LA,LA,HOU,nflverse,,nflverse_archive,false,archive_final_fallback,,loss,-1.0,gaussian_unconditional,false,false,false,archive_final_fallback
spread,away,3.5,-118,1.847457627118644,0.5441826301739671,0.5412844036697247,0.5173641257162701,0.026818504457696957,0.005354350660379703,nflverse_archive,2025,1,2025_01_HOU_LA,LA,HOU,nflverse,,nflverse_archive,false,archive_final_fallback,,loss,-1.0,gaussian_unconditional,false,false,false,archive_final_fallback
total,over,43.5,-105,1.9523809523809523,0.5571704201991804,0.5121951219512195,0.4891657638136511,0.06800465638552927,0.08780891562697124,nflverse_archive,2025,1,2025_01_HOU_LA,LA,HOU,nflverse,,nflverse_archive,false,archive_final_fallback,,loss,-1.0,gaussian_unconditional,false,false,false,archive_final_fallback
moneyline,home,,145,2.45,0.5808903197382339,0.4081632653061224,0.3907637655417407,0.1901265541964932,0.4231812833586732,nflverse_archive,2025,1,2025_01_KC_LAC,LAC,KC,nflverse,,nflverse_archive,false,archive_final_fallback,,win,1.4500000000000002,gaussian_unconditional,false,false,false,archive_final_fallback
spread,home,3.0,100,2.0,0.6686928109863377,0.5,0.4782608695652174,0.1904319414211203,0.3373856219726754,nflverse_archive,2025,1,2025_01_KC_LAC,LAC,KC,nflverse,,nflverse_archive,false,archive_final_fallback,,win,1.0,gaussian_unconditional,false,false,false,archive_final_fallback
total,under,47.5,-110,1.9090909090909092,0.5864719719474581,0.5238095238095238,0.5,0.08647197194745815,0.11962831008151098,nflverse_archive,2025,1,2025_01_KC_LAC,LAC,KC,nflverse,,nflverse_archive,false,archive_final_fallback,,loss,-1.0,gaussian_unconditional,false,false,false,archive_final_fallback
moneyline,away,,130,2.3,0.433110303902317,0.4347826086956522,0.41700735895339325,0.016102944948923725,-0.003846301024670984,nflverse_archive,2025,1,2025_01_LV_NE,NE,LV,nflverse,,nflverse_archive,false,archive_final_fallback,,win,1.2999999999999998,gaussian_unconditional,false,false,false,archive_final_fallback
spread,away,2.5,100,2.0,0.5099664050087037,0.5,0.4782608695652174,0.03170553544348631,0.019932810017407432,nflverse_archive,2025,1,2025_01_LV_NE,NE,LV,nflverse,,nflverse_archive,false,archive_final_fallback,,win,1.0,gaussian_unconditional,false,false,false,archive_final_fallback
total,over,44.5,-105,1.9523809523809523,0.5136235162780753,0.5121951219512195,0.4891657638136511,0.02445775246442422,0.002788769876242325,nflverse_archive,2025,1,2025_01_LV_NE,NE,LV,nflverse,,nflverse_archive,false,archive_final_fallback,,loss,-1.0,gaussian_unconditional,false,false,false,archive_final_fallback
moneyline,home,,-112,1.8928571428571428,0.5607238255651027,0.5283018867924528,0.5043297540699689,0.05639407149513376,0.0613700983910872,nflverse_archive,2025,1,2025_01_MIA_IND,IND,MIA,nflverse,,nflverse_archive,false,archive_final_fallback,,win,0.8928571428571428,gaussian_unconditional,false,false,false,archive_final_fallback
spread,home,-1.5,-102,1.9803921568627452,0.5146527313216929,0.504950495049505,0.4826358742837298,0.03201685703796309,0.01921423261747024,nflverse_archive,2025,1,2025_01_MIA_IND,IND,MIA,nflverse,,nflverse_archive,false,archive_final_fallback,,win,0.9803921568627452,gaussian_unconditional,false,false,false,archive_final_fallback
total,under,47.5,-120,1.8333333333333335,0.5550852679112389,0.5454545454545454,0.5217391304347826,0.03334613747645632,0.01765632450393806,nflverse_archive,2025,1,2025_01_MIA_IND,IND,MIA,nflverse,,nflverse_archive,false,archive_final_fallback,,win,0.8333333333333335,gaussian_unconditional,false,false,false,archive_final_fallback
moneyline,home,,-108,1.925925925925926,0.519651034530112,0.5192307692307692,0.4956702459300312,0.023980788600080793,0.0008093998357712184,nflverse_archive,2025,1,2025_01_MIN_CHI,CHI,MIN,nflverse,,nflverse_archive,false,archive_final_fallback,,loss,-1.0,gaussian_unconditional,false,false,false,archive_final_fallback
spread,home,1.5,-120,1.8333333333333335,0.5656638538618949,0.5454545454545454,0.5217391304347826,0.04392472342711229,0.03705039874680738,nflverse_archive,2025,1,2025_01_MIN_CHI,CHI,MIN,nflverse,,nflverse_archive,false,archive_final_fallback,,loss,-1.0,gaussian_unconditional,false,false,false,archive_final_fallback
total,over,43.5,-108,1.925925925925926,0.5399801223224905,0.5192307692307692,0.4956702459300312,0.04430987639245931,0.039961717065537306,nflverse_archive,2025,1,2025_01_MIN_CHI,CHI,MIN,nflverse,,nflverse_archive,false,archive_final_fallback,,win,0.925925925925926,gaussian_unconditional,false,false,false,archive_final_fallback
moneyline,away,,240,3.4,0.36061861600805767,0.29411764705882354,0.2820294784580499,0.07858913755000779,0.22610329442739596,nflverse_archive,2025,1,2025_01_NYG_WAS,WAS,NYG,nflverse,,nflverse_archive,false,archive_final_fallback,,loss,-1.0,gaussian_unconditional,false,false,false,archive_final_fallback
spread,away,6.0,-108,1.925925925925926,0.5427895217566582,0.5192307692307692,0.4956702459300312,0.047119275826627005,0.04537241227208244,nflverse_archive,2025,1,2025_01_NYG_WAS,WAS,NYG,nflverse,,nflverse_archive,false,archive_final_fallback,,loss,-1.0,gaussian_unconditional,false,false,false,archive_final_fallback
total,over,45.5,-110,1.9090909090909092,0.5166584030334561,0.5238095238095238,0.5,0.016658403033456115,-0.013652139663401952,nflverse_archive,2025,1,2025_01_NYG_WAS,WAS,NYG,nflverse,,nflverse_archive,false,archive_final_fallback,,loss,-1.0,gaussian_unconditional,false,false,false,archive_final_fallback
moneyline,home,,130,2.3,0.5375345479096073,0.4347826086956522,0.41700735895339325,0.12052718895621406,0.23632946019209666,nflverse_archive,2025,1,2025_01_PIT_NYJ,NYJ,PIT,nflverse,,nflverse_archive,false,archive_final_fallback,,loss,-1.0,gaussian_unconditional,false,false,false,archive_final_fallback
spread,home,3.0,-110,1.9090909090909092,0.6279237087491973,0.5238095238095238,0.5,0.12792370874919734,0.19876344397574042,nflverse_archive,2025,1,2025_01_PIT_NYJ,NYJ,PIT,nflverse,,nflverse_archive,false,archive_final_fallback,,win,0.9090909090909092,gaussian_unconditional,false,false,false,archive_final_fallback
total,over,37.5,-112,1.8928571428571428,0.7154435607410383,0.5283018867924528,0.5043297540699689,0.21111380667106938,0.3542324542598225,nflverse_archive,2025,1,2025_01_PIT_NYJ,NYJ,PIT,nflverse,,nflverse_archive,false,archive_final_fallback,,win,0.8928571428571428,gaussian_unconditional,false,false,false,archive_final_fallback
moneyline,home,,114,2.1399999999999997,0.5853014215922206,0.4672897196261683,0.44855888528345106,0.1367425363087696,0.2525450422073521,nflverse_archive,2025,1,2025_01_SF_SEA,SEA,SF,nflverse,,nflverse_archive,false,archive_final_fallback,,loss,-1.0,gaussian_unconditional,false,false,false,archive_final_fallback
spread,home,2.5,-115,1.8695652173913042,0.6587009946437707,0.5348837209302326,0.5108342361863489,0.1478667584574218,0.2314844682470496,nflverse_archive,2025,1,2025_01_SF_SEA,SEA,SF,nflverse,,nflverse_archive,false,archive_final_fallback,,loss,-1.0,gaussian_unconditional,false,false,false,archive_final_fallback
total,over,43.5,-108,1.925925925925926,0.5789139549727238,0.5192307692307692,0.4956702459300312,0.08324370904269263,0.11494539476228294,nflverse_archive,2025,1,2025_01_SF_SEA,SEA,SF,nflverse,,nflverse_archive,false,archive_final_fallback,,loss,-1.0,gaussian_unconditional,false,false,false,archive_final_fallback
moneyline,home,,-105,1.9523809523809523,0.5217897689551521,0.5121951219512195,0.4891657638136511,0.032624005141500934,0.018732406055296913,nflverse_archive,2025,1,2025_01_TB_ATL,ATL,TB,nflverse,,nflverse_archive,false,archive_final_fallback,,loss,-1.0,gaussian_unconditional,false,false,false,archive_final_fallback
spread,home,1.5,-118,1.847457627118644,0.5677754568904823,0.5412844036697247,0.5173641257162701,0.05041133117421215,0.048941098323094234,nflverse_archive,2025,1,2025_01_TB_ATL,ATL,TB,nflverse,,nflverse_archive,false,archive_final_fallback,,loss,-1.0,gaussian_unconditional,false,false,false,archive_final_fallback
total,under,47.5,-105,1.9523809523809523,0.5006114865025942,0.5121951219512195,0.4891657638136511,0.011445722688943116,-0.022615669209220757,nflverse_archive,2025,1,2025_01_TB_ATL,ATL,TB,nflverse,,nflverse_archive,false,archive_final_fallback,,win,0.9523809523809523,gaussian_unconditional,false,false,false,archive_final_fallback
moneyline,away,,350,4.5,0.3515505764043776,0.2222222222222222,0.2132564841498559,0.1382940922545217,0.5819775938196992,nflverse_archive,2025,1,2025_01_TEN_DEN,DEN,TEN,nflverse,,nflverse_archive,false,archive_final_fallback,,loss,-1.0,gaussian_unconditional,false,false,false,archive_final_fallback
spread,away,8.5,-105,1.9523809523809523,0.6089478257557827,0.5121951219512195,0.4891657638136511,0.11978206194213153,0.1888981359993851,nflverse_archive,2025,1,2025_01_TEN_DEN,DEN,TEN,nflverse,,nflverse_archive,false,archive_final_fallback,,win,0.9523809523809523,gaussian_unconditional,false,false,false,archive_final_fallback
total,over,42.5,-112,1.8928571428571428,0.58933018774849,0.5283018867924528,0.5043297540699689,0.08500043367852106,0.11551785538107029,nflverse_archive,2025,1,2025_01_TEN_DEN,DEN,TEN,nflverse,,nflverse_archive,false,archive_final_fallback,,loss,-1.0,gaussian_unconditional,false,false,false,archive_final_fallback
moneyline,home,,-180,1.5555555555555556,0.6557956998806279,0.6428571428571428,0.6164383561643836,0.03935734371624433,0.020126644258754656,nflverse_archive,2025,2,2025_02_ATL_MIN,MIN,ATL,nflverse,,nflverse_archive,false,archive_final_fallback,,loss,-1.0,gaussian_unconditional,false,false,false,archive_final_fallback
spread,home,-3.5,-105,1.9523809523809523,0.5512341714760784,0.5121951219512195,0.4891657638136511,0.06206840766242733,0.07621909669139115,nflverse_archive,2025,2,2025_02_ATL_MIN,MIN,ATL,nflverse,,nflverse_archive,false,archive_final_fallback,,loss,-1.0,gaussian_unconditional,false,false,false,archive_final_fallback
total,over,44.5,-110,1.9090909090909092,0.5293168143844983,0.5238095238095238,0.5,0.02931681438449829,0.010513918370405939,nflverse_archive,2025,2,2025_02_ATL_MIN,MIN,ATL,nflverse,,nflverse_archive,false,archive_final_fallback,,loss,-1.0,gaussian_unconditional,false,false,false,archive_final_fallback
moneyline,home,,235,3.35,0.519373701415471,0.29850746268656714,0.28644876973925815,0.23292493167621287,0.7399018997418279,nflverse_archive,2025,2,2025_02_BUF_NYJ,NYJ,BUF,nflverse,,nflverse_archive,false,archive_final_fallback,,loss,-1.0,gaussian_unconditional,false,false,false,archive_final_fallback
spread,home,6.0,-108,1.925925925925926,0.6968182741189208,0.5192307692307692,0.4956702459300312,0.20114802818888966,0.34202037978458844,nflverse_archive,2025,2,2025_02_BUF_NYJ,NYJ,BUF,nflverse,,nflverse_archive,false,archive_final_fallback,,loss,-1.0,gaussian_unconditional,false,false,false,archive_final_fallback
total,over,47.5,-110,1.9090909090909092,0.588877424868937,0.5238095238095238,0.5,0.08887742486893702,0.12422053838615255,nflverse_archive,2025,2,2025_02_BUF_NYJ,NYJ,BUF,nflverse,,nflverse_archive,false,archive_final_fallback,,loss,-1.0,gaussian_unconditional,false,false,false,archive_final_fallback
moneyline,away,,250,3.5,0.2916458153231283,0.2857142857142857,0.27424749163879597,0.017398323684332306,0.02076035363094908,nflverse_archive,2025,2,2025_02_CAR_ARI,ARI,CAR,nflverse,,nflverse_archive,false,archive_final_fallback,,loss,-1.0,gaussian_unconditional,false,false,false,archive_final_fallback
spread,home,-7.0,-110,1.9090909090909092,0.5016404138892403,0.5238095238095238,0.5,0.0016404138892402997,-0.04232284621145033,nflverse_archive,2025,2,2025_02_CAR_ARI,ARI,CAR,nflverse,,nflverse_archive,false,archive_final_fallback,,loss,-1.0,gaussian_unconditional,false,false,false,archive_final_fallback
total,under,45.5,-110,1.9090909090909092,0.5406231758067911,0.5238095238095238,0.5,0.04062317580679109,0.03209879017660122,nflverse_archive,2025,2,2025_02_CAR_ARI,ARI,CAR,nflverse,,nflverse_archive,false,archive_final_fallback,,loss,-1.0,gaussian_unconditional,false,false,false,archive_final_fallback
moneyline,away,,220,3.2,0.3417521174094984,0.3125,0.299837925445705,0.041914191963793423,0.09360677571039488,nflverse_archive,2025,2,2025_02_CHI_DET,DET,CHI,nflverse,,nflverse_archive,false,archive_final_fallback,,loss,-1.0,gaussian_unconditional,false,false,false,archive_final_fallback
spread,away,6.0,-110,1.9090909090909092,0.5235253606043022,0.5238095238095238,0.5,0.023525360604302215,-0.0005424933917866914,nflverse_archive,2025,2,2025_02_CHI_DET,DET,CHI,nflverse,,nflverse_archive,false,archive_final_fallback,,loss,-1.0,gaussian_unconditional,false,false,false,archive_final_fallback
total,under,46.5,-112,1.8928571428571428,0.5354971716073164,0.5283018867924528,0.5043297540699689,0.03116741753734742,0.013619646256705975,nflverse_archive,2025,2,2025_02_CHI_DET,DET,CHI,nflverse,,nflverse_archive,false,archive_final_fallback,,loss,-1.0,gaussian_unconditional,false,false,false,archive_final_fallback
moneyline,away,,600,7.0,0.30016226935004653,0.14285714285714285,0.13698630136986303,0.1631759679801835,1.1011358854503257,nflverse_archive,2025,2,2025_02_CLE_BAL,BAL,CLE,nflverse,,nflverse_archive,false,archive_final_fallback,,loss,-1.0,gaussian_unconditional,false,false,false,archive_final_fallback
spread,away,12.5,-105,1.9523809523809523,0.6730446325690925,0.5121951219512195,0.4891657638136511,0.1838788687554414,0.31403952073013297,nflverse_archive,2025,2,2025_02_CLE_BAL,BAL,CLE,nflverse,,nflverse_archive,false,archive_final_fallback,,loss,-1.0,gaussian_unconditional,false,false,false,archive_final_fallback
total,over,46.5,-110,1.9090909090909092,0.5097671590203371,0.5238095238095238,0.5,0.00976715902033709,-0.026808150961174615,nflverse_archive,2025,2,2025_02_CLE_BAL,BAL,CLE,nflverse,,nflverse_archive,false,archive_final_fallback,,win,0.9090909090909092,gaussian_unconditional,false,false,false,archive_final_fallback
moneyline,home,,110,2.1,0.5930208730669433,0.47619047619047616,0.4572564612326044,0.1357644118343389,0.24534383344058086,nflverse_archive,2025,2,2025_02_DEN_IND,IND,DEN,nflverse,,nflverse_archive,false,archive_final_fallback,,win,1.1,gaussian_unconditional,false,false,false,archive_final_fallback
spread,home,2.5,-115,1.8695652173913042,0.6663209585205896,0.5348837209302326,0.5108342361863489,0.15548672233424066,0.24573048766892835,nflverse_archive,2025,2,2025_02_DEN_IND,IND,DEN,nflverse,,nflverse_archive,false,archive_final_fallback,,win,0.8695652173913042,gaussian_unconditional,false,false,false,archive_final_fallback
total,over,43.5,-108,1.925925925925926,0.49571830408134254,0.5192307692307692,0.4956702459300312,0.00004805815131136981,-0.04528326621371059,nflverse_archive,2025,2,2025_02_DEN_IND,IND,DEN,nflverse,,nflverse_archive,false,archive_final_fallback,,win,0.925925925925926,gaussian_unconditional,false,false,false,archive_final_fallback
moneyline,away,,160,2.6,0.3878847815942471,0.3846153846153846,0.3690596562184024,0.018825125375844687,0.008500432145042591,nflverse_archive,2025,2,2025_02_JAX_CIN,CIN,JAX,nflverse,,nflverse_archive,false,archive_final_fallback,,loss,-1.0,gaussian_unconditional,false,false,false,archive_final_fallback
spread,home,-3.5,-105,1.9523809523809523,0.5050268342058797,0.5121951219512195,0.4891657638136511,0.01586107039222856,-0.013995228455187303,nflverse_archive,2025,2,2025_02_JAX_CIN,CIN,JAX,nflverse,,nflverse_archive,false,archive_final_fallback,,win,0.9523809523809523,gaussian_unconditional,false,false,false,archive_final_fallback
total,under,49.5,-115,1.8695652173913042,0.6563542961451391,0.5348837209302326,0.5108342361863489,0.14552005995879014,0.22709716235830335,nflverse_archive,2025,2,2025_02_JAX_CIN,CIN,JAX,nflverse,,nflverse_archive,false,archive_final_fallback,,loss,-1.0,gaussian_unconditional,false,false,false,archive_final_fallback
moneyline,home,,164,2.6399999999999997,0.5408366259021359,0.37878787878787884,0.36309581830587784,0.17774080759625804,0.42780869238163866,nflverse_archive,2025,2,2025_02_LAC_LV,LV,LAC,nflverse,,nflverse_archive,false,archive_final_fallback,,loss,-1.0,gaussian_unconditional,false,false,false,archive_final_fallback
spread,home,3.5,-115,1.8695652173913042,0.6460869201270332,0.5348837209302326,0.5108342361863489,0.13525268394068424,0.20790163328097488,nflverse_archive,2025,2,2025_02_LAC_LV,LV,LAC,nflverse,,nflverse_archive,false,archive_final_fallback,,loss,-1.0,gaussian_unconditional,false,false,false,archive_final_fallback
total,under,46.5,-102,1.9803921568627452,0.5955433003310577,0.504950495049505,0.4826358742837298,0.11290742604732795,0.17940928104778098,nflverse_archive,2025,2,2025_02_LAC_LV,LV,LAC,nflverse,,nflverse_archive,false,archive_final_fallback,,win,0.9803921568627452,gaussian_unconditional,false,false,false,archive_final_fallback
moneyline,home,,205,3.05,0.5419981585660256,0.3278688524590164,0.3146067415730337,0.22739141699299192,0.6530943836263781,nflverse_archive,2025,2,2025_02_LA_TEN,TEN,LA,nflverse,,nflverse_archive,false,archive_final_fallback,,loss,-1.0,gaussian_unconditional,false,false,false,archive_final_fallback
spread,home,5.5,-112,1.8928571428571428,0.7030758632533672,0.5283018867924528,0.5043297540699689,0.1987461091833983,0.3308221697295879,nflverse_archive,2025,2,2025_02_LA_TEN,TEN,LA,nflverse,,nflverse_archive,false,archive_final_fallback,,loss,-1.0,gaussian_unconditional,false,false,false,archive_final_fallback
total,over,41.5,-108,1.925925925925926,0.5054794921374404,0.5192307692307692,0.4956702459300312,0.009809246207409195,-0.026483941068633277,nflverse_archive,2025,2,2025_02_LA_TEN,TEN,LA,nflverse,,nflverse_archive,false,archive_final_fallback,,win,0.925925925925926,gaussian_unconditional,false,false,false,archive_final_fallback
moneyline,home,,-125,1.8,0.5933790443705502,0.5555555555555556,0.5324675324675325,0.06091151190301769,0.06808227986699045,nflverse_archive,2025,2,2025_02_NE_MIA,MIA,NE,nflverse,,nflverse_archive,false,archive_final_fallback,,loss,-1.0,gaussian_unconditional,false,false,false,archive_final_fallback
spread,home,-1.5,-110,1.9090909090909092,0.547589476648233,0.5238095238095238,0.5,0.04758947664823299,0.04539809178299037,nflverse_archive,2025,2,2025_02_NE_MIA,MIA,NE,nflverse,,nflverse_archive,false,archive_final_fallback,,loss,-1.0,gaussian_unconditional,false,false,false,archive_final_fallback
total,under,43.5,-115,1.8695652173913042,0.5390902823218678,0.5348837209302326,0.5108342361863489,0.02825604613551891,0.007864440862622502,nflverse_archive,2025,2,2025_02_NE_MIA,MIA,NE,nflverse,,nflverse_archive,false,archive_final_fallback,,loss,-1.0,gaussian_unconditional,false,false,false,archive_final_fallback
moneyline,away,,195,2.95,0.370656606773728,0.3389830508474576,0.32496875300451883,0.0456878537692092,0.09343698998249783,nflverse_archive,2025,2,2025_02_NYG_DAL,DAL,NYG,nflverse,,nflverse_archive,false,archive_final_fallback,,loss,-1.0,gaussian_unconditional,false,false,false,archive_final_fallback
spread,away,4.5,100,2.0,0.5079393593700969,0.5,0.4782608695652174,0.029678489804879526,0.015878718740193865,nflverse_archive,2025,2,2025_02_NYG_DAL,DAL,NYG,nflverse,,nflverse_archive,false,archive_final_fallback,,win,1.0,gaussian_unconditional,false,false,false,archive_final_fallback
total,under,44.5,-110,1.9090909090909092,0.5538353637473952,0.5238095238095238,0.5,0.05383536374739517,0.057322058063209,nflverse_archive,2025,2,2025_02_NYG_DAL,DAL,NYG,nflverse,,nflverse_archive,false,archive_final_fallback,,loss,-1.0,gaussian_unconditional,false,false,false,archive_final_fallback
moneyline,home,,102,2.02,0.5618077683237477,0.49504950495049505,0.47391341473828025,0.08789435358546743,0.1348516920139704,nflverse_archive,2025,2,2025_02_PHI_KC,KC,PHI,nflverse,,nflverse_archive,false,archive_final_fallback,,loss,-1.0,gaussian_unconditional,false,false,false,archive_final_fallback
spread,home,1.5,-110,1.9090909090909092,0.6072760810401692,0.5238095238095238,0.5,0.10727608104016917,0.15934524562214114,nflverse_archive,2025,2,2025_02_PHI_KC,KC,PHI,nflverse,,nflverse_archive,false,archive_final_fallback,,loss,-1.0,gaussian_unconditional,false,false,false,archive_final_fallback
total,under,46.5,-102,1.9803921568627452,0.5638795780473498,0.504950495049505,0.4826358742837298,0.08124370376362,0.11670269378004572,nflverse_archive,2025,2,2025_02_PHI_KC,KC,PHI,nflverse,,nflverse_archive,false,archive_final_fallback,,win,0.9803921568627452,gaussian_unconditional,false,false,false,archive_final_fallback
moneyline,home,,-192,1.5208333333333335,0.6312399594673768,0.6575342465753424,0.6309403437815976,0.0002996156857791865,-0.039989228310031044,nflverse_archive,2025,2,2025_02_SEA_PIT,PIT,SEA,nflverse,,nflverse_archive,false,archive_final_fallback,,loss,-1.0,gaussian_unconditional,false,false,false,archive_final_fallback
spread,home,-3.5,-110,1.9090909090909092,0.5250783840303277,0.5238095238095238,0.5,0.025078384030327694,0.0024223695124439004,nflverse_archive,2025,2,2025_02_SEA_PIT,PIT,SEA,nflverse,,nflverse_archive,false,archive_final_fallback,,loss,-1.0,gaussian_unconditional,false,false,false,archive_final_fallback
total,over,40.5,-112,1.8928571428571428,0.619106406539454,0.5283018867924528,0.5043297540699689,0.1147766524694851,0.17187998380682368,nflverse_archive,2025,2,2025_02_SEA_PIT,PIT,SEA,nflverse,,nflverse_archive,false,archive_final_fallback,,win,0.8928571428571428,gaussian_unconditional,false,false,false,archive_final_fallback
moneyline,home,,140,2.4,0.5469294622932558,0.4166666666666667,0.4003612281757977,0.14656823411745806,0.3126307095038139,nflverse_archive,2025,2,2025_02_SF_NO,NO,SF,nflverse,,nflverse_archive,false,archive_final_fallback,,loss,-1.0,gaussian_unconditional,false,false,false,archive_final_fallback
spread,home,3.0,-110,1.9090909090909092,0.6373003889689879,0.5238095238095238,0.5,0.13730038896898789,0.21666437894079515,nflverse_archive,2025,2,2025_02_SF_NO,NO,SF,nflverse,,nflverse_archive,false,archive_final_fallback,,loss,-1.0,gaussian_unconditional,false,false,false,archive_final_fallback
total,over,40.5,-115,1.8695652173913042,0.5649561440282395,0.5348837209302326,0.5108342361863489,0.054121907841890526,0.05622235622670857,nflverse_archive,2025,2,2025_02_SF_NO,NO,SF,nflverse,,nflverse_archive,false,archive_final_fallback,,win,0.8695652173913042,gaussian_unconditional,false,false,false,archive_final_fallback
moneyline,away,,114,2.1399999999999997,0.4573638688581201,0.4672897196261683,0.44855888528345106,0.008804983574669023,-0.021241320643623163,nflverse_archive,2025,2,2025_02_TB_HOU,HOU,TB,nflverse,,nflverse_archive,false,archive_final_fallback,,win,1.1399999999999997,gaussian_unconditional,false,false,false,archive_final_fallback
spread,away,2.5,-110,1.9090909090909092,0.5348139845985866,0.5238095238095238,0.5,0.034813984598586645,0.02100851605184717,nflverse_archive,2025,2,2025_02_TB_HOU,HOU,TB,nflverse,,nflverse_archive,false,archive_final_fallback,,win,0.9090909090909092,gaussian_unconditional,false,false,false,archive_final_fallback
total,over,42.5,-110,1.9090909090909092,0.5287065737936572,0.5238095238095238,0.5,0.028706573793657153,0.009348913606072706,nflverse_archive,2025,2,2025_02_TB_HOU,HOU,TB,nflverse,,nflverse_archive,false,archive_final_fallback,,loss,-1.0,gaussian_unconditional,false,false,false,archive_final_fallback
moneyline,away,,154,2.54,0.388558950883911,0.39370078740157477,0.37753344813882633,0.011025502745084681,-0.013060264754865991,nflverse_archive,2025,2,2025_02_WAS_GB,GB,WAS,nflverse,,nflverse_archive,false,archive_final_fallback,,loss,-1.0,gaussian_unconditional,false,false,false,archive_final_fallback
spread,home,-3.5,-102,1.9803921568627452,0.5043249782290902,0.504950495049505,0.4826358742837298,0.02168910394536039,-0.0012387686051351654,nflverse_archive,2025,2,2025_02_WAS_GB,GB,WAS,nflverse,,nflverse_archive,false,archive_final_fallback,,win,0.9803921568627452,gaussian_unconditional,false,false,false,archive_final_fallback
total,under,48.5,-105,1.9523809523809523,0.6291052327485118,0.5121951219512195,0.4891657638136511,0.1399394689348607,0.22825307346138013,nflverse_archive,2025,2,2025_02_WAS_GB,GB,WAS,nflverse,,nflverse_archive,false,archive_final_fallback,,win,0.9523809523809523,gaussian_unconditional,false,false,false,archive_final_fallback
moneyline,home,,-125,1.8,0.5552276888990993,0.5555555555555556,0.5324675324675325,0.022760156431566814,-0.0005901599816211522,nflverse_archive,2025,3,2025_03_ARI_SF,SF,ARI,nflverse,,nflverse_archive,false,archive_final_fallback,,win,0.8,gaussian_unconditional,false,false,false,archive_final_fallback
spread,home,-1.5,-108,1.925925925925926,0.50887576246663,0.5192307692307692,0.4956702459300312,0.01320551653659885,-0.019942975990194012,nflverse_archive,2025,3,2025_03_ARI_SF,SF,ARI,nflverse,,nflverse_archive,false,archive_final_fallback,,loss,-1.0,gaussian_unconditional,false,false,false,archive_final_fallback
total,over,44.5,-108,1.925925925925926,0.5034667707961535,0.5192307692307692,0.4956702459300312,0.007796524866122367,-0.030360293281482043,nflverse_archive,2025,3,2025_03_ARI_SF,SF,ARI,nflverse,,nflverse_archive,false,archive_final_fallback,,loss,-1.0,gaussian_unconditional,false,false,false,archive_final_fallback
moneyline,home,,185,2.85,0.4384127929051097,0.3508771929824561,0.33635187580853815,0.10206091709657156,0.24947645977956268,nflverse_archive,2025,3,2025_03_ATL_CAR,CAR,ATL,nflverse,,nflverse_archive,false,archive_final_fallback,,win,1.85,gaussian_unconditional,false,false,false,archive_final_fallback
spread,home,5.5,-115,1.8695652173913042,0.6074389094844602,0.5348837209302326,0.5108342361863489,0.09660467329811129,0.13564665686225164,nflverse_archive,2025,3,2025_03_ATL_CAR,CAR,ATL,nflverse,,nflverse_archive,false,archive_final_fallback,,win,0.8695652173913042,gaussian_unconditional,false,false,false,archive_final_fallback
total,over,44.5,-105,1.9523809523809523,0.5151590849763243,0.5121951219512195,0.4891657638136511,0.025993321162673222,0.005786784953776047,nflverse_archive,2025,3,2025_03_ATL_CAR,CAR,ATL,nflverse,,nflverse_archive,false,archive_final_fallback,,loss,-1.0,gaussian_unconditional,false,false,false,archive_final_fallback
moneyline,away,,136,2.3600000000000003,0.4638965791632388,0.42372881355932196,0.4066302458405761,0.05726633332266268,0.09479592682524363,nflverse_archive,2025,3,2025_03_CIN_MIN,MIN,CIN,nflverse,,nflverse_archive,false,archive_final_fallback,,loss,-1.0,gaussian_unconditional,false,false,false,archive_final_fallback
spread,away,3.0,-110,1.9090909090909092,0.5567123565332366,0.5238095238095238,0.5,0.056712356533236585,0.06281449883617896,nflverse_archive,2025,3,2025_03_CIN_MIN,MIN,CIN,nflverse,,nflverse_archive,false,archive_final_fallback,,loss,-1.0,gaussian_unconditional,false,false,false,archive_final_fallback
total,over,41.5,-115,1.8695652173913042,0.6265916118751371,0.5348837209302326,0.5108342361863489,0.11575737568878819,0.17145388307090847,nflverse_archive,2025,3,2025_03_CIN_MIN,MIN,CIN,nflverse,,nflverse_archive,false,archive_final_fallback,,win,0.8695652173913042,gaussian_unconditional,false,false,false,archive_final_fallback
moneyline,home,,105,2.05,0.5012235331494188,0.48780487804878053,0.4675324675324676,0.03369106561695123,0.027508242956308493,nflverse_archive,2025,3,2025_03_DAL_CHI,CHI,DAL,nflverse,,nflverse_archive,false,archive_final_fallback,,win,1.0499999999999998,gaussian_unconditional,false,false,false,archive_final_fallback
spread,home,1.5,-105,1.9523809523809523,0.5476385389849416,0.5121951219512195,0.4891657638136511,0.058472775171290514,0.06919905230393364,nflverse_archive,2025,3,2025_03_DAL_CHI,CHI,DAL,nflverse,,nflverse_archive,false,archive_final_fallback,,win,0.9523809523809523,gaussian_unconditional,false,false,false,archive_final_fallback
total,over,49.5,-120,1.8333333333333335,0.5376887027589976,0.5454545454545454,0.5217391304347826,0.01594957232421501,-0.01423737827517102,nflverse_archive,2025,3,2025_03_DAL_CHI,CHI,DAL,nflverse,,nflverse_archive,false,archive_final_fallback,,loss,-1.0,gaussian_unconditional,false,false,false,archive_final_fallback
moneyline,home,,-155,1.6451612903225805,0.5839386910226502,0.607843137254902,0.5829926410466066,0.0009460499760435281,-0.03932666960789821,nflverse_archive,2025,3,2025_03_DEN_LAC,LAC,DEN,nflverse,,nflverse_archive,false,archive_final_fallback,,win,0.6451612903225805,gaussian_unconditional,false,false,false,archive_final_fallback
spread,away,2.5,100,2.0,0.4929805467224896,0.5,0.4782608695652174,0.014719677157272182,-0.014038906555020825,nflverse_archive,2025,3,2025_03_DEN_LAC,LAC,DEN,nflverse,,nflverse_archive,false,archive_final_fallback,,loss,-1.0,gaussian_unconditional,false,false,false,archive_final_fallback
total,under,45.5,-110,1.9090909090909092,0.5478932101182492,0.5238095238095238,0.5,0.04789321011824921,0.04597794658938481,nflverse_archive,2025,3,2025_03_DEN_LAC,LAC,DEN,nflverse,,nflverse_archive,false,archive_final_fallback,,win,0.9090909090909092,gaussian_unconditional,false,false,false,archive_final_fallback
moneyline,away,,200,3.0,0.4406184375563671,0.3333333333333333,0.3194444444444444,0.12117399311192267,0.3218553126691013,nflverse_archive,2025,3,2025_03_DET_BAL,BAL,DET,nflverse,,nflverse_archive,false,archive_final_fallback,,win,2.0,gaussian_unconditional,false,false,false,archive_final_fallback
spread,away,4.5,-105,1.9523809523809523,0.5794511866141185,0.5121951219512195,0.4891657638136511,0.09028542280046742,0.13130945957994578,nflverse_archive,2025,3,2025_03_DET_BAL,BAL,DET,nflverse,,nflverse_archive,false,archive_final_fallback,,win,0.9523809523809523,gaussian_unconditional,false,false,false,archive_final_fallback
total,under,53.5,-105,1.9523809523809523,0.4978955393893423,0.5121951219512195,0.4891657638136511,0.008729775575691157,-0.027918232620807948,nflverse_archive,2025,3,2025_03_DET_BAL,BAL,DET,nflverse,,nflverse_archive,false,archive_final_fallback,,loss,-1.0,gaussian_unconditional,false,false,false,archive_final_fallback
moneyline,home,,360,4.6,0.3661525961482439,0.2173913043478261,0.20863836017569548,0.15751423597254843,0.6843019422819219,nflverse_archive,2025,3,2025_03_GB_CLE,CLE,GB,nflverse,,nflverse_archive,false,archive_final_fallback,,win,3.5999999999999996,gaussian_unconditional,false,false,false,archive_final_fallback
spread,home,8.5,-118,1.847457627118644,0.6250778701580512,0.5412844036697247,0.5173641257162701,0.10771374444178106,0.154804878766569,nflverse_archive,2025,3,2025_03_GB_CLE,CLE,GB,nflverse,,nflverse_archive,false,archive_final_fallback,,win,0.847457627118644,gaussian_unconditional,false,false,false,archive_final_fallback
total,over,41.5,-105,1.9523809523809523,0.5756126134022144,0.5121951219512195,0.4891657638136511,0.08644684958856325,0.12381510235670423,nflverse_archive,2025,3,2025_03_GB_CLE,CLE,GB,nflverse,,nflverse_archive,false,archive_final_fallback,,loss,-1.0,gaussian_unconditional,false,false,false,archive_final_fallback
moneyline,home,,-125,1.8,0.5626106140256104,0.5555555555555556,0.5324675324675325,0.030143081558077878,0.01269910524609874,nflverse_archive,2025,3,2025_03_HOU_JAX,JAX,HOU,nflverse,,nflverse_archive,false,archive_final_fallback,,win,0.8,gaussian_unconditional,false,false,false,archive_final_fallback
spread,home,-1.5,-112,1.8928571428571428,0.5163365210998357,0.5283018867924528,0.5043297540699689,0.012006767029866805,-0.022648727918168077,nflverse_archive,2025,3,2025_03_HOU_JAX,JAX,HOU,nflverse,,nflverse_archive,false,archive_final_fallback,,win,0.8928571428571428,gaussian_unconditional,false,false,false,archive_final_fallback
total,under,43.5,-115,1.8695652173913042,0.514166764270787,0.5348837209302326,0.5108342361863489,0.003332528084438069,-0.038731701580702604,nflverse_archive,2025,3,2025_03_HOU_JAX,JAX,HOU,nflverse,,nflverse_archive,false,archive_final_fallback,,win,0.8695652173913042,gaussian_unconditional,false,false,false,archive_final_fallback
moneyline,home,,200,3.0,0.43176466299974736,0.3333333333333333,0.3194444444444444,0.11232021855530294,0.2952939889992421,nflverse_archive,2025,3,2025_03_IND_TEN,TEN,IND,nflverse,,nflverse_archive,false,archive_final_fallback,,loss,-1.0,gaussian_unconditional,false,false,false,archive_final_fallback
spread,home,6.0,-112,1.8928571428571428,0.6158648843487169,0.5283018867924528,0.5043297540699689,0.11153513027874795,0.16574424537435695,nflverse_archive,2025,3,2025_03_IND_TEN,TEN,IND,nflverse,,nflverse_archive,false,archive_final_fallback,,loss,-1.0,gaussian_unconditional,false,false,false,archive_final_fallback
total,over,43.5,-105,1.9523809523809523,0.5796243349912684,0.5121951219512195,0.4891657638136511,0.0904585711776173,0.13164751117342877,nflverse_archive,2025,3,2025_03_IND_TEN,TEN,IND,nflverse,,nflverse_archive,false,archive_final_fallback,,win,0.9523809523809523,gaussian_unconditional,false,false,false,archive_final_fallback
moneyline,home,,260,3.6,0.4815161438013521,0.2777777777777778,0.26645768025078376,0.21505846355056835,0.7334581176848676,nflverse_archive,2025,3,2025_03_KC_NYG,NYG,KC,nflverse,,nflverse_archive,false,archive_final_fallback,,loss,-1.0,gaussian_unconditional,false,false,false,archive_final_fallback
spread,home,6.0,-105,1.9523809523809523,0.6628203703545299,0.5121951219512195,0.4891657638136511,0.17365460654087878,0.2940778659302725,nflverse_archive,2025,3,2025_03_KC_NYG,NYG,KC,nflverse,,nflverse_archive,false,archive_final_fallback,,loss,-1.0,gaussian_unconditional,false,false,false,archive_final_fallback
total,over,44.5,-115,1.8695652173913042,0.5206665416630808,0.5348837209302326,0.5108342361863489,0.009832305476731862,-0.026579943847283793,nflverse_archive,2025,3,2025_03_KC_NYG,NYG,KC,nflverse,,nflverse_archive,false,archive_final_fallback,,loss,-1.0,gaussian_unconditional,false,false,false,archive_final_fallback
moneyline,away,,164,2.6399999999999997,0.4190434625264976,0.37878787878787884,0.36309581830587784,0.05594764422061976,0.1062747410699536,nflverse_archive,2025,3,2025_03_LA_PHI,PHI,LA,nflverse,,nflverse_archive,false,archive_final_fallback,,loss,-1.0,gaussian_unconditional,false,false,false,archive_final_fallback
spread,away,3.5,-108,1.925925925925926,0.5270261461232196,0.5192307692307692,0.4956702459300312,0.03135590019318846,0.015013318459534242,nflverse_archive,2025,3,2025_03_LA_PHI,PHI,LA,nflverse,,nflverse_archive,false,archive_final_fallback,,loss,-1.0,gaussian_unconditional,false,false,false,archive_final_fallback
total,under,45.5,-108,1.925925925925926,0.5611400322754235,0.5192307692307692,0.4956702459300312,0.06546978634539236,0.08071413623414903,nflverse_archive,2025,3,2025_03_LA_PHI,PHI,LA,nflverse,,nflverse_archive,false,archive_final_fallback,,loss,-1.0,gaussian_unconditional,false,false,false,archive_final_fallback
moneyline,home,,-155,1.6451612903225805,0.6388317234941001,0.607843137254902,0.5829926410466066,0.05583908244749347,0.05098122252255166,nflverse_archive,2025,3,2025_03_LV_WAS,WAS,LV,nflverse,,nflverse_archive,false,archive_final_fallback,,win,0.6451612903225805,gaussian_unconditional,false,false,false,archive_final_fallback
spread,home,-2.5,-120,1.8333333333333335,0.5639351161670675,0.5454545454545454,0.5217391304347826,0.04219598573228489,0.03388104630629041,nflverse_archive,2025,3,2025_03_LV_WAS,WAS,LV,nflverse,,nflverse_archive,false,archive_final_fallback,,win,0.8333333333333335,gaussian_unconditional,false,false,false,archive_final_fallback
total,under,43.5,-110,1.9090909090909092,0.5309224973532554,0.5238095238095238,0.5,0.030922497353255363,0.013579313128942117,nflverse_archive,2025,3,2025_03_LV_WAS,WAS,LV,nflverse,,nflverse_archive,false,archive_final_fallback,,loss,-1.0,gaussian_unconditional,false,false,false,archive_final_fallback
moneyline,away,,550,6.5,0.2670746681999945,0.15384615384615385,0.1475409836065574,0.11953368459343708,0.7359853432999641,nflverse_archive,2025,3,2025_03_MIA_BUF,BUF,MIA,nflverse,,nflverse_archive,false,archive_final_fallback,,loss,-1.0,gaussian_unconditional,false,false,false,archive_final_fallback
spread,away,12.5,-110,1.9090909090909092,0.6369189306022811,0.5238095238095238,0.5,0.1369189306022811,0.2159361402407185,nflverse_archive,2025,3,2025_03_MIA_BUF,BUF,MIA,nflverse,,nflverse_archive,false,archive_final_fallback,,win,0.9090909090909092,gaussian_unconditional,false,false,false,archive_final_fallback
total,under,50.5,-112,1.8928571428571428,0.5377708888094036,0.5283018867924528,0.5043297540699689,0.033441134739434664,0.017923468103513862,nflverse_archive,2025,3,2025_03_MIA_BUF,BUF,MIA,nflverse,,nflverse_archive,false,archive_final_fallback,,loss,-1.0,gaussian_unconditional,false,false,false,archive_final_fallback
moneyline,away,,295,3.95,0.36015133722769077,0.2531645569620253,0.24281150159744405,0.11733983563024672,0.4225977820493787,nflverse_archive,2025,3,2025_03_NO_SEA,SEA,NO,nflverse,,nflverse_archive,false,archive_final_fallback,,loss,-1.0,gaussian_unconditional,false,false,false,archive_final_fallback
spread,away,7.5,-115,1.8695652173913042,0.5890483127709751,0.5348837209302326,0.5108342361863489,0.0782140765846262,0.10126423691964903,nflverse_archive,2025,3,2025_03_NO_SEA,SEA,NO,nflverse,,nflverse_archive,false,archive_final_fallback,,loss,-1.0,gaussian_unconditional,false,false,false,archive_final_fallback
total,over,41.5,-112,1.8928571428571428,0.5525742626155927,0.5283018867924528,0.5043297540699689,0.04824450854562379,0.045944139950943264,nflverse_archive,2025,3,2025_03_NO_SEA,SEA,NO,nflverse,,nflverse_archive,false,archive_final_fallback,,win,0.8928571428571428,gaussian_unconditional,false,false,false,archive_final_fallback
moneyline,away,,275,3.75,0.3153699556731848,0.26666666666666666,0.2559309849029475,0.0594389707702373,0.18263733377444313,nflverse_archive,2025,3,2025_03_NYJ_TB,TB,NYJ,nflverse,,nflverse_archive,false,archive_final_fallback,,loss,-1.0,gaussian_unconditional,false,false,false,archive_final_fallback
spread,away,6.5,-105,1.9523809523809523,0.5098579014508029,0.5121951219512195,0.4891657638136511,0.020692137637151775,-0.004563144786527751,nflverse_archive,2025,3,2025_03_NYJ_TB,TB,NYJ,nflverse,,nflverse_archive,false,archive_final_fallback,,win,0.9523809523809523,gaussian_unconditional,false,false,false,archive_final_fallback
total,over,43.5,-105,1.9523809523809523,0.6025279456925021,0.5121951219512195,0.4891657638136511,0.113362181878851,0.17636408444726603,nflverse_archive,2025,3,2025_03_NYJ_TB,TB,NYJ,nflverse,,nflverse_archive,false,archive_final_fallback,,win,0.9523809523809523,gaussian_unconditional,false,false,false,archive_final_fallback
moneyline,home,,100,2.0,0.5399152219659321,0.5,0.4782608695652174,0.06165435240071471,0.07983044393186423,nflverse_archive,2025,3,2025_03_PIT_NE,NE,PIT,nflverse,,nflverse_archive,false,archive_final_fallback,,loss,-1.0,gaussian_unconditional,false,false,false,archive_final_fallback
spread,home,1.5,-115,1.8695652173913042,0.5858375785795531,0.5348837209302326,0.5108342361863489,0.07500334239320416,0.0952615599530775,nflverse_archive,2025,3,2025_03_PIT_NE,NE,PIT,nflverse,,nflverse_archive,false,archive_final_fallback,,loss,-1.0,gaussian_unconditional,false,false,false,archive_final_fallback
total,over,44.5,-108,1.925925925925926,0.5791143277071578,0.5192307692307692,0.4956702459300312,0.08344408177712659,0.11533129780637807,nflverse_archive,2025,3,2025_03_PIT_NE,NE,PIT,nflverse,,nflverse_archive,false,archive_final_fallback,,loss,-1.0,gaussian_unconditional,false,false,false,archive_final_fallback
moneyline,home,,124,2.24,0.5559210474492602,0.4464285714285714,0.4279403644395361,0.1279806830097241,0.24526314628634283,nflverse_archive,2025,4,2025_04_BAL_KC,KC,BAL,nflverse,,nflverse_archive,false,archive_final_fallback,,win,1.2400000000000002,gaussian_unconditional,false,false,false,archive_final_fallback
spread,home,2.5,100,2.0,0.6307720545404893,0.5,0.4782608695652174,0.15251118497527194,0.2615441090809787,nflverse_archive,2025,4,2025_04_BAL_KC,KC,BAL,nflverse,,nflverse_archive,false,archive_final_fallback,,win,1.0,gaussian_unconditional,false,false,false,archive_final_fallback
total,over,48.5,-120,1.8333333333333335,0.5464714699955255,0.5454545454545454,0.5217391304347826,0.024732339560742944,0.001864361658463487,nflverse_archive,2025,4,2025_04_BAL_KC,KC,BAL,nflverse,,nflverse_archive,false,archive_final_fallback,,win,0.8333333333333335,gaussian_unconditional,false,false,false,archive_final_fallback
moneyline,away,,215,3.15,0.4480883702588968,0.31746031746031744,0.30423004792665137,0.14385832233224544,0.4114783663155248,nflverse_archive,2025,4,2025_04_CAR_NE,NE,CAR,nflverse,,nflverse_archive,false,archive_final_fallback,,loss,-1.0,gaussian_unconditional,false,false,false,archive_final_fallback
spread,away,5.5,-108,1.925925925925926,0.6158834297899598,0.5192307692307692,0.4956702459300312,0.12021318385992863,0.1861458647806633,nflverse_archive,2025,4,2025_04_CAR_NE,NE,CAR,nflverse,,nflverse_archive,false,archive_final_fallback,,loss,-1.0,gaussian_unconditional,false,false,false,archive_final_fallback
total,over,42.5,-112,1.8928571428571428,0.5494496698411802,0.5283018867924528,0.5043297540699689,0.045119915771211216,0.04002973219937678,nflverse_archive,2025,4,2025_04_CAR_NE,NE,CAR,nflverse,,nflverse_archive,false,archive_final_fallback,,win,0.8928571428571428,gaussian_unconditional,false,false,false,archive_final_fallback
moneyline,home,,-125,1.8,0.5789051936140295,0.5555555555555556,0.5324675324675325,0.046437661146496945,0.042029348505253195,nflverse_archive,2025,4,2025_04_CHI_LV,LV,CHI,nflverse,,nflverse_archive,false,archive_final_fallback,,loss,-1.0,gaussian_unconditional,false,false,false,archive_final_fallback
spread,home,-1.5,-110,1.9090909090909092,0.5331280932304121,0.5238095238095238,0.5,0.0331280932304121,0.01778999616715038,nflverse_archive,2025,4,2025_04_CHI_LV,LV,CHI,nflverse,,nflverse_archive,false,archive_final_fallback,,loss,-1.0,gaussian_unconditional,false,false,false,archive_final_fallback
total,under,47.5,-105,1.9523809523809523,0.5324092555711225,0.5121951219512195,0.4891657638136511,0.043243491757471386,0.039465689448382024,nflverse_archive,2025,4,2025_04_CHI_LV,LV,CHI,nflverse,,nflverse_archive,false,archive_final_fallback,,loss,-1.0,gaussian_unconditional,false,false,false,archive_final_fallback
moneyline,away,,360,4.6,0.29643729164468247,0.2173913043478261,0.20863836017569548,0.08779893146898698,0.3636115415655392,nflverse_archive,2025,4,2025_04_CIN_DEN,DEN,CIN,nflverse,,nflverse_archive,false,archive_final_fallback,,loss,-1.0,gaussian_unconditional,false,false,false,archive_final_fallback
spread,away,7.5,-115,1.8695652173913042,0.517992180350329,0.5348837209302326,0.5108342361863489,0.007157944163980079,-0.03157983673634146,nflverse_archive,2025,4,2025_04_CIN_DEN,DEN,CIN,nflverse,,nflverse_archive,false,archive_final_fallback,,loss,-1.0,gaussian_unconditional,false,false,false,archive_final_fallback
total,over,44.5,-105,1.9523809523809523,0.588204434592377,0.5121951219512195,0.4891657638136511,0.09903867077872591,0.14839913420416462,nflverse_archive,2025,4,2025_04_CIN_DEN,DEN,CIN,nflverse,,nflverse_archive,false,archive_final_fallback,,loss,-1.0,gaussian_unconditional,false,false,false,archive_final_fallback
moneyline,away,,410,5.1,0.20446047109195464,0.19607843137254904,0.1881331403762663,0.016327330715688343,0.04274840256896861,nflverse_archive,2025,4,2025_04_CLE_DET,DET,CLE,nflverse,,nflverse_archive,false,archive_final_fallback,,loss,-1.0,gaussian_unconditional,false,false,false,archive_final_fallback
spread,home,-10.0,-112,1.8928571428571428,0.5210307170752462,0.5283018867924528,0.5043297540699689,0.016700963005277236,-0.013763285536141256,nflverse_archive,2025,4,2025_04_CLE_DET,DET,CLE,nflverse,,nflverse_archive,false,archive_final_fallback,,win,0.8928571428571428,gaussian_unconditional,false,false,false,archive_final_fallback
total,over,44.5,-105,1.9523809523809523,0.5747108287307805,0.5121951219512195,0.4891657638136511,0.08554506491712938,0.1220544751410475,nflverse_archive,2025,4,2025_04_CLE_DET,DET,CLE,nflverse,,nflverse_archive,false,archive_final_fallback,,loss,-1.0,gaussian_unconditional,false,false,false,archive_final_fallback
moneyline,home,,275,3.75,0.44687186343360896,0.26666666666666666,0.2559309849029475,0.19094087853066144,0.6757694878760336,nflverse_archive,2025,4,2025_04_GB_DAL,DAL,GB,nflverse,,nflverse_archive,false,archive_final_fallback,,push,0.0,gaussian_unconditional,false,false,false,archive_final_fallback
spread,home,7.0,-115,1.8695652173913042,0.658204860542008,0.5348837209302326,0.5108342361863489,0.14737062435565906,0.23055691318723226,nflverse_archive,2025,4,2025_04_GB_DAL,DAL,GB,nflverse,,nflverse_archive,false,archive_final_fallback,,win,0.8695652173913042,gaussian_unconditional,false,false,false,archive_final_fallback
total,under,47.5,-115,1.8695652173913042,0.5370769499471042,0.5348837209302326,0.5108342361863489,0.026242713760755265,0.004100384683716429,nflverse_archive,2025,4,2025_04_GB_DAL,DAL,GB,nflverse,,nflverse_archive,false,archive_final_fallback,,loss,-1.0,gaussian_unconditional,false,false,false,archive_final_fallback
moneyline,away,,154,2.54,0.45394896704146714,0.39370078740157477,0.37753344813882633,0.07641551890264081,0.15303037628532645,nflverse_archive,2025,4,2025_04_IND_LA,LA,IND,nflverse,,nflverse_archive,false,archive_final_fallback,,loss,-1.0,gaussian_unconditional,false,false,false,archive_final_fallback
spread,away,3.5,-105,1.9523809523809523,0.5615413747208616,0.5121951219512195,0.4891657638136511,0.07237561090721051,0.09634268397882506,nflverse_archive,2025,4,2025_04_IND_LA,LA,IND,nflverse,,nflverse_archive,false,archive_final_fallback,,loss,-1.0,gaussian_unconditional,false,false,false,archive_final_fallback
total,under,49.5,-105,1.9523809523809523,0.5491876967197653,0.5121951219512195,0.4891657638136511,0.060021932906114184,0.07222359835763692,nflverse_archive,2025,4,2025_04_IND_LA,LA,IND,nflverse,,nflverse_archive,false,archive_final_fallback,,win,0.9523809523809523,gaussian_unconditional,false,false,false,archive_final_fallback
moneyline,home,,-180,1.5555555555555556,0.6186877048560885,0.6428571428571428,0.6164383561643836,0.0022493486917049,-0.03759690355719569,nflverse_archive,2025,4,2025_04_JAX_SF,SF,JAX,nflverse,,nflverse_archive,false,archive_final_fallback,,loss,-1.0,gaussian_unconditional,false,false,false,archive_final_fallback
spread,home,-3.5,100,2.0,0.5125515846093888,0.5,0.4782608695652174,0.03429071504417136,0.025103169218777532,nflverse_archive,2025,4,2025_04_JAX_SF,SF,JAX,nflverse,,nflverse_archive,false,archive_final_fallback,,loss,-1.0,gaussian_unconditional,false,false,false,archive_final_fallback
total,under,45.5,-108,1.925925925925926,0.5744855089844709,0.5192307692307692,0.4956702459300312,0.07881526305443975,0.10641653582194399,nflverse_archive,2025,4,2025_04_JAX_SF,SF,JAX,nflverse,,nflverse_archive,false,archive_final_fallback,,loss,-1.0,gaussian_unconditional,false,false,false,archive_final_fallback
moneyline,home,,230,3.3,0.4347736979655198,0.30303030303030304,0.2904564315352697,0.1443172664302501,0.43475320328621514,nflverse_archive,2025,4,2025_04_LAC_NYG,NYG,LAC,nflverse,,nflverse_archive,false,archive_final_fallback,,win,2.3,gaussian_unconditional,false,false,false,archive_final_fallback
spread,home,6.0,-108,1.925925925925926,0.6177583325642948,0.5192307692307692,0.4956702459300312,0.12208808663426363,0.1897567886423457,nflverse_archive,2025,4,2025_04_LAC_NYG,NYG,LAC,nflverse,,nflverse_archive,false,archive_final_fallback,,win,0.925925925925926,gaussian_unconditional,false,false,false,archive_final_fallback
total,over,43.5,-105,1.9523809523809523,0.49411996910230926,0.5121951219512195,0.4891657638136511,0.004954205288658142,-0.03528958413358674,nflverse_archive,2025,4,2025_04_LAC_NYG,NYG,LAC,nflverse,,nflverse_archive,false,archive_final_fallback,,loss,-1.0,gaussian_unconditional,false,false,false,archive_final_fallback
moneyline,home,,124,2.24,0.5311995650157533,0.4464285714285714,0.4279403644395361,0.10325920057621718,0.18988702563528737,nflverse_archive,2025,4,2025_04_MIN_PIT,PIT,MIN,nflverse,,nflverse_archive,false,archive_final_fallback,,win,1.2400000000000002,gaussian_unconditional,false,false,false,archive_final_fallback
spread,home,2.5,105,2.05,0.6070155723431987,0.48780487804878053,0.4675324675324676,0.13948310481073112,0.24438192330355712,nflverse_archive,2025,4,2025_04_MIN_PIT,PIT,MIN,nflverse,,nflverse_archive,false,archive_final_fallback,,win,1.0499999999999998,gaussian_unconditional,false,false,false,archive_final_fallback
total,over,41.5,-105,1.9523809523809523,0.6402002911507321,0.5121951219512195,0.4891657638136511,0.15103452733708095,0.24991485415142933,nflverse_archive,2025,4,2025_04_MIN_PIT,PIT,MIN,nflverse,,nflverse_archive,false,archive_final_fallback,,win,0.9523809523809523,gaussian_unconditional,false,false,false,archive_final_fallback
moneyline,away,,800,9.0,0.21420096246524856,0.1111111111111111,0.10661764705882351,0.10758331540642505,0.927808662187237,nflverse_archive,2025,4,2025_04_NO_BUF,BUF,NO,nflverse,,nflverse_archive,false,archive_final_fallback,,loss,-1.0,gaussian_unconditional,false,false,false,archive_final_fallback
spread,away,15.5,-115,1.8695652173913042,0.6577401956958051,0.5348837209302326,0.5108342361863489,0.14690595950945617,0.22968819195302692,nflverse_archive,2025,4,2025_04_NO_BUF,BUF,NO,nflverse,,nflverse_archive,false,archive_final_fallback,,win,0.8695652173913042,gaussian_unconditional,false,false,false,archive_final_fallback
total,over,48.5,-105,1.9523809523809523,0.5198872752059015,0.5121951219512195,0.4891657638136511,0.030721511392250378,0.015018013497236193,nflverse_archive,2025,4,2025_04_NO_BUF,BUF,NO,nflverse,,nflverse_archive,false,archive_final_fallback,,win,0.9523809523809523,gaussian_unconditional,false,false,false,archive_final_fallback
moneyline,home,,-148,1.6756756756756757,0.5803965434414525,0.5967741935483871,0.5720596355604638,0.008336907880988731,-0.027443629908917355,nflverse_archive,2025,4,2025_04_NYJ_MIA,MIA,NYJ,nflverse,,nflverse_archive,false,archive_final_fallback,,win,0.6756756756756757,gaussian_unconditional,false,false,false,archive_final_fallback
spread,away,2.5,-105,1.9523809523809523,0.4961523864396422,0.5121951219512195,0.4891657638136511,0.00698662262599109,-0.03132153123688908,nflverse_archive,2025,4,2025_04_NYJ_MIA,MIA,NYJ,nflverse,,nflverse_archive,false,archive_final_fallback,,loss,-1.0,gaussian_unconditional,false,false,false,archive_final_fallback
total,over,44.5,100,2.0,0.596439007427798,0.5,0.4782608695652174,0.11817813786258058,0.19287801485559597,nflverse_archive,2025,4,2025_04_NYJ_MIA,MIA,NYJ,nflverse,,nflverse_archive,false,archive_final_fallback,,win,1.0,gaussian_unconditional,false,false,false,archive_final_fallback
moneyline,home,,154,2.54,0.5771050257371502,0.39370078740157477,0.37753344813882633,0.19957157759832383,0.46584676537236147,nflverse_archive,2025,4,2025_04_PHI_TB,TB,PHI,nflverse,,nflverse_archive,false,archive_final_fallback,,loss,-1.0,gaussian_unconditional,false,false,false,archive_final_fallback
spread,home,3.5,-118,1.847457627118644,0.6790563269141421,0.5412844036697247,0.5173641257162701,0.16169220119787198,0.25452779040070306,nflverse_archive,2025,4,2025_04_PHI_TB,TB,PHI,nflverse,,nflverse_archive,false,archive_final_fallback,,loss,-1.0,gaussian_unconditional,false,false,false,archive_final_fallback
total,over,44.5,-102,1.9803921568627452,0.5860774013889962,0.504950495049505,0.4826358742837298,0.10344152710526644,0.16066308902526716,nflverse_archive,2025,4,2025_04_PHI_TB,TB,PHI,nflverse,,nflverse_archive,false,archive_final_fallback,,win,0.9803921568627452,gaussian_unconditional,false,false,false,archive_final_fallback
moneyline,home,,105,2.05,0.5454609645762348,0.48780487804878053,0.4675324675324676,0.07792849704376725,0.11819497738128137,nflverse_archive,2025,4,2025_04_SEA_ARI,ARI,SEA,nflverse,,nflverse_archive,false,archive_final_fallback,,loss,-1.0,gaussian_unconditional,false,false,false,archive_final_fallback
spread,home,1.5,-110,1.9090909090909092,0.5910160841783045,0.5238095238095238,0.5,0.09101608417830453,0.12830343343130868,nflverse_archive,2025,4,2025_04_SEA_ARI,ARI,SEA,nflverse,,nflverse_archive,false,archive_final_fallback,,loss,-1.0,gaussian_unconditional,false,false,false,archive_final_fallback
total,over,43.5,-112,1.8928571428571428,0.514667571139318,0.5283018867924528,0.5043297540699689,0.010337817069349109,-0.025807811772005196,nflverse_archive,2025,4,2025_04_SEA_ARI,ARI,SEA,nflverse,,nflverse_archive,false,archive_final_fallback,,loss,-1.0,gaussian_unconditional,false,false,false,archive_final_fallback
moneyline,away,,340,4.4,0.29534199049992726,0.22727272727272727,0.21809369951534735,0.07724829098457991,0.29950475819968014,nflverse_archive,2025,4,2025_04_TEN_HOU,HOU,TEN,nflverse,,nflverse_archive,false,archive_final_fallback,,loss,-1.0,gaussian_unconditional,false,false,false,archive_final_fallback
spread,away,7.5,-115,1.8695652173913042,0.5167287010928525,0.5348837209302326,0.5108342361863489,0.005894464906503583,-0.03394199360901495,nflverse_archive,2025,4,2025_04_TEN_HOU,HOU,TEN,nflverse,,nflverse_archive,false,archive_final_fallback,,loss,-1.0,gaussian_unconditional,false,false,false,archive_final_fallback
total,over,39.5,-115,1.8695652173913042,0.5826654237071849,0.5348837209302326,0.5108342361863489,0.07183118752083595,0.08933100953951945,nflverse_archive,2025,4,2025_04_TEN_HOU,HOU,TEN,nflverse,,nflverse_archive,false,archive_final_fallback,,loss,-1.0,gaussian_unconditional,false,false,false,archive_final_fallback
moneyline,away,,120,2.2,0.4957809908746963,0.45454545454545453,0.43650793650793646,0.059273054366759836,0.09071817992433195,nflverse_archive,2025,4,2025_04_WAS_ATL,ATL,WAS,nflverse,,nflverse_archive,false,archive_final_fallback,,loss,-1.0,gaussian_unconditional,false,false,false,archive_final_fallback
spread,away,2.5,-110,1.9090909090909092,0.5724784525453118,0.5238095238095238,0.5,0.07247845254531182,0.09291340940468618,nflverse_archive,2025,4,2025_04_WAS_ATL,ATL,WAS,nflverse,,nflverse_archive,false,archive_final_fallback,,loss,-1.0,gaussian_unconditional,false,false,false,archive_final_fallback
total,over,43.5,-108,1.925925925925926,0.5277831916622658,0.5192307692307692,0.4956702459300312,0.032112945732234666,0.016471332090289836,nflverse_archive,2025,4,2025_04_WAS_ATL,ATL,WAS,nflverse,,nflverse_archive,false,archive_final_fallback,,win,0.925925925925926,gaussian_unconditional,false,false,false,archive_final_fallback
moneyline,home,,-115,1.8695652173913042,0.6242499213160737,0.5348837209302326,0.5108342361863489,0.11341568512972477,0.1670759398517898,nflverse_archive,2025,5,2025_05_DAL_NYJ,NYJ,DAL,nflverse,,nflverse_archive,false,archive_final_fallback,,loss,-1.0,gaussian_unconditional,false,false,false,archive_final_fallback
spread,home,-1.5,100,2.0,0.5794522926499579,0.5,0.4782608695652174,0.1011914230847405,0.1589045852999158,nflverse_archive,2025,5,2025_05_DAL_NYJ,NYJ,DAL,nflverse,,nflverse_archive,false,archive_final_fallback,,loss,-1.0,gaussian_unconditional,false,false,false,archive_final_fallback
total,over,48.5,-110,1.9090909090909092,0.6158239427540472,0.5238095238095238,0.5,0.11582394275404717,0.17566389071227184,nflverse_archive,2025,5,2025_05_DAL_NYJ,NYJ,DAL,nflverse,,nflverse_archive,false,archive_final_fallback,,win,0.9090909090909092,gaussian_unconditional,false,false,false,archive_final_fallback
moneyline,away,,180,2.8,0.3657882953700913,0.35714285714285715,0.3425247738043946,0.023263521565696665,0.02420722703625544,nflverse_archive,2025,5,2025_05_DEN_PHI,PHI,DEN,nflverse,,nflverse_archive,false,archive_final_fallback,,win,1.7999999999999998,gaussian_unconditional,false,false,false,archive_final_fallback
spread,home,-3.5,-115,1.8695652173913042,0.5286859743820951,0.5348837209302326,0.5108342361863489,0.017851738195746147,-0.01158709137260494,nflverse_archive,2025,5,2025_05_DEN_PHI,PHI,DEN,nflverse,,nflverse_archive,false,archive_final_fallback,,loss,-1.0,gaussian_unconditional,false,false,false,archive_final_fallback
total,over,44.5,-105,1.9523809523809523,0.5094261852611627,0.5121951219512195,0.4891657638136511,0.020260421447511556,-0.005406019252015781,nflverse_archive,2025,5,2025_05_DEN_PHI,PHI,DEN,nflverse,,nflverse_archive,false,archive_final_fallback,,loss,-1.0,gaussian_unconditional,false,false,false,archive_final_fallback
moneyline,home,,425,5.25,0.37432523719002675,0.19047619047619047,0.18274111675126903,0.19158412043875772,0.9652074952476404,nflverse_archive,2025,5,2025_05_DET_CIN,CIN,DET,nflverse,,nflverse_archive,false,archive_final_fallback,,loss,-1.0,gaussian_unconditional,false,false,false,archive_final_fallback
spread,home,10.5,-118,1.847457627118644,0.6889111845181399,0.5412844036697247,0.5173641257162701,0.17154705880186982,0.272734222245377,nflverse_archive,2025,5,2025_05_DET_CIN,CIN,DET,nflverse,,nflverse_archive,false,archive_final_fallback,,loss,-1.0,gaussian_unconditional,false,false,false,archive_final_fallback
total,over,49.5,-108,1.925925925925926,0.5462306915705313,0.5192307692307692,0.4956702459300312,0.05056044564050011,0.0519998504321344,nflverse_archive,2025,5,2025_05_DET_CIN,CIN,DET,nflverse,,nflverse_archive,false,archive_final_fallback,,win,0.925925925925926,gaussian_unconditional,false,false,false,archive_final_fallback
moneyline,home,,124,2.24,0.6513643271621427,0.4464285714285714,0.4279403644395361,0.22342396272260656,0.4590560928431997,nflverse_archive,2025,5,2025_05_HOU_BAL,BAL,HOU,nflverse,,nflverse_archive,false,archive_final_fallback,,loss,-1.0,gaussian_unconditional,false,false,false,archive_final_fallback
spread,home,2.5,-102,1.9803921568627452,0.7199261536722856,0.504950495049505,0.4826358742837298,0.23729027938855585,0.4257361082529578,nflverse_archive,2025,5,2025_05_HOU_BAL,BAL,HOU,nflverse,,nflverse_archive,false,archive_final_fallback,,loss,-1.0,gaussian_unconditional,false,false,false,archive_final_fallback
total,over,41.5,-105,1.9523809523809523,0.6698604074738683,0.5121951219512195,0.4891657638136511,0.1806946436602172,0.3078227003061238,nflverse_archive,2025,5,2025_05_HOU_BAL,BAL,HOU,nflverse,,nflverse_archive,false,archive_final_fallback,,win,0.9523809523809523,gaussian_unconditional,false,false,false,archive_final_fallback
moneyline,home,,164,2.6399999999999997,0.5843833243511213,0.37878787878787884,0.36309581830587784,0.22128750604524344,0.5427719762869601,nflverse_archive,2025,5,2025_05_KC_JAX,JAX,KC,nflverse,,nflverse_archive,false,archive_final_fallback,,win,1.6399999999999997,gaussian_unconditional,false,false,false,archive_final_fallback
spread,home,3.5,-110,1.9090909090909092,0.6858716231777003,0.5238095238095238,0.5,0.18587162317770034,0.3093912806119734,nflverse_archive,2025,5,2025_05_KC_JAX,JAX,KC,nflverse,,nflverse_archive,false,archive_final_fallback,,win,0.9090909090909092,gaussian_unconditional,false,false,false,archive_final_fallback
total,under,45.5,-108,1.925925925925926,0.5430088685731713,0.5192307692307692,0.4956702459300312,0.04733862264314015,0.045794857992774496,nflverse_archive,2025,5,2025_05_KC_JAX,JAX,KC,nflverse,,nflverse_archive,false,archive_final_fallback,,loss,-1.0,gaussian_unconditional,false,false,false,archive_final_fallback
moneyline,home,,-360,1.2777777777777777,0.7576235630713415,0.782608695652174,0.7508125677139762,0.00681099535736529,-0.03192544718661927,nflverse_archive,2025,5,2025_05_LV_IND,IND,LV,nflverse,,nflverse_archive,false,archive_final_fallback,,win,0.2777777777777777,gaussian_unconditional,false,false,false,archive_final_fallback
spread,home,-7.0,-120,1.8333333333333335,0.5622021429188055,0.5454545454545454,0.5217391304347826,0.04046301248402295,0.030703928684477022,nflverse_archive,2025,5,2025_05_LV_IND,IND,LV,nflverse,,nflverse_archive,false,archive_final_fallback,,win,0.8333333333333335,gaussian_unconditional,false,false,false,archive_final_fallback
total,over,46.5,-112,1.8928571428571428,0.531331928071368,0.5283018867924528,0.5043297540699689,0.027002174001399037,0.005735435277946399,nflverse_archive,2025,5,2025_05_LV_IND,IND,LV,nflverse,,nflverse_archive,false,archive_final_fallback,,loss,-1.0,gaussian_unconditional,false,false,false,archive_final_fallback
moneyline,home,,100,2.0,0.6343392584142074,0.5,0.4782608695652174,0.15607838884898995,0.2686785168284147,nflverse_archive,2025,5,2025_05_MIA_CAR,CAR,MIA,nflverse,,nflverse_archive,false,archive_final_fallback,,win,1.0,gaussian_unconditional,false,false,false,archive_final_fallback
spread,home,1.5,-115,1.8695652173913042,0.677075917635086,0.5348837209302326,0.5108342361863489,0.16624168144873708,0.26583758514385636,nflverse_archive,2025,5,2025_05_MIA_CAR,CAR,MIA,nflverse,,nflverse_archive,false,archive_final_fallback,,win,0.8695652173913042,gaussian_unconditional,false,false,false,archive_final_fallback
total,over,44.5,-115,1.8695652173913042,0.5676006235587132,0.5348837209302326,0.5108342361863489,0.05676638737236428,0.06116638317498557,nflverse_archive,2025,5,2025_05_MIA_CAR,CAR,MIA,nflverse,,nflverse_archive,false,archive_final_fallback,,win,0.8695652173913042,gaussian_unconditional,false,false,false,archive_final_fallback
moneyline,home,,164,2.6399999999999997,0.4424167899880169,0.37878787878787884,0.36309581830587784,0.07932097168213909,0.1679803255683645,nflverse_archive,2025,5,2025_05_MIN_CLE,CLE,MIN,nflverse,,nflverse_archive,false,archive_final_fallback,,loss,-1.0,gaussian_unconditional,false,false,false,archive_final_fallback
spread,home,3.5,-110,1.9090909090909092,0.5502200556693575,0.5238095238095238,0.5,0.0502200556693575,0.05042010627786442,nflverse_archive,2025,5,2025_05_MIN_CLE,CLE,MIN,nflverse,,nflverse_archive,false,archive_final_fallback,,loss,-1.0,gaussian_unconditional,false,false,false,archive_final_fallback
total,over,35.5,-108,1.925925925925926,0.7020036798230278,0.5192307692307692,0.4956702459300312,0.20633343389299663,0.35200708706657213,nflverse_archive,2025,5,2025_05_MIN_CLE,CLE,MIN,nflverse,,nflverse_archive,false,archive_final_fallback,,win,0.925925925925926,gaussian_unconditional,false,false,false,archive_final_fallback
moneyline,away,,310,4.1,0.2662275864853276,0.24390243902439027,0.23409789548356588,0.032129691001761745,0.0915331045898431,nflverse_archive,2025,5,2025_05_NE_BUF,BUF,NE,nflverse,,nflverse_archive,false,archive_final_fallback,,win,3.0999999999999996,gaussian_unconditional,false,false,false,archive_final_fallback
spread,home,-7.5,-115,1.8695652173913042,0.5173148701829253,0.5348837209302326,0.5108342361863489,0.00648063399657639,-0.03284611226670486,nflverse_archive,2025,5,2025_05_NE_BUF,BUF,NE,nflverse,,nflverse_archive,false,archive_final_fallback,,loss,-1.0,gaussian_unconditional,false,false,false,archive_final_fallback
total,under,49.5,-108,1.925925925925926,0.518664080006928,0.5192307692307692,0.4956702459300312,0.022993834076896813,-0.0010914014681386863,nflverse_archive,2025,5,2025_05_NE_BUF,BUF,NE,nflverse,,nflverse_archive,false,archive_final_fallback,,win,0.925925925925926,gaussian_unconditional,false,false,false,archive_final_fallback
moneyline,home,,-120,1.8333333333333335,0.5999276103516329,0.5454545454545454,0.5217391304347826,0.0781884799168503,0.0998672856446603,nflverse_archive,2025,5,2025_05_NYG_NO,NO,NYG,nflverse,,nflverse_archive,false,archive_final_fallback,,win,0.8333333333333335,gaussian_unconditional,false,false,false,archive_final_fallback
spread,home,-1.5,-105,1.9523809523809523,0.5544807851323568,0.5121951219512195,0.4891657638136511,0.06531502131870565,0.08255772335364897,nflverse_archive,2025,5,2025_05_NYG_NO,NO,NYG,nflverse,,nflverse_archive,false,archive_final_fallback,,win,0.9523809523809523,gaussian_unconditional,false,false,false,archive_final_fallback
total,over,41.5,-115,1.8695652173913042,0.5909744556542267,0.5348837209302326,0.5108342361863489,0.08014021946787775,0.10486528665790207,nflverse_archive,2025,5,2025_05_NYG_NO,NO,NYG,nflverse,,nflverse_archive,false,archive_final_fallback,,loss,-1.0,gaussian_unconditional,false,false,false,archive_final_fallback
moneyline,away,,340,4.4,0.33376579964410613,0.22727272727272727,0.21809369951534735,0.11567210012875878,0.468569518434067,nflverse_archive,2025,5,2025_05_SF_LA,LA,SF,nflverse,,nflverse_archive,false,archive_final_fallback,,win,3.4000000000000004,gaussian_unconditional,false,false,false,archive_final_fallback
spread,away,8.5,-110,1.9090909090909092,0.5904703415491466,0.5238095238095238,0.5,0.09047034154914657,0.12726156113927978,nflverse_archive,2025,5,2025_05_SF_LA,LA,SF,nflverse,,nflverse_archive,false,archive_final_fallback,,win,0.9090909090909092,gaussian_unconditional,false,false,false,archive_final_fallback
total,over,43.5,-112,1.8928571428571428,0.5339759702911226,0.5283018867924528,0.5043297540699689,0.02964621622115371,0.010740229479625052,nflverse_archive,2025,5,2025_05_SF_LA,LA,SF,nflverse,,nflverse_archive,false,archive_final_fallback,,win,0.8928571428571428,gaussian_unconditional,false,false,false,archive_final_fallback
moneyline,home,,-180,1.5555555555555556,0.6968171749023478,0.6428571428571428,0.6164383561643836,0.08037881873796426,0.08393782762587443,nflverse_archive,2025,5,2025_05_TB_SEA,SEA,TB,nflverse,,nflverse_archive,false,archive_final_fallback,,loss,-1.0,gaussian_unconditional,false,false,false,archive_final_fallback
spread,home,-3.5,-105,1.9523809523809523,0.5964644495938294,0.5121951219512195,0.4891657638136511,0.10729868578017826,0.16452583015938105,nflverse_archive,2025,5,2025_05_TB_SEA,SEA,TB,nflverse,,nflverse_archive,false,archive_final_fallback,,loss,-1.0,gaussian_unconditional,false,false,false,archive_final_fallback
total,over,44.5,-110,1.9090909090909092,0.5981654797744049,0.5238095238095238,0.5,0.09816547977440493,0.14195227956931844,nflverse_archive,2025,5,2025_05_TB_SEA,SEA,TB,nflverse,,nflverse_archive,false,archive_final_fallback,,win,0.9090909090909092,gaussian_unconditional,false,false,false,archive_final_fallback
moneyline,home,,-425,1.2352941176470589,0.7910384649868889,0.8095238095238095,0.7768331562167907,0.01420530877009818,-0.022834837369137162,nflverse_archive,2025,5,2025_05_TEN_ARI,ARI,TEN,nflverse,,nflverse_archive,false,archive_final_fallback,,loss,-1.0,gaussian_unconditional,false,false,false,archive_final_fallback
spread,home,-7.5,-112,1.8928571428571428,0.5906365756992284,0.5283018867924528,0.5043297540699689,0.08630682162925951,0.11799066114496815,nflverse_archive,2025,5,2025_05_TEN_ARI,ARI,TEN,nflverse,,nflverse_archive,false,archive_final_fallback,,loss,-1.0,gaussian_unconditional,false,false,false,archive_final_fallback
total,over,41.5,-110,1.9090909090909092,0.5691317954075554,0.5238095238095238,0.5,0.06913179540755543,0.08652433668715132,nflverse_archive,2025,5,2025_05_TEN_ARI,ARI,TEN,nflverse,,nflverse_archive,false,archive_final_fallback,,win,0.9090909090909092,gaussian_unconditional,false,false,false,archive_final_fallback
moneyline,home,,-155,1.6451612903225805,0.6468970506018026,0.607843137254902,0.5829926410466066,0.06390440955519594,0.06424998647393321,nflverse_archive,2025,5,2025_05_WAS_LAC,LAC,WAS,nflverse,,nflverse_archive,false,archive_final_fallback,,loss,-1.0,gaussian_unconditional,false,false,false,archive_final_fallback
spread,home,-2.5,-120,1.8333333333333335,0.5727347226309856,0.5454545454545454,0.5217391304347826,0.05099559219620298,0.05001365815680692,nflverse_archive,2025,5,2025_05_WAS_LAC,LAC,WAS,nflverse,,nflverse_archive,false,archive_final_fallback,,loss,-1.0,gaussian_unconditional,false,false,false,archive_final_fallback
total,under,47.5,-115,1.8695652173913042,0.5303037367268185,0.5348837209302326,0.5108342361863489,0.019469500540469586,-0.008562579162904593,nflverse_archive,2025,5,2025_05_WAS_LAC,LAC,WAS,nflverse,,nflverse_archive,false,archive_final_fallback,,win,0.8695652173913042,gaussian_unconditional,false,false,false,archive_final_fallback
moneyline,away,,360,4.6,0.2822531387055002,0.2173913043478261,0.20863836017569548,0.07361477852980469,0.2983644380453008,nflverse_archive,2025,6,2025_06_ARI_IND,IND,ARI,nflverse,,nflverse_archive,false,archive_final_fallback,,loss,-1.0,gaussian_unconditional,false,false,false,archive_final_fallback
spread,away,8.5,-110,1.9090909090909092,0.531597265107324,0.5238095238095238,0.5,0.03159726510732397,0.014867506113982243,nflverse_archive,2025,6,2025_06_ARI_IND,IND,ARI,nflverse,,nflverse_archive,false,archive_final_fallback,,win,0.9090909090909092,gaussian_unconditional,false,false,false,archive_final_fallback
total,over,46.5,102,2.02,0.49679179893628433,0.49504950495049505,0.47391341473828025,0.022878384198004087,0.0035194338512942736,nflverse_archive,2025,6,2025_06_ARI_IND,IND,ARI,nflverse,,nflverse_archive,false,archive_final_fallback,,win,1.02,gaussian_unconditional,false,false,false,archive_final_fallback
moneyline,home,,170,2.7,0.5032472986761705,0.37037037037037035,0.35527082119976705,0.1479764774764034,0.35876770642566025,nflverse_archive,2025,6,2025_06_BUF_ATL,ATL,BUF,nflverse,,nflverse_archive,false,archive_final_fallback,,win,1.7000000000000002,gaussian_unconditional,false,false,false,archive_final_fallback
spread,home,3.5,100,2.0,0.6095052139920458,0.5,0.4782608695652174,0.13124434442682842,0.21901042798409165,nflverse_archive,2025,6,2025_06_BUF_ATL,ATL,BUF,nflverse,,nflverse_archive,false,archive_final_fallback,,win,1.0,gaussian_unconditional,false,false,false,archive_final_fallback
total,under,49.5,-102,1.9803921568627452,0.5595214542250941,0.504950495049505,0.4826358742837298,0.07688557994136436,0.10807189954381391,nflverse_archive,2025,6,2025_06_BUF_ATL,ATL,BUF,nflverse,,nflverse_archive,false,archive_final_fallback,,win,0.9803921568627452,gaussian_unconditional,false,false,false,archive_final_fallback
moneyline,home,,-258,1.3875968992248062,0.7099846841502635,0.7206703910614525,0.690792883054068,0.01919180109619545,-0.014827453775990929,nflverse_archive,2025,6,2025_06_CHI_WAS,WAS,CHI,nflverse,,nflverse_archive,false,archive_final_fallback,,loss,-1.0,gaussian_unconditional,false,false,false,archive_final_fallback
spread,home,-5.5,-112,1.8928571428571428,0.5514111407139126,0.5283018867924528,0.5043297540699689,0.04708138664394368,0.043742516351334526,nflverse_archive,2025,6,2025_06_CHI_WAS,WAS,CHI,nflverse,,nflverse_archive,false,archive_final_fallback,,loss,-1.0,gaussian_unconditional,false,false,false,archive_final_fallback
total,under,49.5,-105,1.9523809523809523,0.509919586343392,0.5121951219512195,0.4891657638136511,0.02075382252974084,-0.004442712377187186,nflverse_archive,2025,6,2025_06_CHI_WAS,WAS,CHI,nflverse,,nflverse_archive,false,archive_final_fallback,,win,0.9523809523809523,gaussian_unconditional,false,false,false,archive_final_fallback
moneyline,away,,650,7.5,0.21978301224842867,0.13333333333333333,0.12790697674418605,0.09187603550424261,0.648372591863215,nflverse_archive,2025,6,2025_06_CIN_GB,GB,CIN,nflverse,,nflverse_archive,false,archive_final_fallback,,loss,-1.0,gaussian_unconditional,false,false,false,archive_final_fallback
spread,away,14.0,-110,1.9090909090909092,0.6204386481963678,0.5238095238095238,0.5,0.12043864819636785,0.18447378292033867,nflverse_archive,2025,6,2025_06_CIN_GB,GB,CIN,nflverse,,nflverse_archive,false,archive_final_fallback,,win,0.9090909090909092,gaussian_unconditional,false,false,false,archive_final_fallback
total,over,44.5,-110,1.9090909090909092,0.6096289248896933,0.5238095238095238,0.5,0.10962892488969334,0.16383703842577813,nflverse_archive,2025,6,2025_06_CIN_GB,GB,CIN,nflverse,,nflverse_archive,false,archive_final_fallback,,win,0.9090909090909092,gaussian_unconditional,false,false,false,archive_final_fallback
moneyline,home,,-278,1.3597122302158273,0.7312842784418485,0.7354497354497355,0.705033164260632,0.026251114181216506,-0.005663822838062105,nflverse_archive,2025,6,2025_06_CLE_PIT,PIT,CLE,nflverse,,nflverse_archive,false,archive_final_fallback,,win,0.3597122302158273,gaussian_unconditional,false,false,false,archive_final_fallback
spread,home,-5.5,-120,1.8333333333333335,0.5763596503810734,0.5454545454545454,0.5217391304347826,0.0546205199462908,0.05665935903196795,nflverse_archive,2025,6,2025_06_CLE_PIT,PIT,CLE,nflverse,,nflverse_archive,false,archive_final_fallback,,win,0.8333333333333335,gaussian_unconditional,false,false,false,archive_final_fallback
total,over,37.5,-120,1.8333333333333335,0.6576976269912562,0.5454545454545454,0.5217391304347826,0.13595849655647363,0.2057789828173031,nflverse_archive,2025,6,2025_06_CLE_PIT,PIT,CLE,nflverse,,nflverse_archive,false,archive_final_fallback,,loss,-1.0,gaussian_unconditional,false,false,false,archive_final_fallback
moneyline,home,,145,2.45,0.560215856200694,0.4081632653061224,0.3907637655417407,0.16945209065895334,0.37252884769170036,nflverse_archive,2025,6,2025_06_DAL_CAR,CAR,DAL,nflverse,,nflverse_archive,false,archive_final_fallback,,win,1.4500000000000002,gaussian_unconditional,false,false,false,archive_final_fallback
spread,home,3.0,-102,1.9803921568627452,0.6490847461720596,0.504950495049505,0.4826358742837298,0.1664488718883298,0.28544234045839256,nflverse_archive,2025,6,2025_06_DAL_CAR,CAR,DAL,nflverse,,nflverse_archive,false,archive_final_fallback,,win,0.9803921568627452,gaussian_unconditional,false,false,false,archive_final_fallback
total,over,47.5,-115,1.8695652173913042,0.637505553507286,0.5348837209302326,0.5108342361863489,0.12667131732093706,0.19185820873101278,nflverse_archive,2025,6,2025_06_DAL_CAR,CAR,DAL,nflverse,,nflverse_archive,false,archive_final_fallback,,win,0.8695652173913042,gaussian_unconditional,false,false,false,archive_final_fallback
moneyline,home,,310,4.1,0.40295520462957446,0.24390243902439027,0.23409789548356588,0.16885730914600858,0.6521163389812552,nflverse_archive,2025,6,2025_06_DEN_NYJ,NYJ,DEN,nflverse,,nflverse_archive,false,archive_final_fallback,,loss,-1.0,gaussian_unconditional,false,false,false,archive_final_fallback
spread,home,7.5,-120,1.8333333333333335,0.630293235833353,0.5454545454545454,0.5217391304347826,0.10855410539857036,0.15553759902781383,nflverse_archive,2025,6,2025_06_DEN_NYJ,NYJ,DEN,nflverse,,nflverse_archive,false,archive_final_fallback,,win,0.8333333333333335,gaussian_unconditional,false,false,false,archive_final_fallback
total,over,43.5,-108,1.925925925925926,0.5696939680856024,0.5192307692307692,0.4956702459300312,0.07402372215557118,0.09718838297967869,nflverse_archive,2025,6,2025_06_DEN_NYJ,NYJ,DEN,nflverse,,nflverse_archive,false,archive_final_fallback,,loss,-1.0,gaussian_unconditional,false,false,false,archive_final_fallback
moneyline,away,,120,2.2,0.5112616047154533,0.45454545454545453,0.43650793650793646,0.07475366820751689,0.12477553037399747,nflverse_archive,2025,6,2025_06_DET_KC,KC,DET,nflverse,,nflverse_archive,false,archive_final_fallback,,loss,-1.0,gaussian_unconditional,false,false,false,archive_final_fallback
spread,away,2.5,-105,1.9523809523809523,0.5874580085228019,0.5121951219512195,0.4891657638136511,0.09829224470915082,0.14694182616356577,nflverse_archive,2025,6,2025_06_DET_KC,KC,DET,nflverse,,nflverse_archive,false,archive_final_fallback,,loss,-1.0,gaussian_unconditional,false,false,false,archive_final_fallback
total,under,51.5,-105,1.9523809523809523,0.5324915973756393,0.5121951219512195,0.4891657638136511,0.043325833561988214,0.03962645201910542,nflverse_archive,2025,6,2025_06_DET_KC,KC,DET,nflverse,,nflverse_archive,false,archive_final_fallback,,win,0.9523809523809523,gaussian_unconditional,false,false,false,archive_final_fallback
moneyline,home,,170,2.7,0.5179723736738877,0.37037037037037035,0.35527082119976705,0.16270155247412066,0.39852540891949695,nflverse_archive,2025,6,2025_06_LAC_MIA,MIA,LAC,nflverse,,nflverse_archive,false,archive_final_fallback,,loss,-1.0,gaussian_unconditional,false,false,false,archive_final_fallback
spread,home,3.5,-105,1.9523809523809523,0.6236021398751838,0.5121951219512195,0.4891657638136511,0.13443637606153264,0.21750893975631103,nflverse_archive,2025,6,2025_06_LAC_MIA,MIA,LAC,nflverse,,nflverse_archive,false,archive_final_fallback,,win,0.9523809523809523,gaussian_unconditional,false,false,false,archive_final_fallback
total,under,45.5,-115,1.8695652173913042,0.5226994796368235,0.5348837209302326,0.5108342361863489,0.011865243450474572,-0.02277923372246049,nflverse_archive,2025,6,2025_06_LAC_MIA,MIA,LAC,nflverse,,nflverse_archive,false,archive_final_fallback,,loss,-1.0,gaussian_unconditional,false,false,false,archive_final_fallback
moneyline,home,,280,3.8,0.5361737660023929,0.2631578947368421,0.2522172949002217,0.28395647110217115,1.037460310809093,nflverse_archive,2025,6,2025_06_LA_BAL,BAL,LA,nflverse,,nflverse_archive,false,archive_final_fallback,,loss,-1.0,gaussian_unconditional,false,false,false,archive_final_fallback
spread,home,7.0,-115,1.8695652173913042,0.7358419007807528,0.5348837209302326,0.5108342361863489,0.2250076645944039,0.3757044231987987,nflverse_archive,2025,6,2025_06_LA_BAL,BAL,LA,nflverse,,nflverse_archive,false,archive_final_fallback,,loss,-1.0,gaussian_unconditional,false,false,false,archive_final_fallback
total,over,43.5,-112,1.8928571428571428,0.7752759474814555,0.5283018867924528,0.5043297540699689,0.2709461934114865,0.46748661487561205,nflverse_archive,2025,6,2025_06_LA_BAL,BAL,LA,nflverse,,nflverse_archive,false,archive_final_fallback,,loss,-1.0,gaussian_unconditional,false,false,false,archive_final_fallback
moneyline,home,,160,2.6,0.4954423702193308,0.3846153846153846,0.3690596562184024,0.12638271400092838,0.28815016257026005,nflverse_archive,2025,6,2025_06_NE_NO,NO,NE,nflverse,,nflverse_archive,false,archive_final_fallback,,loss,-1.0,gaussian_unconditional,false,false,false,archive_final_fallback
spread,home,3.5,-115,1.8695652173913042,0.6019760837727726,0.5348837209302326,0.5108342361863489,0.09114184758642363,0.12543354792300954,nflverse_archive,2025,6,2025_06_NE_NO,NO,NE,nflverse,,nflverse_archive,false,archive_final_fallback,,loss,-1.0,gaussian_unconditional,false,false,false,archive_final_fallback
total,under,46.5,-115,1.8695652173913042,0.5384173903048326,0.5348837209302326,0.5108342361863489,0.027583154118483666,0.006606425352513101,nflverse_archive,2025,6,2025_06_NE_NO,NO,NE,nflverse,,nflverse_archive,false,archive_final_fallback,,win,0.8695652173913042,gaussian_unconditional,false,false,false,archive_final_fallback
moneyline,home,,310,4.1,0.4272988065322634,0.24390243902439027,0.23409789548356588,0.1932009110486975,0.7519251067822796,nflverse_archive,2025,6,2025_06_PHI_NYG,NYG,PHI,nflverse,,nflverse_archive,false,archive_final_fallback,,win,3.0999999999999996,gaussian_unconditional,false,false,false,archive_final_fallback
spread,home,7.0,100,2.0,0.6392759948048747,0.5,0.4782608695652174,0.16101512523965733,0.2785519896097495,nflverse_archive,2025,6,2025_06_PHI_NYG,NYG,PHI,nflverse,,nflverse_archive,false,archive_final_fallback,,win,1.0,gaussian_unconditional,false,false,false,archive_final_fallback
total,over,40.5,-115,1.8695652173913042,0.6063018622758163,0.5348837209302326,0.5108342361863489,0.09546762608946735,0.13352087295043913,nflverse_archive,2025,6,2025_06_PHI_NYG,NYG,PHI,nflverse,,nflverse_archive,false,archive_final_fallback,,win,0.8695652173913042,gaussian_unconditional,false,false,false,archive_final_fallback
moneyline,home,,-105,1.9523809523809523,0.5511531706482002,0.5121951219512195,0.4891657638136511,0.06198740683454912,0.07606095221791476,nflverse_archive,2025,6,2025_06_SEA_JAX,JAX,SEA,nflverse,,nflverse_archive,false,archive_final_fallback,,loss,-1.0,gaussian_unconditional,false,false,false,archive_final_fallback
spread,home,1.5,-120,1.8333333333333335,0.5964784679378241,0.5454545454545454,0.5217391304347826,0.07473933750304151,0.09354385788601105,nflverse_archive,2025,6,2025_06_SEA_JAX,JAX,SEA,nflverse,,nflverse_archive,false,archive_final_fallback,,loss,-1.0,gaussian_unconditional,false,false,false,archive_final_fallback
total,over,47.5,-105,1.9523809523809523,0.5090798557015698,0.5121951219512195,0.4891657638136511,0.01991409188791865,-0.006082186487411434,nflverse_archive,2025,6,2025_06_SEA_JAX,JAX,SEA,nflverse,,nflverse_archive,false,archive_final_fallback,,loss,-1.0,gaussian_unconditional,false,false,false,archive_final_fallback
moneyline,away,,160,2.6,0.37297570613881315,0.3846153846153846,0.3690596562184024,0.003916049920410725,-0.0302631640390858,nflverse_archive,2025,6,2025_06_SF_TB,TB,SF,nflverse,,nflverse_archive,false,archive_final_fallback,,loss,-1.0,gaussian_unconditional,false,false,false,archive_final_fallback
spread,home,-3.5,-115,1.8695652173913042,0.521569268540328,0.5348837209302326,0.5108342361863489,0.010735032353979101,-0.024892237076778123,nflverse_archive,2025,6,2025_06_SF_TB,TB,SF,nflverse,,nflverse_archive,false,archive_final_fallback,,win,0.8695652173913042,gaussian_unconditional,false,false,false,archive_final_fallback
total,over,46.5,-115,1.8695652173913042,0.5624201580936605,0.5348837209302326,0.5108342361863489,0.051585921907311594,0.05148116513162604,nflverse_archive,2025,6,2025_06_SF_TB,TB,SF,nflverse,,nflverse_archive,false,archive_final_fallback,,win,0.8695652173913042,gaussian_unconditional,false,false,false,archive_final_fallback
moneyline,away,,154,2.54,0.3845135485551804,0.39370078740157477,0.37753344813882633,0.006980100416354051,-0.023335586669841812,nflverse_archive,2025,6,2025_06_TEN_LV,LV,TEN,nflverse,,nflverse_archive,false,archive_final_fallback,,loss,-1.0,gaussian_unconditional,false,false,false,archive_final_fallback
spread,home,-3.5,-110,1.9090909090909092,0.5094771430407846,0.5238095238095238,0.5,0.009477143040784619,-0.027361817831229374,nflverse_archive,2025,6,2025_06_TEN_LV,LV,TEN,nflverse,,nflverse_archive,false,archive_final_fallback,,win,0.9090909090909092,gaussian_unconditional,false,false,false,archive_final_fallback
total,over,41.5,-115,1.8695652173913042,0.6053263350627337,0.5348837209302326,0.5108342361863489,0.09449209887638477,0.13169706120424118,nflverse_archive,2025,6,2025_06_TEN_LV,LV,TEN,nflverse,,nflverse_archive,false,archive_final_fallback,,loss,-1.0,gaussian_unconditional,false,false,false,archive_final_fallback
moneyline,home,,-115,1.8695652173913042,0.6204249441680318,0.5348837209302326,0.5108342361863489,0.10959070798168291,0.1599248956184942,nflverse_archive,2025,7,2025_07_ATL_SF,SF,ATL,nflverse,,nflverse_archive,false,archive_final_fallback,,win,0.8695652173913042,gaussian_unconditional,false,false,false,archive_final_fallback
spread,home,-1.5,100,2.0,0.5755149459561995,0.5,0.4782608695652174,0.09725407639098205,0.1510298919123989,nflverse_archive,2025,7,2025_07_ATL_SF,SF,ATL,nflverse,,nflverse_archive,false,archive_final_fallback,,win,1.0,gaussian_unconditional,false,false,false,archive_final_fallback
total,under,46.5,-112,1.8928571428571428,0.6122949009439914,0.5283018867924528,0.5043297540699689,0.10796514687402248,0.15898677678684092,nflverse_archive,2025,7,2025_07_ATL_SF,SF,ATL,nflverse,,nflverse_archive,false,archive_final_fallback,,win,0.8928571428571428,gaussian_unconditional,false,false,false,archive_final_fallback
moneyline,home,,-112,1.8928571428571428,0.5764612491642233,0.5283018867924528,0.5043297540699689,0.07213149509425432,0.09115879306085106,nflverse_archive,2025,7,2025_07_CAR_NYJ,NYJ,CAR,nflverse,,nflverse_archive,false,archive_final_fallback,,loss,-1.0,gaussian_unconditional,false,false,false,archive_final_fallback
spread,home,-1.5,105,2.05,0.530562642522797,0.48780487804878053,0.4675324675324676,0.06303017499032937,0.08765341717173358,nflverse_archive,2025,7,2025_07_CAR_NYJ,NYJ,CAR,nflverse,,nflverse_archive,false,archive_final_fallback,,loss,-1.0,gaussian_unconditional,false,false,false,archive_final_fallback
total,over,39.5,-118,1.847457627118644,0.7168308713182452,0.5412844036697247,0.5173641257162701,0.19946674560197508,0.32431466057099523,nflverse_archive,2025,7,2025_07_CAR_NYJ,NYJ,CAR,nflverse,,nflverse_archive,false,archive_final_fallback,,loss,-1.0,gaussian_unconditional,false,false,false,archive_final_fallback
moneyline,home,,310,4.1,0.5422677467685126,0.24390243902439027,0.23409789548356588,0.3081698512849468,1.2232977617509015,nflverse_archive,2025,7,2025_07_GB_ARI,ARI,GB,nflverse,,nflverse_archive,false,archive_final_fallback,,loss,-1.0,gaussian_unconditional,false,false,false,archive_final_fallback
spread,home,7.0,-105,1.9523809523809523,0.7415880264163333,0.5121951219512195,0.4891657638136511,0.25242226260268213,0.4478623372890316,nflverse_archive,2025,7,2025_07_GB_ARI,ARI,GB,nflverse,,nflverse_archive,false,archive_final_fallback,,win,0.9523809523809523,gaussian_unconditional,false,false,false,archive_final_fallback
total,over,44.5,-110,1.9090909090909092,0.5053795058369891,0.5238095238095238,0.5,0.005379505836989096,-0.03518457976574807,nflverse_archive,2025,7,2025_07_GB_ARI,ARI,GB,nflverse,,nflverse_archive,false,archive_final_fallback,,win,0.9090909090909092,gaussian_unconditional,false,false,false,archive_final_fallback
moneyline,home,,-166,1.6024096385542168,0.6079156285718029,0.6240601503759399,0.5996387718242023,0.008276856747600592,-0.025870137348797728,nflverse_archive,2025,7,2025_07_HOU_SEA,SEA,HOU,nflverse,,nflverse_archive,false,archive_final_fallback,,win,0.6024096385542168,gaussian_unconditional,false,false,false,archive_final_fallback
spread,home,-3.0,-110,1.9090909090909092,0.5165759821485447,0.5238095238095238,0.5,0.01657598214854472,-0.013809488625505462,nflverse_archive,2025,7,2025_07_HOU_SEA,SEA,HOU,nflverse,,nflverse_archive,false,archive_final_fallback,,win,0.9090909090909092,gaussian_unconditional,false,false,false,archive_final_fallback
total,over,41.5,-110,1.9090909090909092,0.5071886456354311,0.5238095238095238,0.5,0.00718864563543109,-0.03173076742326786,nflverse_archive,2025,7,2025_07_HOU_SEA,SEA,HOU,nflverse,,nflverse_archive,false,archive_final_fallback,,win,0.9090909090909092,gaussian_unconditional,false,false,false,archive_final_fallback
moneyline,away,,114,2.1399999999999997,0.48889505802774547,0.4672897196261683,0.44855888528345106,0.04033617274429441,0.046235424179375206,nflverse_archive,2025,7,2025_07_IND_LAC,LAC,IND,nflverse,,nflverse_archive,false,archive_final_fallback,,win,1.1399999999999997,gaussian_unconditional,false,false,false,archive_final_fallback
spread,away,2.5,-108,1.925925925925926,0.5658301306916534,0.5192307692307692,0.4956702459300312,0.07015988476162227,0.08974691836911042,nflverse_archive,2025,7,2025_07_IND_LAC,LAC,IND,nflverse,,nflverse_archive,false,archive_final_fallback,,win,0.925925925925926,gaussian_unconditional,false,false,false,archive_final_fallback
total,under,48.5,-110,1.9090909090909092,0.5275430199016934,0.5238095238095238,0.5,0.02754301990169339,0.007127583448687469,nflverse_archive,2025,7,2025_07_IND_LAC,LAC,IND,nflverse,,nflverse_archive,false,archive_final_fallback,,loss,-1.0,gaussian_unconditional,false,false,false,archive_final_fallback
moneyline,home,,140,2.4,0.5611781753635978,0.4166666666666667,0.4003612281757977,0.1608169471878001,0.34682762087263463,nflverse_archive,2025,7,2025_07_LA_JAX,JAX,LA,nflverse,,nflverse_archive,false,archive_final_fallback,,loss,-1.0,gaussian_unconditional,false,false,false,archive_final_fallback
spread,home,3.0,-105,1.9523809523809523,0.6503574695293396,0.5121951219512195,0.4891657638136511,0.16119170571568847,0.2697455357477583,nflverse_archive,2025,7,2025_07_LA_JAX,JAX,LA,nflverse,,nflverse_archive,false,archive_final_fallback,,loss,-1.0,gaussian_unconditional,false,false,false,archive_final_fallback
total,under,44.5,-105,1.9523809523809523,0.532453601744416,0.5121951219512195,0.4891657638136511,0.043287837930764905,0.03955227007243134,nflverse_archive,2025,7,2025_07_LA_JAX,JAX,LA,nflverse,,nflverse_archive,false,archive_final_fallback,,win,0.9523809523809523,gaussian_unconditional,false,false,false,archive_final_fallback
moneyline,away,,625,7.25,0.2259819353206831,0.13793103448275862,0.1322834645669291,0.09369847075375401,0.6383690310749526,nflverse_archive,2025,7,2025_07_LV_KC,KC,LV,nflverse,,nflverse_archive,false,archive_final_fallback,,loss,-1.0,gaussian_unconditional,false,false,false,archive_final_fallback
spread,away,13.5,-115,1.8695652173913042,0.6153667140717886,0.5348837209302326,0.5108342361863489,0.10453247788543962,0.150468204568996,nflverse_archive,2025,7,2025_07_LV_KC,KC,LV,nflverse,,nflverse_archive,false,archive_final_fallback,,loss,-1.0,gaussian_unconditional,false,false,false,archive_final_fallback
total,under,44.5,-115,1.8695652173913042,0.515700189702804,0.5348837209302326,0.5108342361863489,0.004865953516455024,-0.03586486272954048,nflverse_archive,2025,7,2025_07_LV_KC,KC,LV,nflverse,,nflverse_archive,false,archive_final_fallback,,win,0.8695652173913042,gaussian_unconditional,false,false,false,archive_final_fallback
moneyline,away,,124,2.24,0.4640121416392099,0.4464285714285714,0.4279403644395361,0.036071777199673805,0.039387197271830265,nflverse_archive,2025,7,2025_07_MIA_CLE,CLE,MIA,nflverse,,nflverse_archive,false,archive_final_fallback,,loss,-1.0,gaussian_unconditional,false,false,false,archive_final_fallback
spread,away,2.5,-102,1.9803921568627452,0.541128202807654,0.504950495049505,0.4826358742837298,0.058492328523924164,0.07164604869751079,nflverse_archive,2025,7,2025_07_MIA_CLE,CLE,MIA,nflverse,,nflverse_archive,false,archive_final_fallback,,loss,-1.0,gaussian_unconditional,false,false,false,archive_final_fallback
total,over,34.5,-108,1.925925925925926,0.7460732573037823,0.5192307692307692,0.4956702459300312,0.2504030113737511,0.4368818288813585,nflverse_archive,2025,7,2025_07_MIA_CLE,CLE,MIA,nflverse,,nflverse_archive,false,archive_final_fallback,,win,0.925925925925926,gaussian_unconditional,false,false,false,archive_final_fallback
moneyline,home,,235,3.35,0.4488080598827484,0.29850746268656714,0.28644876973925815,0.16235929014349026,0.5035070006072073,nflverse_archive,2025,7,2025_07_NE_TEN,TEN,NE,nflverse,,nflverse_archive,false,archive_final_fallback,,loss,-1.0,gaussian_unconditional,false,false,false,archive_final_fallback
spread,home,6.5,-112,1.8928571428571428,0.6460602881813545,0.5283018867924528,0.5043297540699689,0.1417305341113856,0.22289983120042112,nflverse_archive,2025,7,2025_07_NE_TEN,TEN,NE,nflverse,,nflverse_archive,false,archive_final_fallback,,loss,-1.0,gaussian_unconditional,false,false,false,archive_final_fallback
total,over,40.5,-112,1.8928571428571428,0.5981224220804653,0.5283018867924528,0.5043297540699689,0.09379266801049635,0.1321602989380235,nflverse_archive,2025,7,2025_07_NE_TEN,TEN,NE,nflverse,,nflverse_archive,false,archive_final_fallback,,win,0.8928571428571428,gaussian_unconditional,false,false,false,archive_final_fallback
moneyline,home,,-225,1.4444444444444444,0.6941232798643122,0.6923076923076923,0.6636481241914618,0.030475155672850418,0.0026225153595620387,nflverse_archive,2025,7,2025_07_NO_CHI,CHI,NO,nflverse,,nflverse_archive,false,archive_final_fallback,,win,0.4444444444444444,gaussian_unconditional,false,false,false,archive_final_fallback
spread,home,-4.5,100,2.0,0.5631966848923058,0.5,0.4782608695652174,0.08493581532708838,0.12639336978461158,nflverse_archive,2025,7,2025_07_NO_CHI,CHI,NO,nflverse,,nflverse_archive,false,archive_final_fallback,,win,1.0,gaussian_unconditional,false,false,false,archive_final_fallback
total,over,43.5,-110,1.9090909090909092,0.6052376616334261,0.5238095238095238,0.5,0.10523766163342607,0.15545371766381355,nflverse_archive,2025,7,2025_07_NO_CHI,CHI,NO,nflverse,,nflverse_archive,false,archive_final_fallback,,loss,-1.0,gaussian_unconditional,false,false,false,archive_final_fallback
moneyline,away,,330,4.3,0.24804368965699997,0.23255813953488372,0.22316684378320936,0.024876845873790604,0.06658786552509977,nflverse_archive,2025,7,2025_07_NYG_DEN,DEN,NYG,nflverse,,nflverse_archive,false,archive_final_fallback,,loss,-1.0,gaussian_unconditional,false,false,false,archive_final_fallback
spread,home,-7.5,-115,1.8695652173913042,0.53976312338914,0.5348837209302326,0.5108342361863489,0.028928887202791076,0.009122361118826916,nflverse_archive,2025,7,2025_07_NYG_DEN,DEN,NYG,nflverse,,nflverse_archive,false,archive_final_fallback,,loss,-1.0,gaussian_unconditional,false,false,false,archive_final_fallback
total,over,39.5,-115,1.8695652173913042,0.5401916493678137,0.5348837209302326,0.5108342361863489,0.029357413181464787,0.009923518383303742,nflverse_archive,2025,7,2025_07_NYG_DEN,DEN,NYG,nflverse,,nflverse_archive,false,archive_final_fallback,,win,0.8695652173913042,gaussian_unconditional,false,false,false,archive_final_fallback
moneyline,home,,124,2.24,0.6365255379978643,0.4464285714285714,0.4279403644395361,0.20858517355832817,0.42581720511521604,nflverse_archive,2025,7,2025_07_PHI_MIN,MIN,PHI,nflverse,,nflverse_archive,false,archive_final_fallback,,loss,-1.0,gaussian_unconditional,false,false,false,archive_final_fallback
spread,home,2.5,-110,1.9090909090909092,0.706364278732607,0.5238095238095238,0.5,0.206364278732607,0.348513623034977,nflverse_archive,2025,7,2025_07_PHI_MIN,MIN,PHI,nflverse,,nflverse_archive,false,archive_final_fallback,,loss,-1.0,gaussian_unconditional,false,false,false,archive_final_fallback
total,over,43.5,-115,1.8695652173913042,0.5758087901566619,0.5348837209302326,0.5108342361863489,0.06497455397031293,0.07651208594506342,nflverse_archive,2025,7,2025_07_PHI_MIN,MIN,PHI,nflverse,,nflverse_archive,false,archive_final_fallback,,win,0.8695652173913042,gaussian_unconditional,false,false,false,archive_final_fallback
moneyline,home,,200,3.0,0.4699045823312369,0.3333333333333333,0.3194444444444444,0.15046013788679247,0.40971374699371066,nflverse_archive,2025,7,2025_07_PIT_CIN,CIN,PIT,nflverse,,nflverse_archive,false,archive_final_fallback,,win,2.0,gaussian_unconditional,false,false,false,archive_final_fallback
spread,home,5.5,-115,1.8695652173913042,0.6369906129296098,0.5348837209302326,0.5108342361863489,0.12615637674326086,0.1908954937379661,nflverse_archive,2025,7,2025_07_PIT_CIN,CIN,PIT,nflverse,,nflverse_archive,false,archive_final_fallback,,win,0.8695652173913042,gaussian_unconditional,false,false,false,archive_final_fallback
total,over,45.5,-105,1.9523809523809523,0.5671091749982956,0.5121951219512195,0.4891657638136511,0.07794341118464448,0.10721315118714858,nflverse_archive,2025,7,2025_07_PIT_CIN,CIN,PIT,nflverse,,nflverse_archive,false,archive_final_fallback,,win,0.9523809523809523,gaussian_unconditional,false,false,false,archive_final_fallback
moneyline,away,,225,3.25,0.3109912870161745,0.3076923076923077,0.2949668357393679,0.01602445127680663,0.010721682802567134,nflverse_archive,2025,7,2025_07_TB_DET,DET,TB,nflverse,,nflverse_archive,false,archive_final_fallback,,loss,-1.0,gaussian_unconditional,false,false,false,archive_final_fallback
spread,home,-6.0,-108,1.925925925925926,0.5113224466467021,0.5192307692307692,0.4956702459300312,0.01565220071667095,-0.015230843495240287,nflverse_archive,2025,7,2025_07_TB_DET,DET,TB,nflverse,,nflverse_archive,false,archive_final_fallback,,win,0.925925925925926,gaussian_unconditional,false,false,false,archive_final_fallback
total,over,54.5,-105,1.9523809523809523,0.4904805798620604,0.5121951219512195,0.4891657638136511,0.001314816048409273,-0.04239505836454882,nflverse_archive,2025,7,2025_07_TB_DET,DET,TB,nflverse,,nflverse_archive,false,archive_final_fallback,,loss,-1.0,gaussian_unconditional,false,false,false,archive_final_fallback
moneyline,away,,105,2.05,0.49107540544727957,0.48780487804878053,0.4675324675324676,0.02354293791481199,0.006704581166923074,nflverse_archive,2025,7,2025_07_WAS_DAL,DAL,WAS,nflverse,,nflverse_archive,false,archive_final_fallback,,loss,-1.0,gaussian_unconditional,false,false,false,archive_final_fallback
spread,away,1.5,-108,1.925925925925926,0.5373627542047099,0.5192307692307692,0.4956702459300312,0.04169250827467874,0.034920859949811645,nflverse_archive,2025,7,2025_07_WAS_DAL,DAL,WAS,nflverse,,nflverse_archive,false,archive_final_fallback,,loss,-1.0,gaussian_unconditional,false,false,false,archive_final_fallback
total,under,54.5,-108,1.925925925925926,0.5321879803851852,0.5192307692307692,0.4956702459300312,0.03651773445515405,0.024954628889986452,nflverse_archive,2025,7,2025_07_WAS_DAL,DAL,WAS,nflverse,,nflverse_archive,false,archive_final_fallback,,loss,-1.0,gaussian_unconditional,false,false,false,archive_final_fallback
moneyline,home,,310,4.1,0.5018916178093603,0.24390243902439027,0.23409789548356588,0.26779372232579446,1.057755633018377,nflverse_archive,2025,8,2025_08_BUF_CAR,CAR,BUF,nflverse,,nflverse_archive,false,archive_final_fallback,,loss,-1.0,gaussian_unconditional,false,false,false,archive_final_fallback
spread,home,7.0,-105,1.9523809523809523,0.7072594306207289,0.5121951219512195,0.4891657638136511,0.2180936668070778,0.38083984073570876,nflverse_archive,2025,8,2025_08_BUF_CAR,CAR,BUF,nflverse,,nflverse_archive,false,archive_final_fallback,,loss,-1.0,gaussian_unconditional,false,false,false,archive_final_fallback
total,over,47.5,-112,1.8928571428571428,0.5082900855210053,0.5283018867924528,0.5043297540699689,0.0039603314510363585,-0.037879480978097124,nflverse_archive,2025,8,2025_08_BUF_CAR,CAR,BUF,nflverse,,nflverse_archive,false,archive_final_fallback,,win,0.8928571428571428,gaussian_unconditional,false,false,false,archive_final_fallback
moneyline,home,,-148,1.6756756756756757,0.5743332171382658,0.5967741935483871,0.5720596355604638,0.0022735815778019974,-0.037603798308851966,nflverse_archive,2025,8,2025_08_CHI_BAL,BAL,CHI,nflverse,,nflverse_archive,false,archive_final_fallback,,win,0.6756756756756757,gaussian_unconditional,false,false,false,archive_final_fallback
spread,away,2.5,-102,1.9803921568627452,0.5022634744840659,0.504950495049505,0.4826358742837298,0.01962760020033616,-0.005321354453124316,nflverse_archive,2025,8,2025_08_CHI_BAL,BAL,CHI,nflverse,,nflverse_archive,false,archive_final_fallback,,loss,-1.0,gaussian_unconditional,false,false,false,archive_final_fallback
total,over,45.5,-108,1.925925925925926,0.6886475344039935,0.5192307692307692,0.4956702459300312,0.19297728847396234,0.3262841403336172,nflverse_archive,2025,8,2025_08_CHI_BAL,BAL,CHI,nflverse,,nflverse_archive,false,archive_final_fallback,,win,0.925925925925926,gaussian_unconditional,false,false,false,archive_final_fallback
moneyline,away,,300,4.0,0.25572377689371617,0.25,0.24,0.01572377689371618,0.02289510757486468,nflverse_archive,2025,8,2025_08_CLE_NE,NE,CLE,nflverse,,nflverse_archive,false,archive_final_fallback,,loss,-1.0,gaussian_unconditional,false,false,false,archive_final_fallback
spread,home,-7.0,-105,1.9523809523809523,0.5461463476597523,0.5121951219512195,0.4891657638136511,0.05698058384610122,0.06628572638332586,nflverse_archive,2025,8,2025_08_CLE_NE,NE,CLE,nflverse,,nflverse_archive,false,archive_final_fallback,,win,0.9523809523809523,gaussian_unconditional,false,false,false,archive_final_fallback
total,over,40.5,-105,1.9523809523809523,0.5037656566417249,0.5121951219512195,0.4891657638136511,0.01459989282807378,-0.016457527509013303,nflverse_archive,2025,8,2025_08_CLE_NE,NE,CLE,nflverse,,nflverse_archive,false,archive_final_fallback,,win,0.9523809523809523,gaussian_unconditional,false,false,false,archive_final_fallback
moneyline,home,,-192,1.5208333333333335,0.6746324419643179,0.6575342465753424,0.6309403437815976,0.04369209818272035,0.02600350548740038,nflverse_archive,2025,8,2025_08_DAL_DEN,DEN,DAL,nflverse,,nflverse_archive,false,archive_final_fallback,,win,0.5208333333333335,gaussian_unconditional,false,false,false,archive_final_fallback
spread,home,-3.5,-110,1.9090909090909092,0.5723710612827431,0.5238095238095238,0.5,0.07237106128274307,0.09270838972160034,nflverse_archive,2025,8,2025_08_DAL_DEN,DEN,DAL,nflverse,,nflverse_archive,false,archive_final_fallback,,win,0.9090909090909092,gaussian_unconditional,false,false,false,archive_final_fallback
total,under,51.5,-110,1.9090909090909092,0.5306668612357529,0.5238095238095238,0.5,0.030666861235752907,0.013091280540982853,nflverse_archive,2025,8,2025_08_DAL_DEN,DEN,DAL,nflverse,,nflverse_archive,false,archive_final_fallback,,loss,-1.0,gaussian_unconditional,false,false,false,archive_final_fallback
moneyline,home,,130,2.3,0.5379841953376173,0.4347826086956522,0.41700735895339325,0.12097683638422407,0.23736364927651965,nflverse_archive,2025,8,2025_08_GB_PIT,PIT,GB,nflverse,,nflverse_archive,false,archive_final_fallback,,loss,-1.0,gaussian_unconditional,false,false,false,archive_final_fallback
spread,home,3.0,-120,1.8333333333333335,0.62819087774121,0.5454545454545454,0.5217391304347826,0.10645174730642737,0.15168327585888508,nflverse_archive,2025,8,2025_08_GB_PIT,PIT,GB,nflverse,,nflverse_archive,false,archive_final_fallback,,loss,-1.0,gaussian_unconditional,false,false,false,archive_final_fallback
total,over,46.5,-105,1.9523809523809523,0.5150186035604647,0.5121951219512195,0.4891657638136511,0.025852839746813572,0.0055125117132881485,nflverse_archive,2025,8,2025_08_GB_PIT,PIT,GB,nflverse,,nflverse_archive,false,archive_final_fallback,,win,0.9523809523809523,gaussian_unconditional,false,false,false,archive_final_fallback
moneyline,away,,280,3.8,0.29295440303531706,0.2631578947368421,0.2522172949002217,0.040737108135095346,0.11322673153420482,nflverse_archive,2025,8,2025_08_MIA_ATL,ATL,MIA,nflverse,,nflverse_archive,false,archive_final_fallback,,win,2.8,gaussian_unconditional,false,false,false,archive_final_fallback
spread,home,-7.0,-105,1.9523809523809523,0.5016435387468785,0.5121951219512195,0.4891657638136511,0.012477774933227381,-0.020600710065618144,nflverse_archive,2025,8,2025_08_MIA_ATL,ATL,MIA,nflverse,,nflverse_archive,false,archive_final_fallback,,loss,-1.0,gaussian_unconditional,false,false,false,archive_final_fallback
total,over,44.5,-105,1.9523809523809523,0.49744588061343087,0.5121951219512195,0.4891657638136511,0.008280116799779746,-0.028796137849968373,nflverse_archive,2025,8,2025_08_MIA_ATL,ATL,MIA,nflverse,,nflverse_archive,false,archive_final_fallback,,loss,-1.0,gaussian_unconditional,false,false,false,archive_final_fallback
moneyline,away,,142,2.42,0.44591554964740143,0.4132231404958678,0.3962430290578222,0.04967252058957922,0.07911563014671152,nflverse_archive,2025,8,2025_08_MIN_LAC,LAC,MIN,nflverse,,nflverse_archive,false,archive_final_fallback,,loss,-1.0,gaussian_unconditional,false,false,false,archive_final_fallback
spread,away,3.0,100,2.0,0.5381291099305344,0.5,0.4782608695652174,0.059868240365317016,0.07625821986106884,nflverse_archive,2025,8,2025_08_MIN_LAC,LAC,MIN,nflverse,,nflverse_archive,false,archive_final_fallback,,loss,-1.0,gaussian_unconditional,false,false,false,archive_final_fallback
total,under,45.5,-110,1.9090909090909092,0.5118765600750708,0.5238095238095238,0.5,0.011876560075070763,-0.022781112583955765,nflverse_archive,2025,8,2025_08_MIN_LAC,LAC,MIN,nflverse,,nflverse_archive,false,archive_final_fallback,,loss,-1.0,gaussian_unconditional,false,false,false,archive_final_fallback
moneyline,away,,300,4.0,0.279844964424105,0.25,0.24,0.03984496442410501,0.11937985769642001,nflverse_archive,2025,8,2025_08_NYG_PHI,PHI,NYG,nflverse,,nflverse_archive,false,archive_final_fallback,,loss,-1.0,gaussian_unconditional,false,false,false,archive_final_fallback
spread,away,7.0,-102,1.9803921568627452,0.48299120353873604,0.504950495049505,0.4826358742837298,0.0003553292550062537,-0.04348800867818936,nflverse_archive,2025,8,2025_08_NYG_PHI,PHI,NYG,nflverse,,nflverse_archive,false,archive_final_fallback,,loss,-1.0,gaussian_unconditional,false,false,false,archive_final_fallback
total,over,43.5,-112,1.8928571428571428,0.5805228577837988,0.5283018867924528,0.5043297540699689,0.07619310371382981,0.09884683794790483,nflverse_archive,2025,8,2025_08_NYG_PHI,PHI,NYG,nflverse,,nflverse_archive,false,archive_final_fallback,,win,0.8928571428571428,gaussian_unconditional,false,false,false,archive_final_fallback
moneyline,away,,210,3.1,0.37918680491042234,0.3225806451612903,0.30920711694593195,0.06997968796449039,0.1754790952223093,nflverse_archive,2025,8,2025_08_NYJ_CIN,CIN,NYJ,nflverse,,nflverse_archive,false,archive_final_fallback,,win,2.1,gaussian_unconditional,false,false,false,archive_final_fallback
spread,away,5.5,-112,1.8928571428571428,0.5466423689826958,0.5283018867924528,0.5043297540699689,0.042312614912726865,0.03471591271724561,nflverse_archive,2025,8,2025_08_NYJ_CIN,CIN,NYJ,nflverse,,nflverse_archive,false,archive_final_fallback,,win,0.8928571428571428,gaussian_unconditional,false,false,false,archive_final_fallback
total,over,43.5,-118,1.847457627118644,0.6174450453497116,0.5412844036697247,0.5173641257162701,0.10008091963344146,0.14070355835794168,nflverse_archive,2025,8,2025_08_NYJ_CIN,CIN,NYJ,nflverse,,nflverse_archive,false,archive_final_fallback,,win,0.847457627118644,gaussian_unconditional,false,false,false,archive_final_fallback
moneyline,home,,-155,1.6451612903225805,0.6787655452850514,0.607843137254902,0.5829926410466066,0.09577290423844476,0.11667880030766509,nflverse_archive,2025,8,2025_08_SF_HOU,HOU,SF,nflverse,,nflverse_archive,false,archive_final_fallback,,win,0.6451612903225805,gaussian_unconditional,false,false,false,archive_final_fallback
spread,home,-2.5,-120,1.8333333333333335,0.6068655284982525,0.5454545454545454,0.5217391304347826,0.08512639806346989,0.1125868022467964,nflverse_archive,2025,8,2025_08_SF_HOU,HOU,SF,nflverse,,nflverse_archive,false,archive_final_fallback,,win,0.8333333333333335,gaussian_unconditional,false,false,false,archive_final_fallback
total,under,41.5,-112,1.8928571428571428,0.5469663343366353,0.5283018867924528,0.5043297540699689,0.04263658026666639,0.0353291328514882,nflverse_archive,2025,8,2025_08_SF_HOU,HOU,SF,nflverse,,nflverse_archive,false,archive_final_fallback,,win,0.8928571428571428,gaussian_unconditional,false,false,false,archive_final_fallback
moneyline,home,,180,2.8,0.4515796638222238,0.35714285714285715,0.3425247738043946,0.1090548900178292,0.2644230587022265,nflverse_archive,2025,8,2025_08_TB_NO,NO,TB,nflverse,,nflverse_archive,false,archive_final_fallback,,loss,-1.0,gaussian_unconditional,false,false,false,archive_final_fallback
spread,home,4.5,-115,1.8695652173913042,0.5893573954059175,0.5348837209302326,0.5108342361863489,0.07852315921956854,0.10184208706323683,nflverse_archive,2025,8,2025_08_TB_NO,NO,TB,nflverse,,nflverse_archive,false,archive_final_fallback,,loss,-1.0,gaussian_unconditional,false,false,false,archive_final_fallback
total,over,46.5,-110,1.9090909090909092,0.5456500633581056,0.5238095238095238,0.5,0.04565006335810562,0.041695575501838,nflverse_archive,2025,8,2025_08_TB_NO,NO,TB,nflverse,,nflverse_archive,false,archive_final_fallback,,loss,-1.0,gaussian_unconditional,false,false,false,archive_final_fallback
moneyline,away,,950,10.5,0.14042796158216708,0.09523809523809523,0.09174311926605504,0.048684842316112045,0.47449359661275436,nflverse_archive,2025,8,2025_08_TEN_IND,IND,TEN,nflverse,,nflverse_archive,false,archive_final_fallback,,loss,-1.0,gaussian_unconditional,false,false,false,archive_final_fallback
spread,away,15.5,-115,1.8695652173913042,0.5472691941298498,0.5348837209302326,0.5108342361863489,0.03643495794350082,0.023155449894936453,nflverse_archive,2025,8,2025_08_TEN_IND,IND,TEN,nflverse,,nflverse_archive,false,archive_final_fallback,,loss,-1.0,gaussian_unconditional,false,false,false,archive_final_fallback
total,over,47.5,-118,1.847457627118644,0.52720827472764,0.5412844036697247,0.5173641257162701,0.009844149011369874,-0.026005051774360077,nflverse_archive,2025,8,2025_08_TEN_IND,IND,TEN,nflverse,,nflverse_archive,false,archive_final_fallback,,win,0.847457627118644,gaussian_unconditional,false,false,false,archive_final_fallback
moneyline,away,,500,6.0,0.3097172754312395,0.16666666666666666,0.15999999999999998,0.14971727543123953,0.858303652587437,nflverse_archive,2025,8,2025_08_WAS_KC,KC,WAS,nflverse,,nflverse_archive,false,archive_final_fallback,,loss,-1.0,gaussian_unconditional,false,false,false,archive_final_fallback
spread,away,10.5,-105,1.9523809523809523,0.6233647232914364,0.5121951219512195,0.4891657638136511,0.13419895947778532,0.2170454121404235,nflverse_archive,2025,8,2025_08_WAS_KC,KC,WAS,nflverse,,nflverse_archive,false,archive_final_fallback,,loss,-1.0,gaussian_unconditional,false,false,false,archive_final_fallback
total,under,48.5,-115,1.8695652173913042,0.5406670610283211,0.5348837209302326,0.5108342361863489,0.02983282484197214,0.010812331487730642,nflverse_archive,2025,8,2025_08_WAS_KC,KC,WAS,nflverse,,nflverse_archive,false,archive_final_fallback,,win,0.8695652173913042,gaussian_unconditional,false,false,false,archive_final_fallback
moneyline,away,,145,2.45,0.40229464851464725,0.4081632653061224,0.3907637655417407,0.011530882972906553,-0.014378111139114136,nflverse_archive,2025,9,2025_09_ARI_DAL,DAL,ARI,nflverse,,nflverse_archive,false,archive_final_fallback,,win,1.4500000000000002,gaussian_unconditional,false,false,false,archive_final_fallback
spread,home,-3.5,-105,1.9523809523809523,0.4914621875217552,0.5121951219512195,0.4891657638136511,0.0022964237081040673,-0.040478586267049366,nflverse_archive,2025,9,2025_09_ARI_DAL,DAL,ARI,nflverse,,nflverse_archive,false,archive_final_fallback,,loss,-1.0,gaussian_unconditional,false,false,false,archive_final_fallback
total,under,53.5,-105,1.9523809523809523,0.5182715816518467,0.5121951219512195,0.4891657638136511,0.029105817838195602,0.011863564177414965,nflverse_archive,2025,9,2025_09_ARI_DAL,DAL,ARI,nflverse,,nflverse_archive,false,archive_final_fallback,,win,0.9523809523809523,gaussian_unconditional,false,false,false,archive_final_fallback
moneyline,home,,-250,1.4,0.7311414937051316,0.7142857142857143,0.6853932584269663,0.045748235278165295,0.023598091187184256,nflverse_archive,2025,9,2025_09_ATL_NE,NE,ATL,nflverse,,nflverse_archive,false,archive_final_fallback,,win,0.3999999999999999,gaussian_unconditional,false,false,false,archive_final_fallback
spread,home,-5.5,-110,1.9090909090909092,0.5768516099279015,0.5238095238095238,0.5,0.07685160992790152,0.101262164407812,nflverse_archive,2025,9,2025_09_ATL_NE,NE,ATL,nflverse,,nflverse_archive,false,archive_final_fallback,,loss,-1.0,gaussian_unconditional,false,false,false,archive_final_fallback
total,under,45.5,-112,1.8928571428571428,0.5758851902594475,0.5283018867924528,0.5043297540699689,0.07155543618947857,0.09006839584824,nflverse_archive,2025,9,2025_09_ATL_NE,NE,ATL,nflverse,,nflverse_archive,false,archive_final_fallback,,loss,-1.0,gaussian_unconditional,false,false,false,archive_final_fallback
moneyline,home,,350,4.5,0.5767853370334781,0.2222222222222222,0.2132564841498559,0.36352885288362224,1.5955340166506513,nflverse_archive,2025,9,2025_09_BAL_MIA,MIA,BAL,nflverse,,nflverse_archive,false,archive_final_fallback,,loss,-1.0,gaussian_unconditional,false,false,false,archive_final_fallback
spread,home,7.5,100,2.0,0.7792634986663112,0.5,0.4782608695652174,0.30100262910109377,0.5585269973326223,nflverse_archive,2025,9,2025_09_BAL_MIA,MIA,BAL,nflverse,,nflverse_archive,false,archive_final_fallback,,loss,-1.0,gaussian_unconditional,false,false,false,archive_final_fallback
total,over,51.5,-110,1.9090909090909092,0.5176200720608375,0.5238095238095238,0.5,0.01762007206083749,-0.011816226065673896,nflverse_archive,2025,9,2025_09_BAL_MIA,MIA,BAL,nflverse,,nflverse_archive,false,archive_final_fallback,,loss,-1.0,gaussian_unconditional,false,false,false,archive_final_fallback
moneyline,away,,650,7.5,0.20650920304927545,0.13333333333333333,0.12790697674418605,0.0786022263050894,0.5488190228695657,nflverse_archive,2025,9,2025_09_CAR_GB,GB,CAR,nflverse,,nflverse_archive,false,archive_final_fallback,,win,6.5,gaussian_unconditional,false,false,false,archive_final_fallback
spread,away,12.5,-102,1.9803921568627452,0.5562465917690838,0.504950495049505,0.4826358742837298,0.07361071748535397,0.1015863876211267,nflverse_archive,2025,9,2025_09_CAR_GB,GB,CAR,nflverse,,nflverse_archive,false,archive_final_fallback,,win,0.9803921568627452,gaussian_unconditional,false,false,false,archive_final_fallback
total,over,43.5,-105,1.9523809523809523,0.5743903740889436,0.5121951219512195,0.4891657638136511,0.08522461027529243,0.12142882560222312,nflverse_archive,2025,9,2025_09_CAR_GB,GB,CAR,nflverse,,nflverse_archive,false,archive_final_fallback,,loss,-1.0,gaussian_unconditional,false,false,false,archive_final_fallback
moneyline,home,,136,2.3600000000000003,0.530035622677479,0.42372881355932196,0.4066302458405761,0.12340537683690284,0.25088406951885056,nflverse_archive,2025,9,2025_09_CHI_CIN,CIN,CHI,nflverse,,nflverse_archive,false,archive_final_fallback,,loss,-1.0,gaussian_unconditional,false,false,false,archive_final_fallback
spread,home,3.0,-115,1.8695652173913042,0.6201109355774814,0.5348837209302326,0.5108342361863489,0.10927669939113249,0.15933783607963914,nflverse_archive,2025,9,2025_09_CHI_CIN,CIN,CHI,nflverse,,nflverse_archive,false,archive_final_fallback,,loss,-1.0,gaussian_unconditional,false,false,false,archive_final_fallback
total,under,51.5,-108,1.925925925925926,0.511236099430485,0.5192307692307692,0.4956702459300312,0.015565853500453808,-0.01539714183758445,nflverse_archive,2025,9,2025_09_CHI_CIN,CIN,CHI,nflverse,,nflverse_archive,false,archive_final_fallback,,loss,-1.0,gaussian_unconditional,false,false,false,archive_final_fallback
moneyline,home,,-125,1.8,0.61301097036,0.5555555555555556,0.5324675324675325,0.08054343789246743,0.10341974664800002,nflverse_archive,2025,9,2025_09_DEN_HOU,HOU,DEN,nflverse,,nflverse_archive,false,archive_final_fallback,,loss,-1.0,gaussian_unconditional,false,false,false,archive_final_fallback
spread,home,-1.5,-110,1.9090909090909092,0.5682690403787068,0.5238095238095238,0.5,0.06826904037870685,0.08487725890480413,nflverse_archive,2025,9,2025_09_DEN_HOU,HOU,DEN,nflverse,,nflverse_archive,false,archive_final_fallback,,loss,-1.0,gaussian_unconditional,false,false,false,archive_final_fallback
total,under,40.5,-105,1.9523809523809523,0.5014409000387802,0.5121951219512195,0.4891657638136511,0.012275136225129046,-0.020996338019524496,nflverse_archive,2025,9,2025_09_DEN_HOU,HOU,DEN,nflverse,,nflverse_archive,false,archive_final_fallback,,win,0.9523809523809523,gaussian_unconditional,false,false,false,archive_final_fallback
moneyline,home,,154,2.54,0.4435477334387782,0.39370078740157477,0.37753344813882633,0.06601428529995185,0.12661124293449655,nflverse_archive,2025,9,2025_09_IND_PIT,PIT,IND,nflverse,,nflverse_archive,false,archive_final_fallback,,win,1.54,gaussian_unconditional,false,false,false,archive_final_fallback
spread,home,3.5,-120,1.8333333333333335,0.5504642847865742,0.5454545454545454,0.5217391304347826,0.02872515435179157,0.00918452210871945,nflverse_archive,2025,9,2025_09_IND_PIT,PIT,IND,nflverse,,nflverse_archive,false,archive_final_fallback,,win,0.8333333333333335,gaussian_unconditional,false,false,false,archive_final_fallback
total,under,51.5,-105,1.9523809523809523,0.49866493323646566,0.5121951219512195,0.4891657638136511,0.009499169422814535,-0.026416082728805135,nflverse_archive,2025,9,2025_09_IND_PIT,PIT,IND,nflverse,,nflverse_archive,false,archive_final_fallback,,win,0.9523809523809523,gaussian_unconditional,false,false,false,archive_final_fallback
moneyline,home,,110,2.1,0.5071752412653056,0.47619047619047616,0.4572564612326044,0.04991878003270117,0.06506800665714163,nflverse_archive,2025,9,2025_09_JAX_LV,LV,JAX,nflverse,,nflverse_archive,false,archive_final_fallback,,loss,-1.0,gaussian_unconditional,false,false,false,archive_final_fallback
spread,home,2.5,-115,1.8695652173913042,0.5831650928896909,0.5348837209302326,0.5108342361863489,0.07233085670334194,0.09026517366333509,nflverse_archive,2025,9,2025_09_JAX_LV,LV,JAX,nflverse,,nflverse_archive,false,archive_final_fallback,,win,0.8695652173913042,gaussian_unconditional,false,false,false,archive_final_fallback
total,under,43.5,-105,1.9523809523809523,0.5207127602448067,0.5121951219512195,0.4891657638136511,0.031546996431155605,0.016629674763670277,nflverse_archive,2025,9,2025_09_JAX_LV,LV,JAX,nflverse,,nflverse_archive,false,archive_final_fallback,,loss,-1.0,gaussian_unconditional,false,false,false,archive_final_fallback
moneyline,home,,114,2.1399999999999997,0.5811521245223643,0.4672897196261683,0.44855888528345106,0.13259323923891325,0.24366554647785943,nflverse_archive,2025,9,2025_09_KC_BUF,BUF,KC,nflverse,,nflverse_archive,false,archive_final_fallback,,win,1.1399999999999997,gaussian_unconditional,false,false,false,archive_final_fallback
spread,home,2.5,-115,1.8695652173913042,0.6542618443581694,0.5348837209302326,0.5108342361863489,0.14342760817182043,0.2231851872783166,nflverse_archive,2025,9,2025_09_KC_BUF,BUF,KC,nflverse,,nflverse_archive,false,archive_final_fallback,,win,0.8695652173913042,gaussian_unconditional,false,false,false,archive_final_fallback
total,under,53.5,-115,1.8695652173913042,0.6860479337636977,0.5348837209302326,0.5108342361863489,0.17521369757734873,0.2826113544277824,nflverse_archive,2025,9,2025_09_KC_BUF,BUF,KC,nflverse,,nflverse_archive,false,archive_final_fallback,,win,0.8695652173913042,gaussian_unconditional,false,false,false,archive_final_fallback
moneyline,home,,470,5.7,0.39180678530191926,0.17543859649122806,0.16835016835016833,0.22345661695175092,1.2332986762209397,nflverse_archive,2025,9,2025_09_LAC_TEN,TEN,LAC,nflverse,,nflverse_archive,false,archive_final_fallback,,loss,-1.0,gaussian_unconditional,false,false,false,archive_final_fallback
spread,home,10.0,-108,1.925925925925926,0.689145424363699,0.5192307692307692,0.4956702459300312,0.1934751784336678,0.3272430395152721,nflverse_archive,2025,9,2025_09_LAC_TEN,TEN,LAC,nflverse,,nflverse_archive,false,archive_final_fallback,,win,0.925925925925926,gaussian_unconditional,false,false,false,archive_final_fallback
total,under,44.5,-110,1.9090909090909092,0.5096287816575988,0.5238095238095238,0.5,0.00962878165759884,-0.027072325926402185,nflverse_archive,2025,9,2025_09_LAC_TEN,TEN,LAC,nflverse,,nflverse_archive,false,archive_final_fallback,,loss,-1.0,gaussian_unconditional,false,false,false,archive_final_fallback
moneyline,away,,410,5.1,0.2392451731645393,0.19607843137254904,0.1881331403762663,0.051112032788273004,0.22015038313915047,nflverse_archive,2025,9,2025_09_MIN_DET,DET,MIN,nflverse,,nflverse_archive,false,archive_final_fallback,,win,4.1,gaussian_unconditional,false,false,false,archive_final_fallback
spread,away,9.5,-108,1.925925925925926,0.5083403324391372,0.5192307692307692,0.4956702459300312,0.01267008650910606,-0.020974174561661618,nflverse_archive,2025,9,2025_09_MIN_DET,DET,MIN,nflverse,,nflverse_archive,false,archive_final_fallback,,win,0.925925925925926,gaussian_unconditional,false,false,false,archive_final_fallback
total,over,47.5,-115,1.8695652173913042,0.5484797481184793,0.5348837209302326,0.5108342361863489,0.03764551193213039,0.02541865952585254,nflverse_archive,2025,9,2025_09_MIN_DET,DET,MIN,nflverse,,nflverse_archive,false,archive_final_fallback,,win,0.8695652173913042,gaussian_unconditional,false,false,false,archive_final_fallback
moneyline,away,,750,8.5,0.17042729783268795,0.11764705882352941,0.11304347826086955,0.0573838195718184,0.4486320315778476,nflverse_archive,2025,9,2025_09_NO_LA,LA,NO,nflverse,,nflverse_archive,false,archive_final_fallback,,loss,-1.0,gaussian_unconditional,false,false,false,archive_final_fallback
spread,away,14.0,-105,1.9523809523809523,0.5488599185053273,0.5121951219512195,0.4891657638136511,0.059694154691676216,0.07158365041516279,nflverse_archive,2025,9,2025_09_NO_LA,LA,NO,nflverse,,nflverse_archive,false,archive_final_fallback,,loss,-1.0,gaussian_unconditional,false,false,false,archive_final_fallback
total,under,44.5,-105,1.9523809523809523,0.5660566006598259,0.5121951219512195,0.4891657638136511,0.07689083684617476,0.10515812509775535,nflverse_archive,2025,9,2025_09_NO_LA,LA,NO,nflverse,,nflverse_archive,false,archive_final_fallback,,win,0.9523809523809523,gaussian_unconditional,false,false,false,archive_final_fallback
moneyline,home,,124,2.24,0.5132313114577247,0.4464285714285714,0.4279403644395361,0.08529094701818862,0.14963813766530354,nflverse_archive,2025,9,2025_09_SEA_WAS,WAS,SEA,nflverse,,nflverse_archive,false,archive_final_fallback,,loss,-1.0,gaussian_unconditional,false,false,false,archive_final_fallback
spread,home,2.5,100,2.0,0.589081421024188,0.5,0.4782608695652174,0.11082055145897063,0.17816284204837607,nflverse_archive,2025,9,2025_09_SEA_WAS,WAS,SEA,nflverse,,nflverse_archive,false,archive_final_fallback,,loss,-1.0,gaussian_unconditional,false,false,false,archive_final_fallback
total,over,47.5,-105,1.9523809523809523,0.5275609088318232,0.5121951219512195,0.4891657638136511,0.03839514501817204,0.029999869624035558,nflverse_archive,2025,9,2025_09_SEA_WAS,WAS,SEA,nflverse,,nflverse_archive,false,archive_final_fallback,,win,0.9523809523809523,gaussian_unconditional,false,false,false,archive_final_fallback
moneyline,home,,124,2.24,0.5350193261559681,0.4464285714285714,0.4279403644395361,0.10707896171643205,0.19844329058936871,nflverse_archive,2025,9,2025_09_SF_NYG,NYG,SF,nflverse,,nflverse_archive,false,archive_final_fallback,,loss,-1.0,gaussian_unconditional,false,false,false,archive_final_fallback
spread,home,2.5,100,2.0,0.6102244565074371,0.5,0.4782608695652174,0.13196358694221966,0.22044891301487413,nflverse_archive,2025,9,2025_09_SF_NYG,NYG,SF,nflverse,,nflverse_archive,false,archive_final_fallback,,loss,-1.0,gaussian_unconditional,false,false,false,archive_final_fallback
total,under,47.5,-108,1.925925925925926,0.5755524895269744,0.5192307692307692,0.4956702459300312,0.07988224359694318,0.10847146131120988,nflverse_archive,2025,9,2025_09_SF_NYG,NYG,SF,nflverse,,nflverse_archive,false,archive_final_fallback,,loss,-1.0,gaussian_unconditional,false,false,false,archive_final_fallback
moneyline,away,,270,3.7,0.29161644893320426,0.27027027027027023,0.2591283863368669,0.03248806259633735,0.07898086105285573,nflverse_archive,2025,10,2025_10_ARI_SEA,SEA,ARI,nflverse,,nflverse_archive,false,archive_final_fallback,,loss,-1.0,gaussian_unconditional,false,false,false,archive_final_fallback
spread,home,-7.0,-105,1.9523809523809523,0.5042870747031727,0.5121951219512195,0.4891657638136511,0.015121310889521566,-0.015439520817615238,nflverse_archive,2025,10,2025_10_ARI_SEA,SEA,ARI,nflverse,,nflverse_archive,false,archive_final_fallback,,win,0.9523809523809523,gaussian_unconditional,false,false,false,archive_final_fallback
total,over,44.5,-118,1.847457627118644,0.5469960097587916,0.5412844036697247,0.5173641257162701,0.029631884042521484,0.010551950232343676,nflverse_archive,2025,10,2025_10_ARI_SEA,SEA,ARI,nflverse,,nflverse_archive,false,archive_final_fallback,,win,0.847457627118644,gaussian_unconditional,false,false,false,archive_final_fallback
moneyline,home,,-310,1.3225806451612903,0.7795593757878048,0.7560975609756098,0.725752508361204,0.05380686742660079,0.031030142170967556,nflverse_archive,2025,10,2025_10_ATL_IND,IND,ATL,nflverse,,nflverse_archive,false,archive_final_fallback,,win,0.32258064516129026,gaussian_unconditional,false,false,false,archive_final_fallback
spread,home,-6.5,-108,1.925925925925926,0.6068839592927666,0.5192307692307692,0.4956702459300312,0.11121371336273544,0.16881355123051356,nflverse_archive,2025,10,2025_10_ATL_IND,IND,ATL,nflverse,,nflverse_archive,false,archive_final_fallback,,loss,-1.0,gaussian_unconditional,false,false,false,archive_final_fallback
total,under,48.5,-112,1.8928571428571428,0.5279077841299687,0.5283018867924528,0.5043297540699689,0.02357803005999981,-0.0007459800397020544,nflverse_archive,2025,10,2025_10_ATL_IND,IND,ATL,nflverse,,nflverse_archive,false,archive_final_fallback,,loss,-1.0,gaussian_unconditional,false,false,false,archive_final_fallback
moneyline,home,,190,2.9,0.5948540948223178,0.3448275862068966,0.33099297893681046,0.2638611158855073,0.7250768749847214,nflverse_archive,2025,10,2025_10_BAL_MIN,MIN,BAL,nflverse,,nflverse_archive,false,archive_final_fallback,,loss,-1.0,gaussian_unconditional,false,false,false,archive_final_fallback
spread,home,4.5,-115,1.8695652173913042,0.721014118578853,0.5348837209302326,0.5108342361863489,0.21017988239250407,0.34798291734307285,nflverse_archive,2025,10,2025_10_BAL_MIN,MIN,BAL,nflverse,,nflverse_archive,false,archive_final_fallback,,loss,-1.0,gaussian_unconditional,false,false,false,archive_final_fallback
total,over,48.5,-115,1.8695652173913042,0.532624503290626,0.5348837209302326,0.5108342361863489,0.021790267104277117,-0.00422375471752523,nflverse_archive,2025,10,2025_10_BAL_MIN,MIN,BAL,nflverse,,nflverse_archive,false,archive_final_fallback,,loss,-1.0,gaussian_unconditional,false,false,false,archive_final_fallback
moneyline,home,,350,4.5,0.37475716123275105,0.2222222222222222,0.2132564841498559,0.16150067708289514,0.6864072255473797,nflverse_archive,2025,10,2025_10_BUF_MIA,MIA,BUF,nflverse,,nflverse_archive,false,archive_final_fallback,,win,3.5,gaussian_unconditional,false,false,false,archive_final_fallback
spread,home,8.5,-115,1.8695652173913042,0.6307768364026128,0.5348837209302326,0.5108342361863489,0.1199426002162639,0.17927843327444992,nflverse_archive,2025,10,2025_10_BUF_MIA,MIA,BUF,nflverse,,nflverse_archive,false,archive_final_fallback,,win,0.8695652173913042,gaussian_unconditional,false,false,false,archive_final_fallback
total,under,50.5,-115,1.8695652173913042,0.5317525061999862,0.5348837209302326,0.5108342361863489,0.02091827001363722,-0.005854010147852029,nflverse_archive,2025,10,2025_10_BUF_MIA,MIA,BUF,nflverse,,nflverse_archive,false,archive_final_fallback,,win,0.8695652173913042,gaussian_unconditional,false,false,false,archive_final_fallback
moneyline,home,,110,2.1,0.6085327177915869,0.47619047619047616,0.4572564612326044,0.15127625655898252,0.2779187073623326,nflverse_archive,2025,10,2025_10_CLE_NYJ,NYJ,CLE,nflverse,,nflverse_archive,false,archive_final_fallback,,win,1.1,gaussian_unconditional,false,false,false,archive_final_fallback
spread,home,1.5,-105,1.9523809523809523,0.6520148541967871,0.5121951219512195,0.4891657638136511,0.16284909038313594,0.27298138200325095,nflverse_archive,2025,10,2025_10_CLE_NYJ,NYJ,CLE,nflverse,,nflverse_archive,false,archive_final_fallback,,win,0.9523809523809523,gaussian_unconditional,false,false,false,archive_final_fallback
total,over,37.5,-105,1.9523809523809523,0.6317736881631016,0.5121951219512195,0.4891657638136511,0.14260792434945052,0.23346291498510308,nflverse_archive,2025,10,2025_10_CLE_NYJ,NYJ,CLE,nflverse,,nflverse_archive,false,archive_final_fallback,,win,0.9523809523809523,gaussian_unconditional,false,false,false,archive_final_fallback
moneyline,home,,350,4.5,0.40395770060650715,0.2222222222222222,0.2132564841498559,0.19070121645665125,0.8178096527292822,nflverse_archive,2025,10,2025_10_DET_WAS,WAS,DET,nflverse,,nflverse_archive,false,archive_final_fallback,,loss,-1.0,gaussian_unconditional,false,false,false,archive_final_fallback
spread,home,8.5,-115,1.8695652173913042,0.6591246001158392,0.5348837209302326,0.5108342361863489,0.14829036392949024,0.2322764263035253,nflverse_archive,2025,10,2025_10_DET_WAS,WAS,DET,nflverse,,nflverse_archive,false,archive_final_fallback,,loss,-1.0,gaussian_unconditional,false,false,false,archive_final_fallback
total,over,49.5,-108,1.925925925925926,0.5427483323816014,0.5192307692307692,0.4956702459300312,0.04707808645157019,0.045293084586787824,nflverse_archive,2025,10,2025_10_DET_WAS,WAS,DET,nflverse,,nflverse_archive,false,archive_final_fallback,,win,0.925925925925926,gaussian_unconditional,false,false,false,archive_final_fallback
moneyline,home,,-105,1.9523809523809523,0.7129871885266961,0.5121951219512195,0.4891657638136511,0.22382142471304495,0.39202260617116846,nflverse_archive,2025,10,2025_10_JAX_HOU,HOU,JAX,nflverse,,nflverse_archive,false,archive_final_fallback,,win,0.9523809523809523,gaussian_unconditional,false,false,false,archive_final_fallback
spread,home,1.5,-120,1.8333333333333335,0.7509244539784052,0.5454545454545454,0.5217391304347826,0.22918532354362264,0.3766948322937431,nflverse_archive,2025,10,2025_10_JAX_HOU,HOU,JAX,nflverse,,nflverse_archive,false,archive_final_fallback,,win,0.8333333333333335,gaussian_unconditional,false,false,false,archive_final_fallback
total,over,37.5,-108,1.925925925925926,0.61699267660563,0.5192307692307692,0.4956702459300312,0.12132243067559878,0.1882821919812132,nflverse_archive,2025,10,2025_10_JAX_HOU,HOU,JAX,nflverse,,nflverse_archive,false,archive_final_fallback,,win,0.925925925925926,gaussian_unconditional,false,false,false,archive_final_fallback
moneyline,home,,210,3.1,0.4803829326728565,0.3225806451612903,0.30920711694593195,0.17117581572692453,0.48918709128585514,nflverse_archive,2025,10,2025_10_LA_SF,SF,LA,nflverse,,nflverse_archive,false,archive_final_fallback,,loss,-1.0,gaussian_unconditional,false,false,false,archive_final_fallback
spread,home,5.5,-105,1.9523809523809523,0.6455972053019357,0.5121951219512195,0.4891657638136511,0.15643144148828453,0.2604516865418742,nflverse_archive,2025,10,2025_10_LA_SF,SF,LA,nflverse,,nflverse_archive,false,archive_final_fallback,,loss,-1.0,gaussian_unconditional,false,false,false,archive_final_fallback
total,under,49.5,-110,1.9090909090909092,0.6712728181511646,0.5238095238095238,0.5,0.17127281815116457,0.28152083465222333,nflverse_archive,2025,10,2025_10_LA_SF,SF,LA,nflverse,,nflverse_archive,false,archive_final_fallback,,loss,-1.0,gaussian_unconditional,false,false,false,archive_final_fallback
moneyline,home,,-500,1.2,0.8117980621971741,0.8333333333333334,0.7999999999999999,0.011798062197174164,-0.02584232536339115,nflverse_archive,2025,10,2025_10_LV_DEN,DEN,LV,nflverse,,nflverse_archive,false,archive_final_fallback,,win,0.19999999999999996,gaussian_unconditional,false,false,false,archive_final_fallback
spread,home,-9.5,-108,1.925925925925926,0.561393931440152,0.5192307692307692,0.4956702459300312,0.06572368551012087,0.08120312721807066,nflverse_archive,2025,10,2025_10_LV_DEN,DEN,LV,nflverse,,nflverse_archive,false,archive_final_fallback,,loss,-1.0,gaussian_unconditional,false,false,false,archive_final_fallback
total,over,42.5,-110,1.9090909090909092,0.5011545387985243,0.5238095238095238,0.5,0.0011545387985243405,-0.043250425930089875,nflverse_archive,2025,10,2025_10_LV_DEN,DEN,LV,nflverse,,nflverse_archive,false,archive_final_fallback,,loss,-1.0,gaussian_unconditional,false,false,false,archive_final_fallback
moneyline,home,,-148,1.6756756756756757,0.6141515595045853,0.5967741935483871,0.5720596355604638,0.042091923944121534,0.0291188294401159,nflverse_archive,2025,10,2025_10_NE_TB,TB,NE,nflverse,,nflverse_archive,false,archive_final_fallback,,loss,-1.0,gaussian_unconditional,false,false,false,archive_final_fallback
spread,home,-2.5,-120,1.8333333333333335,0.5390500978722654,0.5454545454545454,0.5217391304347826,0.017310967437482838,-0.011741487234180004,nflverse_archive,2025,10,2025_10_NE_TB,TB,NE,nflverse,,nflverse_archive,false,archive_final_fallback,,loss,-1.0,gaussian_unconditional,false,false,false,archive_final_fallback
total,under,48.5,-105,1.9523809523809523,0.5305798896158129,0.5121951219512195,0.4891657638136511,0.041414125802161805,0.0358940702023014,nflverse_archive,2025,10,2025_10_NE_TB,TB,NE,nflverse,,nflverse_archive,false,archive_final_fallback,,loss,-1.0,gaussian_unconditional,false,false,false,archive_final_fallback
moneyline,away,,200,3.0,0.3396624411110847,0.3333333333333333,0.3194444444444444,0.02021799666664026,0.018987323333254036,nflverse_archive,2025,10,2025_10_NO_CAR,CAR,NO,nflverse,,nflverse_archive,false,archive_final_fallback,,win,2.0,gaussian_unconditional,false,false,false,archive_final_fallback
spread,home,-5.5,-108,1.925925925925926,0.49630239047823665,0.5192307692307692,0.4956702459300312,0.0006321445482054822,-0.0441583590789516,nflverse_archive,2025,10,2025_10_NO_CAR,CAR,NO,nflverse,,nflverse_archive,false,archive_final_fallback,,loss,-1.0,gaussian_unconditional,false,false,false,archive_final_fallback
total,over,38.5,-115,1.8695652173913042,0.6138803678564697,0.5348837209302326,0.5108342361863489,0.10304613167012078,0.14768938338383464,nflverse_archive,2025,10,2025_10_NO_CAR,CAR,NO,nflverse,,nflverse_archive,false,archive_final_fallback,,loss,-1.0,gaussian_unconditional,false,false,false,archive_final_fallback
moneyline,away,,180,2.8,0.3539785290553109,0.35714285714285715,0.3425247738043946,0.011453755250916298,-0.008860118645129478,nflverse_archive,2025,10,2025_10_NYG_CHI,CHI,NYG,nflverse,,nflverse_archive,false,archive_final_fallback,,loss,-1.0,gaussian_unconditional,false,false,false,archive_final_fallback
spread,home,-4.5,-112,1.8928571428571428,0.511485573869622,0.5283018867924528,0.5043297540699689,0.007155819799653074,-0.031830878032501175,nflverse_archive,2025,10,2025_10_NYG_CHI,CHI,NYG,nflverse,,nflverse_archive,false,archive_final_fallback,,loss,-1.0,gaussian_unconditional,false,false,false,archive_final_fallback
total,over,45.5,-108,1.925925925925926,0.6340982413845262,0.5192307692307692,0.4956702459300312,0.13842799545449502,0.22122624266649504,nflverse_archive,2025,10,2025_10_NYG_CHI,CHI,NYG,nflverse,,nflverse_archive,false,archive_final_fallback,,loss,-1.0,gaussian_unconditional,false,false,false,archive_final_fallback
moneyline,home,,-110,1.9090909090909092,0.593148561154786,0.5238095238095238,0.5,0.09314856115478598,0.132374525840955,nflverse_archive,2025,10,2025_10_PHI_GB,GB,PHI,nflverse,,nflverse_archive,false,archive_final_fallback,,loss,-1.0,gaussian_unconditional,false,false,false,archive_final_fallback
spread,home,-1.5,102,2.02,0.54791001570371,0.49504950495049505,0.47391341473828025,0.07399660096542976,0.10677823172149425,nflverse_archive,2025,10,2025_10_PHI_GB,GB,PHI,nflverse,,nflverse_archive,false,archive_final_fallback,,loss,-1.0,gaussian_unconditional,false,false,false,archive_final_fallback
total,over,45.5,-112,1.8928571428571428,0.5502558281561212,0.5283018867924528,0.5043297540699689,0.045926074086152235,0.04155567472408639,nflverse_archive,2025,10,2025_10_PHI_GB,GB,PHI,nflverse,,nflverse_archive,false,archive_final_fallback,,loss,-1.0,gaussian_unconditional,false,false,false,archive_final_fallback
moneyline,home,,-162,1.617283950617284,0.618844389231296,0.6183206106870228,0.593369754159424,0.025474635071872087,0.0008470986333306563,nflverse_archive,2025,10,2025_10_PIT_LAC,LAC,PIT,nflverse,,nflverse_archive,false,archive_final_fallback,,win,0.617283950617284,gaussian_unconditional,false,false,false,archive_final_fallback
spread,home,-3.0,-102,1.9803921568627452,0.528662843311315,0.504950495049505,0.4826358742837298,0.046026969027585185,0.0469597485184865,nflverse_archive,2025,10,2025_10_PIT_LAC,LAC,PIT,nflverse,,nflverse_archive,false,archive_final_fallback,,win,0.9803921568627452,gaussian_unconditional,false,false,false,archive_final_fallback
total,over,45.5,-105,1.9523809523809523,0.5394982892506226,0.5121951219512195,0.4891657638136511,0.050332525436971476,0.05330618377502505,nflverse_archive,2025,10,2025_10_PIT_LAC,LAC,PIT,nflverse,,nflverse_archive,false,archive_final_fallback,,loss,-1.0,gaussian_unconditional,false,false,false,archive_final_fallback
moneyline,home,,340,4.4,0.4200224037057587,0.22727272727272727,0.21809369951534735,0.20192870419041137,0.8480985763053386,nflverse_archive,2025,11,2025_11_BAL_CLE,CLE,BAL,nflverse,,nflverse_archive,false,archive_final_fallback,,loss,-1.0,gaussian_unconditional,false,false,false,archive_final_fallback
spread,home,7.5,-115,1.8695652173913042,0.6462608140492898,0.5348837209302326,0.5108342361863489,0.13542657786294088,0.20822673930954183,nflverse_archive,2025,11,2025_11_BAL_CLE,CLE,BAL,nflverse,,nflverse_archive,false,archive_final_fallback,,win,0.8695652173913042,gaussian_unconditional,false,false,false,archive_final_fallback
total,over,37.5,-115,1.8695652173913042,0.7240071661767945,0.5348837209302326,0.5108342361863489,0.21317292999044557,0.3535786150261808,nflverse_archive,2025,11,2025_11_BAL_CLE,CLE,BAL,nflverse,,nflverse_archive,false,archive_final_fallback,,win,0.8695652173913042,gaussian_unconditional,false,false,false,archive_final_fallback
moneyline,away,,180,2.8,0.3651616181315738,0.35714285714285715,0.3425247738043946,0.022636844327179162,0.022452530768406476,nflverse_archive,2025,11,2025_11_CAR_ATL,ATL,CAR,nflverse,,nflverse_archive,false,archive_final_fallback,,win,1.7999999999999998,gaussian_unconditional,false,false,false,archive_final_fallback
spread,home,-4.5,-102,1.9803921568627452,0.49938043209760785,0.504950495049505,0.4826358742837298,0.01674455781387807,-0.011030908983168719,nflverse_archive,2025,11,2025_11_CAR_ATL,ATL,CAR,nflverse,,nflverse_archive,false,archive_final_fallback,,loss,-1.0,gaussian_unconditional,false,false,false,archive_final_fallback
total,under,42.5,-110,1.9090909090909092,0.5290608233672429,0.5238095238095238,0.5,0.029060823367242916,0.010025208246554618,nflverse_archive,2025,11,2025_11_CAR_ATL,ATL,CAR,nflverse,,nflverse_archive,false,archive_final_fallback,,loss,-1.0,gaussian_unconditional,false,false,false,archive_final_fallback
moneyline,home,,-148,1.6756756756756757,0.6233880204156699,0.5967741935483871,0.5720596355604638,0.05132838485520608,0.04459614231814957,nflverse_archive,2025,11,2025_11_CHI_MIN,MIN,CHI,nflverse,,nflverse_archive,false,archive_final_fallback,,loss,-1.0,gaussian_unconditional,false,false,false,archive_final_fallback
spread,home,-3.0,-105,1.9523809523809523,0.5332963731660625,0.5121951219512195,0.4891657638136511,0.044130609352411365,0.041197680943264814,nflverse_archive,2025,11,2025_11_CHI_MIN,MIN,CHI,nflverse,,nflverse_archive,false,archive_final_fallback,,loss,-1.0,gaussian_unconditional,false,false,false,archive_final_fallback
total,over,47.5,-118,1.847457627118644,0.523152122594545,0.5412844036697247,0.5173641257162701,0.005787996878274915,-0.03349862096939993,nflverse_archive,2025,11,2025_11_CHI_MIN,MIN,CHI,nflverse,,nflverse_archive,false,archive_final_fallback,,loss,-1.0,gaussian_unconditional,false,false,false,archive_final_fallback
moneyline,home,,-250,1.4,0.7046632301238346,0.7142857142857143,0.6853932584269663,0.019269971696868282,-0.013471477826631606,nflverse_archive,2025,11,2025_11_CIN_PIT,PIT,CIN,nflverse,,nflverse_archive,false,archive_final_fallback,,win,0.3999999999999999,gaussian_unconditional,false,false,false,archive_final_fallback
spread,home,-5.5,-112,1.8928571428571428,0.5456456583033564,0.5283018867924528,0.5043297540699689,0.04131590423338749,0.03282928178849609,nflverse_archive,2025,11,2025_11_CIN_PIT,PIT,CIN,nflverse,,nflverse_archive,false,archive_final_fallback,,win,0.8928571428571428,gaussian_unconditional,false,false,false,archive_final_fallback
total,over,48.5,-110,1.9090909090909092,0.6321833629995146,0.5238095238095238,0.5,0.1321833629995146,0.20689551118089167,nflverse_archive,2025,11,2025_11_CIN_PIT,PIT,CIN,nflverse,,nflverse_archive,false,archive_final_fallback,,loss,-1.0,gaussian_unconditional,false,false,false,archive_final_fallback
moneyline,home,,164,2.6399999999999997,0.49702270146245153,0.37878787878787884,0.36309581830587784,0.1339268831565737,0.31213993186087197,nflverse_archive,2025,11,2025_11_DAL_LV,LV,DAL,nflverse,,nflverse_archive,false,archive_final_fallback,,loss,-1.0,gaussian_unconditional,false,false,false,archive_final_fallback
spread,home,3.5,-105,1.9523809523809523,0.6032781507618454,0.5121951219512195,0.4891657638136511,0.11411238694819431,0.17782877053503143,nflverse_archive,2025,11,2025_11_DAL_LV,LV,DAL,nflverse,,nflverse_archive,false,archive_final_fallback,,loss,-1.0,gaussian_unconditional,false,false,false,archive_final_fallback
total,over,48.5,-105,1.9523809523809523,0.553686706789404,0.5121951219512195,0.4891657638136511,0.06452094297575289,0.08100737992216978,nflverse_archive,2025,11,2025_11_DAL_LV,LV,DAL,nflverse,,nflverse_archive,false,archive_final_fallback,,win,0.9523809523809523,gaussian_unconditional,false,false,false,archive_final_fallback
moneyline,away,,130,2.3,0.5050400355807865,0.4347826086956522,0.41700735895339325,0.08803267662739322,0.16159208183580875,nflverse_archive,2025,11,2025_11_DET_PHI,PHI,DET,nflverse,,nflverse_archive,false,archive_final_fallback,,loss,-1.0,gaussian_unconditional,false,false,false,archive_final_fallback
spread,away,2.5,-102,1.9803921568627452,0.5812116611075244,0.504950495049505,0.4826358742837298,0.09857578682379464,0.15102701513450922,nflverse_archive,2025,11,2025_11_DET_PHI,PHI,DET,nflverse,,nflverse_archive,false,archive_final_fallback,,loss,-1.0,gaussian_unconditional,false,false,false,archive_final_fallback
total,over,46.5,-112,1.8928571428571428,0.5993255879837746,0.5283018867924528,0.5043297540699689,0.09499583391380562,0.13443772011214472,nflverse_archive,2025,11,2025_11_DET_PHI,PHI,DET,nflverse,,nflverse_archive,false,archive_final_fallback,,loss,-1.0,gaussian_unconditional,false,false,false,archive_final_fallback
moneyline,home,,340,4.4,0.42608608630589395,0.22727272727272727,0.21809369951534735,0.2079923867905466,0.8747787797459334,nflverse_archive,2025,11,2025_11_GB_NYG,NYG,GB,nflverse,,nflverse_archive,false,archive_final_fallback,,loss,-1.0,gaussian_unconditional,false,false,false,archive_final_fallback
spread,home,7.5,-110,1.9090909090909092,0.6520028502539689,0.5238095238095238,0.5,0.15200285025396887,0.24473271412121345,nflverse_archive,2025,11,2025_11_GB_NYG,NYG,GB,nflverse,,nflverse_archive,false,archive_final_fallback,,win,0.9090909090909092,gaussian_unconditional,false,false,false,archive_final_fallback
total,over,41.5,-110,1.9090909090909092,0.6135220854648393,0.5238095238095238,0.5,0.11352208546483933,0.1712694358874205,nflverse_archive,2025,11,2025_11_GB_NYG,NYG,GB,nflverse,,nflverse_archive,false,archive_final_fallback,,win,0.9090909090909092,gaussian_unconditional,false,false,false,archive_final_fallback
moneyline,away,,-265,1.3773584905660377,0.6979728160549947,0.726027397260274,0.6957699520733487,0.0022028639816460416,-0.03864121562236578,nflverse_archive,2025,11,2025_11_HOU_TEN,TEN,HOU,nflverse,,nflverse_archive,false,archive_final_fallback,,win,0.37735849056603765,gaussian_unconditional,false,false,false,archive_final_fallback
spread,away,-5.5,-108,1.925925925925926,0.537995974813338,0.5192307692307692,0.4956702459300312,0.04232572888330688,0.036140395936799186,nflverse_archive,2025,11,2025_11_HOU_TEN,TEN,HOU,nflverse,,nflverse_archive,false,archive_final_fallback,,loss,-1.0,gaussian_unconditional,false,false,false,archive_final_fallback
total,over,37.5,-102,1.9803921568627452,0.613591750239281,0.504950495049505,0.4826358742837298,0.13095587595555125,0.21515228968955658,nflverse_archive,2025,11,2025_11_HOU_TEN,TEN,HOU,nflverse,,nflverse_archive,false,archive_final_fallback,,loss,-1.0,gaussian_unconditional,false,false,false,archive_final_fallback
moneyline,home,,180,2.8,0.5476577710272091,0.35714285714285715,0.3425247738043946,0.20513299722281453,0.5334417588761855,nflverse_archive,2025,11,2025_11_KC_DEN,DEN,KC,nflverse,,nflverse_archive,false,archive_final_fallback,,win,1.7999999999999998,gaussian_unconditional,false,false,false,archive_final_fallback
spread,home,3.5,100,2.0,0.6513805509630834,0.5,0.4782608695652174,0.17311968139786604,0.3027611019261669,nflverse_archive,2025,11,2025_11_KC_DEN,DEN,KC,nflverse,,nflverse_archive,false,archive_final_fallback,,win,1.0,gaussian_unconditional,false,false,false,archive_final_fallback
total,under,44.5,-110,1.9090909090909092,0.5932974807798974,0.5238095238095238,0.5,0.09329748077989741,0.13265882694344056,nflverse_archive,2025,11,2025_11_KC_DEN,DEN,KC,nflverse,,nflverse_archive,false,archive_final_fallback,,win,0.9090909090909092,gaussian_unconditional,false,false,false,archive_final_fallback
moneyline,home,,130,2.3,0.5002612757739852,0.4347826086956522,0.41700735895339325,0.08325391682059191,0.15060093428016574,nflverse_archive,2025,11,2025_11_LAC_JAX,JAX,LAC,nflverse,,nflverse_archive,false,archive_final_fallback,,win,1.2999999999999998,gaussian_unconditional,false,false,false,archive_final_fallback
spread,home,3.0,-115,1.8695652173913042,0.5915318865225547,0.5348837209302326,0.5108342361863489,0.0806976503362058,0.10590744002042829,nflverse_archive,2025,11,2025_11_LAC_JAX,JAX,LAC,nflverse,,nflverse_archive,false,archive_final_fallback,,win,0.8695652173913042,gaussian_unconditional,false,false,false,archive_final_fallback
total,over,43.5,-110,1.9090909090909092,0.5831689248390037,0.5238095238095238,0.5,0.08316892483900373,0.11332249287446161,nflverse_archive,2025,11,2025_11_LAC_JAX,JAX,LAC,nflverse,,nflverse_archive,false,archive_final_fallback,,loss,-1.0,gaussian_unconditional,false,false,false,archive_final_fallback
moneyline,away,,625,7.25,0.2627704974737495,0.13793103448275862,0.1322834645669291,0.13048703290682037,0.9050861066846836,nflverse_archive,2025,11,2025_11_NYJ_NE,NE,NYJ,nflverse,,nflverse_archive,false,archive_final_fallback,,loss,-1.0,gaussian_unconditional,false,false,false,archive_final_fallback
spread,away,12.5,-105,1.9523809523809523,0.6281563425850616,0.5121951219512195,0.4891657638136511,0.13899057877141047,0.22640047838035837,nflverse_archive,2025,11,2025_11_NYJ_NE,NE,NYJ,nflverse,,nflverse_archive,false,archive_final_fallback,,loss,-1.0,gaussian_unconditional,false,false,false,archive_final_fallback
total,over,43.5,-105,1.9523809523809523,0.6047550236014059,0.5121951219512195,0.4891657638136511,0.11558925978775475,0.1807121889360781,nflverse_archive,2025,11,2025_11_NYJ_NE,NE,NYJ,nflverse,,nflverse_archive,false,archive_final_fallback,,loss,-1.0,gaussian_unconditional,false,false,false,archive_final_fallback
moneyline,away,,145,2.45,0.4138821541771198,0.4081632653061224,0.3907637655417407,0.023118388635379128,0.014011277733943617,nflverse_archive,2025,11,2025_11_SEA_LA,LA,SEA,nflverse,,nflverse_archive,false,archive_final_fallback,,loss,-1.0,gaussian_unconditional,false,false,false,archive_final_fallback
spread,away,3.0,100,2.0,0.5052908560834236,0.5,0.4782608695652174,0.027029986518206206,0.010581712166847224,nflverse_archive,2025,11,2025_11_SEA_LA,LA,SEA,nflverse,,nflverse_archive,false,archive_final_fallback,,win,1.0,gaussian_unconditional,false,false,false,archive_final_fallback
total,under,49.5,-105,1.9523809523809523,0.5595425849017062,0.5121951219512195,0.4891657638136511,0.07037682108805504,0.09244028480809297,nflverse_archive,2025,11,2025_11_SEA_LA,LA,SEA,nflverse,,nflverse_archive,false,archive_final_fallback,,win,0.9523809523809523,gaussian_unconditional,false,false,false,archive_final_fallback
moneyline,home,,160,2.6,0.5724683950992926,0.3846153846153846,0.3690596562184024,0.20340873888089017,0.48841782725816074,nflverse_archive,2025,11,2025_11_SF_ARI,ARI,SF,nflverse,,nflverse_archive,false,archive_final_fallback,,loss,-1.0,gaussian_unconditional,false,false,false,archive_final_fallback
spread,home,3.5,-115,1.8695652173913042,0.67435344474543,0.5348837209302326,0.5108342361863489,0.1635192085590811,0.2607477445240647,nflverse_archive,2025,11,2025_11_SF_ARI,ARI,SF,nflverse,,nflverse_archive,false,archive_final_fallback,,loss,-1.0,gaussian_unconditional,false,false,false,archive_final_fallback
total,under,48.5,-112,1.8928571428571428,0.5672131157621749,0.5283018867924528,0.5043297540699689,0.06288336169220599,0.0736533976926883,nflverse_archive,2025,11,2025_11_SF_ARI,ARI,SF,nflverse,,nflverse_archive,false,archive_final_fallback,,loss,-1.0,gaussian_unconditional,false,false,false,archive_final_fallback
moneyline,away,,230,3.3,0.3839536785708023,0.30303030303030304,0.2904564315352697,0.09349724703553264,0.26704713928364754,nflverse_archive,2025,11,2025_11_TB_BUF,BUF,TB,nflverse,,nflverse_archive,false,archive_final_fallback,,loss,-1.0,gaussian_unconditional,false,false,false,archive_final_fallback
spread,away,6.0,-108,1.925925925925926,0.5661385422657235,0.5192307692307692,0.4956702459300312,0.0704682963356923,0.09034089621546748,nflverse_archive,2025,11,2025_11_TB_BUF,BUF,TB,nflverse,,nflverse_archive,false,archive_final_fallback,,loss,-1.0,gaussian_unconditional,false,false,false,archive_final_fallback
total,over,46.5,-108,1.925925925925926,0.6157611837876618,0.5192307692307692,0.4956702459300312,0.12009093785763059,0.18591042803549684,nflverse_archive,2025,11,2025_11_TB_BUF,BUF,TB,nflverse,,nflverse_archive,false,archive_final_fallback,,win,0.925925925925926,gaussian_unconditional,false,false,false,archive_final_fallback
moneyline,home,,-148,1.6756756756756757,0.5833291631768263,0.5967741935483871,0.5720596355604638,0.011269527616362462,-0.022529510352345183,nflverse_archive,2025,11,2025_11_WAS_MIA,MIA,WAS,nflverse,,nflverse_archive,false,archive_final_fallback,,win,0.6756756756756757,gaussian_unconditional,false,false,false,archive_final_fallback
spread,away,2.5,100,2.0,0.492796544626102,0.5,0.4782608695652174,0.0145356750608846,-0.014406910747795987,nflverse_archive,2025,11,2025_11_WAS_MIA,MIA,WAS,nflverse,,nflverse_archive,false,archive_final_fallback,,loss,-1.0,gaussian_unconditional,false,false,false,archive_final_fallback
total,over,47.5,-110,1.9090909090909092,0.5307837093733612,0.5238095238095238,0.5,0.030783709373361168,0.013314354258235017,nflverse_archive,2025,11,2025_11_WAS_MIA,MIA,WAS,nflverse,,nflverse_archive,false,archive_final_fallback,,loss,-1.0,gaussian_unconditional,false,false,false,archive_final_fallback
moneyline,away,,102,2.02,0.4804311984178846,0.49504950495049505,0.47391341473828025,0.006517783679604372,-0.02952897919587305,nflverse_archive,2025,12,2025_12_ATL_NO,NO,ATL,nflverse,,nflverse_archive,false,archive_final_fallback,,win,1.02,gaussian_unconditional,false,false,false,archive_final_fallback
spread,away,1.5,-112,1.8928571428571428,0.5265089338192027,0.5283018867924528,0.5043297540699689,0.02217917974923378,-0.0033938038422234307,nflverse_archive,2025,12,2025_12_ATL_NO,NO,ATL,nflverse,,nflverse_archive,false,archive_final_fallback,,win,0.8928571428571428,gaussian_unconditional,false,false,false,archive_final_fallback
total,over,41.5,-102,1.9803921568627452,0.4991694783162669,0.504950495049505,0.4826358742837298,0.01653360403253712,-0.011448680197196914,nflverse_archive,2025,12,2025_12_ATL_NO,NO,ATL,nflverse,,nflverse_archive,false,archive_final_fallback,,loss,-1.0,gaussian_unconditional,false,false,false,archive_final_fallback
moneyline,home,,210,3.1,0.5853668729713438,0.3225806451612903,0.30920711694593195,0.2761597560254119,0.8146373062111658,nflverse_archive,2025,12,2025_12_BUF_HOU,HOU,BUF,nflverse,,nflverse_archive,false,archive_final_fallback,,win,2.1,gaussian_unconditional,false,false,false,archive_final_fallback
spread,home,5.5,-112,1.8928571428571428,0.7387165364618166,0.5283018867924528,0.5043297540699689,0.23438678239184763,0.3982848725884385,nflverse_archive,2025,12,2025_12_BUF_HOU,HOU,BUF,nflverse,,nflverse_archive,false,archive_final_fallback,,win,0.8928571428571428,gaussian_unconditional,false,false,false,archive_final_fallback
total,over,43.5,-115,1.8695652173913042,0.5743592967093945,0.5348837209302326,0.5108342361863489,0.06352506052304552,0.07380216341321555,nflverse_archive,2025,12,2025_12_BUF_HOU,HOU,BUF,nflverse,,nflverse_archive,false,archive_final_fallback,,loss,-1.0,gaussian_unconditional,false,false,false,archive_final_fallback
moneyline,away,,310,4.1,0.2838446205396734,0.24390243902439027,0.23409789548356588,0.04974672505610753,0.1637629442126609,nflverse_archive,2025,12,2025_12_CAR_SF,SF,CAR,nflverse,,nflverse_archive,false,archive_final_fallback,,loss,-1.0,gaussian_unconditional,false,false,false,archive_final_fallback
spread,home,-7.5,-105,1.9523809523809523,0.49745312813104736,0.5121951219512195,0.4891657638136511,0.00828736431739624,-0.028781987934621833,nflverse_archive,2025,12,2025_12_CAR_SF,SF,CAR,nflverse,,nflverse_archive,false,archive_final_fallback,,win,0.9523809523809523,gaussian_unconditional,false,false,false,archive_final_fallback
total,under,48.5,-105,1.9523809523809523,0.605686764622572,0.5121951219512195,0.4891657638136511,0.11652100080892086,0.1825313023583548,nflverse_archive,2025,12,2025_12_CAR_SF,SF,CAR,nflverse,,nflverse_archive,false,archive_final_fallback,,win,0.9523809523809523,gaussian_unconditional,false,false,false,archive_final_fallback
moneyline,away,,136,2.3600000000000003,0.43654752128797547,0.42372881355932196,0.4066302458405761,0.02991727544739936,0.030252150239622244,nflverse_archive,2025,12,2025_12_CLE_LV,LV,CLE,nflverse,,nflverse_archive,false,archive_final_fallback,,win,1.3600000000000003,gaussian_unconditional,false,false,false,archive_final_fallback
spread,away,3.0,-105,1.9523809523809523,0.528463657372299,0.5121951219512195,0.4891657638136511,0.03929789355864782,0.03176237867925025,nflverse_archive,2025,12,2025_12_CLE_LV,LV,CLE,nflverse,,nflverse_archive,false,archive_final_fallback,,win,0.9523809523809523,gaussian_unconditional,false,false,false,archive_final_fallback
total,over,35.5,-118,1.847457627118644,0.5994974200969168,0.5412844036697247,0.5173641257162701,0.08213329438064665,0.10754608119599873,nflverse_archive,2025,12,2025_12_CLE_LV,LV,CLE,nflverse,,nflverse_archive,false,archive_final_fallback,,loss,-1.0,gaussian_unconditional,false,false,false,archive_final_fallback
moneyline,away,,180,2.8,0.42308353938877286,0.35714285714285715,0.3425247738043946,0.08055876558437824,0.1846339102885639,nflverse_archive,2025,12,2025_12_IND_KC,KC,IND,nflverse,,nflverse_archive,false,archive_final_fallback,,loss,-1.0,gaussian_unconditional,false,false,false,archive_final_fallback
spread,away,3.5,100,2.0,0.5301505828191262,0.5,0.4782608695652174,0.05188971325390879,0.060301165638252385,nflverse_archive,2025,12,2025_12_IND_KC,KC,IND,nflverse,,nflverse_archive,false,archive_final_fallback,,win,1.0,gaussian_unconditional,false,false,false,archive_final_fallback
total,under,50.5,-112,1.8928571428571428,0.5476829202898988,0.5283018867924528,0.5043297540699689,0.043353166219929906,0.03668552769159428,nflverse_archive,2025,12,2025_12_IND_KC,KC,IND,nflverse,,nflverse_archive,false,archive_final_fallback,,win,0.8928571428571428,gaussian_unconditional,false,false,false,archive_final_fallback
moneyline,home,,114,2.1399999999999997,0.5416291211755002,0.4672897196261683,0.44855888528345106,0.09307023589204916,0.15908631931557027,nflverse_archive,2025,12,2025_12_JAX_ARI,ARI,JAX,nflverse,,nflverse_archive,false,archive_final_fallback,,loss,-1.0,gaussian_unconditional,false,false,false,archive_final_fallback
spread,home,2.5,-112,1.8928571428571428,0.616825092485659,0.5283018867924528,0.5043297540699689,0.11249533841569004,0.1675617822049973,nflverse_archive,2025,12,2025_12_JAX_ARI,ARI,JAX,nflverse,,nflverse_archive,false,archive_final_fallback,,loss,-1.0,gaussian_unconditional,false,false,false,archive_final_fallback
total,over,47.5,-105,1.9523809523809523,0.5071156516517423,0.5121951219512195,0.4891657638136511,0.017949887838091205,-0.00991706106088408,nflverse_archive,2025,12,2025_12_JAX_ARI,ARI,JAX,nflverse,,nflverse_archive,false,archive_final_fallback,,win,0.9523809523809523,gaussian_unconditional,false,false,false,archive_final_fallback
moneyline,away,,235,3.35,0.3351744661152035,0.29850746268656714,0.28644876973925815,0.04872569637594537,0.1228344614859318,nflverse_archive,2025,12,2025_12_MIN_GB,GB,MIN,nflverse,,nflverse_archive,false,archive_final_fallback,,loss,-1.0,gaussian_unconditional,false,false,false,archive_final_fallback
spread,away,6.5,-112,1.8928571428571428,0.5299432865201688,0.5283018867924528,0.5043297540699689,0.025613532450199816,0.0031069351988908256,nflverse_archive,2025,12,2025_12_MIN_GB,GB,MIN,nflverse,,nflverse_archive,false,archive_final_fallback,,loss,-1.0,gaussian_unconditional,false,false,false,archive_final_fallback
total,over,41.5,-108,1.925925925925926,0.5636194955725798,0.5192307692307692,0.4956702459300312,0.06794924964254867,0.08548939888052431,nflverse_archive,2025,12,2025_12_MIN_GB,GB,MIN,nflverse,,nflverse_archive,false,archive_final_fallback,,loss,-1.0,gaussian_unconditional,false,false,false,archive_final_fallback
moneyline,home,,310,4.1,0.36814345704448115,0.24390243902439027,0.23409789548356588,0.13404556156091527,0.5093881738823727,nflverse_archive,2025,12,2025_12_NE_CIN,CIN,NE,nflverse,,nflverse_archive,false,archive_final_fallback,,loss,-1.0,gaussian_unconditional,false,false,false,archive_final_fallback
spread,home,7.5,-112,1.8928571428571428,0.5952486379282704,0.5283018867924528,0.5043297540699689,0.09091888385830149,0.1267206360785118,nflverse_archive,2025,12,2025_12_NE_CIN,CIN,NE,nflverse,,nflverse_archive,false,archive_final_fallback,,win,0.8928571428571428,gaussian_unconditional,false,false,false,archive_final_fallback
total,over,50.5,-118,1.847457627118644,0.547954856065618,0.5412844036697247,0.5173641257162701,0.030590730349347894,0.012323378155124853,nflverse_archive,2025,12,2025_12_NE_CIN,CIN,NE,nflverse,,nflverse_archive,false,archive_final_fallback,,loss,-1.0,gaussian_unconditional,false,false,false,archive_final_fallback
moneyline,away,,675,7.75,0.1897829030442848,0.12903225806451613,0.12382234185733514,0.06596056118694966,0.4708174985932072,nflverse_archive,2025,12,2025_12_NYG_DET,DET,NYG,nflverse,,nflverse_archive,false,archive_final_fallback,,loss,-1.0,gaussian_unconditional,false,false,false,archive_final_fallback
spread,away,14.0,-115,1.8695652173913042,0.579237009562623,0.5348837209302326,0.5108342361863489,0.0684027733762741,0.08292136570403419,nflverse_archive,2025,12,2025_12_NYG_DET,DET,NYG,nflverse,,nflverse_archive,false,archive_final_fallback,,win,0.8695652173913042,gaussian_unconditional,false,false,false,archive_final_fallback
total,under,50.5,100,2.0,0.507736783580111,0.5,0.4782608695652174,0.02947591401489358,0.015473567160221968,nflverse_archive,2025,12,2025_12_NYG_DET,DET,NYG,nflverse,,nflverse_archive,false,archive_final_fallback,,loss,-1.0,gaussian_unconditional,false,false,false,archive_final_fallback
moneyline,away,,675,7.75,0.27161313292414024,0.12903225806451613,0.12382234185733514,0.1477907910668051,1.105001780162087,nflverse_archive,2025,12,2025_12_NYJ_BAL,BAL,NYJ,nflverse,,nflverse_archive,false,archive_final_fallback,,loss,-1.0,gaussian_unconditional,false,false,false,archive_final_fallback
spread,away,14.0,-110,1.9090909090909092,0.6810714479679707,0.5238095238095238,0.5,0.1810714479679707,0.30022730975703493,nflverse_archive,2025,12,2025_12_NYJ_BAL,BAL,NYJ,nflverse,,nflverse_archive,false,archive_final_fallback,,win,0.9090909090909092,gaussian_unconditional,false,false,false,archive_final_fallback
total,over,44.5,-118,1.847457627118644,0.6498663732386574,0.5412844036697247,0.5173641257162701,0.13250224752238726,0.20060058784768908,nflverse_archive,2025,12,2025_12_NYJ_BAL,BAL,NYJ,nflverse,,nflverse_archive,false,archive_final_fallback,,loss,-1.0,gaussian_unconditional,false,false,false,archive_final_fallback
moneyline,home,,136,2.3600000000000003,0.467077152391583,0.42372881355932196,0.4066302458405761,0.060446906551006874,0.10230207964413607,nflverse_archive,2025,12,2025_12_PHI_DAL,DAL,PHI,nflverse,,nflverse_archive,false,archive_final_fallback,,win,1.3600000000000003,gaussian_unconditional,false,false,false,archive_final_fallback
spread,home,3.0,-115,1.8695652173913042,0.5590328490761839,0.5348837209302326,0.5108342361863489,0.04819861288983496,0.0451483700119959,nflverse_archive,2025,12,2025_12_PHI_DAL,DAL,PHI,nflverse,,nflverse_archive,false,archive_final_fallback,,win,0.8695652173913042,gaussian_unconditional,false,false,false,archive_final_fallback
total,over,47.5,-120,1.8333333333333335,0.6209570700499396,0.5454545454545454,0.5217391304347826,0.09921793961515701,0.13842129509155598,nflverse_archive,2025,12,2025_12_PHI_DAL,DAL,PHI,nflverse,,nflverse_archive,false,archive_final_fallback,,loss,-1.0,gaussian_unconditional,false,false,false,archive_final_fallback
moneyline,away,,130,2.3,0.453469384209493,0.4347826086956522,0.41700735895339325,0.03646202525609976,0.042979583681833855,nflverse_archive,2025,12,2025_12_PIT_CHI,CHI,PIT,nflverse,,nflverse_archive,false,archive_final_fallback,,loss,-1.0,gaussian_unconditional,false,false,false,archive_final_fallback
spread,away,3.0,-115,1.8695652173913042,0.5454747069827063,0.5348837209302326,0.5108342361863489,0.03464047079635735,0.019800539141581197,nflverse_archive,2025,12,2025_12_PIT_CHI,CHI,PIT,nflverse,,nflverse_archive,false,archive_final_fallback,,push,0.0,gaussian_unconditional,false,false,false,archive_final_fallback
total,over,46.5,-112,1.8928571428571428,0.5570900330118306,0.5283018867924528,0.5043297540699689,0.05276027894186164,0.05449184820096509,nflverse_archive,2025,12,2025_12_PIT_CHI,CHI,PIT,nflverse,,nflverse_archive,false,archive_final_fallback,,win,0.8928571428571428,gaussian_unconditional,false,false,false,archive_final_fallback
moneyline,home,,625,7.25,0.25080090283148526,0.13793103448275862,0.1322834645669291,0.11851743826455616,0.8183065455282681,nflverse_archive,2025,12,2025_12_SEA_TEN,TEN,SEA,nflverse,,nflverse_archive,false,archive_final_fallback,,loss,-1.0,gaussian_unconditional,false,false,false,archive_final_fallback
spread,home,12.5,-105,1.9523809523809523,0.6145120350316379,0.5121951219512195,0.4891657638136511,0.12534627121798675,0.1997615922046263,nflverse_archive,2025,12,2025_12_SEA_TEN,TEN,SEA,nflverse,,nflverse_archive,false,archive_final_fallback,,win,0.9523809523809523,gaussian_unconditional,false,false,false,archive_final_fallback
total,over,41.5,-110,1.9090909090909092,0.6210914388330633,0.5238095238095238,0.5,0.12109143883306328,0.18572001959039364,nflverse_archive,2025,12,2025_12_SEA_TEN,TEN,SEA,nflverse,,nflverse_archive,false,archive_final_fallback,,win,0.9090909090909092,gaussian_unconditional,false,false,false,archive_final_fallback
moneyline,away,,295,3.95,0.29879623074907025,0.2531645569620253,0.24281150159744405,0.055984729151626195,0.1802451114588275,nflverse_archive,2025,12,2025_12_TB_LA,LA,TB,nflverse,,nflverse_archive,false,archive_final_fallback,,loss,-1.0,gaussian_unconditional,false,false,false,archive_final_fallback
spread,away,7.0,-110,1.9090909090909092,0.5045691618536204,0.5238095238095238,0.5,0.00456916185362044,-0.036731600097633654,nflverse_archive,2025,12,2025_12_TB_LA,LA,TB,nflverse,,nflverse_archive,false,archive_final_fallback,,loss,-1.0,gaussian_unconditional,false,false,false,archive_final_fallback
total,under,49.5,100,2.0,0.5363534611466441,0.5,0.4782608695652174,0.058092591581426656,0.07270692229328812,nflverse_archive,2025,12,2025_12_TB_LA,LA,TB,nflverse,,nflverse_archive,false,archive_final_fallback,,win,1.0,gaussian_unconditional,false,false,false,archive_final_fallback
moneyline,home,,-198,1.5050505050505052,0.6455202836630405,0.6644295302013422,0.6369041816941222,0.008616101968918266,-0.02845937105259555,nflverse_archive,2025,13,2025_13_ARI_TB,TB,ARI,nflverse,,nflverse_archive,false,archive_final_fallback,,win,0.5050505050505052,gaussian_unconditional,false,false,false,archive_final_fallback
spread,home,-4.5,-105,1.9523809523809523,0.5100741072018914,0.5121951219512195,0.4891657638136511,0.02090834338824027,-0.004141028796307289,nflverse_archive,2025,13,2025_13_ARI_TB,TB,ARI,nflverse,,nflverse_archive,false,archive_final_fallback,,loss,-1.0,gaussian_unconditional,false,false,false,archive_final_fallback
total,over,44.5,-112,1.8928571428571428,0.6533723369027685,0.5283018867924528,0.5043297540699689,0.14904258283279959,0.23674049485166893,nflverse_archive,2025,13,2025_13_ARI_TB,TB,ARI,nflverse,,nflverse_archive,false,archive_final_fallback,,loss,-1.0,gaussian_unconditional,false,false,false,archive_final_fallback
moneyline,home,,140,2.4,0.5237598664685927,0.4166666666666667,0.4003612281757977,0.12339863829279502,0.2570236795246226,nflverse_archive,2025,13,2025_13_ATL_NYJ,NYJ,ATL,nflverse,,nflverse_archive,false,archive_final_fallback,,win,1.4,gaussian_unconditional,false,false,false,archive_final_fallback
spread,home,3.0,-108,1.925925925925926,0.6147006654978376,0.5192307692307692,0.4956702459300312,0.11903041956780647,0.1838679483662058,nflverse_archive,2025,13,2025_13_ATL_NYJ,NYJ,ATL,nflverse,,nflverse_archive,false,archive_final_fallback,,win,0.925925925925926,gaussian_unconditional,false,false,false,archive_final_fallback
total,over,38.5,-115,1.8695652173913042,0.6620373675515981,0.5348837209302326,0.5108342361863489,0.1512031313652492,0.23772203498777045,nflverse_archive,2025,13,2025_13_ATL_NYJ,NYJ,ATL,nflverse,,nflverse_archive,false,archive_final_fallback,,win,0.8695652173913042,gaussian_unconditional,false,false,false,archive_final_fallback
moneyline,home,,140,2.4,0.499343234178688,0.4166666666666667,0.4003612281757977,0.09898200600289025,0.19842376202885115,nflverse_archive,2025,13,2025_13_BUF_PIT,PIT,BUF,nflverse,,nflverse_archive,false,archive_final_fallback,,loss,-1.0,gaussian_unconditional,false,false,false,archive_final_fallback
spread,home,3.0,-105,1.9523809523809523,0.591091348057336,0.5121951219512195,0.4891657638136511,0.10192558424368486,0.15403548906432252,nflverse_archive,2025,13,2025_13_BUF_PIT,PIT,BUF,nflverse,,nflverse_archive,false,archive_final_fallback,,loss,-1.0,gaussian_unconditional,false,false,false,archive_final_fallback
total,over,44.5,-108,1.925925925925926,0.6832117536635981,0.5192307692307692,0.4956702459300312,0.18754150773356693,0.31581522927804095,nflverse_archive,2025,13,2025_13_BUF_PIT,PIT,BUF,nflverse,,nflverse_archive,false,archive_final_fallback,,loss,-1.0,gaussian_unconditional,false,false,false,archive_final_fallback
moneyline,away,,270,3.7,0.29684720068667714,0.27027027027027023,0.2591283863368669,0.037718814349810226,0.09833464254070545,nflverse_archive,2025,13,2025_13_CHI_PHI,PHI,CHI,nflverse,,nflverse_archive,false,archive_final_fallback,,win,2.7,gaussian_unconditional,false,false,false,archive_final_fallback
spread,away,7.0,-105,1.9523809523809523,0.5031285175360866,0.5121951219512195,0.4891657638136511,0.01396275372243544,-0.017701465762878676,nflverse_archive,2025,13,2025_13_CHI_PHI,PHI,CHI,nflverse,,nflverse_archive,false,archive_final_fallback,,win,0.9523809523809523,gaussian_unconditional,false,false,false,archive_final_fallback
total,over,43.5,-105,1.9523809523809523,0.5967068025536627,0.5121951219512195,0.4891657638136511,0.10754103874001159,0.16499899546191288,nflverse_archive,2025,13,2025_13_CHI_PHI,PHI,CHI,nflverse,,nflverse_archive,false,archive_final_fallback,,loss,-1.0,gaussian_unconditional,false,false,false,archive_final_fallback
moneyline,home,,-375,1.2666666666666666,0.7737683639468504,0.7894736842105263,0.7571884984025559,0.01657986554429458,-0.019893405667322783,nflverse_archive,2025,13,2025_13_CIN_BAL,BAL,CIN,nflverse,,nflverse_archive,false,archive_final_fallback,,loss,-1.0,gaussian_unconditional,false,false,false,archive_final_fallback
spread,home,-7.0,-120,1.8333333333333335,0.5831593600257265,0.5454545454545454,0.5217391304347826,0.06142022959094395,0.06912549338049878,nflverse_archive,2025,13,2025_13_CIN_BAL,BAL,CIN,nflverse,,nflverse_archive,false,archive_final_fallback,,loss,-1.0,gaussian_unconditional,false,false,false,archive_final_fallback
total,over,52.5,-105,1.9523809523809523,0.5556116954315891,0.5121951219512195,0.4891657638136511,0.06644593161793794,0.08476569108072152,nflverse_archive,2025,13,2025_13_CIN_BAL,BAL,CIN,nflverse,,nflverse_archive,false,archive_final_fallback,,loss,-1.0,gaussian_unconditional,false,false,false,archive_final_fallback
moneyline,home,,250,3.5,0.42563485107289134,0.2857142857142857,0.27424749163879597,0.15138735943409537,0.4897219787551197,nflverse_archive,2025,13,2025_13_DEN_WAS,WAS,DEN,nflverse,,nflverse_archive,false,archive_final_fallback,,loss,-1.0,gaussian_unconditional,false,false,false,archive_final_fallback
spread,home,6.5,-115,1.8695652173913042,0.6236825501736479,0.5348837209302326,0.5108342361863489,0.112848313987299,0.16601520249855906,nflverse_archive,2025,13,2025_13_DEN_WAS,WAS,DEN,nflverse,,nflverse_archive,false,archive_final_fallback,,win,0.8695652173913042,gaussian_unconditional,false,false,false,archive_final_fallback
total,over,43.5,-108,1.925925925925926,0.5317891362278964,0.5192307692307692,0.4956702459300312,0.03611889029786519,0.02418648458705963,nflverse_archive,2025,13,2025_13_DEN_WAS,WAS,DEN,nflverse,,nflverse_archive,false,archive_final_fallback,,win,0.925925925925926,gaussian_unconditional,false,false,false,archive_final_fallback
moneyline,home,,-155,1.6451612903225805,0.6552639741408809,0.607843137254902,0.5829926410466066,0.07227133309427425,0.0780149251995137,nflverse_archive,2025,13,2025_13_GB_DET,DET,GB,nflverse,,nflverse_archive,false,archive_final_fallback,,loss,-1.0,gaussian_unconditional,false,false,false,archive_final_fallback
spread,home,-2.5,-125,1.8,0.5816977792733524,0.5555555555555556,0.5324675324675325,0.04923024680581989,0.04705600269203436,nflverse_archive,2025,13,2025_13_GB_DET,DET,GB,nflverse,,nflverse_archive,false,archive_final_fallback,,loss,-1.0,gaussian_unconditional,false,false,false,archive_final_fallback
total,under,48.5,-110,1.9090909090909092,0.5372011276245802,0.5238095238095238,0.5,0.037201127624580166,0.025565789101471337,nflverse_archive,2025,13,2025_13_GB_DET,DET,GB,nflverse,,nflverse_archive,false,archive_final_fallback,,loss,-1.0,gaussian_unconditional,false,false,false,archive_final_fallback
moneyline,home,,-170,1.5882352941176472,0.6266852842770034,0.6296296296296295,0.6037569709421778,0.02292831333482559,-0.004676313207112148,nflverse_archive,2025,13,2025_13_HOU_IND,IND,HOU,nflverse,,nflverse_archive,false,archive_final_fallback,,loss,-1.0,gaussian_unconditional,false,false,false,archive_final_fallback
spread,home,-3.0,-115,1.8695652173913042,0.536288429657598,0.5348837209302326,0.5108342361863489,0.02545419347124911,0.002626194577248331,nflverse_archive,2025,13,2025_13_HOU_IND,IND,HOU,nflverse,,nflverse_archive,false,archive_final_fallback,,loss,-1.0,gaussian_unconditional,false,false,false,archive_final_fallback
total,over,44.5,-108,1.925925925925926,0.5368942552185546,0.5192307692307692,0.4956702459300312,0.04122400928852343,0.03401856560610517,nflverse_archive,2025,13,2025_13_HOU_IND,IND,HOU,nflverse,,nflverse_archive,false,archive_final_fallback,,loss,-1.0,gaussian_unconditional,false,false,false,archive_final_fallback
moneyline,home,,220,3.2,0.3873203377621195,0.3125,0.299837925445705,0.08748241231641452,0.23942508083878256,nflverse_archive,2025,13,2025_13_JAX_TEN,TEN,JAX,nflverse,,nflverse_archive,false,archive_final_fallback,,loss,-1.0,gaussian_unconditional,false,false,false,archive_final_fallback
spread,home,6.0,-112,1.8928571428571428,0.5705163712487961,0.5283018867924528,0.5043297540699689,0.06618661717882712,0.07990598843522112,nflverse_archive,2025,13,2025_13_JAX_TEN,TEN,JAX,nflverse,,nflverse_archive,false,archive_final_fallback,,loss,-1.0,gaussian_unconditional,false,false,false,archive_final_fallback
total,over,42.5,-115,1.8695652173913042,0.5953376866673898,0.5348837209302326,0.5108342361863489,0.08450345048104091,0.11302263159555492,nflverse_archive,2025,13,2025_13_JAX_TEN,TEN,JAX,nflverse,,nflverse_archive,false,archive_final_fallback,,loss,-1.0,gaussian_unconditional,false,false,false,archive_final_fallback
moneyline,home,,154,2.54,0.43870185553566343,0.39370078740157477,0.37753344813882633,0.0611684073968371,0.11430271306058515,nflverse_archive,2025,13,2025_13_KC_DAL,DAL,KC,nflverse,,nflverse_archive,false,archive_final_fallback,,win,1.54,gaussian_unconditional,false,false,false,archive_final_fallback
spread,home,3.5,-115,1.8695652173913042,0.5463341257409307,0.5348837209302326,0.5108342361863489,0.03549988955458172,0.02140727855913105,nflverse_archive,2025,13,2025_13_KC_DAL,DAL,KC,nflverse,,nflverse_archive,false,archive_final_fallback,,win,0.8695652173913042,gaussian_unconditional,false,false,false,archive_final_fallback
total,under,53.5,-110,1.9090909090909092,0.5724404958350786,0.5238095238095238,0.5,0.07244049583507861,0.09284094659424103,nflverse_archive,2025,13,2025_13_KC_DAL,DAL,KC,nflverse,,nflverse_archive,false,archive_final_fallback,,loss,-1.0,gaussian_unconditional,false,false,false,archive_final_fallback
moneyline,home,,425,5.25,0.29355501600106737,0.19047619047619047,0.18274111675126903,0.11081389924979834,0.5411638340056037,nflverse_archive,2025,13,2025_13_LA_CAR,CAR,LA,nflverse,,nflverse_archive,false,archive_final_fallback,,win,4.25,gaussian_unconditional,false,false,false,archive_final_fallback
spread,home,10.0,-110,1.9090909090909092,0.5910718097378255,0.5238095238095238,0.5,0.09107180973782547,0.12840981859039413,nflverse_archive,2025,13,2025_13_LA_CAR,CAR,LA,nflverse,,nflverse_archive,false,archive_final_fallback,,win,0.9090909090909092,gaussian_unconditional,false,false,false,archive_final_fallback
total,under,44.5,-105,1.9523809523809523,0.562765113479605,0.5121951219512195,0.4891657638136511,0.07359934966595388,0.098731888222086,nflverse_archive,2025,13,2025_13_LA_CAR,CAR,LA,nflverse,,nflverse_archive,false,archive_final_fallback,,loss,-1.0,gaussian_unconditional,false,false,false,archive_final_fallback
moneyline,away,,440,5.4,0.23599635138427844,0.18518518518518517,0.17766497461928932,0.05833137676498912,0.27438029747510373,nflverse_archive,2025,13,2025_13_LV_LAC,LAC,LV,nflverse,,nflverse_archive,false,archive_final_fallback,,loss,-1.0,gaussian_unconditional,false,false,false,archive_final_fallback
spread,away,10.0,-115,1.8695652173913042,0.5215686978935157,0.5348837209302326,0.5108342361863489,0.010734461707166743,-0.024893303938209876,nflverse_archive,2025,13,2025_13_LV_LAC,LAC,LV,nflverse,,nflverse_archive,false,archive_final_fallback,,loss,-1.0,gaussian_unconditional,false,false,false,archive_final_fallback
total,over,40.5,-112,1.8928571428571428,0.5360960316852824,0.5283018867924528,0.5043297540699689,0.031766277615313476,0.01475320283285586,nflverse_archive,2025,13,2025_13_LV_LAC,LAC,LV,nflverse,,nflverse_archive,false,archive_final_fallback,,win,0.8928571428571428,gaussian_unconditional,false,false,false,archive_final_fallback
moneyline,away,,600,7.0,0.2442389467854269,0.14285714285714285,0.13698630136986303,0.10725264541556387,0.7096726274979883,nflverse_archive,2025,13,2025_13_MIN_SEA,SEA,MIN,nflverse,,nflverse_archive,false,archive_final_fallback,,loss,-1.0,gaussian_unconditional,false,false,false,archive_final_fallback
spread,away,12.5,-110,1.9090909090909092,0.6079318619911688,0.5238095238095238,0.5,0.10793186199116878,0.16059719107404957,nflverse_archive,2025,13,2025_13_MIN_SEA,SEA,MIN,nflverse,,nflverse_archive,false,archive_final_fallback,,loss,-1.0,gaussian_unconditional,false,false,false,archive_final_fallback
total,over,42.5,-110,1.9090909090909092,0.6080892715099594,0.5238095238095238,0.5,0.1080892715099594,0.16089770015537708,nflverse_archive,2025,13,2025_13_MIN_SEA,SEA,MIN,nflverse,,nflverse_archive,false,archive_final_fallback,,loss,-1.0,gaussian_unconditional,false,false,false,archive_final_fallback
moneyline,away,,205,3.05,0.3208102540788118,0.3278688524590164,0.3146067415730337,0.006203512505778108,-0.021528725059624,nflverse_archive,2025,13,2025_13_NO_MIA,MIA,NO,nflverse,,nflverse_archive,false,archive_final_fallback,,loss,-1.0,gaussian_unconditional,false,false,false,archive_final_fallback
spread,home,-5.5,-110,1.9090909090909092,0.5159940357284591,0.5238095238095238,0.5,0.015994035728459144,-0.014920477245668917,nflverse_archive,2025,13,2025_13_NO_MIA,MIA,NO,nflverse,,nflverse_archive,false,archive_final_fallback,,loss,-1.0,gaussian_unconditional,false,false,false,archive_final_fallback
total,under,41.5,-105,1.9523809523809523,0.5030013383040021,0.5121951219512195,0.4891657638136511,0.013835574490350944,-0.01794976807313886,nflverse_archive,2025,13,2025_13_NO_MIA,MIA,NO,nflverse,,nflverse_archive,false,archive_final_fallback,,win,0.9523809523809523,gaussian_unconditional,false,false,false,archive_final_fallback
moneyline,away,,295,3.95,0.265018906541572,0.2531645569620253,0.24281150159744405,0.022207404944127956,0.04682468083920943,nflverse_archive,2025,13,2025_13_NYG_NE,NE,NYG,nflverse,,nflverse_archive,false,archive_final_fallback,,loss,-1.0,gaussian_unconditional,false,false,false,archive_final_fallback
spread,home,-7.0,-115,1.8695652173913042,0.534511681399471,0.5348837209302326,0.5108342361863489,0.023677445213122095,-0.0006955521662064257,nflverse_archive,2025,13,2025_13_NYG_NE,NE,NYG,nflverse,,nflverse_archive,false,archive_final_fallback,,win,0.8695652173913042,gaussian_unconditional,false,false,false,archive_final_fallback
total,over,46.5,-115,1.8695652173913042,0.5283451083147548,0.5348837209302326,0.5108342361863489,0.017510872128405852,-0.012224362715893333,nflverse_archive,2025,13,2025_13_NYG_NE,NE,NYG,nflverse,,nflverse_archive,false,archive_final_fallback,,win,0.8695652173913042,gaussian_unconditional,false,false,false,archive_final_fallback
moneyline,home,,205,3.05,0.4314651105100956,0.3278688524590164,0.3146067415730337,0.11685836893706192,0.31596858705579156,nflverse_archive,2025,13,2025_13_SF_CLE,CLE,SF,nflverse,,nflverse_archive,false,archive_final_fallback,,loss,-1.0,gaussian_unconditional,false,false,false,archive_final_fallback
spread,home,5.5,-112,1.8928571428571428,0.5997449837076474,0.5283018867924528,0.5043297540699689,0.09541522963767846,0.13523157630376104,nflverse_archive,2025,13,2025_13_SF_CLE,CLE,SF,nflverse,,nflverse_archive,false,archive_final_fallback,,loss,-1.0,gaussian_unconditional,false,false,false,archive_final_fallback
total,over,35.5,-108,1.925925925925926,0.6798153747682248,0.5192307692307692,0.4956702459300312,0.18414512883819367,0.30927405510917394,nflverse_archive,2025,13,2025_13_SF_CLE,CLE,SF,nflverse,,nflverse_archive,false,archive_final_fallback,,loss,-1.0,gaussian_unconditional,false,false,false,archive_final_fallback
moneyline,away,,245,3.45,0.3088043977326046,0.2898550724637681,0.27792074112197634,0.030883656610628252,0.06537517217748601,nflverse_archive,2025,14,2025_14_CHI_GB,GB,CHI,nflverse,,nflverse_archive,false,archive_final_fallback,,loss,-1.0,gaussian_unconditional,false,false,false,archive_final_fallback
spread,away,6.5,-105,1.9523809523809523,0.501314222879354,0.5121951219512195,0.4891657638136511,0.012148459065702888,-0.021243660092689853,nflverse_archive,2025,14,2025_14_CHI_GB,GB,CHI,nflverse,,nflverse_archive,false,archive_final_fallback,,loss,-1.0,gaussian_unconditional,false,false,false,archive_final_fallback
total,over,44.5,-105,1.9523809523809523,0.5591262325843984,0.5121951219512195,0.4891657638136511,0.0699604687707473,0.09162740647430168,nflverse_archive,2025,14,2025_14_CHI_GB,GB,CHI,nflverse,,nflverse_archive,false,archive_final_fallback,,win,0.9523809523809523,gaussian_unconditional,false,false,false,archive_final_fallback
moneyline,home,,-285,1.3508771929824561,0.7972244311909116,0.7402597402597403,0.7095435684647302,0.08768086272618136,0.07695230178421397,nflverse_archive,2025,14,2025_14_CIN_BUF,BUF,CIN,nflverse,,nflverse_archive,false,archive_final_fallback,,win,0.3508771929824561,gaussian_unconditional,false,false,false,archive_final_fallback
spread,home,-6.0,-112,1.8928571428571428,0.6435142900906636,0.5283018867924528,0.5043297540699689,0.1391845360206947,0.2180806205287562,nflverse_archive,2025,14,2025_14_CIN_BUF,BUF,CIN,nflverse,,nflverse_archive,false,archive_final_fallback,,loss,-1.0,gaussian_unconditional,false,false,false,archive_final_fallback
total,over,54.5,-112,1.8928571428571428,0.5066594360393941,0.5283018867924528,0.5043297540699689,0.002329681969425179,-0.04096606749686116,nflverse_archive,2025,14,2025_14_CIN_BUF,BUF,CIN,nflverse,,nflverse_archive,false,archive_final_fallback,,win,0.8928571428571428,gaussian_unconditional,false,false,false,archive_final_fallback
moneyline,home,,-192,1.5208333333333335,0.7212930114556735,0.6575342465753424,0.6309403437815976,0.0903526676740759,0.09696645492217026,nflverse_archive,2025,14,2025_14_DAL_DET,DET,DAL,nflverse,,nflverse_archive,false,archive_final_fallback,,win,0.5208333333333335,gaussian_unconditional,false,false,false,archive_final_fallback
spread,home,-3.5,-110,1.9090909090909092,0.6240330544209769,0.5238095238095238,0.5,0.1240330544209769,0.19133583116731967,nflverse_archive,2025,14,2025_14_DAL_DET,DET,DAL,nflverse,,nflverse_archive,false,archive_final_fallback,,win,0.9090909090909092,gaussian_unconditional,false,false,false,archive_final_fallback
total,over,55.5,-110,1.9090909090909092,0.5481718859134432,0.5238095238095238,0.5,0.048171885913443235,0.04650996401657359,nflverse_archive,2025,14,2025_14_DAL_DET,DET,DAL,nflverse,,nflverse_archive,false,archive_final_fallback,,win,0.9090909090909092,gaussian_unconditional,false,false,false,archive_final_fallback
moneyline,home,,360,4.6,0.3016629512055168,0.2173913043478261,0.20863836017569548,0.0930245910298213,0.38764957554537705,nflverse_archive,2025,14,2025_14_DEN_LV,LV,DEN,nflverse,,nflverse_archive,false,archive_final_fallback,,loss,-1.0,gaussian_unconditional,false,false,false,archive_final_fallback
spread,home,8.5,-110,1.9090909090909092,0.5546977619863034,0.5238095238095238,0.5,0.054697761986303384,0.05896845470112466,nflverse_archive,2025,14,2025_14_DEN_LV,LV,DEN,nflverse,,nflverse_archive,false,archive_final_fallback,,win,0.9090909090909092,gaussian_unconditional,false,false,false,archive_final_fallback
total,over,40.5,-105,1.9523809523809523,0.4928868706411419,0.5121951219512195,0.4891657638136511,0.003721106827490772,-0.03769706208158019,nflverse_archive,2025,14,2025_14_DEN_LV,LV,DEN,nflverse,,nflverse_archive,false,archive_final_fallback,,win,0.9523809523809523,gaussian_unconditional,false,false,false,archive_final_fallback
moneyline,away,,180,2.8,0.41483589505451157,0.35714285714285715,0.3425247738043946,0.07231112125011696,0.16154050615263227,nflverse_archive,2025,14,2025_14_HOU_KC,KC,HOU,nflverse,,nflverse_archive,false,archive_final_fallback,,win,1.7999999999999998,gaussian_unconditional,false,false,false,archive_final_fallback
spread,away,4.5,-115,1.8695652173913042,0.552819205576559,0.5348837209302326,0.5108342361863489,0.041984969390210014,0.03353155825182763,nflverse_archive,2025,14,2025_14_HOU_KC,KC,HOU,nflverse,,nflverse_archive,false,archive_final_fallback,,win,0.8695652173913042,gaussian_unconditional,false,false,false,archive_final_fallback
total,under,41.5,-110,1.9090909090909092,0.5472590229543876,0.5238095238095238,0.5,0.04725902295438755,0.04476722564019453,nflverse_archive,2025,14,2025_14_HOU_KC,KC,HOU,nflverse,,nflverse_archive,false,archive_final_fallback,,win,0.9090909090909092,gaussian_unconditional,false,false,false,archive_final_fallback
moneyline,home,,114,2.1399999999999997,0.498840459263282,0.4672897196261683,0.44855888528345106,0.05028157397983096,0.06751858282342327,nflverse_archive,2025,14,2025_14_IND_JAX,JAX,IND,nflverse,,nflverse_archive,false,archive_final_fallback,,win,1.1399999999999997,gaussian_unconditional,false,false,false,archive_final_fallback
spread,home,2.5,-108,1.925925925925926,0.5754930239366052,0.5192307692307692,0.4956702459300312,0.079822778006574,0.10835693498901744,nflverse_archive,2025,14,2025_14_IND_JAX,JAX,IND,nflverse,,nflverse_archive,false,archive_final_fallback,,win,0.925925925925926,gaussian_unconditional,false,false,false,archive_final_fallback
total,over,44.5,-115,1.8695652173913042,0.6556955935711166,0.5348837209302326,0.5108342361863489,0.14486135738476769,0.22586567493730492,nflverse_archive,2025,14,2025_14_IND_JAX,JAX,IND,nflverse,,nflverse_archive,false,archive_final_fallback,,win,0.8695652173913042,gaussian_unconditional,false,false,false,archive_final_fallback
moneyline,home,,380,4.8,0.36544978826631336,0.20833333333333334,0.19999999999999998,0.16544978826631337,0.754158983678304,nflverse_archive,2025,14,2025_14_LA_ARI,ARI,LA,nflverse,,nflverse_archive,false,archive_final_fallback,,loss,-1.0,gaussian_unconditional,false,false,false,archive_final_fallback
spread,home,9.5,-110,1.9090909090909092,0.6519340161211081,0.5238095238095238,0.5,0.15193401612110813,0.24460130350393383,nflverse_archive,2025,14,2025_14_LA_ARI,ARI,LA,nflverse,,nflverse_archive,false,archive_final_fallback,,loss,-1.0,gaussian_unconditional,false,false,false,archive_final_fallback
total,under,49.5,-110,1.9090909090909092,0.5883286718267662,0.5238095238095238,0.5,0.08832867182676618,0.1231729189420081,nflverse_archive,2025,14,2025_14_LA_ARI,ARI,LA,nflverse,,nflverse_archive,false,archive_final_fallback,,loss,-1.0,gaussian_unconditional,false,false,false,archive_final_fallback
moneyline,home,,124,2.24,0.531334010182227,0.4464285714285714,0.4279403644395361,0.10339364574269094,0.1901881828081886,nflverse_archive,2025,14,2025_14_MIA_NYJ,NYJ,MIA,nflverse,,nflverse_archive,false,archive_final_fallback,,loss,-1.0,gaussian_unconditional,false,false,false,archive_final_fallback
spread,home,2.5,-105,1.9523809523809523,0.6071531932855725,0.5121951219512195,0.4891657638136511,0.11798742947192137,0.1853943297480225,nflverse_archive,2025,14,2025_14_MIA_NYJ,NYJ,MIA,nflverse,,nflverse_archive,false,archive_final_fallback,,loss,-1.0,gaussian_unconditional,false,false,false,archive_final_fallback
total,over,41.5,-108,1.925925925925926,0.598082069579706,0.5192307692307692,0.4956702459300312,0.10241182364967483,0.1518617636349895,nflverse_archive,2025,14,2025_14_MIA_NYJ,NYJ,MIA,nflverse,,nflverse_archive,false,archive_final_fallback,,win,0.925925925925926,gaussian_unconditional,false,false,false,archive_final_fallback
moneyline,away,,330,4.3,0.26124270061584864,0.23255813953488372,0.22316684378320936,0.03807585683263928,0.12334361264814908,nflverse_archive,2025,14,2025_14_NO_TB,TB,NO,nflverse,,nflverse_archive,false,archive_final_fallback,,win,3.3,gaussian_unconditional,false,false,false,archive_final_fallback
spread,home,-7.5,-118,1.847457627118644,0.5237904479900259,0.5412844036697247,0.5173641257162701,0.006426322273755836,-0.032319341848935146,nflverse_archive,2025,14,2025_14_NO_TB,TB,NO,nflverse,,nflverse_archive,false,archive_final_fallback,,loss,-1.0,gaussian_unconditional,false,false,false,archive_final_fallback
total,over,41.5,-115,1.8695652173913042,0.5826886585242702,0.5348837209302326,0.5108342361863489,0.07185442233792128,0.08937444854537469,nflverse_archive,2025,14,2025_14_NO_TB,TB,NO,nflverse,,nflverse_archive,false,archive_final_fallback,,win,0.8695652173913042,gaussian_unconditional,false,false,false,archive_final_fallback
moneyline,home,,100,2.0,0.5317016433243491,0.5,0.4782608695652174,0.0534407737591317,0.06340328664869821,nflverse_archive,2025,14,2025_14_PHI_LAC,LAC,PHI,nflverse,,nflverse_archive,false,archive_final_fallback,,win,1.0,gaussian_unconditional,false,false,false,archive_final_fallback
spread,home,1.5,-115,1.8695652173913042,0.5775062754021172,0.5348837209302326,0.5108342361863489,0.06667203921576825,0.07968564531700162,nflverse_archive,2025,14,2025_14_PHI_LAC,LAC,PHI,nflverse,,nflverse_archive,false,archive_final_fallback,,win,0.8695652173913042,gaussian_unconditional,false,false,false,archive_final_fallback
total,over,41.5,-115,1.8695652173913042,0.5377039536589401,0.5348837209302326,0.5108342361863489,0.026869717472591148,0.005272609014540075,nflverse_archive,2025,14,2025_14_PHI_LAC,LAC,PHI,nflverse,,nflverse_archive,false,archive_final_fallback,,loss,-1.0,gaussian_unconditional,false,false,false,archive_final_fallback
moneyline,away,,220,3.2,0.39749881319892166,0.3125,0.299837925445705,0.09766088775321669,0.2719962022365494,nflverse_archive,2025,14,2025_14_PIT_BAL,BAL,PIT,nflverse,,nflverse_archive,false,archive_final_fallback,,win,2.2,gaussian_unconditional,false,false,false,archive_final_fallback
spread,away,5.5,100,2.0,0.5656841092748086,0.5,0.4782608695652174,0.0874232397095912,0.13136821854961722,nflverse_archive,2025,14,2025_14_PIT_BAL,BAL,PIT,nflverse,,nflverse_archive,false,archive_final_fallback,,win,1.0,gaussian_unconditional,false,false,false,archive_final_fallback
total,over,43.5,-115,1.8695652173913042,0.6381843532395616,0.5348837209302326,0.5108342361863489,0.12735011705321264,0.19312726910004985,nflverse_archive,2025,14,2025_14_PIT_BAL,BAL,PIT,nflverse,,nflverse_archive,false,archive_final_fallback,,win,0.8695652173913042,gaussian_unconditional,false,false,false,archive_final_fallback
moneyline,home,,280,3.8,0.3412593702775787,0.2631578947368421,0.2522172949002217,0.08904207537735698,0.29678560705479895,nflverse_archive,2025,14,2025_14_SEA_ATL,ATL,SEA,nflverse,,nflverse_archive,false,archive_final_fallback,,loss,-1.0,gaussian_unconditional,false,false,false,archive_final_fallback
spread,home,7.0,-120,1.8333333333333335,0.5525729408298073,0.5454545454545454,0.5217391304347826,0.030833810395024752,0.013050391521313598,nflverse_archive,2025,14,2025_14_SEA_ATL,ATL,SEA,nflverse,,nflverse_archive,false,archive_final_fallback,,loss,-1.0,gaussian_unconditional,false,false,false,archive_final_fallback
total,over,44.5,-112,1.8928571428571428,0.5383600344517872,0.5283018867924528,0.5043297540699689,0.03403028038181821,0.01903863664088279,nflverse_archive,2025,14,2025_14_SEA_ATL,ATL,SEA,nflverse,,nflverse_archive,false,archive_final_fallback,,win,0.8928571428571428,gaussian_unconditional,false,false,false,archive_final_fallback
moneyline,away,,170,2.7,0.3561083352345591,0.37037037037037035,0.35527082119976705,0.0008375140347920418,-0.03850749486669036,nflverse_archive,2025,14,2025_14_TEN_CLE,CLE,TEN,nflverse,,nflverse_archive,false,archive_final_fallback,,win,1.7000000000000002,gaussian_unconditional,false,false,false,archive_final_fallback
spread,home,-4.5,100,2.0,0.508365538202361,0.5,0.4782608695652174,0.03010466863714356,0.016731076404721934,nflverse_archive,2025,14,2025_14_TEN_CLE,CLE,TEN,nflverse,,nflverse_archive,false,archive_final_fallback,,loss,-1.0,gaussian_unconditional,false,false,false,archive_final_fallback
total,over,33.5,-115,1.8695652173913042,0.6655791202519858,0.5348837209302326,0.5108342361863489,0.1547448840656369,0.24434357264501694,nflverse_archive,2025,14,2025_14_TEN_CLE,CLE,TEN,nflverse,,nflverse_archive,false,archive_final_fallback,,win,0.8695652173913042,gaussian_unconditional,false,false,false,archive_final_fallback
moneyline,home,,-105,1.9523809523809523,0.598442418957867,0.5121951219512195,0.4891657638136511,0.10927665514421586,0.16838757987012132,nflverse_archive,2025,14,2025_14_WAS_MIN,MIN,WAS,nflverse,,nflverse_archive,false,archive_final_fallback,,win,0.9523809523809523,gaussian_unconditional,false,false,false,archive_final_fallback
spread,home,1.5,-118,1.847457627118644,0.6425515922036554,0.5412844036697247,0.5173641257162701,0.12518746648738532,0.18708683983387187,nflverse_archive,2025,14,2025_14_WAS_MIN,MIN,WAS,nflverse,,nflverse_archive,false,archive_final_fallback,,win,0.847457627118644,gaussian_unconditional,false,false,false,archive_final_fallback
total,over,43.5,-118,1.847457627118644,0.5546503678652955,0.5412844036697247,0.5173641257162701,0.03728624214902543,0.02469305249690179,nflverse_archive,2025,14,2025_14_WAS_MIN,MIN,WAS,nflverse,,nflverse_archive,false,archive_final_fallback,,loss,-1.0,gaussian_unconditional,false,false,false,archive_final_fallback
moneyline,away,,455,5.55,0.2529755372974607,0.1801801801801802,0.17287630402384502,0.08009923327361568,0.4040142320009068,nflverse_archive,2025,15,2025_15_ARI_HOU,HOU,ARI,nflverse,,nflverse_archive,false,archive_final_fallback,,loss,-1.0,gaussian_unconditional,false,false,false,archive_final_fallback
spread,away,10.5,-110,1.9090909090909092,0.5574308685574654,0.5238095238095238,0.5,0.057430868557465375,0.06418620360970673,nflverse_archive,2025,15,2025_15_ARI_HOU,HOU,ARI,nflverse,,nflverse_archive,false,archive_final_fallback,,loss,-1.0,gaussian_unconditional,false,false,false,archive_final_fallback
total,under,42.5,-112,1.8928571428571428,0.5103691742479496,0.5283018867924528,0.5043297540699689,0.006039420177980648,-0.03394406303066688,nflverse_archive,2025,15,2025_15_ARI_HOU,HOU,ARI,nflverse,,nflverse_archive,false,archive_final_fallback,,loss,-1.0,gaussian_unconditional,false,false,false,archive_final_fallback
moneyline,away,,225,3.25,0.34319053515276277,0.3076923076923077,0.2949668357393679,0.04822369941339488,0.1153692392464789,nflverse_archive,2025,15,2025_15_ATL_TB,TB,ATL,nflverse,,nflverse_archive,false,archive_final_fallback,,win,2.25,gaussian_unconditional,false,false,false,archive_final_fallback
spread,away,6.0,-112,1.8928571428571428,0.5234704150651127,0.5283018867924528,0.5043297540699689,0.019140660995143777,-0.009145285769608158,nflverse_archive,2025,15,2025_15_ATL_TB,TB,ATL,nflverse,,nflverse_archive,false,archive_final_fallback,,win,0.8928571428571428,gaussian_unconditional,false,false,false,archive_final_fallback
total,over,43.5,-110,1.9090909090909092,0.6042026988752837,0.5238095238095238,0.5,0.10420269887528366,0.15347787967099613,nflverse_archive,2025,15,2025_15_ATL_TB,TB,ATL,nflverse,,nflverse_archive,false,archive_final_fallback,,win,0.9090909090909092,gaussian_unconditional,false,false,false,archive_final_fallback
moneyline,home,,136,2.3600000000000003,0.4524212892295074,0.42372881355932196,0.4066302458405761,0.04579104338893131,0.06771424258163772,nflverse_archive,2025,15,2025_15_BAL_CIN,CIN,BAL,nflverse,,nflverse_archive,false,archive_final_fallback,,loss,-1.0,gaussian_unconditional,false,false,false,archive_final_fallback
spread,home,2.5,105,2.05,0.5291840748502088,0.48780487804878053,0.4675324675324676,0.06165160731774122,0.08482735344292802,nflverse_archive,2025,15,2025_15_BAL_CIN,CIN,BAL,nflverse,,nflverse_archive,false,archive_final_fallback,,loss,-1.0,gaussian_unconditional,false,false,false,archive_final_fallback
total,over,51.5,-110,1.9090909090909092,0.5861893583011951,0.5238095238095238,0.5,0.08618935830119512,0.11908877493864534,nflverse_archive,2025,15,2025_15_BAL_CIN,CIN,BAL,nflverse,,nflverse_archive,false,archive_final_fallback,,loss,-1.0,gaussian_unconditional,false,false,false,archive_final_fallback
moneyline,home,,120,2.2,0.5321696881941311,0.45454545454545453,0.43650793650793646,0.09566175168619467,0.17077331402708862,nflverse_archive,2025,15,2025_15_BUF_NE,NE,BUF,nflverse,,nflverse_archive,false,archive_final_fallback,,loss,-1.0,gaussian_unconditional,false,false,false,archive_final_fallback
spread,home,2.5,-110,1.9090909090909092,0.6077618310748958,0.5238095238095238,0.5,0.10776183107489579,0.1602725865975283,nflverse_archive,2025,15,2025_15_BUF_NE,NE,BUF,nflverse,,nflverse_archive,false,archive_final_fallback,,loss,-1.0,gaussian_unconditional,false,false,false,archive_final_fallback
total,under,49.5,-105,1.9523809523809523,0.4943736692133661,0.5121951219512195,0.4891657638136511,0.005207905399714996,-0.03479426486914239,nflverse_archive,2025,15,2025_15_BUF_NE,NE,BUF,nflverse,,nflverse_archive,false,archive_final_fallback,,loss,-1.0,gaussian_unconditional,false,false,false,archive_final_fallback
moneyline,home,,124,2.24,0.5218729155956855,0.4464285714285714,0.4279403644395361,0.0939325511561494,0.16899533093433572,nflverse_archive,2025,15,2025_15_CAR_NO,NO,CAR,nflverse,,nflverse_archive,false,archive_final_fallback,,win,1.2400000000000002,gaussian_unconditional,false,false,false,archive_final_fallback
spread,home,2.5,-102,1.9803921568627452,0.5977857981717908,0.504950495049505,0.4826358742837298,0.115149923888061,0.18385030618335052,nflverse_archive,2025,15,2025_15_CAR_NO,NO,CAR,nflverse,,nflverse_archive,false,archive_final_fallback,,win,0.9803921568627452,gaussian_unconditional,false,false,false,archive_final_fallback
total,under,41.5,-108,1.925925925925926,0.5396716198019228,0.5192307692307692,0.4956702459300312,0.044001373871891625,0.03936756406296249,nflverse_archive,2025,15,2025_15_CAR_NO,NO,CAR,nflverse,,nflverse_archive,false,archive_final_fallback,,win,0.925925925925926,gaussian_unconditional,false,false,false,archive_final_fallback
moneyline,away,,295,3.95,0.3041089569346779,0.2531645569620253,0.24281150159744405,0.061297455337233825,0.20123037989197767,nflverse_archive,2025,15,2025_15_CLE_CHI,CHI,CLE,nflverse,,nflverse_archive,false,archive_final_fallback,,loss,-1.0,gaussian_unconditional,false,false,false,archive_final_fallback
spread,away,7.5,-112,1.8928571428571428,0.526182467644261,0.5283018867924528,0.5043297540699689,0.021852713574292082,-0.004011757673363148,nflverse_archive,2025,15,2025_15_CLE_CHI,CHI,CLE,nflverse,,nflverse_archive,false,archive_final_fallback,,loss,-1.0,gaussian_unconditional,false,false,false,archive_final_fallback
total,over,38.5,-105,1.9523809523809523,0.6839184004751446,0.5121951219512195,0.4891657638136511,0.1947526366614935,0.3352692580705203,nflverse_archive,2025,15,2025_15_CLE_CHI,CHI,CLE,nflverse,,nflverse_archive,false,archive_final_fallback,,loss,-1.0,gaussian_unconditional,false,false,false,archive_final_fallback
moneyline,away,,200,3.0,0.35826002433814763,0.3333333333333333,0.3194444444444444,0.03881557989370321,0.074780073014443,nflverse_archive,2025,15,2025_15_DET_LA,LA,DET,nflverse,,nflverse_archive,false,archive_final_fallback,,loss,-1.0,gaussian_unconditional,false,false,false,archive_final_fallback
spread,away,5.5,-105,1.9523809523809523,0.524308462730555,0.5121951219512195,0.4891657638136511,0.03514269891690386,0.023649855807273967,nflverse_archive,2025,15,2025_15_DET_LA,LA,DET,nflverse,,nflverse_archive,false,archive_final_fallback,,loss,-1.0,gaussian_unconditional,false,false,false,archive_final_fallback
total,under,54.5,-105,1.9523809523809523,0.5936050042146881,0.5121951219512195,0.4891657638136511,0.10443924040103697,0.15894310346677187,nflverse_archive,2025,15,2025_15_DET_LA,LA,DET,nflverse,,nflverse_archive,false,archive_final_fallback,,loss,-1.0,gaussian_unconditional,false,false,false,archive_final_fallback
moneyline,home,,102,2.02,0.5533419225727528,0.49504950495049505,0.47391341473828025,0.07942850783447258,0.11775068359696084,nflverse_archive,2025,15,2025_15_GB_DEN,DEN,GB,nflverse,,nflverse_archive,false,archive_final_fallback,,win,1.02,gaussian_unconditional,false,false,false,archive_final_fallback
spread,home,1.5,-112,1.8928571428571428,0.5986167911788508,0.5283018867924528,0.5043297540699689,0.09428703710888187,0.13309606901711035,nflverse_archive,2025,15,2025_15_GB_DEN,DEN,GB,nflverse,,nflverse_archive,false,archive_final_fallback,,win,0.8928571428571428,gaussian_unconditional,false,false,false,archive_final_fallback
total,under,42.5,-115,1.8695652173913042,0.5273832002381578,0.5348837209302326,0.5108342361863489,0.016548964051808834,-0.01402271259822685,nflverse_archive,2025,15,2025_15_GB_DEN,DEN,GB,nflverse,,nflverse_archive,false,archive_final_fallback,,loss,-1.0,gaussian_unconditional,false,false,false,archive_final_fallback
moneyline,away,,650,7.5,0.3261478950198988,0.13333333333333333,0.12790697674418605,0.19824091827571277,1.4461092126492412,nflverse_archive,2025,15,2025_15_IND_SEA,SEA,IND,nflverse,,nflverse_archive,false,archive_final_fallback,,loss,-1.0,gaussian_unconditional,false,false,false,archive_final_fallback
spread,away,13.5,-105,1.9523809523809523,0.7225244486597729,0.5121951219512195,0.4891657638136511,0.23335868484612182,0.41064297119289006,nflverse_archive,2025,15,2025_15_IND_SEA,SEA,IND,nflverse,,nflverse_archive,false,archive_final_fallback,,win,0.9523809523809523,gaussian_unconditional,false,false,false,archive_final_fallback
total,over,41.5,-112,1.8928571428571428,0.7563779826933423,0.5283018867924528,0.5043297540699689,0.2520482286233734,0.4317154672409693,nflverse_archive,2025,15,2025_15_IND_SEA,SEA,IND,nflverse,,nflverse_archive,false,archive_final_fallback,,loss,-1.0,gaussian_unconditional,false,false,false,archive_final_fallback
moneyline,away,,210,3.1,0.350490315153998,0.3225806451612903,0.30920711694593195,0.04128319820806603,0.08651997697739366,nflverse_archive,2025,15,2025_15_LAC_KC,KC,LAC,nflverse,,nflverse_archive,false,archive_final_fallback,,win,2.1,gaussian_unconditional,false,false,false,archive_final_fallback
spread,away,5.5,100,2.0,0.5159879366984275,0.5,0.4782608695652174,0.03772706713321006,0.031975873396854926,nflverse_archive,2025,15,2025_15_LAC_KC,KC,LAC,nflverse,,nflverse_archive,false,archive_final_fallback,,win,1.0,gaussian_unconditional,false,false,false,archive_final_fallback
total,over,41.5,-112,1.8928571428571428,0.5512696346484396,0.5283018867924528,0.5043297540699689,0.04693988057847065,0.04347466558454638,nflverse_archive,2025,15,2025_15_LAC_KC,KC,LAC,nflverse,,nflverse_archive,false,archive_final_fallback,,loss,-1.0,gaussian_unconditional,false,false,false,archive_final_fallback
moneyline,away,,650,7.5,0.20190412237625743,0.13333333333333333,0.12790697674418605,0.07399714563207138,0.5142809178219307,nflverse_archive,2025,15,2025_15_LV_PHI,PHI,LV,nflverse,,nflverse_archive,false,archive_final_fallback,,loss,-1.0,gaussian_unconditional,false,false,false,archive_final_fallback
spread,away,12.5,-108,1.925925925925926,0.5513160947238832,0.5192307692307692,0.4956702459300312,0.05564584879385204,0.06179396020896033,nflverse_archive,2025,15,2025_15_LV_PHI,PHI,LV,nflverse,,nflverse_archive,false,archive_final_fallback,,loss,-1.0,gaussian_unconditional,false,false,false,archive_final_fallback
total,over,37.5,-102,1.9803921568627452,0.5856670629968161,0.504950495049505,0.4826358742837298,0.10303118871308636,0.15985045809173393,nflverse_archive,2025,15,2025_15_LV_PHI,PHI,LV,nflverse,,nflverse_archive,false,archive_final_fallback,,loss,-1.0,gaussian_unconditional,false,false,false,archive_final_fallback
moneyline,home,,-175,1.5714285714285714,0.6107260634188798,0.6363636363636364,0.6092362344582594,0.001489828960620443,-0.040287614627474655,nflverse_archive,2025,15,2025_15_MIA_PIT,PIT,MIA,nflverse,,nflverse_archive,false,archive_final_fallback,,win,0.5714285714285714,gaussian_unconditional,false,false,false,archive_final_fallback
spread,home,-3.0,-118,1.847457627118644,0.5198964023372641,0.5412844036697247,0.5173641257162701,0.0025322766209939784,-0.03951342619047826,nflverse_archive,2025,15,2025_15_MIA_PIT,PIT,MIA,nflverse,,nflverse_archive,false,archive_final_fallback,,win,0.847457627118644,gaussian_unconditional,false,false,false,archive_final_fallback
total,over,42.5,-115,1.8695652173913042,0.5719302940260216,0.5348837209302326,0.5108342361863489,0.061096057839672646,0.06926098448343154,nflverse_archive,2025,15,2025_15_MIA_PIT,PIT,MIA,nflverse,,nflverse_archive,false,archive_final_fallback,,win,0.8695652173913042,gaussian_unconditional,false,false,false,archive_final_fallback
moneyline,away,,215,3.15,0.4454986778968447,0.31746031746031744,0.30423004792665137,0.14126862997019335,0.4033208353750608,nflverse_archive,2025,15,2025_15_MIN_DAL,DAL,MIN,nflverse,,nflverse_archive,false,archive_final_fallback,,win,2.15,gaussian_unconditional,false,false,false,archive_final_fallback
spread,away,5.5,-110,1.9090909090909092,0.6129596502992565,0.5238095238095238,0.5,0.11295965029925648,0.17019569602585327,nflverse_archive,2025,15,2025_15_MIN_DAL,DAL,MIN,nflverse,,nflverse_archive,false,archive_final_fallback,,win,0.9090909090909092,gaussian_unconditional,false,false,false,archive_final_fallback
total,over,47.5,-118,1.847457627118644,0.599735940609883,0.5412844036697247,0.5173641257162701,0.0823718148936129,0.10798673773690237,nflverse_archive,2025,15,2025_15_MIN_DAL,DAL,MIN,nflverse,,nflverse_archive,false,archive_final_fallback,,win,0.847457627118644,gaussian_unconditional,false,false,false,archive_final_fallback
moneyline,away,,675,7.75,0.22931923180434433,0.12903225806451613,0.12382234185733514,0.10549688994700919,0.7772240464836686,nflverse_archive,2025,15,2025_15_NYJ_JAX,JAX,NYJ,nflverse,,nflverse_archive,false,archive_final_fallback,,loss,-1.0,gaussian_unconditional,false,false,false,archive_final_fallback
spread,away,13.5,-105,1.9523809523809523,0.6178510869847446,0.5121951219512195,0.4891657638136511,0.12868532317109344,0.20628069363688217,nflverse_archive,2025,15,2025_15_NYJ_JAX,JAX,NYJ,nflverse,,nflverse_archive,false,archive_final_fallback,,loss,-1.0,gaussian_unconditional,false,false,false,archive_final_fallback
total,over,40.5,-105,1.9523809523809523,0.6693106721000259,0.5121951219512195,0.4891657638136511,0.1801449082863748,0.30674940743338386,nflverse_archive,2025,15,2025_15_NYJ_JAX,JAX,NYJ,nflverse,,nflverse_archive,false,archive_final_fallback,,win,0.9523809523809523,gaussian_unconditional,false,false,false,archive_final_fallback
moneyline,away,,600,7.0,0.20134283264776742,0.14285714285714285,0.13698630136986303,0.06435653127790439,0.40939982853437185,nflverse_archive,2025,15,2025_15_TEN_SF,SF,TEN,nflverse,,nflverse_archive,false,archive_final_fallback,,loss,-1.0,gaussian_unconditional,false,false,false,archive_final_fallback
spread,away,12.5,-108,1.925925925925926,0.5505266277336259,0.5192307692307692,0.4956702459300312,0.054856381803594756,0.06027350526476116,nflverse_archive,2025,15,2025_15_TEN_SF,SF,TEN,nflverse,,nflverse_archive,false,archive_final_fallback,,loss,-1.0,gaussian_unconditional,false,false,false,archive_final_fallback
total,over,44.5,-108,1.925925925925926,0.4967043330160068,0.5192307692307692,0.4956702459300312,0.0010340870859756324,-0.04338424752472758,nflverse_archive,2025,15,2025_15_TEN_SF,SF,TEN,nflverse,,nflverse_archive,false,archive_final_fallback,,win,0.925925925925926,gaussian_unconditional,false,false,false,archive_final_fallback
moneyline,away,,124,2.24,0.4355450197597013,0.4464285714285714,0.4279403644395361,0.007604655320165188,-0.024379155738268987,nflverse_archive,2025,15,2025_15_WAS_NYG,NYG,WAS,nflverse,,nflverse_archive,false,archive_final_fallback,,win,1.2400000000000002,gaussian_unconditional,false,false,false,archive_final_fallback
spread,away,2.5,-105,1.9523809523809523,0.5121623490210558,0.5121951219512195,0.4891657638136511,0.02299658520740472,-0.00006398524460526911,nflverse_archive,2025,15,2025_15_WAS_NYG,NYG,WAS,nflverse,,nflverse_archive,false,archive_final_fallback,,win,0.9523809523809523,gaussian_unconditional,false,false,false,archive_final_fallback
total,over,46.5,-105,1.9523809523809523,0.5758131382035923,0.5121951219512195,0.4891657638136511,0.08664737438994113,0.12420660315939447,nflverse_archive,2025,15,2025_15_WAS_NYG,NYG,WAS,nflverse,,nflverse_archive,false,archive_final_fallback,,win,0.9523809523809523,gaussian_unconditional,false,false,false,archive_final_fallback
moneyline,home,,124,2.24,0.5854913994259723,0.4464285714285714,0.4279403644395361,0.1575510349864362,0.31150073471417805,nflverse_archive,2025,16,2025_16_ATL_ARI,ARI,ATL,nflverse,,nflverse_archive,false,archive_final_fallback,,loss,-1.0,gaussian_unconditional,false,false,false,archive_final_fallback
spread,home,2.5,-105,1.9523809523809523,0.658706326971515,0.5121951219512195,0.4891657638136511,0.16954056315786387,0.2860456859920055,nflverse_archive,2025,16,2025_16_ATL_ARI,ARI,ATL,nflverse,,nflverse_archive,false,archive_final_fallback,,loss,-1.0,gaussian_unconditional,false,false,false,archive_final_fallback
total,under,48.5,-105,1.9523809523809523,0.5341420149706776,0.5121951219512195,0.4891657638136511,0.04497625115702647,0.042848695895132405,nflverse_archive,2025,16,2025_16_ATL_ARI,ARI,ATL,nflverse,,nflverse_archive,false,archive_final_fallback,,win,0.9523809523809523,gaussian_unconditional,false,false,false,archive_final_fallback
moneyline,home,,425,5.25,0.28855857570315513,0.19047619047619047,0.18274111675126903,0.1058174589518861,0.5149325224415644,nflverse_archive,2025,16,2025_16_BUF_CLE,CLE,BUF,nflverse,,nflverse_archive,false,archive_final_fallback,,loss,-1.0,gaussian_unconditional,false,false,false,archive_final_fallback
spread,home,10.5,-110,1.9090909090909092,0.5998215380647024,0.5238095238095238,0.5,0.0998215380647024,0.14511384539625016,nflverse_archive,2025,16,2025_16_BUF_CLE,CLE,BUF,nflverse,,nflverse_archive,false,archive_final_fallback,,win,0.9090909090909092,gaussian_unconditional,false,false,false,archive_final_fallback
total,over,41.5,-102,1.9803921568627452,0.6522151310936103,0.504950495049505,0.4826358742837298,0.1695792568098805,0.29164173020499295,nflverse_archive,2025,16,2025_16_BUF_CLE,CLE,BUF,nflverse,,nflverse_archive,false,archive_final_fallback,,win,0.9803921568627452,gaussian_unconditional,false,false,false,archive_final_fallback
moneyline,home,,170,2.7,0.6586556236325747,0.37037037037037035,0.35527082119976705,0.30338480243280763,0.7783701838079518,nflverse_archive,2025,16,2025_16_CIN_MIA,MIA,CIN,nflverse,,nflverse_archive,false,archive_final_fallback,,loss,-1.0,gaussian_unconditional,false,false,false,archive_final_fallback
spread,home,3.5,100,2.0,0.7514180102829847,0.5,0.4782608695652174,0.2731571407177673,0.5028360205659694,nflverse_archive,2025,16,2025_16_CIN_MIA,MIA,CIN,nflverse,,nflverse_archive,false,archive_final_fallback,,loss,-1.0,gaussian_unconditional,false,false,false,archive_final_fallback
total,over,48.5,-108,1.925925925925926,0.5364305987248336,0.5192307692307692,0.4956702459300312,0.04076035279480239,0.03312559754412403,nflverse_archive,2025,16,2025_16_CIN_MIA,MIA,CIN,nflverse,,nflverse_archive,false,archive_final_fallback,,win,0.925925925925926,gaussian_unconditional,false,false,false,archive_final_fallback
moneyline,away,,-102,1.9803921568627452,0.5059921604649386,0.504950495049505,0.4826358742837298,0.023356286181208774,0.0020629060187999926,nflverse_archive,2025,16,2025_16_GB_CHI,CHI,GB,nflverse,,nflverse_archive,false,archive_final_fallback,,loss,-1.0,gaussian_unconditional,false,false,false,archive_final_fallback
spread,away,1.5,-115,1.8695652173913042,0.5520349665839844,0.5348837209302326,0.5108342361863489,0.0412007303976355,0.032065372309188156,nflverse_archive,2025,16,2025_16_GB_CHI,CHI,GB,nflverse,,nflverse_archive,false,archive_final_fallback,,loss,-1.0,gaussian_unconditional,false,false,false,archive_final_fallback
total,over,45.5,-105,1.9523809523809523,0.546425473790505,0.5121951219512195,0.4891657638136511,0.05725970997685387,0.06683068692431915,nflverse_archive,2025,16,2025_16_GB_CHI,CHI,GB,nflverse,,nflverse_archive,false,archive_final_fallback,,loss,-1.0,gaussian_unconditional,false,false,false,archive_final_fallback
moneyline,away,,145,2.45,0.42847407709618934,0.4081632653061224,0.3907637655417407,0.03771031155444865,0.049761488885663896,nflverse_archive,2025,16,2025_16_JAX_DEN,DEN,JAX,nflverse,,nflverse_archive,false,archive_final_fallback,,win,1.4500000000000002,gaussian_unconditional,false,false,false,archive_final_fallback
spread,away,3.5,-120,1.8333333333333335,0.5358172740756785,0.5454545454545454,0.5217391304347826,0.01407814364089588,-0.017668330861256076,nflverse_archive,2025,16,2025_16_JAX_DEN,DEN,JAX,nflverse,,nflverse_archive,false,archive_final_fallback,,win,0.8333333333333335,gaussian_unconditional,false,false,false,archive_final_fallback
total,under,46.5,-108,1.925925925925926,0.5194031473105366,0.5192307692307692,0.4956702459300312,0.023732901380505433,0.0003319874128853151,nflverse_archive,2025,16,2025_16_JAX_DEN,DEN,JAX,nflverse,,nflverse_archive,false,archive_final_fallback,,loss,-1.0,gaussian_unconditional,false,false,false,archive_final_fallback
moneyline,away,,-185,1.5405405405405406,0.70813785178238,0.6491228070175439,0.6224665518611737,0.08567129992120626,0.09091506896204482,nflverse_archive,2025,16,2025_16_KC_TEN,TEN,KC,nflverse,,nflverse_archive,false,archive_final_fallback,,loss,-1.0,gaussian_unconditional,false,false,false,archive_final_fallback
spread,away,-3.5,100,2.0,0.6094135581995458,0.5,0.4782608695652174,0.13115268863432838,0.21882711639909158,nflverse_archive,2025,16,2025_16_KC_TEN,TEN,KC,nflverse,,nflverse_archive,false,archive_final_fallback,,loss,-1.0,gaussian_unconditional,false,false,false,archive_final_fallback
total,over,37.5,-110,1.9090909090909092,0.6570855121932366,0.5238095238095238,0.5,0.15708551219323663,0.25443597782345173,nflverse_archive,2025,16,2025_16_KC_TEN,TEN,KC,nflverse,,nflverse_archive,false,archive_final_fallback,,loss,-1.0,gaussian_unconditional,false,false,false,archive_final_fallback
moneyline,away,,102,2.02,0.49559836833608606,0.49504950495049505,0.47391341473828025,0.02168495359780581,0.0011087040388937375,nflverse_archive,2025,16,2025_16_LAC_DAL,DAL,LAC,nflverse,,nflverse_archive,false,archive_final_fallback,,win,1.02,gaussian_unconditional,false,false,false,archive_final_fallback
spread,away,1.5,-115,1.8695652173913042,0.5417129891665979,0.5348837209302326,0.5108342361863489,0.030878752980249002,0.012767762354943812,nflverse_archive,2025,16,2025_16_LAC_DAL,DAL,LAC,nflverse,,nflverse_archive,false,archive_final_fallback,,win,0.8695652173913042,gaussian_unconditional,false,false,false,archive_final_fallback
total,over,50.5,-118,1.847457627118644,0.5750495351602032,0.5412844036697247,0.5173641257162701,0.05768540944393308,0.06237964970274823,nflverse_archive,2025,16,2025_16_LAC_DAL,DAL,LAC,nflverse,,nflverse_archive,false,archive_final_fallback,,win,0.847457627118644,gaussian_unconditional,false,false,false,archive_final_fallback
moneyline,home,,-122,1.819672131147541,0.5662362679290993,0.5495495495495495,0.5260865852617197,0.040149682667379616,0.03036435639557422,nflverse_archive,2025,16,2025_16_LA_SEA,SEA,LA,nflverse,,nflverse_archive,false,archive_final_fallback,,win,0.819672131147541,gaussian_unconditional,false,false,false,archive_final_fallback
spread,home,-1.5,-110,1.9090909090909092,0.5203437169045642,0.5238095238095238,0.5,0.020343716904564157,-0.006616540454922881,nflverse_archive,2025,16,2025_16_LA_SEA,SEA,LA,nflverse,,nflverse_archive,false,archive_final_fallback,,loss,-1.0,gaussian_unconditional,false,false,false,archive_final_fallback
total,over,42.5,-115,1.8695652173913042,0.651289677769637,0.5348837209302326,0.5108342361863489,0.14045544158328804,0.21762852800410393,nflverse_archive,2025,16,2025_16_LA_SEA,SEA,LA,nflverse,,nflverse_archive,false,archive_final_fallback,,win,0.8695652173913042,gaussian_unconditional,false,false,false,archive_final_fallback
moneyline,away,,900,10.0,0.1276474707092501,0.1,0.096045197740113,0.03160227296913709,0.2764747070925009,nflverse_archive,2025,16,2025_16_LV_HOU,HOU,LV,nflverse,,nflverse_archive,false,archive_final_fallback,,loss,-1.0,gaussian_unconditional,false,false,false,archive_final_fallback
spread,home,-14.5,-105,1.9523809523809523,0.5073161946902933,0.5121951219512195,0.4891657638136511,0.0181504308766422,-0.009525524652284512,nflverse_archive,2025,16,2025_16_LV_HOU,HOU,LV,nflverse,,nflverse_archive,false,archive_final_fallback,,loss,-1.0,gaussian_unconditional,false,false,false,archive_final_fallback
total,under,39.5,-110,1.9090909090909092,0.541579708579,0.5238095238095238,0.5,0.04157970857899995,0.03392489819627276,nflverse_archive,2025,16,2025_16_LV_HOU,HOU,LV,nflverse,,nflverse_archive,false,archive_final_fallback,,loss,-1.0,gaussian_unconditional,false,false,false,archive_final_fallback
moneyline,home,,124,2.24,0.4524090585725985,0.4464285714285714,0.4279403644395361,0.024468694133062407,0.013396291202620647,nflverse_archive,2025,16,2025_16_MIN_NYG,NYG,MIN,nflverse,,nflverse_archive,false,archive_final_fallback,,loss,-1.0,gaussian_unconditional,false,false,false,archive_final_fallback
spread,home,2.5,-102,1.9803921568627452,0.5292543617512538,0.504950495049505,0.4826358742837298,0.04661848746752406,0.04813118699758112,nflverse_archive,2025,16,2025_16_MIN_NYG,NYG,MIN,nflverse,,nflverse_archive,false,archive_final_fallback,,loss,-1.0,gaussian_unconditional,false,false,false,archive_final_fallback
total,over,41.5,-105,1.9523809523809523,0.6118237668872224,0.5121951219512195,0.4891657638136511,0.12265800307357128,0.19451306868457707,nflverse_archive,2025,16,2025_16_MIN_NYG,NYG,MIN,nflverse,,nflverse_archive,false,archive_final_fallback,,loss,-1.0,gaussian_unconditional,false,false,false,archive_final_fallback
moneyline,away,,154,2.54,0.463453702193106,0.39370078740157477,0.37753344813882633,0.08592025405427967,0.17717240357048936,nflverse_archive,2025,16,2025_16_NE_BAL,BAL,NE,nflverse,,nflverse_archive,false,archive_final_fallback,,win,1.54,gaussian_unconditional,false,false,false,archive_final_fallback
spread,away,3.5,-115,1.8695652173913042,0.5708055648432552,0.5348837209302326,0.5108342361863489,0.05997132865690624,0.0671582299243465,nflverse_archive,2025,16,2025_16_NE_BAL,BAL,NE,nflverse,,nflverse_archive,false,archive_final_fallback,,win,0.8695652173913042,gaussian_unconditional,false,false,false,archive_final_fallback
total,under,48.5,-112,1.8928571428571428,0.5399189656460832,0.5283018867924528,0.5043297540699689,0.03558921157611428,0.021989470687229007,nflverse_archive,2025,16,2025_16_NE_BAL,BAL,NE,nflverse,,nflverse_archive,false,archive_final_fallback,,loss,-1.0,gaussian_unconditional,false,false,false,archive_final_fallback
moneyline,away,,240,3.4,0.3875961790060687,0.29411764705882354,0.2820294784580499,0.10556670054801881,0.3178270086206334,nflverse_archive,2025,16,2025_16_NYJ_NO,NO,NYJ,nflverse,,nflverse_archive,false,archive_final_fallback,,loss,-1.0,gaussian_unconditional,false,false,false,archive_final_fallback
spread,away,6.5,-105,1.9523809523809523,0.5855605166696195,0.5121951219512195,0.4891657638136511,0.09639475285596838,0.1432371992121142,nflverse_archive,2025,16,2025_16_NYJ_NO,NO,NYJ,nflverse,,nflverse_archive,false,archive_final_fallback,,loss,-1.0,gaussian_unconditional,false,false,false,archive_final_fallback
total,over,39.5,-115,1.8695652173913042,0.5962618764528216,0.5348837209302326,0.5108342361863489,0.08542764026647265,0.11475046467266625,nflverse_archive,2025,16,2025_16_NYJ_NO,NO,NYJ,nflverse,,nflverse_archive,false,archive_final_fallback,,loss,-1.0,gaussian_unconditional,false,false,false,archive_final_fallback
moneyline,home,,300,4.0,0.3965604290939122,0.25,0.24,0.1565604290939122,0.5862417163756488,nflverse_archive,2025,16,2025_16_PHI_WAS,WAS,PHI,nflverse,,nflverse_archive,false,archive_final_fallback,,loss,-1.0,gaussian_unconditional,false,false,false,archive_final_fallback
spread,home,7.0,100,2.0,0.6095182630711236,0.5,0.4782608695652174,0.13125739350590615,0.2190365261422471,nflverse_archive,2025,16,2025_16_PHI_WAS,WAS,PHI,nflverse,,nflverse_archive,false,archive_final_fallback,,loss,-1.0,gaussian_unconditional,false,false,false,archive_final_fallback
total,over,43.5,-110,1.9090909090909092,0.5242352525468505,0.5238095238095238,0.5,0.02423525254685055,0.0008127548621692515,nflverse_archive,2025,16,2025_16_PHI_WAS,WAS,PHI,nflverse,,nflverse_archive,false,archive_final_fallback,,win,0.9090909090909092,gaussian_unconditional,false,false,false,archive_final_fallback
moneyline,away,,330,4.3,0.29795395864162044,0.23255813953488372,0.22316684378320936,0.07478711485841108,0.28120202215896795,nflverse_archive,2025,16,2025_16_PIT_DET,DET,PIT,nflverse,,nflverse_archive,false,archive_final_fallback,,win,3.3,gaussian_unconditional,false,false,false,archive_final_fallback
spread,away,7.5,-105,1.9523809523809523,0.5193905895996351,0.5121951219512195,0.4891657638136511,0.03022482578598401,0.01404829398023999,nflverse_archive,2025,16,2025_16_PIT_DET,DET,PIT,nflverse,,nflverse_archive,false,archive_final_fallback,,win,0.9523809523809523,gaussian_unconditional,false,false,false,archive_final_fallback
total,under,52.5,-115,1.8695652173913042,0.513125158583775,0.5348837209302326,0.5108342361863489,0.0022909223974261206,-0.040679051343377126,nflverse_archive,2025,16,2025_16_PIT_DET,DET,PIT,nflverse,,nflverse_archive,false,archive_final_fallback,,loss,-1.0,gaussian_unconditional,false,false,false,archive_final_fallback
moneyline,home,,185,2.85,0.6209711203735868,0.3508771929824561,0.33635187580853815,0.28461924456504867,0.7697676930647224,nflverse_archive,2025,16,2025_16_SF_IND,IND,SF,nflverse,,nflverse_archive,false,archive_final_fallback,,loss,-1.0,gaussian_unconditional,false,false,false,archive_final_fallback
spread,home,4.5,-115,1.8695652173913042,0.743889515525141,0.5348837209302326,0.5108342361863489,0.2330552793387921,0.3907499638078722,nflverse_archive,2025,16,2025_16_SF_IND,IND,SF,nflverse,,nflverse_archive,false,archive_final_fallback,,loss,-1.0,gaussian_unconditional,false,false,false,archive_final_fallback
total,over,46.5,-102,1.9803921568627452,0.5781538786039481,0.504950495049505,0.4826358742837298,0.09551800432021829,0.14497140664703445,nflverse_archive,2025,16,2025_16_SF_IND,IND,SF,nflverse,,nflverse_archive,false,archive_final_fallback,,win,0.9803921568627452,gaussian_unconditional,false,false,false,archive_final_fallback
moneyline,home,,130,2.3,0.48580716028485704,0.4347826086956522,0.41700735895339325,0.0687998013314638,0.11735646865517113,nflverse_archive,2025,16,2025_16_TB_CAR,CAR,TB,nflverse,,nflverse_archive,false,archive_final_fallback,,win,1.2999999999999998,gaussian_unconditional,false,false,false,archive_final_fallback
spread,home,3.0,-120,1.8333333333333335,0.577688533717724,0.5454545454545454,0.5217391304347826,0.0559494032829414,0.05909564514916066,nflverse_archive,2025,16,2025_16_TB_CAR,CAR,TB,nflverse,,nflverse_archive,false,archive_final_fallback,,win,0.8333333333333335,gaussian_unconditional,false,false,false,archive_final_fallback
total,over,44.5,-112,1.8928571428571428,0.54446892325164,0.5283018867924528,0.5043297540699689,0.04013916918167104,0.03060189044060424,nflverse_archive,2025,16,2025_16_TB_CAR,CAR,TB,nflverse,,nflverse_archive,false,archive_final_fallback,,loss,-1.0,gaussian_unconditional,false,false,false,archive_final_fallback
moneyline,away,,275,3.75,0.46194208289799277,0.26666666666666666,0.2559309849029475,0.20601109799504524,0.7322828108674728,nflverse_archive,2025,17,2025_17_ARI_CIN,CIN,ARI,nflverse,,nflverse_archive,false,archive_final_fallback,,loss,-1.0,gaussian_unconditional,false,false,false,archive_final_fallback
spread,away,7.0,-110,1.9090909090909092,0.6712877730017243,0.5238095238095238,0.5,0.17128777300172426,0.2815493848214736,nflverse_archive,2025,17,2025_17_ARI_CIN,CIN,ARI,nflverse,,nflverse_archive,false,archive_final_fallback,,loss,-1.0,gaussian_unconditional,false,false,false,archive_final_fallback
total,over,52.5,-115,1.8695652173913042,0.5270441888333142,0.5348837209302326,0.5108342361863489,0.01620995264696523,-0.014656516529021446,nflverse_archive,2025,17,2025_17_ARI_CIN,CIN,ARI,nflverse,,nflverse_archive,false,archive_final_fallback,,loss,-1.0,gaussian_unconditional,false,false,false,archive_final_fallback
moneyline,home,,-142,1.704225352112676,0.6280480839978213,0.5867768595041323,0.5634920634920635,0.06455602050575782,0.07033546709487859,nflverse_archive,2025,17,2025_17_BAL_GB,GB,BAL,nflverse,,nflverse_archive,false,archive_final_fallback,,loss,-1.0,gaussian_unconditional,false,false,false,archive_final_fallback
spread,home,-2.5,-112,1.8928571428571428,0.553371076887671,0.5283018867924528,0.5043297540699689,0.049041322817702016,0.04745239553737712,nflverse_archive,2025,17,2025_17_BAL_GB,GB,BAL,nflverse,,nflverse_archive,false,archive_final_fallback,,loss,-1.0,gaussian_unconditional,false,false,false,archive_final_fallback
total,over,38.5,-105,1.9523809523809523,0.7027895890012328,0.5121951219512195,0.4891657638136511,0.21362382518758166,0.37211300709764483,nflverse_archive,2025,17,2025_17_BAL_GB,GB,BAL,nflverse,,nflverse_archive,false,archive_final_fallback,,win,0.9523809523809523,gaussian_unconditional,false,false,false,archive_final_fallback
moneyline,away,,170,2.7,0.35989599778224124,0.37037037037037035,0.35527082119976705,0.004625176582474189,-0.028280805987948576,nflverse_archive,2025,17,2025_17_CHI_SF,SF,CHI,nflverse,,nflverse_archive,false,archive_final_fallback,,loss,-1.0,gaussian_unconditional,false,false,false,archive_final_fallback
spread,home,-3.5,-115,1.8695652173913042,0.5355503410037515,0.5348837209302326,0.5108342361863489,0.024716104817402607,0.001246289702665937,nflverse_archive,2025,17,2025_17_CHI_SF,SF,CHI,nflverse,,nflverse_archive,false,archive_final_fallback,,win,0.8695652173913042,gaussian_unconditional,false,false,false,archive_final_fallback
total,under,51.5,-112,1.8928571428571428,0.5701143985856859,0.5283018867924528,0.5043297540699689,0.06578464451571697,0.0791451116086197,nflverse_archive,2025,17,2025_17_CHI_SF,SF,CHI,nflverse,,nflverse_archive,false,archive_final_fallback,,loss,-1.0,gaussian_unconditional,false,false,false,archive_final_fallback
moneyline,home,,380,4.8,0.5246269546854223,0.20833333333333334,0.19999999999999998,0.32462695468542235,1.518209382490027,nflverse_archive,2025,17,2025_17_DAL_WAS,WAS,DAL,nflverse,,nflverse_archive,false,archive_final_fallback,,loss,-1.0,gaussian_unconditional,false,false,false,archive_final_fallback
spread,home,8.5,100,2.0,0.763092920029136,0.5,0.4782608695652174,0.2848320504639186,0.526185840058272,nflverse_archive,2025,17,2025_17_DAL_WAS,WAS,DAL,nflverse,,nflverse_archive,false,archive_final_fallback,,win,1.0,gaussian_unconditional,false,false,false,archive_final_fallback
total,over,50.5,-112,1.8928571428571428,0.6567535695027584,0.5283018867924528,0.5043297540699689,0.1524238154327895,0.24314068513022136,nflverse_archive,2025,17,2025_17_DAL_WAS,WAS,DAL,nflverse,,nflverse_archive,false,archive_final_fallback,,win,0.8928571428571428,gaussian_unconditional,false,false,false,archive_final_fallback
moneyline,home,,700,8.0,0.5606117779401343,0.125,0.12,0.4406117779401343,3.4848942235210743,nflverse_archive,2025,17,2025_17_DEN_KC,KC,DEN,nflverse,,nflverse_archive,false,archive_final_fallback,,loss,-1.0,gaussian_unconditional,false,false,false,archive_final_fallback
spread,home,13.5,-115,1.8695652173913042,0.8833787181083214,0.5348837209302326,0.5108342361863489,0.3725444819219724,0.6515341251590354,nflverse_archive,2025,17,2025_17_DEN_KC,KC,DEN,nflverse,,nflverse_archive,false,archive_final_fallback,,win,0.8695652173913042,gaussian_unconditional,false,false,false,archive_final_fallback
total,over,37.5,-120,1.8333333333333335,0.628974304304198,0.5454545454545454,0.5217391304347826,0.10723517386941539,0.15311955789102982,nflverse_archive,2025,17,2025_17_DEN_KC,KC,DEN,nflverse,,nflverse_archive,false,archive_final_fallback,,loss,-1.0,gaussian_unconditional,false,false,false,archive_final_fallback
moneyline,home,,285,3.85,0.4431792271382975,0.2597402597402597,0.2491874322860238,0.1939917948522737,0.7062400244824454,nflverse_archive,2025,17,2025_17_DET_MIN,MIN,DET,nflverse,,nflverse_archive,false,archive_final_fallback,,win,2.85,gaussian_unconditional,false,false,false,archive_final_fallback
spread,home,7.0,100,2.0,0.653984568457056,0.5,0.4782608695652174,0.1757236988918386,0.307969136914112,nflverse_archive,2025,17,2025_17_DET_MIN,MIN,DET,nflverse,,nflverse_archive,false,archive_final_fallback,,win,1.0,gaussian_unconditional,false,false,false,archive_final_fallback
total,over,45.5,-105,1.9523809523809523,0.593837044787095,0.5121951219512195,0.4891657638136511,0.10467128097344386,0.15939613506051864,nflverse_archive,2025,17,2025_17_DET_MIN,MIN,DET,nflverse,,nflverse_archive,false,archive_final_fallback,,loss,-1.0,gaussian_unconditional,false,false,false,archive_final_fallback
moneyline,away,,-102,1.9803921568627452,0.5248664830152618,0.504950495049505,0.4826358742837298,0.04223060873153206,0.03944146636355783,nflverse_archive,2025,17,2025_17_HOU_LAC,LAC,HOU,nflverse,,nflverse_archive,false,archive_final_fallback,,win,0.9803921568627452,gaussian_unconditional,false,false,false,archive_final_fallback
spread,away,1.5,-115,1.8695652173913042,0.5705892172996814,0.5348837209302326,0.5108342361863489,0.05975498111333244,0.0667537540820129,nflverse_archive,2025,17,2025_17_HOU_LAC,LAC,HOU,nflverse,,nflverse_archive,false,archive_final_fallback,,win,0.8695652173913042,gaussian_unconditional,false,false,false,archive_final_fallback
total,under,40.5,-105,1.9523809523809523,0.5050766621558258,0.5121951219512195,0.4891657638136511,0.015910898342174684,-0.013897945314816362,nflverse_archive,2025,17,2025_17_HOU_LAC,LAC,HOU,nflverse,,nflverse_archive,false,archive_final_fallback,,win,0.9523809523809523,gaussian_unconditional,false,false,false,archive_final_fallback
moneyline,home,,185,2.85,0.5372125408524095,0.3508771929824561,0.33635187580853815,0.2008606650438714,0.5310557414293673,nflverse_archive,2025,17,2025_17_JAX_IND,IND,JAX,nflverse,,nflverse_archive,false,archive_final_fallback,,loss,-1.0,gaussian_unconditional,false,false,false,archive_final_fallback
spread,home,3.5,-105,1.9523809523809523,0.6416679498421429,0.5121951219512195,0.4891657638136511,0.1525021860284918,0.2527802830251362,nflverse_archive,2025,17,2025_17_JAX_IND,IND,JAX,nflverse,,nflverse_archive,false,archive_final_fallback,,loss,-1.0,gaussian_unconditional,false,false,false,archive_final_fallback
total,over,48.5,-112,1.8928571428571428,0.5931356476083299,0.5283018867924528,0.5043297540699689,0.08880589353836099,0.12272104725862443,nflverse_archive,2025,17,2025_17_JAX_IND,IND,JAX,nflverse,,nflverse_archive,false,archive_final_fallback,,loss,-1.0,gaussian_unconditional,false,false,false,archive_final_fallback
moneyline,home,,300,4.0,0.2781597586726676,0.25,0.24,0.03815975867266763,0.11263903469067049,nflverse_archive,2025,17,2025_17_LA_ATL,ATL,LA,nflverse,,nflverse_archive,false,archive_final_fallback,,win,3.0,gaussian_unconditional,false,false,false,archive_final_fallback
spread,away,-7.5,-102,1.9803921568627452,0.5043092642186517,0.504950495049505,0.4826358742837298,0.02167338993492196,-0.001269888508160233,nflverse_archive,2025,17,2025_17_LA_ATL,ATL,LA,nflverse,,nflverse_archive,false,archive_final_fallback,,loss,-1.0,gaussian_unconditional,false,false,false,archive_final_fallback
total,under,48.5,-105,1.9523809523809523,0.5180659630225606,0.5121951219512195,0.4891657638136511,0.02890019920890946,0.011462118282142164,nflverse_archive,2025,17,2025_17_LA_ATL,ATL,LA,nflverse,,nflverse_archive,false,archive_final_fallback,,loss,-1.0,gaussian_unconditional,false,false,false,archive_final_fallback
moneyline,home,,625,7.25,0.29833985475683267,0.13793103448275862,0.1322834645669291,0.16605639018990356,1.1629639469870368,nflverse_archive,2025,17,2025_17_NE_NYJ,NYJ,NE,nflverse,,nflverse_archive,false,archive_final_fallback,,loss,-1.0,gaussian_unconditional,false,false,false,archive_final_fallback
spread,home,12.5,100,2.0,0.6676175218158286,0.5,0.4782608695652174,0.18935665225061116,0.3352350436316571,nflverse_archive,2025,17,2025_17_NE_NYJ,NYJ,NE,nflverse,,nflverse_archive,false,archive_final_fallback,,loss,-1.0,gaussian_unconditional,false,false,false,archive_final_fallback
total,over,42.5,-108,1.925925925925926,0.6317556716539143,0.5192307692307692,0.4956702459300312,0.13608542572388316,0.21671462688902032,nflverse_archive,2025,17,2025_17_NE_NYJ,NYJ,NE,nflverse,,nflverse_archive,false,archive_final_fallback,,win,0.925925925925926,gaussian_unconditional,false,false,false,archive_final_fallback
moneyline,home,,100,2.0,0.5115042157441472,0.5,0.4782608695652174,0.03324334617892977,0.023008431488294345,nflverse_archive,2025,17,2025_17_NO_TEN,TEN,NO,nflverse,,nflverse_archive,false,archive_final_fallback,,loss,-1.0,gaussian_unconditional,false,false,false,archive_final_fallback
spread,home,1.5,-110,1.9090909090909092,0.5573855071758588,0.5238095238095238,0.5,0.057385507175858774,0.06409960460845765,nflverse_archive,2025,17,2025_17_NO_TEN,TEN,NO,nflverse,,nflverse_archive,false,archive_final_fallback,,loss,-1.0,gaussian_unconditional,false,false,false,archive_final_fallback
total,over,39.5,-102,1.9803921568627452,0.5332764909238433,0.504950495049505,0.4826358742837298,0.050640616640113545,0.056096580064866286,nflverse_archive,2025,17,2025_17_NO_TEN,TEN,NO,nflverse,,nflverse_archive,false,archive_final_fallback,,win,0.9803921568627452,gaussian_unconditional,false,false,false,archive_final_fallback
moneyline,home,,136,2.3600000000000003,0.48078702310125,0.42372881355932196,0.4066302458405761,0.07415677726067388,0.1346573745189501,nflverse_archive,2025,17,2025_17_NYG_LV,LV,NYG,nflverse,,nflverse_archive,false,archive_final_fallback,,loss,-1.0,gaussian_unconditional,false,false,false,archive_final_fallback
spread,home,3.0,-118,1.847457627118644,0.5725333600429168,0.5412844036697247,0.5173641257162701,0.055169234326646666,0.057731122791151224,nflverse_archive,2025,17,2025_17_NYG_LV,LV,NYG,nflverse,,nflverse_archive,false,archive_final_fallback,,loss,-1.0,gaussian_unconditional,false,false,false,archive_final_fallback
total,over,40.5,-108,1.925925925925926,0.6043188937105963,0.5192307692307692,0.4956702459300312,0.10864864778056516,0.1638734249241116,nflverse_archive,2025,17,2025_17_NYG_LV,LV,NYG,nflverse,,nflverse_archive,false,archive_final_fallback,,win,0.925925925925926,gaussian_unconditional,false,false,false,archive_final_fallback
moneyline,away,,142,2.42,0.4130164879755549,0.4132231404958678,0.3962430290578222,0.016773458917732686,-0.0005000990991571586,nflverse_archive,2025,17,2025_17_PHI_BUF,BUF,PHI,nflverse,,nflverse_archive,false,archive_final_fallback,,win,1.42,gaussian_unconditional,false,false,false,archive_final_fallback
spread,away,3.0,-108,1.925925925925926,0.5044735708982737,0.5192307692307692,0.4956702459300312,0.008803324968242543,-0.028421270862583947,nflverse_archive,2025,17,2025_17_PHI_BUF,BUF,PHI,nflverse,,nflverse_archive,false,archive_final_fallback,,win,0.925925925925926,gaussian_unconditional,false,false,false,archive_final_fallback
total,over,45.5,-105,1.9523809523809523,0.5712674106305597,0.5121951219512195,0.4891657638136511,0.08210164681690862,0.1153316112310927,nflverse_archive,2025,17,2025_17_PHI_BUF,BUF,PHI,nflverse,,nflverse_archive,false,archive_final_fallback,,loss,-1.0,gaussian_unconditional,false,false,false,archive_final_fallback
moneyline,home,,170,2.7,0.37717260577461253,0.37037037037037035,0.35527082119976705,0.021901784574845484,0.01836603559145389,nflverse_archive,2025,17,2025_17_PIT_CLE,CLE,PIT,nflverse,,nflverse_archive,false,archive_final_fallback,,win,1.7000000000000002,gaussian_unconditional,false,false,false,archive_final_fallback
spread,home,4.5,-112,1.8928571428571428,0.5133995539353509,0.5283018867924528,0.5043297540699689,0.009069799865381922,-0.028207987193800244,nflverse_archive,2025,17,2025_17_PIT_CLE,CLE,PIT,nflverse,,nflverse_archive,false,archive_final_fallback,,win,0.8928571428571428,gaussian_unconditional,false,false,false,archive_final_fallback
total,over,35.5,-108,1.925925925925926,0.6873632236603741,0.5192307692307692,0.4956702459300312,0.19169297773034288,0.32381065297553535,nflverse_archive,2025,17,2025_17_PIT_CLE,CLE,PIT,nflverse,,nflverse_archive,false,archive_final_fallback,,loss,-1.0,gaussian_unconditional,false,false,false,archive_final_fallback
moneyline,away,,-305,1.3278688524590163,0.7272139484226948,0.7530864197530864,0.7220792588780237,0.005134689544671112,-0.034355248815765904,nflverse_archive,2025,17,2025_17_SEA_CAR,CAR,SEA,nflverse,,nflverse_archive,false,archive_final_fallback,,win,0.3278688524590163,gaussian_unconditional,false,false,false,archive_final_fallback
spread,away,-6.5,-118,1.847457627118644,0.5413738177015954,0.5412844036697247,0.5173641257162701,0.02400969198532532,0.00016518863515080362,nflverse_archive,2025,17,2025_17_SEA_CAR,CAR,SEA,nflverse,,nflverse_archive,false,archive_final_fallback,,win,0.847457627118644,gaussian_unconditional,false,false,false,archive_final_fallback
total,over,42.5,-110,1.9090909090909092,0.5653789681504529,0.5238095238095238,0.5,0.06537896815045285,0.0793598482872282,nflverse_archive,2025,17,2025_17_SEA_CAR,CAR,SEA,nflverse,,nflverse_archive,false,archive_final_fallback,,loss,-1.0,gaussian_unconditional,false,false,false,archive_final_fallback
moneyline,home,,205,3.05,0.48334064634967355,0.3278688524590164,0.3146067415730337,0.16873390477663985,0.4741889713665042,nflverse_archive,2025,17,2025_17_TB_MIA,MIA,TB,nflverse,,nflverse_archive,false,archive_final_fallback,,win,2.05,gaussian_unconditional,false,false,false,archive_final_fallback
spread,home,5.5,-112,1.8928571428571428,0.6486729306644068,0.5283018867924528,0.5043297540699689,0.14434317659443785,0.22784519018619842,nflverse_archive,2025,17,2025_17_TB_MIA,MIA,TB,nflverse,,nflverse_archive,false,archive_final_fallback,,win,0.8928571428571428,gaussian_unconditional,false,false,false,archive_final_fallback
total,over,44.5,-102,1.9803921568627452,0.5923554141581469,0.504950495049505,0.4826358742837298,0.10971953987441707,0.1730960162739772,nflverse_archive,2025,17,2025_17_TB_MIA,MIA,TB,nflverse,,nflverse_archive,false,archive_final_fallback,,loss,-1.0,gaussian_unconditional,false,false,false,archive_final_fallback
moneyline,away,,800,9.0,0.17051318330831733,0.1111111111111111,0.10661764705882351,0.06389553624949382,0.534618649774856,nflverse_archive,2025,18,2025_18_ARI_LA,LA,ARI,nflverse,,nflverse_archive,false,archive_final_fallback,,loss,-1.0,gaussian_unconditional,false,false,false,archive_final_fallback
spread,away,14.5,-115,1.8695652173913042,0.5649926401735968,0.5348837209302326,0.5108342361863489,0.054158403987247916,0.05629058815063748,nflverse_archive,2025,18,2025_18_ARI_LA,LA,ARI,nflverse,,nflverse_archive,false,archive_final_fallback,,loss,-1.0,gaussian_unconditional,false,false,false,archive_final_fallback
total,over,49.5,-112,1.8928571428571428,0.5185940632655401,0.5283018867924528,0.5043297540699689,0.014264309195571201,-0.01837552310451329,nflverse_archive,2025,18,2025_18_ARI_LA,LA,ARI,nflverse,,nflverse_archive,false,archive_final_fallback,,win,0.8928571428571428,gaussian_unconditional,false,false,false,archive_final_fallback
moneyline,home,,185,2.85,0.5218457610664942,0.3508771929824561,0.33635187580853815,0.18549388525795601,0.48726041903950845,nflverse_archive,2025,18,2025_18_BAL_PIT,PIT,BAL,nflverse,,nflverse_archive,false,archive_final_fallback,,win,1.85,gaussian_unconditional,false,false,false,archive_final_fallback
spread,home,4.5,-115,1.8695652173913042,0.6558130744766346,0.5348837209302326,0.5108342361863489,0.14497883829028568,0.2260853131519689,nflverse_archive,2025,18,2025_18_BAL_PIT,PIT,BAL,nflverse,,nflverse_archive,false,archive_final_fallback,,win,0.8695652173913042,gaussian_unconditional,false,false,false,archive_final_fallback
total,over,41.5,-110,1.9090909090909092,0.6681919874067068,0.5238095238095238,0.5,0.16819198740670682,0.27563924868553125,nflverse_archive,2025,18,2025_18_BAL_PIT,PIT,BAL,nflverse,,nflverse_archive,false,archive_final_fallback,,win,0.9090909090909092,gaussian_unconditional,false,false,false,archive_final_fallback
moneyline,home,,-155,1.6451612903225805,0.6438408757304142,0.607843137254902,0.5829926410466066,0.06084823468380751,0.05922208587906841,nflverse_archive,2025,18,2025_18_CAR_TB,TB,CAR,nflverse,,nflverse_archive,false,archive_final_fallback,,win,0.6451612903225805,gaussian_unconditional,false,false,false,archive_final_fallback
spread,home,-3.0,-105,1.9523809523809523,0.554837733009609,0.5121951219512195,0.4891657638136511,0.06567196919595791,0.08325462159018904,nflverse_archive,2025,18,2025_18_CAR_TB,TB,CAR,nflverse,,nflverse_archive,false,archive_final_fallback,,loss,-1.0,gaussian_unconditional,false,false,false,archive_final_fallback
total,over,43.5,-102,1.9803921568627452,0.542267209193269,0.504950495049505,0.4826358742837298,0.0596313349095392,0.07390172801019945,nflverse_archive,2025,18,2025_18_CAR_TB,TB,CAR,nflverse,,nflverse_archive,false,archive_final_fallback,,loss,-1.0,gaussian_unconditional,false,false,false,archive_final_fallback
moneyline,away,,350,4.5,0.3703256040564642,0.2222222222222222,0.2132564841498559,0.1570691199066083,0.6664652182540889,nflverse_archive,2025,18,2025_18_CLE_CIN,CIN,CLE,nflverse,,nflverse_archive,false,archive_final_fallback,,win,3.5,gaussian_unconditional,false,false,false,archive_final_fallback
spread,away,9.5,-112,1.8928571428571428,0.6554351999076997,0.5283018867924528,0.5043297540699689,0.15110544583773078,0.24064519982528876,nflverse_archive,2025,18,2025_18_CLE_CIN,CIN,CLE,nflverse,,nflverse_archive,false,archive_final_fallback,,win,0.8928571428571428,gaussian_unconditional,false,false,false,archive_final_fallback
total,under,47.5,-118,1.847457627118644,0.531013905047984,0.5412844036697247,0.5173641257162701,0.013649779331713852,-0.018974311013046585,nflverse_archive,2025,18,2025_18_CLE_CIN,CIN,CLE,nflverse,,nflverse_archive,false,archive_final_fallback,,win,0.847457627118644,gaussian_unconditional,false,false,false,archive_final_fallback
moneyline,home,,140,2.4,0.5204645825739564,0.4166666666666667,0.4003612281757977,0.12010335439815872,0.24911499817749538,nflverse_archive,2025,18,2025_18_DAL_NYG,NYG,DAL,nflverse,,nflverse_archive,false,archive_final_fallback,,win,1.4,gaussian_unconditional,false,false,false,archive_final_fallback
spread,home,3.0,-105,1.9523809523809523,0.6110935939413404,0.5121951219512195,0.4891657638136511,0.12192783012768932,0.19308749293309324,nflverse_archive,2025,18,2025_18_DAL_NYG,NYG,DAL,nflverse,,nflverse_archive,false,archive_final_fallback,,win,0.9523809523809523,gaussian_unconditional,false,false,false,archive_final_fallback
total,over,50.5,-105,1.9523809523809523,0.6484608454585197,0.5121951219512195,0.4891657638136511,0.15929508164486855,0.26604260303806226,nflverse_archive,2025,18,2025_18_DAL_NYG,NYG,DAL,nflverse,,nflverse_archive,false,archive_final_fallback,,win,0.9523809523809523,gaussian_unconditional,false,false,false,archive_final_fallback
moneyline,away,,150,2.5,0.5294123403154938,0.4,0.38356164383561653,0.14585069647987725,0.32353085078873445,nflverse_archive,2025,18,2025_18_DET_CHI,CHI,DET,nflverse,,nflverse_archive,false,archive_final_fallback,,win,1.5,gaussian_unconditional,false,false,false,archive_final_fallback
spread,away,3.5,-110,1.9090909090909092,0.6342454163486373,0.5238095238095238,0.5,0.1342454163486373,0.21083215848376224,nflverse_archive,2025,18,2025_18_DET_CHI,CHI,DET,nflverse,,nflverse_archive,false,archive_final_fallback,,win,0.9090909090909092,gaussian_unconditional,false,false,false,archive_final_fallback
total,over,51.5,-105,1.9523809523809523,0.5858423350024285,0.5121951219512195,0.4891657638136511,0.09667657118877743,0.1437874159571224,nflverse_archive,2025,18,2025_18_DET_CHI,CHI,DET,nflverse,,nflverse_archive,false,archive_final_fallback,,loss,-1.0,gaussian_unconditional,false,false,false,archive_final_fallback
moneyline,away,,470,5.7,0.4805582586860466,0.17543859649122806,0.16835016835016833,0.31220809033587826,1.7391820745104658,nflverse_archive,2025,18,2025_18_GB_MIN,MIN,GB,nflverse,,nflverse_archive,false,archive_final_fallback,,loss,-1.0,gaussian_unconditional,false,false,false,archive_final_fallback
spread,away,12.5,-108,1.925925925925926,0.8194118497449145,0.5192307692307692,0.4956702459300312,0.32374160381488337,0.5781265254346504,nflverse_archive,2025,18,2025_18_GB_MIN,MIN,GB,nflverse,,nflverse_archive,false,archive_final_fallback,,loss,-1.0,gaussian_unconditional,false,false,false,archive_final_fallback
total,over,37.5,-102,1.9803921568627452,0.6186166989998596,0.504950495049505,0.4826358742837298,0.13598082471612982,0.22510365880364347,nflverse_archive,2025,18,2025_18_GB_MIN,MIN,GB,nflverse,,nflverse_archive,false,archive_final_fallback,,loss,-1.0,gaussian_unconditional,false,false,false,archive_final_fallback
moneyline,away,,400,5.0,0.3779655787875532,0.2,0.19184290030211482,0.1861226784854384,0.889827893937766,nflverse_archive,2025,18,2025_18_IND_HOU,HOU,IND,nflverse,,nflverse_archive,false,archive_final_fallback,,loss,-1.0,gaussian_unconditional,false,false,false,archive_final_fallback
spread,away,9.5,-110,1.9090909090909092,0.6628300849610467,0.5238095238095238,0.5,0.16283008496104667,0.26540288947108914,nflverse_archive,2025,18,2025_18_IND_HOU,HOU,IND,nflverse,,nflverse_archive,false,archive_final_fallback,,win,0.9090909090909092,gaussian_unconditional,false,false,false,archive_final_fallback
total,over,37.5,-112,1.8928571428571428,0.7124952816438717,0.5283018867924528,0.5043297540699689,0.20816552757390272,0.34865178311161427,nflverse_archive,2025,18,2025_18_IND_HOU,HOU,IND,nflverse,,nflverse_archive,false,archive_final_fallback,,win,0.8928571428571428,gaussian_unconditional,false,false,false,archive_final_fallback
moneyline,away,,-225,1.4444444444444444,0.7185769202510058,0.6923076923076923,0.6636481241914618,0.05492879605954404,0.03794444036256395,nflverse_archive,2025,18,2025_18_KC_LV,LV,KC,nflverse,,nflverse_archive,false,archive_final_fallback,,loss,-1.0,gaussian_unconditional,false,false,false,archive_final_fallback
spread,away,-3.5,-112,1.8928571428571428,0.6214507508507972,0.5283018867924528,0.5043297540699689,0.11712099678082821,0.17631749268186603,nflverse_archive,2025,18,2025_18_KC_LV,LV,KC,nflverse,,nflverse_archive,false,archive_final_fallback,,loss,-1.0,gaussian_unconditional,false,false,false,archive_final_fallback
total,over,36.5,-102,1.9803921568627452,0.5954259769009951,0.504950495049505,0.4826358742837298,0.1127901026172653,0.17917693464706863,nflverse_archive,2025,18,2025_18_KC_LV,LV,KC,nflverse,,nflverse_archive,false,archive_final_fallback,,loss,-1.0,gaussian_unconditional,false,false,false,archive_final_fallback
moneyline,away,,900,10.0,0.4083062499806904,0.1,0.096045197740113,0.31226105224057743,3.0830624998069043,nflverse_archive,2025,18,2025_18_LAC_DEN,DEN,LAC,nflverse,,nflverse_archive,false,archive_final_fallback,,loss,-1.0,gaussian_unconditional,false,false,false,archive_final_fallback
spread,away,14.5,-108,1.925925925925926,0.8116181359753838,0.5192307692307692,0.4956702459300312,0.3159478900453526,0.5631164100266652,nflverse_archive,2025,18,2025_18_LAC_DEN,DEN,LAC,nflverse,,nflverse_archive,false,archive_final_fallback,,loss,-1.0,gaussian_unconditional,false,false,false,archive_final_fallback
total,over,37.5,-115,1.8695652173913042,0.6581629523484538,0.5348837209302326,0.5108342361863489,0.14732871616210486,0.2304785630862396,nflverse_archive,2025,18,2025_18_LAC_DEN,DEN,LAC,nflverse,,nflverse_archive,false,archive_final_fallback,,loss,-1.0,gaussian_unconditional,false,false,false,archive_final_fallback
moneyline,away,,650,7.5,0.26506787760023776,0.13333333333333333,0.12790697674418605,0.1371609008560517,0.9880090820017831,nflverse_archive,2025,18,2025_18_MIA_NE,NE,MIA,nflverse,,nflverse_archive,false,archive_final_fallback,,loss,-1.0,gaussian_unconditional,false,false,false,archive_final_fallback
spread,away,14.0,-112,1.8928571428571428,0.6734663358800328,0.5283018867924528,0.5043297540699689,0.16913658181006386,0.2747755643443477,nflverse_archive,2025,18,2025_18_MIA_NE,NE,MIA,nflverse,,nflverse_archive,false,archive_final_fallback,,loss,-1.0,gaussian_unconditional,false,false,false,archive_final_fallback
total,over,44.5,-108,1.925925925925926,0.5411642243684245,0.5192307692307692,0.4956702459300312,0.04549397843839331,0.04224220989474348,nflverse_archive,2025,18,2025_18_MIA_NE,NE,MIA,nflverse,,nflverse_archive,false,archive_final_fallback,,win,0.925925925925926,gaussian_unconditional,false,false,false,archive_final_fallback
moneyline,away,,170,2.7,0.39721854790530053,0.37037037037037035,0.35527082119976705,0.041947726705533483,0.07249007934431151,nflverse_archive,2025,18,2025_18_NO_ATL,ATL,NO,nflverse,,nflverse_archive,false,archive_final_fallback,,loss,-1.0,gaussian_unconditional,false,false,false,archive_final_fallback
spread,away,4.5,-115,1.8695652173913042,0.5341567179612721,0.5348837209302326,0.5108342361863489,0.02332248177492313,-0.0013591794637087817,nflverse_archive,2025,18,2025_18_NO_ATL,ATL,NO,nflverse,,nflverse_archive,false,archive_final_fallback,,win,0.8695652173913042,gaussian_unconditional,false,false,false,archive_final_fallback
total,under,43.5,-112,1.8928571428571428,0.548243073783002,0.5283018867924528,0.5043297540699689,0.04391331971303303,0.03774581823211087,nflverse_archive,2025,18,2025_18_NO_ATL,ATL,NO,nflverse,,nflverse_archive,false,archive_final_fallback,,win,0.8928571428571428,gaussian_unconditional,false,false,false,archive_final_fallback
moneyline,away,,550,6.5,0.1598470986124798,0.15384615384615385,0.1475409836065574,0.012306115005922408,0.039006140981118875,nflverse_archive,2025,18,2025_18_NYJ_BUF,BUF,NYJ,nflverse,,nflverse_archive,false,archive_final_fallback,,loss,-1.0,gaussian_unconditional,false,false,false,archive_final_fallback
spread,home,-12.5,-108,1.925925925925926,0.5132456475169824,0.5192307692307692,0.4956702459300312,0.017575401586951256,-0.01152690107840415,nflverse_archive,2025,18,2025_18_NYJ_BUF,BUF,NYJ,nflverse,,nflverse_archive,false,archive_final_fallback,,win,0.925925925925926,gaussian_unconditional,false,false,false,archive_final_fallback
total,over,39.5,-105,1.9523809523809523,0.7945421449911132,0.5121951219512195,0.4891657638136511,0.3053763811774621,0.5512489497445543,nflverse_archive,2025,18,2025_18_NYJ_BUF,BUF,NYJ,nflverse,,nflverse_archive,false,archive_final_fallback,,win,0.9523809523809523,gaussian_unconditional,false,false,false,archive_final_fallback
moneyline,home,,124,2.24,0.4319884376453329,0.4464285714285714,0.4279403644395361,0.004048073205796809,-0.032345899674454226,nflverse_archive,2025,18,2025_18_SEA_SF,SF,SEA,nflverse,,nflverse_archive,false,archive_final_fallback,,loss,-1.0,gaussian_unconditional,false,false,false,archive_final_fallback
spread,home,2.5,100,2.0,0.5084017811540429,0.5,0.4782608695652174,0.03014091158882548,0.016803562308085773,nflverse_archive,2025,18,2025_18_SEA_SF,SF,SEA,nflverse,,nflverse_archive,false,archive_final_fallback,,loss,-1.0,gaussian_unconditional,false,false,false,archive_final_fallback
total,over,47.5,-115,1.8695652173913042,0.5523525577800996,0.5348837209302326,0.5108342361863489,0.041518321593750684,0.03265912976279495,nflverse_archive,2025,18,2025_18_SEA_SF,SF,SEA,nflverse,,nflverse_archive,false,archive_final_fallback,,loss,-1.0,gaussian_unconditional,false,false,false,archive_final_fallback
moneyline,away,,525,6.25,0.18457873597811758,0.16,0.15349887133182846,0.031079864646289118,0.1536170998632349,nflverse_archive,2025,18,2025_18_TEN_JAX,JAX,TEN,nflverse,,nflverse_archive,false,archive_final_fallback,,loss,-1.0,gaussian_unconditional,false,false,false,archive_final_fallback
spread,away,12.5,-110,1.9090909090909092,0.5254455379964722,0.5238095238095238,0.5,0.0254455379964722,0.003123299811446989,nflverse_archive,2025,18,2025_18_TEN_JAX,JAX,TEN,nflverse,,nflverse_archive,false,archive_final_fallback,,loss,-1.0,gaussian_unconditional,false,false,false,archive_final_fallback
total,over,46.5,-108,1.925925925925926,0.5141983273454525,0.5192307692307692,0.4956702459300312,0.018528081415421283,-0.00969211029764705,nflverse_archive,2025,18,2025_18_TEN_JAX,JAX,TEN,nflverse,,nflverse_archive,false,archive_final_fallback,,win,0.925925925925926,gaussian_unconditional,false,false,false,archive_final_fallback
moneyline,home,,-180,1.5555555555555556,0.7490495549788554,0.6428571428571428,0.6164383561643836,0.1326111988144718,0.16518819663377515,nflverse_archive,2025,18,2025_18_WAS_PHI,PHI,WAS,nflverse,,nflverse_archive,false,archive_final_fallback,,loss,-1.0,gaussian_unconditional,false,false,false,archive_final_fallback
spread,home,-3.0,-115,1.8695652173913042,0.6702671627510323,0.5348837209302326,0.5108342361863489,0.15943292656468333,0.2531081738388863,nflverse_archive,2025,18,2025_18_WAS_PHI,PHI,WAS,nflverse,,nflverse_archive,false,archive_final_fallback,,loss,-1.0,gaussian_unconditional,false,false,false,archive_final_fallback
total,over,38.5,-112,1.8928571428571428,0.6527626047960984,0.5283018867924528,0.5043297540699689,0.14843285072612944,0.23558635907832892,nflverse_archive,2025,18,2025_18_WAS_PHI,PHI,WAS,nflverse,,nflverse_archive,false,archive_final_fallback,,win,0.8928571428571428,gaussian_unconditional,false,false,false,archive_final_fallback
