market_type,side,line,american_odds,decimal_odds,model_probability,market_implied_probability,no_vig_probability,probability_edge,expected_value_per_unit,book,game_id,provider,captured_at,snapshot_id,source_event_id,decision_time,projected_home_margin,projected_total,market_book_count,actual_home_margin,actual_total,result,net_units,season,week,home_team,away_team,clv_proxy,entry_line_observed,entry_price_verified,entry_quote_verified,entry_timestamp_verified,entry_price_stage,price_stage,historical_provenance,closing_quote_verified,closing_price_stage,closing_snapshot_at,closing_line,closing_odds
moneyline,away,,225,3.25,0.3310522805263131,0.3076923076923077,0.29556650246305427,0.03548577806325881,0.0759199117105176,ESPN BET,2024_01_ARI_BUF,espn_archive,,401671617:58:open:moneyline,401671617,,5.267674633090056,44.2056755210147,1,6.0,62.0,loss,-1.0,2024,1,BUF,ARI,-0.028390929943970244,true,true,true,false,espn_archived_open,espn_archived_open,provider_labeled_open_close,true,espn_archived_close,,,260
spread,away,7.0,-110,1.9090909090909092,0.5300076085783045,0.5238095238095238,0.5,0.030007608578304534,0.011832707285854172,ESPN BET,2024_01_ARI_BUF,espn_archive,,401671617:58:open:spread,401671617,,5.267674633090056,44.2056755210147,1,6.0,62.0,win,0.9090909090909092,2024,1,BUF,ARI,0.5,true,true,true,false,espn_archived_open,espn_archived_open,provider_labeled_open_close,true,espn_archived_close,,6.5,100
total,under,48.0,-115,1.8695652173913042,0.6154700447261828,0.5348837209302326,0.5108342361863489,0.1046358085398339,0.15066138796634165,ESPN BET,2024_01_ARI_BUF,espn_archive,,401671617:58:open:total,401671617,,5.267674633090056,44.2056755210147,1,6.0,62.0,loss,-1.0,2024,1,BUF,ARI,2.5,true,true,true,false,espn_archived_open,espn_archived_open,provider_labeled_open_close,true,espn_archived_close,,45.5,-110
moneyline,away,,130,2.3,0.4403434614276728,0.4347826086956522,0.4201680672268907,0.02017539420078207,0.012789961283647289,ESPN BET,2024_01_BAL_KC,espn_archive,,401671789:58:open:moneyline,401671789,,1.347349308174966,42.963088561201744,1,7.0,47.0,loss,-1.0,2024,1,KC,BAL,0.017788137152671357,true,true,true,false,espn_archived_open,espn_archived_open,provider_labeled_open_close,true,espn_archived_close,,,120
spread,away,3.0,-110,1.9090909090909092,0.5276874521359582,0.5238095238095238,0.5,0.027687452135958246,0.007403317714102187,ESPN BET,2024_01_BAL_KC,espn_archive,,401671789:58:open:spread,401671789,,1.347349308174966,42.963088561201744,1,7.0,47.0,loss,-1.0,2024,1,KC,BAL,0.5,true,true,true,false,espn_archived_open,espn_archived_open,provider_labeled_open_close,true,espn_archived_close,,2.5,100
total,under,46.5,-105,1.9523809523809523,0.608170342307988,0.5121951219512195,0.4891657638136511,0.11900457849433693,0.18738019212511947,ESPN BET,2024_01_BAL_KC,espn_archive,,401671789:58:open:total,401671789,,1.347349308174966,42.963088561201744,1,7.0,47.0,loss,-1.0,2024,1,KC,BAL,1.0,true,true,true,false,espn_archived_open,espn_archived_open,provider_labeled_open_close,true,espn_archived_close,,45.5,-105
moneyline,home,,-210,1.4761904761904763,0.667155770150374,0.6774193548387096,0.6507042253521127,0.016451544798261275,-0.015151005968495501,ESPN BET,2024_01_CAR_NO,espn_archive,,401671734:58:open:moneyline,401671734,,5.20022274033774,42.553784671627554,1,37.0,57.0,win,0.4761904761904763,2024,1,NO,CAR,-0.027314730803054355,true,true,true,false,espn_archived_open,espn_archived_open,provider_labeled_open_close,true,espn_archived_close,,,-185
spread,home,-4.5,-110,1.9090909090909092,0.5409146257997115,0.5238095238095238,0.5,0.0409146257997115,0.03265519470854028,ESPN BET,2024_01_CAR_NO,espn_archive,,401671734:58:open:spread,401671734,,5.20022274033774,42.553784671627554,1,37.0,57.0,win,0.9090909090909092,2024,1,NO,CAR,-1.0,true,true,true,false,espn_archived_open,espn_archived_open,provider_labeled_open_close,true,espn_archived_close,,-3.5,-110
total,over,40.5,-110,1.9090909090909092,0.5553610248953226,0.5238095238095238,0.5,0.055361024895322575,0.06023468389107034,ESPN BET,2024_01_CAR_NO,espn_archive,,401671734:58:open:total,401671734,,5.20022274033774,42.553784671627554,1,37.0,57.0,win,0.9090909090909092,2024,1,NO,CAR,1.0,true,true,true,false,espn_archived_open,espn_archived_open,provider_labeled_open_close,true,espn_archived_close,,41.5,-105
moneyline,home,,-130,1.7692307692307692,0.5514716500471799,0.5652173913043479,0.5427435387673957,0.008728111279784234,-0.024319388378066353,ESPN BET,2024_01_DAL_CLE,espn_archive,,401671761:58:open:moneyline,401671761,,1.0642585699422398,44.55339748679525,1,-16.0,50.0,loss,-1.0,2024,1,CLE,DAL,0.0,true,true,true,false,espn_archived_open,espn_archived_open,provider_labeled_open_close,true,espn_archived_close,,,-130
spread,home,-1.0,-110,1.9090909090909092,0.5224067145768045,0.5238095238095238,0.5,0.022406714576804543,-0.002678090353373075,ESPN BET,2024_01_DAL_CLE,espn_archive,,401671761:58:open:spread,401671761,,1.0642585699422398,44.55339748679525,1,-16.0,50.0,loss,-1.0,2024,1,CLE,DAL,1.0,true,true,true,false,espn_archived_open,espn_archived_open,provider_labeled_open_close,true,espn_archived_close,,-2.0,-110
total,over,43.5,-115,1.8695652173913042,0.5259840807628846,0.5348837209302326,0.5108342361863489,0.015149844576535676,-0.01663845770417227,ESPN BET,2024_01_DAL_CLE,espn_archive,,401671761:58:open:total,401671761,,1.0642585699422398,44.55339748679525,1,-16.0,50.0,win,0.8695652173913042,2024,1,CLE,DAL,-1.0,true,true,true,false,espn_archived_open,espn_archived_open,provider_labeled_open_close,true,espn_archived_close,,42.5,-105
moneyline,away,,195,2.95,0.3951229659153124,0.3389830508474576,0.32721864154685176,0.06790432436846061,0.16561274945017157,ESPN BET,2024_01_DEN_SEA,espn_archive,,401671664:58:open:moneyline,401671664,,2.930898373953582,44.09065485700977,1,6.0,46.0,loss,-1.0,2024,1,SEA,DEN,-0.043788408988712224,true,true,true,false,espn_archived_open,espn_archived_open,provider_labeled_open_close,true,espn_archived_close,,,240
spread,away,5.0,-110,1.9090909090909092,0.5398024797190645,0.5238095238095238,0.5,0.039802479719064476,0.03053200673639589,ESPN BET,2024_01_DEN_SEA,espn_archive,,401671664:58:open:spread,401671664,,2.930898373953582,44.09065485700977,1,6.0,46.0,loss,-1.0,2024,1,SEA,DEN,-1.5,true,true,true,false,espn_archived_open,espn_archived_open,provider_labeled_open_close,true,espn_archived_close,,6.5,-110
total,over,41.5,-115,1.8695652173913042,0.5710123283067188,0.5348837209302326,0.5108342361863489,0.06017809212036984,0.06754478770386552,ESPN BET,2024_01_DEN_SEA,espn_archive,,401671664:58:open:total,401671664,,2.930898373953582,44.09065485700977,1,6.0,46.0,win,0.8695652173913042,2024,1,SEA,DEN,1.0,true,true,true,false,espn_archived_open,espn_archived_open,provider_labeled_open_close,true,espn_archived_close,,42.5,-110
moneyline,home,,-130,1.7692307692307692,0.5898389828361326,0.5652173913043479,0.5427435387673957,0.04709544406873689,0.04356127732546522,ESPN BET,2024_01_GB_PHI,espn_archive,,401671805:58:open:moneyline,401671805,,2.3999122948379323,44.73056377375863,1,5.0,63.0,win,0.7692307692307692,2024,1,PHI,GB,-0.021004408332613078,true,true,true,false,espn_archived_open,espn_archived_open,provider_labeled_open_close,true,espn_archived_close,,,-120
spread,home,-2.0,-110,1.9090909090909092,0.5321835284482379,0.5238095238095238,0.5,0.03218352844823791,0.01598673612845425,ESPN BET,2024_01_GB_PHI,espn_archive,,401671805:58:open:spread,401671805,,2.3999122948379323,44.73056377375863,1,5.0,63.0,win,0.9090909090909092,2024,1,PHI,GB,-0.5,true,true,true,false,espn_archived_open,espn_archived_open,provider_labeled_open_close,true,espn_archived_close,,-1.5,-105
total,under,48.5,-110,1.9090909090909092,0.6147660047284405,0.5238095238095238,0.5,0.11476600472844045,0.17364419084520444,ESPN BET,2024_01_GB_PHI,espn_archive,,401671805:58:open:total,401671805,,2.3999122948379323,44.73056377375863,1,5.0,63.0,loss,-1.0,2024,1,PHI,GB,-1.0,true,true,true,false,espn_archived_open,espn_archived_open,provider_labeled_open_close,true,espn_archived_close,,49.5,-110
moneyline,home,,105,2.05,0.5857998635461807,0.48780487804878053,0.4675324675324676,0.11826739601371317,0.20088972026967045,ESPN BET,2024_01_HOU_IND,espn_archive,,401671861:58:open:moneyline,401671861,,2.258120901177392,44.254096543242866,1,-2.0,56.0,loss,-1.0,2024,1,IND,HOU,-0.08156755525176579,true,true,true,false,espn_archived_open,espn_archived_open,provider_labeled_open_close,true,espn_archived_close,,,150
spread,home,2.0,-110,1.9090909090909092,0.6417441276569975,0.5238095238095238,0.5,0.1417441276569975,0.2251478800724498,ESPN BET,2024_01_HOU_IND,espn_archive,,401671861:58:open:spread,401671861,,2.258120901177392,44.254096543242866,1,-2.0,56.0,push,0.0,2024,1,IND,HOU,-1.5,true,true,true,false,espn_archived_open,espn_archived_open,provider_labeled_open_close,true,espn_archived_close,,3.5,-130
total,under,48.5,-115,1.8695652173913042,0.6281760702494689,0.5348837209302326,0.5108342361863489,0.11734183406311993,0.17441613133596334,ESPN BET,2024_01_HOU_IND,espn_archive,,401671861:58:open:total,401671861,,2.258120901177392,44.254096543242866,1,-2.0,56.0,loss,-1.0,2024,1,IND,HOU,0.0,true,true,true,false,espn_archived_open,espn_archived_open,provider_labeled_open_close,true,espn_archived_close,,48.5,-105
moneyline,home,,-175,1.5714285714285714,0.6241803881450992,0.6363636363636364,0.6140350877192983,0.010145300425800974,-0.019145104343415542,ESPN BET,2024_01_JAX_MIA,espn_archive,,401671849:58:open:moneyline,401671849,,3.6207536020715914,45.21355051375622,1,3.0,37.0,win,0.5714285714285714,2024,1,MIA,JAX,0.016066953097028214,true,true,true,false,espn_archived_open,espn_archived_open,provider_labeled_open_close,true,espn_archived_close,,,-190
spread,home,-3.5,-105,1.9523809523809523,0.5240533893397729,0.5121951219512195,0.4891657638136511,0.034887625526121735,0.023151855377651742,ESPN BET,2024_01_JAX_MIA,espn_archive,,401671849:58:open:spread,401671849,,3.6207536020715914,45.21355051375622,1,3.0,37.0,loss,-1.0,2024,1,MIA,JAX,0.0,true,true,true,false,espn_archived_open,espn_archived_open,provider_labeled_open_close,true,espn_archived_close,,-3.5,100
total,under,48.5,-105,1.9523809523809523,0.6010309929589414,0.5121951219512195,0.4891657638136511,0.11186522914529023,0.17344146244364733,ESPN BET,2024_01_JAX_MIA,espn_archive,,401671849:58:open:total,401671849,,3.6207536020715914,45.21355051375622,1,3.0,37.0,win,0.9523809523809523,2024,1,MIA,JAX,-1.0,true,true,true,false,espn_archived_open,espn_archived_open,provider_labeled_open_close,true,espn_archived_close,,49.5,-110
moneyline,away,,155,2.55,0.3911594530791156,0.3921568627450981,0.3766105054509415,0.014548947628174103,-0.0025433946482552594,ESPN BET,2024_01_LA_DET,espn_archive,,401671792:58:open:moneyline,401671792,,3.07173370849414,45.13412328840083,1,6.0,46.0,loss,-1.0,2024,1,DET,LA,-0.06549939433983043,true,true,true,false,espn_archived_open,espn_archived_open,provider_labeled_open_close,true,espn_archived_close,,,210
spread,home,-3.5,-105,1.9523809523809523,0.5080378234302521,0.5121951219512195,0.4891657638136511,0.018872059616600934,-0.008116630445698436,ESPN BET,2024_01_LA_DET,espn_archive,,401671792:58:open:spread,401671792,,3.07173370849414,45.13412328840083,1,6.0,46.0,win,0.9523809523809523,2024,1,DET,LA,2.0,true,true,true,false,espn_archived_open,espn_archived_open,provider_labeled_open_close,true,espn_archived_close,,-5.5,-115
total,under,51.5,-120,1.8333333333333335,0.6857812334707152,0.5454545454545454,0.5217391304347826,0.16404210303593258,0.25726559469631116,ESPN BET,2024_01_LA_DET,espn_archive,,401671792:58:open:total,401671792,,3.07173370849414,45.13412328840083,1,6.0,46.0,win,0.8333333333333335,2024,1,DET,LA,-2.0,true,true,true,false,espn_archived_open,espn_archived_open,provider_labeled_open_close,true,espn_archived_close,,53.5,-115
moneyline,away,,140,2.4,0.416067657872496,0.4166666666666667,0.4009077155824508,0.015159942290045192,-0.0014376211060096455,ESPN BET,2024_01_LV_LAC,espn_archive,,401671659:58:open:moneyline,401671659,,2.1926710216606757,42.82433139588788,1,12.0,32.0,loss,-1.0,2024,1,LAC,LV,0.010880738192276695,true,true,true,false,espn_archived_open,espn_archived_open,provider_labeled_open_close,true,espn_archived_close,,,135
spread,away,3.0,-105,1.9523809523809523,0.5030290140328432,0.5121951219512195,0.4891657638136511,0.013863250219192047,-0.017895734507306194,ESPN BET,2024_01_LV_LAC,espn_archive,,401671659:58:open:spread,401671659,,2.1926710216606757,42.82433139588788,1,12.0,32.0,loss,-1.0,2024,1,LAC,LV,0.0,true,true,true,false,espn_archived_open,espn_archived_open,provider_labeled_open_close,true,espn_archived_close,,3.0,-115
total,over,42.5,-110,1.9090909090909092,0.5044759793431407,0.5238095238095238,0.5,0.004475979343140701,-0.03690949398127685,ESPN BET,2024_01_LV_LAC,espn_archive,,401671659:58:open:total,401671659,,2.1926710216606757,42.82433139588788,1,12.0,32.0,loss,-1.0,2024,1,LAC,LV,-2.0,true,true,true,false,espn_archived_open,espn_archived_open,provider_labeled_open_close,true,espn_archived_close,,40.5,-115
moneyline,home,,-110,1.9090909090909092,0.5614558327421305,0.5238095238095238,0.5,0.06145583274213051,0.07187022614406735,ESPN BET,2024_01_MIN_NYG,espn_archive,,401671712:58:open:moneyline,401671712,,1.4096954581032328,42.421983289266905,1,-22.0,34.0,loss,-1.0,2024,1,NYG,MIN,-0.010834236186348878,true,true,true,false,espn_archived_open,espn_archived_open,provider_labeled_open_close,true,espn_archived_close,,,-105
spread,home,1.0,-110,1.9090909090909092,0.590117323496201,0.5238095238095238,0.5,0.09011732349620105,0.12658761758365666,ESPN BET,2024_01_MIN_NYG,espn_archive,,401671712:58:open:spread,401671712,,1.4096954581032328,42.421983289266905,1,-22.0,34.0,loss,-1.0,2024,1,NYG,MIN,3.5,true,true,true,false,espn_archived_open,espn_archived_open,provider_labeled_open_close,true,espn_archived_close,,-2.5,115
total,over,41.5,-110,1.9090909090909092,0.522111011640064,0.5238095238095238,0.5,0.022111011640064016,-0.0032426141416959098,ESPN BET,2024_01_MIN_NYG,espn_archive,,401671712:58:open:total,401671712,,1.4096954581032328,42.421983289266905,1,-22.0,34.0,loss,-1.0,2024,1,NYG,MIN,-1.0,true,true,true,false,espn_archived_open,espn_archived_open,provider_labeled_open_close,true,espn_archived_close,,40.5,-110
moneyline,away,,360,4.6,0.3685914946128007,0.2173913043478261,0.20992366412213742,0.1586678304906633,0.6955208752188833,ESPN BET,2024_01_NE_CIN,espn_archive,,401671628:58:open:moneyline,401671628,,3.881836388303256,42.20279073115026,1,-6.0,26.0,win,3.5999999999999996,2024,1,CIN,NE,0.036857451757690896,true,true,true,false,espn_archived_open,espn_archived_open,provider_labeled_open_close,true,espn_archived_close,,,290
spread,away,9.0,-110,1.9090909090909092,0.6266838754391248,0.5238095238095238,0.5,0.12668387543912485,0.19639648947469301,ESPN BET,2024_01_NE_CIN,espn_archive,,401671628:58:open:spread,401671628,,3.881836388303256,42.20279073115026,1,-6.0,26.0,win,0.9090909090909092,2024,1,CIN,NE,1.5,true,true,true,false,espn_archived_open,espn_archived_open,provider_labeled_open_close,true,espn_archived_close,,7.5,-105
total,under,42.5,-110,1.9090909090909092,0.5138727403885808,0.5238095238095238,0.5,0.013872740388580773,-0.018970222894527544,ESPN BET,2024_01_NE_CIN,espn_archive,,401671628:58:open:total,401671628,,3.881836388303256,42.20279073115026,1,-6.0,26.0,win,0.9090909090909092,2024,1,CIN,NE,2.0,true,true,true,false,espn_archived_open,espn_archived_open,provider_labeled_open_close,true,espn_archived_close,,40.5,-110
moneyline,away,,200,3.0,0.322323159154992,0.3333333333333333,0.3207547169811321,0.0015684421738598742,-0.03303052253502403,ESPN BET,2024_01_NYJ_SF,espn_archive,,401671696:58:open:moneyline,401671696,,5.598381129505761,42.787406205330775,1,13.0,51.0,loss,-1.0,2024,1,SF,NYJ,0.04914324220254124,true,true,true,false,espn_archived_open,espn_archived_open,provider_labeled_open_close,true,espn_archived_close,,,160
spread,home,-5.5,-110,1.9090909090909092,0.5234013408686344,0.5238095238095238,0.5,0.023401340868634435,-0.0007792583416978971,ESPN BET,2024_01_NYJ_SF,espn_archive,,401671696:58:open:spread,401671696,,5.598381129505761,42.787406205330775,1,13.0,51.0,win,0.9090909090909092,2024,1,SF,NYJ,-2.0,true,true,true,false,espn_archived_open,espn_archived_open,provider_labeled_open_close,true,espn_archived_close,,-3.5,-110
total,under,44.5,-105,1.9523809523809523,0.5554860741457723,0.5121951219512195,0.4891657638136511,0.06632031033212121,0.08452043047507929,ESPN BET,2024_01_NYJ_SF,espn_archive,,401671696:58:open:total,401671696,,5.598381129505761,42.787406205330775,1,13.0,51.0,loss,-1.0,2024,1,SF,NYJ,1.0,true,true,true,false,espn_archived_open,espn_archived_open,provider_labeled_open_close,true,espn_archived_close,,43.5,-115
moneyline,home,,-135,1.7407407407407407,0.5871691291454677,0.574468085106383,0.552594002855783,0.03457512628968473,0.022109224808777084,ESPN BET,2024_01_PIT_ATL,espn_archive,,401671744:58:open:moneyline,401671744,,2.306151842890504,41.923508111735856,1,-8.0,28.0,loss,-1.0,2024,1,ATL,PIT,0.09026314000135993,true,true,true,false,espn_archived_open,espn_archived_open,provider_labeled_open_close,true,espn_archived_close,,,-200
spread,home,-2.5,-110,1.9090909090909092,0.5148791711182352,0.5238095238095238,0.5,0.014879171118235224,-0.017048855137914543,ESPN BET,2024_01_PIT_ATL,espn_archive,,401671744:58:open:spread,401671744,,2.306151842890504,41.923508111735856,1,-8.0,28.0,loss,-1.0,2024,1,ATL,PIT,2.0,true,true,true,false,espn_archived_open,espn_archived_open,provider_labeled_open_close,true,espn_archived_close,,-4.5,100
total,under,42.5,100,2.0,0.5221103052014009,0.5,0.4782608695652174,0.04384943563618349,0.044220610402801785,ESPN BET,2024_01_PIT_ATL,espn_archive,,401671744:58:open:total,401671744,,2.306151842890504,41.923508111735856,1,-8.0,28.0,win,1.0,2024,1,ATL,PIT,-1.0,true,true,true,false,espn_archived_open,espn_archived_open,provider_labeled_open_close,true,espn_archived_close,,43.5,-125
moneyline,away,,180,2.8,0.3893300039698461,0.35714285714285715,0.34351145038167935,0.04581855358816672,0.090124011115569,ESPN BET,2024_01_TEN_CHI,espn_archive,,401671719:58:open:moneyline,401671719,,3.1368740731731783,42.81484221429507,1,7.0,41.0,loss,-1.0,2024,1,CHI,TEN,0.0057843242662080074,true,true,true,false,espn_archived_open,espn_archived_open,provider_labeled_open_close,true,espn_archived_close,,,175
spread,away,4.5,-115,1.8695652173913042,0.5192490502200777,0.5348837209302326,0.5108342361863489,0.00841481403372879,-0.02923003654507217,ESPN BET,2024_01_TEN_CHI,espn_archive,,401671719:58:open:spread,401671719,,3.1368740731731783,42.81484221429507,1,7.0,41.0,loss,-1.0,2024,1,CHI,TEN,0.0,true,true,true,false,espn_archived_open,espn_archived_open,provider_labeled_open_close,true,espn_archived_close,,4.5,-115
total,under,43.5,-110,1.9090909090909092,0.5253130970439155,0.5238095238095238,0.5,0.02531309704391549,0.0028704579929295093,ESPN BET,2024_01_TEN_CHI,espn_archive,,401671719:58:open:total,401671719,,3.1368740731731783,42.81484221429507,1,7.0,41.0,win,0.9090909090909092,2024,1,CHI,TEN,1.0,true,true,true,false,espn_archived_open,espn_archived_open,provider_labeled_open_close,true,espn_archived_close,,42.5,-105
moneyline,home,,-190,1.526315789473684,0.6579598776197605,0.6551724137931035,0.6301020408163265,0.02785783680343401,0.004254550051213224,ESPN BET,2024_01_WAS_TB,espn_archive,,401671770:58:open:moneyline,401671770,,4.856285140713133,43.91443812964082,1,17.0,57.0,win,0.5263157894736841,2024,1,TB,WAS,0.012755102040816424,true,true,true,false,espn_archived_open,espn_archived_open,provider_labeled_open_close,true,espn_archived_close,,,-200
spread,home,-3.5,-110,1.9090909090909092,0.5599145009820354,0.5238095238095238,0.5,0.059914500982035435,0.06892768369297686,ESPN BET,2024_01_WAS_TB,espn_archive,,401671770:58:open:spread,401671770,,4.856285140713133,43.91443812964082,1,17.0,57.0,win,0.9090909090909092,2024,1,TB,WAS,0.0,true,true,true,false,espn_archived_open,espn_archived_open,provider_labeled_open_close,true,espn_archived_close,,-3.5,-115
total,over,41.5,-105,1.9523809523809523,0.5658861647625542,0.5121951219512195,0.4891657638136511,0.07672040094890303,0.10482536929832009,ESPN BET,2024_01_WAS_TB,espn_archive,,401671770:58:open:total,401671770,,4.856285140713133,43.91443812964082,1,17.0,57.0,win,0.9523809523809523,2024,1,TB,WAS,0.0,true,true,true,false,espn_archived_open,espn_archived_open,provider_labeled_open_close,true,espn_archived_close,,41.5,-115
moneyline,home,,-175,1.5714285714285714,0.6551092372466215,0.6363636363636364,0.6140350877192983,0.041074149527323245,0.029457372816119598,ESPN BET,2024_02_ATL_PHI,espn_archive,,401671691:58:open:moneyline,401671691,,4.710894295843669,45.036729328883325,1,-1.0,43.0,loss,-1.0,2024,2,PHI,ATL,0.07485380116959062,true,true,true,false,espn_archived_open,espn_archived_open,provider_labeled_open_close,true,espn_archived_close,,,-250
spread,home,-4.0,-110,1.9090909090909092,0.5417637571836811,0.5238095238095238,0.5,0.04176375718368108,0.03427626371430037,ESPN BET,2024_02_ATL_PHI,espn_archive,,401671691:58:open:spread,401671691,,4.710894295843669,45.036729328883325,1,-1.0,43.0,loss,-1.0,2024,2,PHI,ATL,1.5,true,true,true,false,espn_archived_open,espn_archived_open,provider_labeled_open_close,true,espn_archived_close,,-5.5,-110
total,under,48.5,-115,1.8695652173913042,0.6030771037031105,0.5348837209302326,0.5108342361863489,0.09224286751676158,0.12749197648842392,ESPN BET,2024_02_ATL_PHI,espn_archive,,401671691:58:open:total,401671691,,4.710894295843669,45.036729328883325,1,-1.0,43.0,win,0.8695652173913042,2024,2,PHI,ATL,2.0,true,true,true,false,espn_archived_open,espn_archived_open,provider_labeled_open_close,true,espn_archived_close,,46.5,-110
moneyline,home,,-110,1.9090909090909092,0.5927060692032926,0.5238095238095238,0.5,0.09270606920329261,0.1315297684790131,ESPN BET,2024_02_BUF_MIA,espn_archive,,401671807:58:open:moneyline,401671807,,2.472975282038231,46.66540530292352,1,-21.0,41.0,loss,-1.0,2024,2,MIA,BUF,0.07111597374179435,true,true,true,false,espn_archived_open,espn_archived_open,provider_labeled_open_close,true,espn_archived_close,,,-145
spread,home,-1.0,-105,1.9523809523809523,0.5639309339136458,0.5121951219512195,0.4891657638136511,0.07476517009999467,0.10100801383140356,ESPN BET,2024_02_BUF_MIA,espn_archive,,401671807:58:open:spread,401671807,,2.472975282038231,46.66540530292352,1,-21.0,41.0,loss,-1.0,2024,2,MIA,BUF,1.5,true,true,true,false,espn_archived_open,espn_archived_open,provider_labeled_open_close,true,espn_archived_close,,-2.5,-120
total,under,50.5,100,2.0,0.6137262290228304,0.5,0.4782608695652174,0.13546535945761295,0.22745245804566072,ESPN BET,2024_02_BUF_MIA,espn_archive,,401671807:58:open:total,401671807,,2.472975282038231,46.66540530292352,1,-21.0,41.0,win,1.0,2024,2,MIA,BUF,1.0,true,true,true,false,espn_archived_open,espn_archived_open,provider_labeled_open_close,true,espn_archived_close,,49.5,-115
moneyline,away,,155,2.55,0.38171560037891417,0.3921568627450981,0.3766105054509415,0.005105094927972675,-0.02662521903376891,ESPN BET,2024_02_CHI_HOU,espn_archive,,401671786:58:open:moneyline,401671786,,3.3764416858839574,44.719292046662034,1,6.0,32.0,loss,-1.0,2024,2,HOU,CHI,-0.08104400298788722,true,true,true,false,espn_archived_open,espn_archived_open,provider_labeled_open_close,true,espn_archived_close,,,225
spread,away,6.5,-115,1.8695652173913042,0.5703307114688667,0.5348837209302326,0.5108342361863489,0.05949647528251778,0.06627046057222907,ESPN BET,2024_02_CHI_HOU,espn_archive,,401671786:58:open:spread,401671786,,3.3764416858839574,44.719292046662034,1,6.0,32.0,win,0.8695652173913042,2024,2,HOU,CHI,0.0,true,true,true,false,espn_archived_open,espn_archived_open,provider_labeled_open_close,true,espn_archived_close,,6.5,-115
total,under,46.5,-110,1.9090909090909092,0.5539685032920942,0.5238095238095238,0.5,0.05396850329209424,0.057576233557634415,ESPN BET,2024_02_CHI_HOU,espn_archive,,401671786:58:open:total,401671786,,3.3764416858839574,44.719292046662034,1,6.0,32.0,win,0.9090909090909092,2024,2,HOU,CHI,1.0,true,true,true,false,espn_archived_open,espn_archived_open,provider_labeled_open_close,true,espn_archived_close,,45.5,-105
moneyline,home,,-175,1.5714285714285714,0.6686005267607001,0.6363636363636364,0.6140350877192983,0.054565439041401875,0.05065797062395738,ESPN BET,2024_02_CIN_KC,espn_archive,,401671670:58:open:moneyline,401671670,,5.212475554017686,42.32589165148046,1,1.0,51.0,win,0.5714285714285714,2024,2,KC,CIN,0.09455386933591636,true,true,true,false,espn_archived_open,espn_archived_open,provider_labeled_open_close,true,espn_archived_close,,,-280
spread,home,-3.5,-110,1.9090909090909092,0.5708595151057072,0.5238095238095238,0.5,0.0708595151057072,0.08982271065635006,ESPN BET,2024_02_CIN_KC,espn_archive,,401671670:58:open:spread,401671670,,5.212475554017686,42.32589165148046,1,1.0,51.0,loss,-1.0,2024,2,KC,CIN,3.0,true,true,true,false,espn_archived_open,espn_archived_open,provider_labeled_open_close,true,espn_archived_close,,-6.5,-115
total,under,48.5,-105,1.9523809523809523,0.67857582712778,0.5121951219512195,0.4891657638136511,0.18941006331412885,0.32483851963042754,ESPN BET,2024_02_CIN_KC,espn_archive,,401671670:58:open:total,401671670,,5.212475554017686,42.32589165148046,1,1.0,51.0,loss,-1.0,2024,2,KC,CIN,1.0,true,true,true,false,espn_archived_open,espn_archived_open,provider_labeled_open_close,true,espn_archived_close,,47.5,-105
moneyline,home,,-110,1.9090909090909092,0.6430803162290815,0.5238095238095238,0.5,0.14308031622908146,0.2276987855282464,ESPN BET,2024_02_CLE_JAX,espn_archive,,401671635:58:open:moneyline,401671635,,4.269849205104517,44.058690298805814,1,-5.0,31.0,loss,-1.0,2024,2,JAX,CLE,0.11403508771929827,true,true,true,false,espn_archived_open,espn_archived_open,provider_labeled_open_close,true,espn_archived_close,,,-175
spread,home,-1.5,-120,1.8333333333333335,0.6011605079022739,0.5454545454545454,0.5217391304347826,0.07942137746749134,0.10212759782083558,ESPN BET,2024_02_CLE_JAX,espn_archive,,401671635:58:open:spread,401671635,,4.269849205104517,44.058690298805814,1,-5.0,31.0,loss,-1.0,2024,2,JAX,CLE,2.0,true,true,true,false,espn_archived_open,espn_archived_open,provider_labeled_open_close,true,espn_archived_close,,-3.5,-105
total,under,44.5,-110,1.9090909090909092,0.5142353692068257,0.5238095238095238,0.5,0.014235369206825665,-0.01827793151424184,ESPN BET,2024_02_CLE_JAX,espn_archive,,401671635:58:open:total,401671635,,4.269849205104517,44.058690298805814,1,-5.0,31.0,win,0.9090909090909092,2024,2,JAX,CLE,3.0,true,true,true,false,espn_archived_open,espn_archived_open,provider_labeled_open_close,true,espn_archived_close,,41.5,-110
moneyline,home,,140,2.4,0.6307021344034864,0.4166666666666667,0.4009077155824508,0.22979441882103563,0.5136851225683674,ESPN BET,2024_02_IND_GB,espn_archive,,401671723:58:open:moneyline,401671723,,3.821408141410764,47.408307417715754,1,6.0,26.0,win,1.4,2024,2,GB,IND,0.027976310675754845,true,true,true,false,espn_archived_open,espn_archived_open,provider_labeled_open_close,true,espn_archived_close,,,125
spread,home,3.0,-105,1.9523809523809523,0.7103537982919762,0.5121951219512195,0.4891657638136511,0.22118803447832508,0.3868812252367153,ESPN BET,2024_02_IND_GB,espn_archive,,401671723:58:open:spread,401671723,,3.821408141410764,47.408307417715754,1,6.0,26.0,win,0.9523809523809523,2024,2,GB,IND,0.5,true,true,true,false,espn_archived_open,espn_archived_open,provider_labeled_open_close,true,espn_archived_close,,2.5,-105
total,under,47.5,-110,1.9090909090909092,0.5038245157708329,0.5238095238095238,0.5,0.0038245157708328703,-0.03815319716477361,ESPN BET,2024_02_IND_GB,espn_archive,,401671723:58:open:total,401671723,,3.821408141410764,47.408307417715754,1,6.0,26.0,win,0.9090909090909092,2024,2,GB,IND,6.0,true,true,true,false,espn_archived_open,espn_archived_open,provider_labeled_open_close,true,espn_archived_close,,41.5,-110
moneyline,home,,160,2.6,0.47016527622814996,0.3846153846153846,0.36989795918367335,0.10026731704447661,0.22242971819319002,ESPN BET,2024_02_LAC_CAR,espn_archive,,401671652:58:open:moneyline,401671652,,-1.7321748807597999,43.453464419894814,1,-23.0,29.0,loss,-1.0,2024,2,CAR,LAC,-0.020602184535785995,true,true,true,false,espn_archived_open,espn_archived_open,provider_labeled_open_close,true,espn_archived_close,,,175
spread,home,3.0,100,2.0,0.5579803535825291,0.5,0.4782608695652174,0.07971948401731166,0.11596070716505813,ESPN BET,2024_02_LAC_CAR,espn_archive,,401671652:58:open:spread,401671652,,-1.7321748807597999,43.453464419894814,1,-23.0,29.0,loss,-1.0,2024,2,CAR,LAC,-1.5,true,true,true,false,espn_archived_open,espn_archived_open,provider_labeled_open_close,true,espn_archived_close,,4.5,-105
total,over,42.0,-110,1.9090909090909092,0.5421214429150565,0.5238095238095238,0.5,0.042121442915056484,0.03495911829238052,ESPN BET,2024_02_LAC_CAR,espn_archive,,401671652:58:open:total,401671652,,-1.7321748807597999,43.453464419894814,1,-23.0,29.0,loss,-1.0,2024,2,CAR,LAC,-3.5,true,true,true,false,espn_archived_open,espn_archived_open,provider_labeled_open_close,true,espn_archived_close,,38.5,-115
moneyline,home,,105,2.05,0.5671919671742092,0.48780487804878053,0.4675324675324676,0.09965949964174159,0.1627435327071287,ESPN BET,2024_02_LA_ARI,espn_archive,,401671754:58:open:moneyline,401671754,,1.5856102845416657,46.33916367114255,1,31.0,51.0,win,1.0499999999999998,2024,2,ARI,LA,0.03246753246753242,true,true,true,false,espn_archived_open,espn_archived_open,provider_labeled_open_close,true,espn_archived_close,,,-110
spread,home,2.5,-105,1.9523809523809523,0.6380121759968278,0.5121951219512195,0.4891657638136511,0.14884641218317668,0.24564281980333047,ESPN BET,2024_02_LA_ARI,espn_archive,,401671754:58:open:spread,401671754,,1.5856102845416657,46.33916367114255,1,31.0,51.0,win,0.9523809523809523,2024,2,ARI,LA,4.0,true,true,true,false,espn_archived_open,espn_archived_open,provider_labeled_open_close,true,espn_archived_close,,-1.5,102
total,under,47.5,-105,1.9523809523809523,0.5356229901671834,0.5121951219512195,0.4891657638136511,0.04645722635353228,0.04574012365973901,ESPN BET,2024_02_LA_ARI,espn_archive,,401671754:58:open:total,401671754,,1.5856102845416657,46.33916367114255,1,31.0,51.0,loss,-1.0,2024,2,ARI,LA,0.0,true,true,true,false,espn_archived_open,espn_archived_open,provider_labeled_open_close,true,espn_archived_close,,47.5,-110
moneyline,away,,300,4.0,0.32642116227884765,0.25,0.24,0.08642116227884766,0.3056846491153906,ESPN BET,2024_02_LV_BAL,espn_archive,,401671624:58:open:moneyline,401671624,,5.399580829140181,42.923102723162685,1,-3.0,49.0,win,3.0,2024,2,BAL,LV,-0.01064220183486242,true,true,true,false,espn_archived_open,espn_archived_open,provider_labeled_open_close,true,espn_archived_close,,,320
spread,away,7.5,-110,1.9090909090909092,0.5406000457983657,0.5238095238095238,0.5,0.040600045798365736,0.03205463288778909,ESPN BET,2024_02_LV_BAL,espn_archive,,401671624:58:open:spread,401671624,,5.399580829140181,42.923102723162685,1,-3.0,49.0,win,0.9090909090909092,2024,2,BAL,LV,-1.0,true,true,true,false,espn_archived_open,espn_archived_open,provider_labeled_open_close,true,espn_archived_close,,8.5,-110
total,under,44.0,-110,1.9090909090909092,0.533132045089979,0.5238095238095238,0.5,0.03313204508997902,0.01779754062632355,ESPN BET,2024_02_LV_BAL,espn_archive,,401671624:58:open:total,401671624,,5.399580829140181,42.923102723162685,1,-3.0,49.0,loss,-1.0,2024,2,BAL,LV,1.5,true,true,true,false,espn_archived_open,espn_archived_open,provider_labeled_open_close,true,espn_archived_close,,42.5,-110
moneyline,away,,240,3.4,0.39347424514108464,0.29411764705882354,0.28343023255813954,0.1100440125829451,0.3378124334796877,ESPN BET,2024_02_NO_DAL,espn_archive,,401671709:58:open:moneyline,401671709,,2.959104308051188,46.429673951358176,1,-25.0,63.0,win,2.4,2024,2,DAL,NO,0.0,true,true,true,false,espn_archived_open,espn_archived_open,provider_labeled_open_close,true,espn_archived_close,,,240
spread,away,6.5,-105,1.9523809523809523,0.5823538993158474,0.5121951219512195,0.4891657638136511,0.09318813550219623,0.13697666056903524,ESPN BET,2024_02_NO_DAL,espn_archive,,401671709:58:open:spread,401671709,,2.959104308051188,46.429673951358176,1,-25.0,63.0,win,0.9523809523809523,2024,2,DAL,NO,0.0,true,true,true,false,espn_archived_open,espn_archived_open,provider_labeled_open_close,true,espn_archived_close,,6.5,-120
total,over,44.5,-115,1.8695652173913042,0.5561973939765281,0.5348837209302326,0.5108342361863489,0.04536315779017919,0.03984730178220475,ESPN BET,2024_02_NO_DAL,espn_archive,,401671709:58:open:total,401671709,,2.959104308051188,46.429673951358176,1,-25.0,63.0,win,0.8695652173913042,2024,2,DAL,NO,3.0,true,true,true,false,espn_archived_open,espn_archived_open,provider_labeled_open_close,true,espn_archived_close,,47.5,100
moneyline,home,,-140,1.7142857142857144,0.6201306656456611,0.5833333333333333,0.5620437956204379,0.05808687002522317,0.0630811411068477,ESPN BET,2024_02_NYG_WAS,espn_archive,,401671716:58:open:moneyline,401671716,,3.4423108955283688,44.63722461022657,1,3.0,39.0,win,0.7142857142857144,2024,2,WAS,NYG,-0.021252393568654826,true,true,true,false,espn_archived_open,espn_archived_open,provider_labeled_open_close,true,espn_archived_close,,,-135
spread,home,-3.0,100,2.0,0.5339165781225461,0.5,0.4782608695652174,0.05565570855732871,0.06783315624509223,ESPN BET,2024_02_NYG_WAS,espn_archive,,401671716:58:open:spread,401671716,,3.4423108955283688,44.63722461022657,1,3.0,39.0,push,0.0,2024,2,WAS,NYG,-1.5,true,true,true,false,espn_archived_open,espn_archived_open,provider_labeled_open_close,true,espn_archived_close,,-1.5,-115
total,over,42.5,-110,1.9090909090909092,0.562311188578582,0.5238095238095238,0.5,0.06231118857858198,0.0735031781954747,ESPN BET,2024_02_NYG_WAS,espn_archive,,401671716:58:open:total,401671716,,3.4423108955283688,44.63722461022657,1,3.0,39.0,loss,-1.0,2024,2,WAS,NYG,0.0,true,true,true,false,espn_archived_open,espn_archived_open,provider_labeled_open_close,true,espn_archived_close,,42.5,-115
moneyline,home,,175,2.75,0.6232383391137667,0.36363636363636365,0.34929577464788736,0.27394256446587933,0.7139054325628584,ESPN BET,2024_02_NYJ_TEN,espn_archive,,401671636:58:open:moneyline,401671636,,3.553405043645661,42.64999615546842,1,-7.0,41.0,loss,-1.0,2024,2,TEN,NYJ,0.027314730803054132,true,true,true,false,espn_archived_open,espn_archived_open,provider_labeled_open_close,true,espn_archived_close,,,155
spread,home,3.5,-110,1.9090909090909092,0.7161649520572211,0.5238095238095238,0.5,0.21616495205722108,0.3672239993819675,ESPN BET,2024_02_NYJ_TEN,espn_archive,,401671636:58:open:spread,401671636,,3.553405043645661,42.64999615546842,1,-7.0,41.0,loss,-1.0,2024,2,TEN,NYJ,0.0,true,true,true,false,espn_archived_open,espn_archived_open,provider_labeled_open_close,true,espn_archived_close,,3.5,-105
total,under,44.0,-110,1.9090909090909092,0.5412313927167876,0.5238095238095238,0.5,0.04123139271678755,0.03325993155023088,ESPN BET,2024_02_NYJ_TEN,espn_archive,,401671636:58:open:total,401671636,,3.553405043645661,42.64999615546842,1,-7.0,41.0,win,0.9090909090909092,2024,2,TEN,NYJ,1.5,true,true,true,false,espn_archived_open,espn_archived_open,provider_labeled_open_close,true,espn_archived_close,,42.5,-115
moneyline,home,,125,2.25,0.5642896802575087,0.4444444444444444,0.42888402625820565,0.13540565399930304,0.26965178057939454,ESPN BET,2024_02_PIT_DEN,espn_archive,,401671668:59:open:moneyline,401671668,,1.4853587702694995,42.17878651951119,1,-7.0,19.0,loss,-1.0,2024,2,DEN,PIT,,true,true,true,false,espn_archived_open,espn_archived_open,provider_labeled_open_close,false,espn_archived_close,,,
spread,home,-0.5,125,2.25,0.5497659584315165,0.4444444444444444,0.42888402625820565,0.12088193217331089,0.23697340647091214,ESPN BET,2024_02_PIT_DEN,espn_archive,,401671668:59:open:spread,401671668,,1.4853587702694995,42.17878651951119,1,-7.0,19.0,loss,-1.0,2024,2,DEN,PIT,,true,true,true,false,espn_archived_open,espn_archived_open,provider_labeled_open_close,false,espn_archived_close,,,
total,over,40.5,-115,1.8695652173913042,0.5487892720407708,0.5348837209302326,0.5108342361863489,0.03795503585442184,0.02599733468491916,ESPN BET,2024_02_PIT_DEN,espn_archive,,401671668:59:open:total,401671668,,1.4853587702694995,42.17878651951119,1,-7.0,19.0,loss,-1.0,2024,2,DEN,PIT,,true,true,true,false,espn_archived_open,espn_archived_open,provider_labeled_open_close,false,espn_archived_close,,,
moneyline,home,,135,2.35,0.5980663357001329,0.425531914893617,0.4117884537747275,0.1862778819254054,0.40545588889531237,ESPN BET,2024_02_SEA_NE,espn_archive,,401671702:58:open:moneyline,401671702,,2.661013253880949,41.50237573098133,1,-3.0,43.0,loss,-1.0,2024,2,NE,SEA,-0.010880738192276695,true,true,true,false,espn_archived_open,espn_archived_open,provider_labeled_open_close,true,espn_archived_close,,,140
spread,home,3.5,-120,1.8333333333333335,0.6935135573810273,0.5454545454545454,0.5217391304347826,0.17177442694624467,0.27144152186521686,ESPN BET,2024_02_SEA_NE,espn_archive,,401671702:58:open:spread,401671702,,2.661013253880949,41.50237573098133,1,-3.0,43.0,win,0.8333333333333335,2024,2,NE,SEA,0.0,true,true,true,false,espn_archived_open,espn_archived_open,provider_labeled_open_close,true,espn_archived_close,,3.5,-125
total,under,42.5,-110,1.9090909090909092,0.5307783741272362,0.5238095238095238,0.5,0.030778374127236163,0.013304168788359938,ESPN BET,2024_02_SEA_NE,espn_archive,,401671702:58:open:total,401671702,,2.661013253880949,41.50237573098133,1,-3.0,43.0,loss,-1.0,2024,2,NE,SEA,3.0,true,true,true,false,espn_archived_open,espn_archived_open,provider_labeled_open_close,true,espn_archived_close,,39.5,100
moneyline,home,,225,3.25,0.5871993103939284,0.3076923076923077,0.29556650246305427,0.2916328079308741,0.9083977587802672,ESPN BET,2024_02_SF_MIN,espn_archive,,401671645:58:open:moneyline,401671645,,2.2804312244354463,44.0722960389153,1,6.0,40.0,win,2.25,2024,2,MIN,SF,0.04794494791862508,true,true,true,false,espn_archived_open,espn_archived_open,provider_labeled_open_close,true,espn_archived_close,,,180
spread,home,5.5,-110,1.9090909090909092,0.7340053944754352,0.5238095238095238,0.5,0.23400539447543522,0.40128302581674014,ESPN BET,2024_02_SF_MIN,espn_archive,,401671645:58:open:spread,401671645,,2.2804312244354463,44.0722960389153,1,6.0,40.0,win,0.9090909090909092,2024,2,MIN,SF,2.0,true,true,true,false,espn_archived_open,espn_archived_open,provider_labeled_open_close,true,espn_archived_close,,3.5,100
total,under,46.5,-105,1.9523809523809523,0.5729937071961332,0.5121951219512195,0.4891657638136511,0.08382794338248206,0.11870199976387896,ESPN BET,2024_02_SF_MIN,espn_archive,,401671645:58:open:total,401671645,,2.2804312244354463,44.0722960389153,1,6.0,40.0,win,0.9523809523809523,2024,2,MIN,SF,0.0,true,true,true,false,espn_archived_open,espn_archived_open,provider_labeled_open_close,true,espn_archived_close,,46.5,-110
moneyline,away,,220,3.2,0.40092237765322347,0.3125,0.299837925445705,0.1010844522075185,0.2829516084903152,ESPN BET,2024_02_TB_DET,espn_archive,,401671721:58:open:moneyline,401671721,,2.6965606119410985,45.673674206940575,1,-4.0,36.0,win,2.2,2024,2,DET,TB,-0.04702893668166008,true,true,true,false,espn_archived_open,espn_archived_open,provider_labeled_open_close,true,espn_archived_close,,,280
spread,away,6.5,-110,1.9090909090909092,0.5898790743778108,0.5238095238095238,0.5,0.08987907437781084,0.12613277835763892,ESPN BET,2024_02_TB_DET,espn_archive,,401671721:58:open:spread,401671721,,2.6965606119410985,45.673674206940575,1,-4.0,36.0,win,0.9090909090909092,2024,2,DET,TB,-1.0,true,true,true,false,espn_archived_open,espn_archived_open,provider_labeled_open_close,true,espn_archived_close,,7.5,-115
total,under,48.5,100,2.0,0.5846342668619967,0.5,0.4782608695652174,0.1063733972967793,0.16926853372399342,ESPN BET,2024_02_TB_DET,espn_archive,,401671721:58:open:total,401671721,,2.6965606119410985,45.673674206940575,1,-4.0,36.0,win,1.0,2024,2,DET,TB,-3.0,true,true,true,false,espn_archived_open,espn_archived_open,provider_labeled_open_close,true,espn_archived_close,,51.5,-105
moneyline,home,,-110,1.9090909090909092,0.5596394642290302,0.5238095238095238,0.5,0.059639464229030215,0.06840261352814858,ESPN BET,2024_03_BAL_DAL,espn_archive,,401671763:58:open:moneyline,401671763,,1.6777730763094212,47.07582264382485,1,-3.0,53.0,loss,-1.0,2024,3,DAL,BAL,-0.03246753246753242,true,true,true,false,espn_archived_open,espn_archived_open,provider_labeled_open_close,true,espn_archived_close,,,105
spread,home,0.0,-110,1.9090909090909092,0.5596394642290302,0.5238095238095238,0.5,0.059639464229030215,0.06840261352814858,ESPN BET,2024_03_BAL_DAL,espn_archive,,401671763:58:open:spread,401671763,,1.6777730763094212,47.07582264382485,1,-3.0,53.0,loss,-1.0,2024,3,DAL,BAL,-1.5,true,true,true,false,espn_archived_open,espn_archived_open,provider_labeled_open_close,true,espn_archived_close,,1.5,-115
total,under,48.5,-115,1.8695652173913042,0.5511325246744267,0.5348837209302326,0.5108342361863489,0.040298288488077816,0.030378198304362947,ESPN BET,2024_03_BAL_DAL,espn_archive,,401671763:58:open:total,401671763,,1.6777730763094212,47.07582264382485,1,-3.0,53.0,loss,-1.0,2024,3,DAL,BAL,1.0,true,true,true,false,espn_archived_open,espn_archived_open,provider_labeled_open_close,true,espn_archived_close,,47.5,-110
moneyline,away,,280,3.8,0.2919727420124826,0.2631578947368421,0.2528089887640449,0.03916375324843768,0.10949641964743373,ESPN BET,2024_03_CAR_LV,espn_archive,,401671658:58:open:moneyline,401671658,,7.096055630142562,41.420018952115896,1,-14.0,58.0,win,2.8,2024,3,LV,CAR,0.058302122347066165,true,true,true,false,espn_archived_open,espn_archived_open,provider_labeled_open_close,true,espn_archived_close,,,210
spread,home,-7.0,-105,1.9523809523809523,0.5135590443986329,0.5121951219512195,0.4891657638136511,0.024393280584981747,0.00266289620685467,ESPN BET,2024_03_CAR_LV,espn_archive,,401671658:58:open:spread,401671658,,7.096055630142562,41.420018952115896,1,-14.0,58.0,loss,-1.0,2024,3,LV,CAR,-1.5,true,true,true,false,espn_archived_open,espn_archived_open,provider_labeled_open_close,true,espn_archived_close,,-5.5,-115
total,over,38.5,-105,1.9523809523809523,0.5785318483542867,0.5121951219512195,0.4891657638136511,0.0893660845406356,0.1295145610726549,ESPN BET,2024_03_CAR_LV,espn_archive,,401671658:58:open:total,401671658,,7.096055630142562,41.420018952115896,1,-14.0,58.0,win,0.9523809523809523,2024,3,LV,CAR,2.0,true,true,true,false,espn_archived_open,espn_archived_open,provider_labeled_open_close,true,espn_archived_close,,40.5,-115
moneyline,home,,-115,1.8695652173913042,0.5318838584355325,0.5348837209302326,0.5108342361863489,0.021049622249183608,-0.005608438577047958,ESPN BET,2024_03_CHI_IND,espn_archive,,401671865:58:open:moneyline,401671865,,0.7231244439795397,42.430470496668875,1,5.0,37.0,win,0.8695652173913042,2024,3,IND,CHI,0.051209559434089,true,true,true,false,espn_archived_open,espn_archived_open,provider_labeled_open_close,true,espn_archived_close,,,-140
spread,home,-1.0,-110,1.9090909090909092,0.5026448007915458,0.5238095238095238,0.5,0.0026448007915458316,-0.04040538030704888,ESPN BET,2024_03_CHI_IND,espn_archive,,401671865:58:open:spread,401671865,,0.7231244439795397,42.430470496668875,1,5.0,37.0,win,0.9090909090909092,2024,3,IND,CHI,1.5,true,true,true,false,espn_archived_open,espn_archived_open,provider_labeled_open_close,true,espn_archived_close,,-2.5,-115
total,under,44.5,-105,1.9523809523809523,0.5702656360288321,0.5121951219512195,0.4891657638136511,0.08109987221518095,0.11337576558010065,ESPN BET,2024_03_CHI_IND,espn_archive,,401671865:58:open:total,401671865,,0.7231244439795397,42.430470496668875,1,5.0,37.0,win,0.9523809523809523,2024,3,IND,CHI,1.0,true,true,true,false,espn_archived_open,espn_archived_open,provider_labeled_open_close,true,espn_archived_close,,43.5,-110
moneyline,away,,260,3.6,0.3553614209388992,0.2777777777777778,0.267175572519084,0.0881858484198152,0.2793011153800373,ESPN BET,2024_03_DEN_TB,espn_archive,,401671741:58:open:moneyline,401671741,,4.687316415195578,41.75229959874001,1,-19.0,33.0,win,2.6,2024,3,TB,DEN,0.043935538592027035,true,true,true,false,espn_archived_open,espn_archived_open,provider_labeled_open_close,true,espn_archived_close,,,210
spread,away,7.0,-120,1.8333333333333335,0.556756674701506,0.5454545454545454,0.5217391304347826,0.03501754426672343,0.02072057028609442,ESPN BET,2024_03_DEN_TB,espn_archive,,401671741:58:open:spread,401671741,,4.687316415195578,41.75229959874001,1,-19.0,33.0,win,0.8333333333333335,2024,3,TB,DEN,1.5,true,true,true,false,espn_archived_open,espn_archived_open,provider_labeled_open_close,true,espn_archived_close,,5.5,-105
total,over,39.5,-110,1.9090909090909092,0.5588009149437883,0.5238095238095238,0.5,0.05880091494378825,0.06680174671086858,ESPN BET,2024_03_DEN_TB,espn_archive,,401671741:58:open:total,401671741,,4.687316415195578,41.75229959874001,1,-19.0,33.0,loss,-1.0,2024,3,TB,DEN,1.0,true,true,true,false,espn_archived_open,espn_archived_open,provider_labeled_open_close,true,espn_archived_close,,40.5,-120
moneyline,home,,135,2.35,0.5698858848934032,0.425531914893617,0.4117884537747275,0.1580974311186757,0.3392318294994976,ESPN BET,2024_03_DET_ARI,espn_archive,,401671771:58:open:moneyline,401671771,,2.0324968875081275,46.237821888548595,1,-7.0,33.0,loss,-1.0,2024,3,ARI,DET,0.008379613452163204,true,true,true,false,espn_archived_open,espn_archived_open,provider_labeled_open_close,true,espn_archived_close,,,130
spread,home,3.0,-105,1.9523809523809523,0.6540262920354448,0.5121951219512195,0.4891657638136511,0.1648605282217937,0.2769084749263446,ESPN BET,2024_03_DET_ARI,espn_archive,,401671771:58:open:spread,401671771,,2.0324968875081275,46.237821888548595,1,-7.0,33.0,loss,-1.0,2024,3,ARI,DET,0.5,true,true,true,false,espn_archived_open,espn_archived_open,provider_labeled_open_close,true,espn_archived_close,,2.5,105
total,under,51.5,-105,1.9523809523809523,0.6617054009912333,0.5121951219512195,0.4891657638136511,0.1725396371775822,0.29190102098288406,ESPN BET,2024_03_DET_ARI,espn_archive,,401671771:58:open:total,401671771,,2.0324968875081275,46.237821888548595,1,-7.0,33.0,win,0.9523809523809523,2024,3,ARI,DET,0.0,true,true,true,false,espn_archived_open,espn_archived_open,provider_labeled_open_close,true,espn_archived_close,,51.5,-110
moneyline,away,,105,2.05,0.5106011172963438,0.48780487804878053,0.4675324675324676,0.043068649763876254,0.04673229045750471,ESPN BET,2024_03_GB_TEN,espn_archive,,401671823:58:open:moneyline,401671823,,-0.729414064322647,42.45871863451967,1,-16.0,44.0,win,1.0499999999999998,2024,3,TEN,GB,-0.04736440030557687,true,true,true,false,espn_archived_open,espn_archived_open,provider_labeled_open_close,true,espn_archived_close,,,130
spread,away,2.5,-110,1.9090909090909092,0.5831731360069475,0.5238095238095238,0.5,0.08317313600694753,0.11333053237689983,ESPN BET,2024_03_GB_TEN,espn_archive,,401671823:58:open:spread,401671823,,-0.729414064322647,42.45871863451967,1,-16.0,44.0,win,0.9090909090909092,2024,3,TEN,GB,0.0,true,true,true,false,espn_archived_open,espn_archived_open,provider_labeled_open_close,true,espn_archived_close,,2.5,100
total,over,37.5,-110,1.9090909090909092,0.6373705612113796,0.5238095238095238,0.5,0.13737056121137958,0.21679834413081567,ESPN BET,2024_03_GB_TEN,espn_archive,,401671823:58:open:total,401671823,,-0.729414064322647,42.45871863451967,1,-16.0,44.0,win,0.9090909090909092,2024,3,TEN,GB,-1.0,true,true,true,false,espn_archived_open,espn_archived_open,provider_labeled_open_close,true,espn_archived_close,,36.5,-120
moneyline,home,,120,2.2,0.5947517228839498,0.45454545454545453,0.43795620437956206,0.15679551850438778,0.3084537903446898,ESPN BET,2024_03_HOU_MIN,espn_archive,,401671646:58:open:moneyline,401671646,,2.900645401305759,42.148248215712215,1,27.0,41.0,win,1.2000000000000002,2024,3,MIN,HOU,0.04030466518565534,true,true,true,false,espn_archived_open,espn_archived_open,provider_labeled_open_close,true,espn_archived_close,,,100
spread,home,2.5,100,2.0,0.6639352378092993,0.5,0.4782608695652174,0.1856743682440819,0.3278704756185986,ESPN BET,2024_03_HOU_MIN,espn_archive,,401671646:58:open:spread,401671646,,2.900645401305759,42.148248215712215,1,27.0,41.0,win,1.0,2024,3,MIN,HOU,0.5,true,true,true,false,espn_archived_open,espn_archived_open,provider_labeled_open_close,true,espn_archived_close,,2.0,-115
total,under,46.5,-110,1.9090909090909092,0.6363286066340348,0.5238095238095238,0.5,0.1363286066340348,0.21480915811952106,ESPN BET,2024_03_HOU_MIN,espn_archive,,401671646:58:open:total,401671646,,2.900645401305759,42.148248215712215,1,27.0,41.0,win,0.9090909090909092,2024,3,MIN,HOU,0.0,true,true,true,false,espn_archived_open,espn_archived_open,provider_labeled_open_close,true,espn_archived_close,,46.5,-115
moneyline,away,,210,3.1,0.3304546186718632,0.3225806451612903,0.31111111111111106,0.01934350756075215,0.024409317882776005,ESPN BET,2024_03_JAX_BUF,espn_archive,,401671682:58:open:moneyline,401671682,,5.610943896792474,43.11065902013921,1,37.0,57.0,loss,-1.0,2024,3,BUF,JAX,0.03240033927056829,true,true,true,false,espn_archived_open,espn_archived_open,provider_labeled_open_close,true,espn_archived_close,,,180
spread,away,6.0,-110,1.9090909090909092,0.5006390470751506,0.5238095238095238,0.5,0.0006390470751506117,-0.04423454649289427,ESPN BET,2024_03_JAX_BUF,espn_archive,,401671682:58:open:spread,401671682,,5.610943896792474,43.11065902013921,1,37.0,57.0,loss,-1.0,2024,3,BUF,JAX,1.5,true,true,true,false,espn_archived_open,espn_archived_open,provider_labeled_open_close,true,espn_archived_close,,4.5,-110
total,under,46.5,-110,1.9090909090909092,0.6088388010514693,0.5238095238095238,0.5,0.10883880105146926,0.16232862018916872,ESPN BET,2024_03_JAX_BUF,espn_archive,,401671682:58:open:total,401671682,,5.610943896792474,43.11065902013921,1,37.0,57.0,loss,-1.0,2024,3,BUF,JAX,0.0,true,true,true,false,espn_archived_open,espn_archived_open,provider_labeled_open_close,true,espn_archived_close,,46.5,-105
moneyline,home,,180,2.8,0.4922431262783403,0.35714285714285715,0.34351145038167935,0.14873167589666098,0.37828075357935287,ESPN BET,2024_03_KC_ATL,espn_archive,,401671793:58:open:moneyline,401671793,,-0.632225625039954,41.975538298741554,1,-5.0,39.0,loss,-1.0,2024,3,ATL,KC,0.049787894119413145,true,true,true,false,espn_archived_open,espn_archived_open,provider_labeled_open_close,true,espn_archived_close,,,145
spread,home,5.0,-115,1.8695652173913042,0.6358690555764588,0.5348837209302326,0.5108342361863489,0.12503481939010985,0.18879866912120558,ESPN BET,2024_03_KC_ATL,espn_archive,,401671793:58:open:spread,401671793,,-0.632225625039954,41.975538298741554,1,-5.0,39.0,push,0.0,2024,3,ATL,KC,1.5,true,true,true,false,espn_archived_open,espn_archived_open,provider_labeled_open_close,true,espn_archived_close,,3.5,-125
total,under,46.5,100,2.0,0.6411929485718155,0.5,0.4782608695652174,0.16293207900659812,0.28238589714363105,ESPN BET,2024_03_KC_ATL,espn_archive,,401671793:58:open:total,401671793,,-0.632225625039954,41.975538298741554,1,-5.0,39.0,win,1.0,2024,3,ATL,KC,0.0,true,true,true,false,espn_archived_open,espn_archived_open,provider_labeled_open_close,true,espn_archived_close,,46.5,100
moneyline,away,,105,2.05,0.4742937383974458,0.48780487804878053,0.4675324675324676,0.006761270864978242,-0.027697836285236144,ESPN BET,2024_03_LAC_PIT,espn_archive,,401671632:58:open:moneyline,401671632,,0.5115373641576682,37.18344339151719,1,10.0,30.0,loss,-1.0,2024,3,PIT,LAC,-0.038648441274261924,true,true,true,false,espn_archived_open,espn_archived_open,provider_labeled_open_close,true,espn_archived_close,,,125
spread,away,2.5,-105,1.9523809523809523,0.5473468659288284,0.5121951219512195,0.4891657638136511,0.0581811021151773,0.06862959538485547,ESPN BET,2024_03_LAC_PIT,espn_archive,,401671632:58:open:spread,401671632,,0.5115373641576682,37.18344339151719,1,10.0,30.0,loss,-1.0,2024,3,PIT,LAC,0.0,true,true,true,false,espn_archived_open,espn_archived_open,provider_labeled_open_close,true,espn_archived_close,,2.5,-105
total,under,36.5,100,2.0,0.4880496650096897,0.5,0.4782608695652174,0.009788795444472309,-0.02390066998062057,ESPN BET,2024_03_LAC_PIT,espn_archive,,401671632:58:open:total,401671632,,0.5115373641576682,37.18344339151719,1,10.0,30.0,win,1.0,2024,3,PIT,LAC,1.0,true,true,true,false,espn_archived_open,espn_archived_open,provider_labeled_open_close,true,espn_archived_close,,35.5,-105
moneyline,away,,230,3.3,0.421386432859684,0.30303030303030304,0.29141104294478526,0.12997538991489876,0.39057522843695724,ESPN BET,2024_03_MIA_SEA,espn_archive,,401671662:58:open:moneyline,401671662,,2.3359212614636355,44.49115899806273,1,21.0,27.0,loss,-1.0,2024,3,SEA,MIA,0.0578847317031021,true,true,true,false,espn_archived_open,espn_archived_open,provider_labeled_open_close,true,espn_archived_close,,,175
spread,away,6.5,-115,1.8695652173913042,0.6097242663322464,0.5348837209302326,0.5108342361863489,0.09889003014589748,0.13991928053419977,ESPN BET,2024_03_MIA_SEA,espn_archive,,401671662:58:open:spread,401671662,,2.3359212614636355,44.49115899806273,1,21.0,27.0,loss,-1.0,2024,3,SEA,MIA,2.0,true,true,true,false,espn_archived_open,espn_archived_open,provider_labeled_open_close,true,espn_archived_close,,4.5,-115
total,over,42.5,-105,1.9523809523809523,0.5510415707624736,0.5121951219512195,0.4891657638136511,0.0618758069488225,0.07584306672673424,ESPN BET,2024_03_MIA_SEA,espn_archive,,401671662:58:open:total,401671662,,2.3359212614636355,44.49115899806273,1,21.0,27.0,loss,-1.0,2024,3,SEA,MIA,-1.0,true,true,true,false,espn_archived_open,espn_archived_open,provider_labeled_open_close,true,espn_archived_close,,41.5,-105
moneyline,away,,260,3.6,0.4511332076227461,0.2777777777777778,0.267175572519084,0.1839576351036621,0.6240795474418861,ESPN BET,2024_03_NE_NYJ,espn_archive,,401671808:58:open:moneyline,401671808,,1.306314691443088,39.9828992147697,1,21.0,27.0,loss,-1.0,2024,3,NYJ,NE,0.008686496446433212,true,true,true,false,espn_archived_open,espn_archived_open,provider_labeled_open_close,true,espn_archived_close,,,250
spread,away,7.0,-120,1.8333333333333335,0.652041466576992,0.5454545454545454,0.5217391304347826,0.13030233614220943,0.19540935539115223,ESPN BET,2024_03_NE_NYJ,espn_archive,,401671808:58:open:spread,401671808,,1.306314691443088,39.9828992147697,1,21.0,27.0,loss,-1.0,2024,3,NYJ,NE,0.5,true,true,true,false,espn_archived_open,espn_archived_open,provider_labeled_open_close,true,espn_archived_close,,6.5,-105
total,under,40.5,-120,1.8333333333333335,0.5240478169787428,0.5454545454545454,0.5217391304347826,0.0023086865439602144,-0.03924566887230474,ESPN BET,2024_03_NE_NYJ,espn_archive,,401671808:58:open:total,401671808,,1.306314691443088,39.9828992147697,1,21.0,27.0,win,0.8333333333333335,2024,3,NYJ,NE,1.0,true,true,true,false,espn_archived_open,espn_archived_open,provider_labeled_open_close,true,espn_archived_close,,39.5,-110
moneyline,away,,270,3.7,0.3699177307289704,0.27027027027027023,0.2591283863368669,0.11078934439210347,0.36869560369719045,ESPN BET,2024_03_NYG_CLE,espn_archive,,401671855:58:open:moneyline,401671855,,4.158344230237283,40.918992402084015,1,-6.0,36.0,win,2.7,2024,3,CLE,NYG,0.040709539108838066,true,true,true,false,espn_archived_open,espn_archived_open,provider_labeled_open_close,true,espn_archived_close,,,220
spread,away,7.0,-120,1.8333333333333335,0.5720381191476979,0.5454545454545454,0.5217391304347826,0.05029898871291527,0.0487365517707794,ESPN BET,2024_03_NYG_CLE,espn_archive,,401671855:58:open:spread,401671855,,4.158344230237283,40.918992402084015,1,-6.0,36.0,win,0.8333333333333335,2024,3,CLE,NYG,0.5,true,true,true,false,espn_archived_open,espn_archived_open,provider_labeled_open_close,true,espn_archived_close,,6.5,-115
total,over,38.5,-115,1.8695652173913042,0.5637423208133192,0.5348837209302326,0.5108342361863489,0.052908084626970275,0.053953034564031555,ESPN BET,2024_03_NYG_CLE,espn_archive,,401671855:58:open:total,401671855,,4.158344230237283,40.918992402084015,1,-6.0,36.0,loss,-1.0,2024,3,CLE,NYG,-1.0,true,true,true,false,espn_archived_open,espn_archived_open,provider_labeled_open_close,true,espn_archived_close,,37.5,-115
moneyline,home,,110,2.1,0.6996427331621247,0.47619047619047616,0.4572564612326044,0.24238627192952028,0.4692497396404618,ESPN BET,2024_03_PHI_NO,espn_archive,,401671736:58:open:moneyline,401671736,,6.7654672104852835,48.72700482355042,1,-3.0,27.0,loss,-1.0,2024,3,NO,PHI,0.11385951250918996,true,true,true,false,espn_archived_open,espn_archived_open,provider_labeled_open_close,true,espn_archived_close,,,-145
spread,home,2.5,-105,1.9523809523809523,0.7601592528783059,0.5121951219512195,0.4891657638136511,0.27099348906465476,0.48412044609574,ESPN BET,2024_03_PHI_NO,espn_archive,,401671736:58:open:spread,401671736,,6.7654672104852835,48.72700482355042,1,-3.0,27.0,loss,-1.0,2024,3,NO,PHI,5.0,true,true,true,false,espn_archived_open,espn_archived_open,provider_labeled_open_close,true,espn_archived_close,,-2.5,-120
total,under,48.5,-110,1.9090909090909092,0.5017403429619487,0.5238095238095238,0.5,0.0017403429619486932,-0.04213207252718887,ESPN BET,2024_03_PHI_NO,espn_archive,,401671736:58:open:total,401671736,,6.7654672104852835,48.72700482355042,1,-3.0,27.0,win,0.9090909090909092,2024,3,NO,PHI,0.0,true,true,true,false,espn_archived_open,espn_archived_open,provider_labeled_open_close,true,espn_archived_close,,48.5,-105
moneyline,home,,280,3.8,0.4127787376338977,0.2631578947368421,0.2528089887640449,0.15996974886985282,0.5685592030088114,ESPN BET,2024_03_SF_LA,espn_archive,,401671772:58:open:moneyline,401671772,,-3.3709429632026193,45.01341455353089,1,3.0,51.0,win,2.8,2024,3,LA,SF,0.04702893668166008,true,true,true,false,espn_archived_open,espn_archived_open,provider_labeled_open_close,true,espn_archived_close,,,220
spread,home,7.0,-105,1.9523809523809523,0.6153283183103428,0.5121951219512195,0.4891657638136511,0.12616255449669173,0.20135528812971693,ESPN BET,2024_03_SF_LA,espn_archive,,401671772:58:open:spread,401671772,,-3.3709429632026193,45.01341455353089,1,3.0,51.0,win,0.9523809523809523,2024,3,LA,SF,0.5,true,true,true,false,espn_archived_open,espn_archived_open,provider_labeled_open_close,true,espn_archived_close,,6.5,-115
total,under,45.5,-105,1.9523809523809523,0.5231340038402279,0.5121951219512195,0.4891657638136511,0.03396824002657678,0.02135686464044495,ESPN BET,2024_03_SF_LA,espn_archive,,401671772:58:open:total,401671772,,-3.3709429632026193,45.01341455353089,1,3.0,51.0,loss,-1.0,2024,3,LA,SF,1.0,true,true,true,false,espn_archived_open,espn_archived_open,provider_labeled_open_close,true,espn_archived_close,,44.5,-115
moneyline,away,,300,4.0,0.38182130449174245,0.25,0.24,0.14182130449174246,0.5272852179669698,ESPN BET,2024_03_WAS_CIN,espn_archive,,401671490:58:open:moneyline,401671490,,3.7308189624756203,44.587002380986476,1,-5.0,71.0,win,3.0,2024,3,CIN,WAS,-0.01064220183486242,true,true,true,false,espn_archived_open,espn_archived_open,provider_labeled_open_close,true,espn_archived_close,,,320
spread,away,7.5,-105,1.9523809523809523,0.5985609978068647,0.5121951219512195,0.4891657638136511,0.10939523399321355,0.1686190909562595,ESPN BET,2024_03_WAS_CIN,espn_archive,,401671490:58:open:spread,401671490,,3.7308189624756203,44.587002380986476,1,-5.0,71.0,win,0.9523809523809523,2024,3,CIN,WAS,0.0,true,true,true,false,espn_archived_open,espn_archived_open,provider_labeled_open_close,true,espn_archived_close,,7.5,-120
total,under,47.5,-105,1.9523809523809523,0.5950190362715124,0.5121951219512195,0.4891657638136511,0.1058532724578613,0.16170383272057176,ESPN BET,2024_03_WAS_CIN,espn_archive,,401671490:58:open:total,401671490,,3.7308189624756203,44.587002380986476,1,-5.0,71.0,loss,-1.0,2024,3,CIN,WAS,1.0,true,true,true,false,espn_archived_open,espn_archived_open,provider_labeled_open_close,true,espn_archived_close,,46.5,-110
moneyline,away,,115,2.15,0.5713976388074569,0.46511627906976744,0.447405997144217,0.12399164166323984,0.22850492343603213,ESPN BET,2024_04_BUF_BAL,espn_archive,,401671783:58:open:moneyline,401671783,,-2.8464666588020187,47.189601683590695,1,25.0,45.0,loss,-1.0,2024,4,BAL,BUF,-0.02723792991732632,true,true,true,false,espn_archived_open,espn_archived_open,provider_labeled_open_close,true,espn_archived_close,,,130
spread,away,2.5,-105,1.9523809523809523,0.6412029807531691,0.5121951219512195,0.4891657638136511,0.15203721693951794,0.25187248623237757,ESPN BET,2024_04_BUF_BAL,espn_archive,,401671783:58:open:spread,401671783,,-2.8464666588020187,47.189601683590695,1,25.0,45.0,loss,-1.0,2024,4,BAL,BUF,0.0,true,true,true,false,espn_archived_open,espn_archived_open,provider_labeled_open_close,true,espn_archived_close,,2.5,100
total,over,45.5,-110,1.9090909090909092,0.5402070372747068,0.5238095238095238,0.5,0.04020703727470676,0.03130434388807668,ESPN BET,2024_04_BUF_BAL,espn_archive,,401671783:58:open:total,401671783,,-2.8464666588020187,47.189601683590695,1,25.0,45.0,loss,-1.0,2024,4,BAL,BUF,2.0,true,true,true,false,espn_archived_open,espn_archived_open,provider_labeled_open_close,true,espn_archived_close,,47.5,-105
moneyline,home,,210,3.1,0.46557687410339554,0.3225806451612903,0.31111111111111106,0.15446576299228448,0.44328830972052624,ESPN BET,2024_04_CIN_CAR,espn_archive,,401671745:58:open:moneyline,401671745,,-1.5597535264440126,45.18559828920796,1,-10.0,58.0,loss,-1.0,2024,4,CAR,CIN,0.03240033927056829,true,true,true,false,espn_archived_open,espn_archived_open,provider_labeled_open_close,true,espn_archived_close,,,180
spread,home,5.5,100,2.0,0.6230269488575199,0.5,0.4782608695652174,0.14476607929230245,0.24605389771503972,ESPN BET,2024_04_CIN_CAR,espn_archive,,401671745:58:open:spread,401671745,,-1.5597535264440126,45.18559828920796,1,-10.0,58.0,loss,-1.0,2024,4,CAR,CIN,0.0,true,true,true,false,espn_archived_open,espn_archived_open,provider_labeled_open_close,true,espn_archived_close,,5.5,-115
total,under,44.5,-105,1.9523809523809523,0.4899224818331007,0.5121951219512195,0.4891657638136511,0.0007567180194495982,-0.04348467832585101,ESPN BET,2024_04_CIN_CAR,espn_archive,,401671745:58:open:total,401671745,,-1.5597535264440126,45.18559828920796,1,-10.0,58.0,loss,-1.0,2024,4,CAR,CIN,-3.0,true,true,true,false,espn_archived_open,espn_archived_open,provider_labeled_open_close,true,espn_archived_close,,47.5,-115
moneyline,home,,-105,1.9523809523809523,0.551537694196148,0.5121951219512195,0.4891657638136511,0.06237193038249683,0.07681168866866983,ESPN BET,2024_04_CLE_LV,espn_archive,,401671672:58:open:moneyline,401671672,,1.4106647481766537,42.560746346237636,1,4.0,36.0,win,0.9523809523809523,2024,4,LV,CLE,-0.07737731003892362,true,true,true,false,espn_archived_open,espn_archived_open,provider_labeled_open_close,true,espn_archived_close,,,135
spread,home,0.5,-105,1.9523809523809523,0.5658805258545617,0.5121951219512195,0.4891657638136511,0.0767147620409106,0.10481436000176325,ESPN BET,2024_04_CLE_LV,espn_archive,,401671672:58:open:spread,401671672,,1.4106647481766537,42.560746346237636,1,4.0,36.0,win,0.9523809523809523,2024,4,LV,CLE,-2.0,true,true,true,false,espn_archived_open,espn_archived_open,provider_labeled_open_close,true,espn_archived_close,,2.5,100
total,over,37.5,-115,1.8695652173913042,0.6387451667224994,0.5348837209302326,0.5108342361863489,0.12791093053615044,0.1941757464811944,ESPN BET,2024_04_CLE_LV,espn_archive,,401671672:58:open:total,401671672,,1.4106647481766537,42.560746346237636,1,4.0,36.0,loss,-1.0,2024,4,LV,CLE,1.0,true,true,true,false,espn_archived_open,espn_archived_open,provider_labeled_open_close,true,espn_archived_close,,38.5,-105
moneyline,home,,190,2.9,0.46379911274447205,0.3448275862068966,0.33248081841432225,0.1313182943301498,0.345017426958969,ESPN BET,2024_04_DAL_NYG,espn_archive,,401671812:58:open:moneyline,401671812,,-1.6212928595859246,43.99795750010645,1,-5.0,35.0,loss,-1.0,2024,4,NYG,DAL,-0.032642892968617276,true,true,true,false,espn_archived_open,espn_archived_open,provider_labeled_open_close,true,espn_archived_close,,,220
spread,home,5.0,-110,1.9090909090909092,0.6074266178387615,0.5238095238095238,0.5,0.1074266178387615,0.1596326340558174,ESPN BET,2024_04_DAL_NYG,espn_archive,,401671812:58:open:spread,401671812,,-1.6212928595859246,43.99795750010645,1,-5.0,35.0,push,0.0,2024,4,NYG,DAL,-0.5,true,true,true,false,espn_archived_open,espn_archived_open,provider_labeled_open_close,true,espn_archived_close,,5.5,-110
total,under,44.5,-110,1.9090909090909092,0.5256236658911455,0.5238095238095238,0.5,0.02562366589114551,0.003463362155823324,ESPN BET,2024_04_DAL_NYG,espn_archive,,401671812:58:open:total,401671812,,-1.6212928595859246,43.99795750010645,1,-5.0,35.0,win,0.9090909090909092,2024,4,NYG,DAL,0.0,true,true,true,false,espn_archived_open,espn_archived_open,provider_labeled_open_close,true,espn_archived_close,,44.5,-110
moneyline,away,,320,4.2,0.4479364880828124,0.23809523809523808,0.22935779816513757,0.21857868991767482,0.8813332499478121,ESPN BET,2024_04_DEN_NYJ,espn_archive,,401671622:58:open:moneyline,401671622,,1.4289495482996912,39.84128498673558,1,-1.0,19.0,win,3.2,2024,4,NYJ,DEN,0.017423317714690745,true,true,true,false,espn_archived_open,espn_archived_open,provider_labeled_open_close,true,espn_archived_close,,,290
spread,away,7.5,-115,1.8695652173913042,0.6606915625716624,0.5348837209302326,0.5108342361863489,0.14985732638531346,0.23520596480789058,ESPN BET,2024_04_DEN_NYJ,espn_archive,,401671622:58:open:spread,401671622,,1.4289495482996912,39.84128498673558,1,-1.0,19.0,win,0.8695652173913042,2024,4,NYJ,DEN,-1.0,true,true,true,false,espn_archived_open,espn_archived_open,provider_labeled_open_close,true,espn_archived_close,,8.5,-115
total,over,38.5,-110,1.9090909090909092,0.529771565019619,0.5238095238095238,0.5,0.029771565019618973,0.01138207867381813,ESPN BET,2024_04_DEN_NYJ,espn_archive,,401671622:58:open:total,401671622,,1.4289495482996912,39.84128498673558,1,-1.0,19.0,loss,-1.0,2024,4,NYJ,DEN,1.0,true,true,true,false,espn_archived_open,espn_archived_open,provider_labeled_open_close,true,espn_archived_close,,39.5,-115
moneyline,away,,175,2.75,0.38320955959666725,0.36363636363636365,0.34929577464788736,0.03391378494877989,0.05382628889083496,ESPN BET,2024_04_JAX_HOU,espn_archive,,401671857:58:open:moneyline,401671857,,3.7149509637803035,42.86014602723143,1,4.0,44.0,loss,-1.0,2024,4,HOU,JAX,-0.05372927218483309,true,true,true,false,espn_archived_open,espn_archived_open,provider_labeled_open_close,true,espn_archived_close,,,225
spread,away,4.5,-115,1.8695652173913042,0.5119962240934337,0.5348837209302326,0.5108342361863489,0.0011619879070847716,-0.04278966799923267,ESPN BET,2024_04_JAX_HOU,espn_archive,,401671857:58:open:spread,401671857,,3.7149509637803035,42.86014602723143,1,4.0,44.0,win,0.8695652173913042,2024,4,HOU,JAX,-1.0,true,true,true,false,espn_archived_open,espn_archived_open,provider_labeled_open_close,true,espn_archived_close,,5.5,100
total,under,45.5,-110,1.9090909090909092,0.5891827946062715,0.5238095238095238,0.5,0.08918279460627154,0.12480351697560943,ESPN BET,2024_04_JAX_HOU,espn_archive,,401671857:58:open:total,401671857,,3.7149509637803035,42.86014602723143,1,4.0,44.0,win,0.9090909090909092,2024,4,HOU,JAX,-1.0,true,true,true,false,espn_archived_open,espn_archived_open,provider_labeled_open_close,true,espn_archived_close,,46.5,-130
moneyline,home,,270,3.7,0.5545156012427941,0.27027027027027023,0.2591283863368669,0.2953872149059272,1.0517077245983382,ESPN BET,2024_04_KC_LAC,espn_archive,,401671674:58:open:moneyline,401671674,,1.5142611235435588,40.35378303533871,1,-7.0,27.0,loss,-1.0,2024,4,LAC,KC,0.016733682628650326,true,true,true,false,espn_archived_open,espn_archived_open,provider_labeled_open_close,true,espn_archived_close,,,250
spread,home,7.0,-115,1.8695652173913042,0.7408466303426565,0.5348837209302326,0.5108342361863489,0.2300123941563076,0.38506109151018375,ESPN BET,2024_04_KC_LAC,espn_archive,,401671674:58:open:spread,401671674,,1.5142611235435588,40.35378303533871,1,-7.0,27.0,push,0.0,2024,4,LAC,KC,-0.5,true,true,true,false,espn_archived_open,espn_archived_open,provider_labeled_open_close,true,espn_archived_close,,7.5,-130
total,over,39.5,-115,1.8695652173913042,0.5151333421216853,0.5348837209302326,0.5108342361863489,0.004299105935336334,-0.036924621250762346,ESPN BET,2024_04_KC_LAC,espn_archive,,401671674:58:open:total,401671674,,1.5142611235435588,40.35378303533871,1,-7.0,27.0,loss,-1.0,2024,4,LAC,KC,2.0,true,true,true,false,espn_archived_open,espn_archived_open,provider_labeled_open_close,true,espn_archived_close,,41.5,-115
moneyline,home,,-120,1.8333333333333335,0.5929249152951424,0.5454545454545454,0.5217391304347826,0.07118578486035976,0.08702901137442765,ESPN BET,2024_04_LA_CHI,espn_archive,,401671871:58:open:moneyline,401671871,,2.8622805027853246,43.08740220498267,1,6.0,42.0,win,0.8333333333333335,2024,4,CHI,LA,0.07735315398276654,true,true,true,false,espn_archived_open,espn_archived_open,provider_labeled_open_close,true,espn_archived_close,,,-165
spread,home,-1.5,-110,1.9090909090909092,0.5501458694656028,0.5238095238095238,0.5,0.050145869465602844,0.05027847807069641,ESPN BET,2024_04_LA_CHI,espn_archive,,401671871:58:open:spread,401671871,,2.8622805027853246,43.08740220498267,1,6.0,42.0,win,0.9090909090909092,2024,4,CHI,LA,2.0,true,true,true,false,espn_archived_open,espn_archived_open,provider_labeled_open_close,true,espn_archived_close,,-3.5,100
total,over,40.5,-115,1.8695652173913042,0.5669603712238576,0.5348837209302326,0.5108342361863489,0.05612613503750863,0.05996938967938581,ESPN BET,2024_04_LA_CHI,espn_archive,,401671871:58:open:total,401671871,,2.8622805027853246,43.08740220498267,1,6.0,42.0,win,0.8695652173913042,2024,4,CHI,LA,0.0,true,true,true,false,espn_archived_open,espn_archived_open,provider_labeled_open_close,true,espn_archived_close,,40.5,-115
moneyline,away,,115,2.15,0.5153032437910104,0.46511627906976744,0.447405997144217,0.06789724664679342,0.10790197415067238,ESPN BET,2024_04_MIN_GB,espn_archive,,401671643:58:open:moneyline,401671643,,-0.8991437538642977,42.04735015810657,1,-2.0,60.0,win,1.15,2024,4,GB,MIN,-0.018521970886011374,true,true,true,false,espn_archived_open,espn_archived_open,provider_labeled_open_close,true,espn_archived_close,,,125
spread,away,2.5,-105,1.9523809523809523,0.5871078625401601,0.5121951219512195,0.4891657638136511,0.097942098726509,0.14625820781650312,ESPN BET,2024_04_MIN_GB,espn_archive,,401671643:58:open:spread,401671643,,-0.8991437538642977,42.04735015810657,1,-2.0,60.0,win,0.9523809523809523,2024,4,GB,MIN,0.0,true,true,true,false,espn_archived_open,espn_archived_open,provider_labeled_open_close,true,espn_archived_close,,2.5,-110
total,under,42.5,-105,1.9523809523809523,0.5241410063315504,0.5121951219512195,0.4891657638136511,0.03497524251789924,0.023322917123502984,ESPN BET,2024_04_MIN_GB,espn_archive,,401671643:58:open:total,401671643,,-0.8991437538642977,42.04735015810657,1,-2.0,60.0,loss,-1.0,2024,4,GB,MIN,-2.0,true,true,true,false,espn_archived_open,espn_archived_open,provider_labeled_open_close,true,espn_archived_close,,44.5,-105
moneyline,away,,450,5.5,0.3243141676732093,0.18181818181818182,0.17500000000000002,0.1493141676732093,0.7837279222026512,ESPN BET,2024_04_NE_SF,espn_archive,,401671758:58:open:moneyline,401671758,,5.896697070840975,40.791572062969706,1,17.0,43.0,loss,-1.0,2024,4,SF,NE,0.0,true,true,true,false,espn_archived_open,espn_archived_open,provider_labeled_open_close,true,espn_archived_close,,,450
spread,away,10.5,-115,1.8695652173913042,0.620825803741988,0.5348837209302326,0.5108342361863489,0.1099915675556391,0.16067432873502097,ESPN BET,2024_04_NE_SF,espn_archive,,401671758:58:open:spread,401671758,,5.896697070840975,40.791572062969706,1,17.0,43.0,loss,-1.0,2024,4,SF,NE,0.0,true,true,true,false,espn_archived_open,espn_archived_open,provider_labeled_open_close,true,espn_archived_close,,10.5,-115
total,over,40.5,-105,1.9523809523809523,0.4982277255172858,0.5121951219512195,0.4891657638136511,0.009061961703634658,-0.027269678751965842,ESPN BET,2024_04_NE_SF,espn_archive,,401671758:58:open:total,401671758,,5.896697070840975,40.791572062969706,1,17.0,43.0,win,0.9523809523809523,2024,4,SF,NE,1.0,true,true,true,false,espn_archived_open,espn_archived_open,provider_labeled_open_close,true,espn_archived_close,,41.5,-115
moneyline,away,,105,2.05,0.6137905493764025,0.48780487804878053,0.4675324675324676,0.14625808184393496,0.258270626221625,ESPN BET,2024_04_NO_ATL,espn_archive,,401671727:58:open:moneyline,401671727,,-4.34967444755053,42.389263930164134,1,2.0,50.0,loss,-1.0,2024,4,ATL,NO,-0.029576263152905513,true,true,true,false,espn_archived_open,espn_archived_open,provider_labeled_open_close,true,espn_archived_close,,,120
spread,away,1.5,-110,1.9090909090909092,0.6547799492429434,0.5238095238095238,0.5,0.15477994924294336,0.25003444855471013,ESPN BET,2024_04_NO_ATL,espn_archive,,401671727:58:open:spread,401671727,,-4.34967444755053,42.389263930164134,1,2.0,50.0,loss,-1.0,2024,4,ATL,NO,-1.0,true,true,true,false,espn_archived_open,espn_archived_open,provider_labeled_open_close,true,espn_archived_close,,2.5,-105
total,under,43.5,-105,1.9523809523809523,0.5438598591253839,0.5121951219512195,0.4891657638136511,0.054694095311732804,0.0618216297209877,ESPN BET,2024_04_NO_ATL,espn_archive,,401671727:58:open:total,401671727,,-4.34967444755053,42.389263930164134,1,2.0,50.0,loss,-1.0,2024,4,ATL,NO,1.0,true,true,true,false,espn_archived_open,espn_archived_open,provider_labeled_open_close,true,espn_archived_close,,42.5,-105
moneyline,home,,110,2.1,0.5356778574694194,0.47619047619047616,0.4572564612326044,0.07842139623681504,0.12492350068578095,ESPN BET,2024_04_PHI_TB,espn_archive,,401671740:58:open:moneyline,401671740,,0.8604825977966044,43.27800215159833,1,17.0,49.0,win,1.1,2024,4,TB,PHI,0.021004408332613023,true,true,true,false,espn_archived_open,espn_archived_open,provider_labeled_open_close,true,espn_archived_close,,,100
spread,home,2.5,-110,1.9090909090909092,0.606917259742755,0.5238095238095238,0.5,0.10691725974275501,0.15866022314525963,ESPN BET,2024_04_PHI_TB,espn_archive,,401671740:58:open:spread,401671740,,0.8604825977966044,43.27800215159833,1,17.0,49.0,win,0.9090909090909092,2024,4,TB,PHI,2.0,true,true,true,false,espn_archived_open,espn_archived_open,provider_labeled_open_close,true,espn_archived_close,,0.5,-105
total,under,46.5,-110,1.9090909090909092,0.6061626199485007,0.5238095238095238,0.5,0.10616261994850074,0.15721954717441045,ESPN BET,2024_04_PHI_TB,espn_archive,,401671740:58:open:total,401671740,,0.8604825977966044,43.27800215159833,1,17.0,49.0,loss,-1.0,2024,4,TB,PHI,3.0,true,true,true,false,espn_archived_open,espn_archived_open,provider_labeled_open_close,true,espn_archived_close,,43.5,-120
moneyline,home,,100,2.0,0.48091975984658186,0.5,0.4782608695652174,0.0026588902813644566,-0.038160480306836275,ESPN BET,2024_04_PIT_IND,espn_archive,,401671867:58:open:moneyline,401671867,,-1.0294979158721596,38.336917795708956,1,3.0,51.0,win,1.0,2024,4,IND,PIT,-0.04937684330701175,true,true,true,false,espn_archived_open,espn_archived_open,provider_labeled_open_close,true,espn_archived_close,,,125
spread,home,1.5,-115,1.8695652173913042,0.5244001317730195,0.5348837209302326,0.5108342361863489,0.01356589558667054,-0.019599753641746265,ESPN BET,2024_04_PIT_IND,espn_archive,,401671867:58:open:spread,401671867,,-1.0294979158721596,38.336917795708956,1,3.0,51.0,win,0.8695652173913042,2024,4,IND,PIT,-1.0,true,true,true,false,espn_archived_open,espn_archived_open,provider_labeled_open_close,true,espn_archived_close,,2.5,-105
total,under,39.5,-110,1.9090909090909092,0.5454243712995069,0.5238095238095238,0.5,0.04542437129950694,0.041264708844513276,ESPN BET,2024_04_PIT_IND,espn_archive,,401671867:58:open:total,401671867,,-1.0294979158721596,38.336917795708956,1,3.0,51.0,loss,-1.0,2024,4,IND,PIT,-1.0,true,true,true,false,espn_archived_open,espn_archived_open,provider_labeled_open_close,true,espn_archived_close,,40.5,-105
moneyline,away,,175,2.75,0.4572059701839044,0.36363636363636365,0.34929577464788736,0.10791019553601705,0.257316418005737,ESPN BET,2024_04_SEA_DET,espn_archive,,401671491:58:open:moneyline,401671491,,1.1070483720323558,42.26184048391555,1,13.0,71.0,loss,-1.0,2024,4,DET,SEA,-0.0057843242662080074,true,true,true,false,espn_archived_open,espn_archived_open,provider_labeled_open_close,true,espn_archived_close,,,180
spread,away,4.5,-110,1.9090909090909092,0.5869325683646659,0.5238095238095238,0.5,0.0869325683646659,0.1205076305143622,ESPN BET,2024_04_SEA_DET,espn_archive,,401671491:58:open:spread,401671491,,1.1070483720323558,42.26184048391555,1,13.0,71.0,loss,-1.0,2024,4,DET,SEA,0.0,true,true,true,false,espn_archived_open,espn_archived_open,provider_labeled_open_close,true,espn_archived_close,,4.5,-115
total,under,48.5,-110,1.9090909090909092,0.6903068824873014,0.5238095238095238,0.5,0.19030688248730143,0.31785859383939363,ESPN BET,2024_04_SEA_DET,espn_archive,,401671491:58:open:total,401671491,,1.1070483720323558,42.26184048391555,1,13.0,71.0,loss,-1.0,2024,4,DET,SEA,1.0,true,true,true,false,espn_archived_open,espn_archived_open,provider_labeled_open_close,true,espn_archived_close,,47.5,-115
moneyline,home,,-105,1.9523809523809523,0.5808059864733788,0.5121951219512195,0.4891657638136511,0.09164022265972765,0.1339545450194537,ESPN BET,2024_04_TEN_MIA,espn_archive,,401671683:58:open:moneyline,401671683,,2.434207520513141,41.60622300144982,1,-19.0,43.0,loss,-1.0,2024,4,MIA,TEN,0.09904578241162149,true,true,true,false,espn_archived_open,espn_archived_open,provider_labeled_open_close,true,espn_archived_close,,,-155
spread,home,0.5,-105,1.9523809523809523,0.5949528329949518,0.5121951219512195,0.4891657638136511,0.10578706918130071,0.16157457870442982,ESPN BET,2024_04_TEN_MIA,espn_archive,,401671683:58:open:spread,401671683,,2.434207520513141,41.60622300144982,1,-19.0,43.0,loss,-1.0,2024,4,MIA,TEN,3.0,true,true,true,false,espn_archived_open,espn_archived_open,provider_labeled_open_close,true,espn_archived_close,,-2.5,-125
total,over,36.5,-125,1.8,0.6400285784636012,0.5555555555555556,0.5324675324675325,0.10756104599606864,0.15205144123448222,ESPN BET,2024_04_TEN_MIA,espn_archive,,401671683:58:open:total,401671683,,2.434207520513141,41.60622300144982,1,-19.0,43.0,win,0.8,2024,4,MIA,TEN,1.0,true,true,true,false,espn_archived_open,espn_archived_open,provider_labeled_open_close,true,espn_archived_close,,37.5,-105
moneyline,away,,195,2.95,0.3598066336353075,0.3389830508474576,0.32721864154685176,0.03258799208845575,0.06142956922415732,ESPN BET,2024_04_WAS_ARI,espn_archive,,401671755:58:open:moneyline,401671755,,4.566617379651639,48.29741672563359,1,-28.0,56.0,win,1.9500000000000002,2024,4,ARI,WAS,0.06608070295424073,true,true,true,false,espn_archived_open,espn_archived_open,provider_labeled_open_close,true,espn_archived_close,,,145
spread,away,5.5,-110,1.9090909090909092,0.5162954576933586,0.5238095238095238,0.5,0.016295457693358606,-0.014345035312678944,ESPN BET,2024_04_WAS_ARI,espn_archive,,401671755:58:open:spread,401671755,,4.566617379651639,48.29741672563359,1,-28.0,56.0,win,0.9090909090909092,2024,4,ARI,WAS,2.0,true,true,true,false,espn_archived_open,espn_archived_open,provider_labeled_open_close,true,espn_archived_close,,3.5,-120
total,under,49.5,-110,1.9090909090909092,0.5466045074104691,0.5238095238095238,0.5,0.046604507410469065,0.04351769596544108,ESPN BET,2024_04_WAS_ARI,espn_archive,,401671755:58:open:total,401671755,,4.566617379651639,48.29741672563359,1,-28.0,56.0,loss,-1.0,2024,4,ARI,WAS,1.0,true,true,true,false,espn_archived_open,espn_archived_open,provider_labeled_open_close,true,espn_archived_close,,48.5,-110
moneyline,away,,300,4.0,0.3169926010641557,0.25,0.24,0.07699260106415573,0.2679704042566229,ESPN BET,2024_05_ARI_SF,espn_archive,,401671756:58:open:moneyline,401671756,,6.1807566240141085,46.50701746748327,1,-1.0,47.0,win,3.0,2024,5,SF,ARI,0.027175572519084035,true,true,true,false,espn_archived_open,espn_archived_open,provider_labeled_open_close,true,espn_archived_close,,,260
spread,away,7.5,-105,1.9523809523809523,0.527500371060846,0.5121951219512195,0.4891657638136511,0.038334607247194896,0.029881676833080295,ESPN BET,2024_05_ARI_SF,espn_archive,,401671756:58:open:spread,401671756,,6.1807566240141085,46.50701746748327,1,-1.0,47.0,win,0.9523809523809523,2024,5,SF,ARI,0.0,true,true,true,false,espn_archived_open,espn_archived_open,provider_labeled_open_close,true,espn_archived_close,,7.5,-115
total,under,48.5,-105,1.9523809523809523,0.5658922482898578,0.5121951219512195,0.4891657638136511,0.07672648447620672,0.1048372466611509,ESPN BET,2024_05_ARI_SF,espn_archive,,401671756:58:open:total,401671756,,6.1807566240141085,46.50701746748327,1,-1.0,47.0,win,0.9523809523809523,2024,5,SF,ARI,0.0,true,true,true,false,espn_archived_open,espn_archived_open,provider_labeled_open_close,true,espn_archived_close,,48.5,-115
moneyline,home,,130,2.3,0.45057143549247014,0.4347826086956522,0.4201680672268907,0.030403368265579434,0.036314301632681234,ESPN BET,2024_05_BAL_CIN,espn_archive,,401671626:58:open:moneyline,401671626,,-2.079129614031462,47.10174049927164,1,-3.0,79.0,loss,-1.0,2024,5,CIN,BAL,0.017788137152671357,true,true,true,false,espn_archived_open,espn_archived_open,provider_labeled_open_close,true,espn_archived_close,,,120
spread,home,3.0,-110,1.9090909090909092,0.5373768988758345,0.5238095238095238,0.5,0.03737689887583451,0.025901352399320565,ESPN BET,2024_05_BAL_CIN,espn_archive,,401671626:58:open:spread,401671626,,-2.079129614031462,47.10174049927164,1,-3.0,79.0,push,0.0,2024,5,CIN,BAL,0.5,true,true,true,false,espn_archived_open,espn_archived_open,provider_labeled_open_close,true,espn_archived_close,,2.5,-115
total,under,50.5,100,2.0,0.6072833088998296,0.5,0.4782608695652174,0.12902243933461222,0.21456661779965924,ESPN BET,2024_05_BAL_CIN,espn_archive,,401671626:58:open:total,401671626,,-2.079129614031462,47.10174049927164,1,-3.0,79.0,loss,-1.0,2024,5,CIN,BAL,3.0,true,true,true,false,espn_archived_open,espn_archived_open,provider_labeled_open_close,true,espn_archived_close,,47.5,-110
moneyline,away,,-115,1.8695652173913042,0.5657202870192592,0.5348837209302326,0.5108342361863489,0.054886050832910316,0.05765097138383246,ESPN BET,2024_05_BUF_HOU,espn_archive,,401671859:58:open:moneyline,401671859,,-2.6469592597617684,45.84569248941304,1,3.0,43.0,loss,-1.0,2024,5,HOU,BUF,-0.03906626986592748,true,true,true,false,espn_archived_open,espn_archived_open,provider_labeled_open_close,true,espn_archived_close,,,103
spread,away,-1.0,-110,1.9090909090909092,0.5369714965794653,0.5238095238095238,0.5,0.0369714965794653,0.025127402560797485,ESPN BET,2024_05_BUF_HOU,espn_archive,,401671859:58:open:spread,401671859,,-2.6469592597617684,45.84569248941304,1,3.0,43.0,loss,-1.0,2024,5,HOU,BUF,-2.5,true,true,true,false,espn_archived_open,espn_archived_open,provider_labeled_open_close,true,espn_archived_close,,1.5,-110
total,under,46.5,-110,1.9090909090909092,0.5257715893869371,0.5238095238095238,0.5,0.025771589386937133,0.0037457615568801117,ESPN BET,2024_05_BUF_HOU,espn_archive,,401671859:58:open:total,401671859,,-2.6469592597617684,45.84569248941304,1,3.0,43.0,win,0.9090909090909092,2024,5,HOU,BUF,-1.0,true,true,true,false,espn_archived_open,espn_archived_open,provider_labeled_open_close,true,espn_archived_close,,47.5,-105
moneyline,home,,-230,1.434782608695652,0.69203048475241,0.696969696969697,0.6727813584531482,0.019249126299261787,-0.007086695790020414,ESPN BET,2024_05_CAR_CHI,espn_archive,,401671872:58:open:moneyline,401671872,,6.531448268601316,43.08004271142032,1,26.0,46.0,win,0.4347826086956521,2024,5,CHI,CAR,-0.029924215596005332,true,true,true,false,espn_archived_open,espn_archived_open,provider_labeled_open_close,true,espn_archived_close,,,-200
spread,home,-5.5,-110,1.9090909090909092,0.5405678751517526,0.5238095238095238,0.5,0.04056787515175264,0.03199321619880058,ESPN BET,2024_05_CAR_CHI,espn_archive,,401671872:58:open:spread,401671872,,6.531448268601316,43.08004271142032,1,26.0,46.0,win,0.9090909090909092,2024,5,CHI,CAR,-2.0,true,true,true,false,espn_archived_open,espn_archived_open,provider_labeled_open_close,true,espn_archived_close,,-3.5,-115
total,under,43.5,100,2.0,0.5187092899480419,0.5,0.4782608695652174,0.04044842038282448,0.03741857989608377,ESPN BET,2024_05_CAR_CHI,espn_archive,,401671872:58:open:total,401671872,,6.531448268601316,43.08004271142032,1,26.0,46.0,loss,-1.0,2024,5,CHI,CAR,4.0,true,true,true,false,espn_archived_open,espn_archived_open,provider_labeled_open_close,true,espn_archived_close,,39.5,-105
moneyline,away,,165,2.65,0.39240906599506287,0.37735849056603776,0.36341238065906994,0.028996685335992922,0.03988402488691656,ESPN BET,2024_05_CLE_WAS,espn_archive,,401671718:58:open:moneyline,401671718,,3.3866637901456187,46.48377958956291,1,21.0,47.0,loss,-1.0,2024,5,WAS,CLE,0.04837607311565756,true,true,true,false,espn_archived_open,espn_archived_open,provider_labeled_open_close,true,espn_archived_close,,,135
spread,home,-3.5,-110,1.9090909090909092,0.5074436485008313,0.5238095238095238,0.5,0.007443648500831346,-0.031243943771140148,ESPN BET,2024_05_CLE_WAS,espn_archive,,401671718:58:open:spread,401671718,,3.3866637901456187,46.48377958956291,1,21.0,47.0,win,0.9090909090909092,2024,5,WAS,CLE,0.0,true,true,true,false,espn_archived_open,espn_archived_open,provider_labeled_open_close,true,espn_archived_close,,-3.5,105
total,over,43.5,-110,1.9090909090909092,0.5834017705650494,0.5238095238095238,0.5,0.08340177056504938,0.11376701653327603,ESPN BET,2024_05_CLE_WAS,espn_archive,,401671718:58:open:total,401671718,,3.3866637901456187,46.48377958956291,1,21.0,47.0,win,0.9090909090909092,2024,5,WAS,CLE,0.0,true,true,true,false,espn_archived_open,espn_archived_open,provider_labeled_open_close,true,espn_archived_close,,43.5,-110
moneyline,home,,-125,1.8,0.5757369213425034,0.5555555555555556,0.5324675324675325,0.04326938887497089,0.03632645841650617,ESPN BET,2024_05_DAL_PIT,espn_archive,,401671784:58:open:moneyline,401671784,,2.2578196263084465,42.42762412420797,1,-3.0,37.0,loss,-1.0,2024,5,PIT,DAL,0.029576263152905402,true,true,true,false,espn_archived_open,espn_archived_open,provider_labeled_open_close,true,espn_archived_close,,,-140
spread,home,-2.0,-115,1.8695652173913042,0.5181997308515085,0.5348837209302326,0.5108342361863489,0.0073654946651595665,-0.031191807538484162,ESPN BET,2024_05_DAL_PIT,espn_archive,,401671784:58:open:spread,401671784,,2.2578196263084465,42.42762412420797,1,-3.0,37.0,loss,-1.0,2024,5,PIT,DAL,0.5,true,true,true,false,espn_archived_open,espn_archived_open,provider_labeled_open_close,true,espn_archived_close,,-2.5,-115
total,over,41.5,-110,1.9090909090909092,0.5219467821337911,0.5238095238095238,0.5,0.021946782133791087,-0.003556143199126116,ESPN BET,2024_05_DAL_PIT,espn_archive,,401671784:58:open:total,401671784,,2.2578196263084465,42.42762412420797,1,-3.0,37.0,loss,-1.0,2024,5,PIT,DAL,3.0,true,true,true,false,espn_archived_open,espn_archived_open,provider_labeled_open_close,true,espn_archived_close,,44.5,-105
moneyline,home,,155,2.55,0.4497809566036184,0.3921568627450981,0.3766105054509415,0.0731704511526769,0.14694143933922676,ESPN BET,2024_05_GB_LA,espn_archive,,401671679:58:open:moneyline,401671679,,-2.10660600122176,45.88550068201404,1,-5.0,43.0,loss,-1.0,2024,5,LA,GB,0.05227352080726416,true,true,true,false,espn_archived_open,espn_archived_open,provider_labeled_open_close,true,espn_archived_close,,,125
spread,home,3.5,-110,1.9090909090909092,0.5509933016187708,0.5238095238095238,0.5,0.0509933016187708,0.051896303090380735,ESPN BET,2024_05_GB_LA,espn_archive,,401671679:58:open:spread,401671679,,-2.10660600122176,45.88550068201404,1,-5.0,43.0,loss,-1.0,2024,5,LA,GB,1.0,true,true,true,false,espn_archived_open,espn_archived_open,provider_labeled_open_close,true,espn_archived_close,,2.5,102
total,under,47.5,-115,1.8695652173913042,0.554599411510909,0.5348837209302326,0.5108342361863489,0.043765175324560035,0.03685976934648183,ESPN BET,2024_05_GB_LA,espn_archive,,401671679:58:open:total,401671679,,-2.10660600122176,45.88550068201404,1,-5.0,43.0,win,0.8695652173913042,2024,5,LA,GB,-2.0,true,true,true,false,espn_archived_open,espn_archived_open,provider_labeled_open_close,true,espn_archived_close,,49.5,-105
moneyline,away,,140,2.4,0.5319379861148585,0.4166666666666667,0.4009077155824508,0.13103027053240773,0.27665116667566036,ESPN BET,2024_05_IND_JAX,espn_archive,,401671633:58:open:moneyline,401671633,,-1.4727134842944487,43.6206692763583,1,3.0,71.0,loss,-1.0,2024,5,JAX,IND,-0.04376485843959366,true,true,true,false,espn_archived_open,espn_archived_open,provider_labeled_open_close,true,espn_archived_close,,,170
spread,away,3.0,-105,1.9523809523809523,0.6172200046566587,0.5121951219512195,0.4891657638136511,0.1280542408430076,0.2050485805201432,ESPN BET,2024_05_IND_JAX,espn_archive,,401671633:58:open:spread,401671633,,-1.4727134842944487,43.6206692763583,1,3.0,71.0,push,0.0,2024,5,JAX,IND,-0.5,true,true,true,false,espn_archived_open,espn_archived_open,provider_labeled_open_close,true,espn_archived_close,,3.5,-110
total,under,45.5,-105,1.9523809523809523,0.5625064229341976,0.5121951219512195,0.4891657638136511,0.07334065912054649,0.09822682572867159,ESPN BET,2024_05_IND_JAX,espn_archive,,401671633:58:open:total,401671633,,-1.4727134842944487,43.6206692763583,1,3.0,71.0,loss,-1.0,2024,5,JAX,IND,1.0,true,true,true,false,espn_archived_open,espn_archived_open,provider_labeled_open_close,true,espn_archived_close,,44.5,-115
moneyline,home,,-130,1.7692307692307692,0.6206441247457278,0.5652173913043479,0.5427435387673957,0.07790058597833216,0.09806268224244152,ESPN BET,2024_05_LV_DEN,espn_archive,,401671747:58:open:moneyline,401671747,,3.856207946303531,39.84247610437434,1,16.0,52.0,win,0.7692307692307692,2024,5,DEN,LV,0.03708839400571351,true,true,true,false,espn_archived_open,espn_archived_open,provider_labeled_open_close,true,espn_archived_close,,,-150
spread,home,-1.5,-110,1.9090909090909092,0.578536270019401,0.5238095238095238,0.5,0.078536270019401,0.10447833367340187,ESPN BET,2024_05_LV_DEN,espn_archive,,401671747:58:open:spread,401671747,,3.856207946303531,39.84247610437434,1,16.0,52.0,win,0.9090909090909092,2024,5,DEN,LV,1.0,true,true,true,false,espn_archived_open,espn_archived_open,provider_labeled_open_close,true,espn_archived_close,,-2.5,-120
total,over,37.5,100,2.0,0.5643802912479663,0.5,0.4782608695652174,0.08611942168274889,0.12876058249593259,ESPN BET,2024_05_LV_DEN,espn_archive,,401671747:58:open:total,401671747,,3.856207946303531,39.84247610437434,1,16.0,52.0,win,1.0,2024,5,DEN,LV,-2.0,true,true,true,false,espn_archived_open,espn_archived_open,provider_labeled_open_close,true,espn_archived_close,,35.5,-115
moneyline,home,,-105,1.9523809523809523,0.5816979709427088,0.5121951219512195,0.4891657638136511,0.09253220712905769,0.13569603850719325,ESPN BET,2024_05_MIA_NE,espn_archive,,401671700:58:open:moneyline,401671700,,2.4674999847016927,38.7416067603275,1,-5.0,25.0,loss,-1.0,2024,5,NE,MIA,-0.03190930258104674,true,true,true,false,espn_archived_open,espn_archived_open,provider_labeled_open_close,true,espn_archived_close,,,110
spread,home,0.5,-105,1.9523809523809523,0.5958346447613276,0.5121951219512195,0.4891657638136511,0.10666888094767651,0.16329621120068727,ESPN BET,2024_05_MIA_NE,espn_archive,,401671700:58:open:spread,401671700,,2.4674999847016927,38.7416067603275,1,-5.0,25.0,loss,-1.0,2024,5,NE,MIA,-2.0,true,true,true,false,espn_archived_open,espn_archived_open,provider_labeled_open_close,true,espn_archived_close,,2.5,-115
total,over,36.5,-110,1.9090909090909092,0.5613736548403625,0.5238095238095238,0.5,0.0613736548403625,0.07171334105887395,ESPN BET,2024_05_MIA_NE,espn_archive,,401671700:58:open:total,401671700,,2.4674999847016927,38.7416067603275,1,-5.0,25.0,loss,-1.0,2024,5,NE,MIA,0.0,true,true,true,false,espn_archived_open,espn_archived_open,provider_labeled_open_close,true,espn_archived_close,,36.5,-120
moneyline,away,,190,2.9,0.5007063291631436,0.3448275862068966,0.33248081841432225,0.16822551074882136,0.45204835457311643,ESPN BET,2024_05_NO_KC,espn_archive,,401671687:58:open:moneyline,401671687,,-0.3944253457104061,43.6705779633064,1,13.0,39.0,loss,-1.0,2024,5,KC,NO,-0.005262176867470492,true,true,true,false,espn_archived_open,espn_archived_open,provider_labeled_open_close,true,espn_archived_close,,,195
spread,away,5.0,-110,1.9090909090909092,0.6425111844512233,0.5238095238095238,0.5,0.14251118445122335,0.22661226122506273,ESPN BET,2024_05_NO_KC,espn_archive,,401671687:58:open:spread,401671687,,-0.3944253457104061,43.6705779633064,1,13.0,39.0,loss,-1.0,2024,5,KC,NO,-0.5,true,true,true,false,espn_archived_open,espn_archived_open,provider_labeled_open_close,true,espn_archived_close,,5.5,-120
total,over,42.5,-120,1.8333333333333335,0.5292646382822003,0.5454545454545454,0.5217391304347826,0.007525507847417678,-0.02968149648263274,ESPN BET,2024_05_NO_KC,espn_archive,,401671687:58:open:total,401671687,,-0.3944253457104061,43.6705779633064,1,13.0,39.0,loss,-1.0,2024,5,KC,NO,1.0,true,true,true,false,espn_archived_open,espn_archived_open,provider_labeled_open_close,true,espn_archived_close,,43.5,-105
moneyline,away,,210,3.1,0.3541076488075261,0.3225806451612903,0.31111111111111106,0.04299653769641504,0.09773371130333097,ESPN BET,2024_05_NYG_SEA,espn_archive,,401671680:58:open:moneyline,401671680,,4.779151497060198,41.678627827758056,1,-9.0,49.0,win,2.1,2024,5,SEA,NYG,-0.058302122347066165,true,true,true,false,espn_archived_open,espn_archived_open,provider_labeled_open_close,true,espn_archived_close,,,280
spread,away,5.5,-110,1.9090909090909092,0.5101701348324679,0.5238095238095238,0.5,0.01017013483246787,-0.02603883350165226,ESPN BET,2024_05_NYG_SEA,espn_archive,,401671680:58:open:spread,401671680,,4.779151497060198,41.678627827758056,1,-9.0,49.0,win,0.9090909090909092,2024,5,SEA,NYG,-2.0,true,true,true,false,espn_archived_open,espn_archived_open,provider_labeled_open_close,true,espn_archived_close,,7.5,-125
total,under,41.5,-110,1.9090909090909092,0.5006490729933343,0.5238095238095238,0.5,0.0006490729933342765,-0.0442154061036345,ESPN BET,2024_05_NYG_SEA,espn_archive,,401671680:58:open:total,401671680,,4.779151497060198,41.678627827758056,1,-9.0,49.0,loss,-1.0,2024,5,SEA,NYG,0.0,true,true,true,false,espn_archived_open,espn_archived_open,provider_labeled_open_close,true,espn_archived_close,,41.5,-105
moneyline,home,,-130,1.7692307692307692,0.6683654953011362,0.5652173913043479,0.5427435387673957,0.12562195653374053,0.18249279937893315,ESPN BET,2024_05_NYJ_MIN,espn_archive,,401671804:58:open:moneyline,401671804,,5.620493460949383,40.296197332399004,1,6.0,40.0,win,0.7692307692307692,2024,5,MIN,NYJ,0.019300256853042264,true,true,true,false,espn_archived_open,espn_archived_open,provider_labeled_open_close,true,espn_archived_close,,,-140
spread,home,-2.5,-110,1.9090909090909092,0.600136300996488,0.5238095238095238,0.5,0.10013630099648796,0.1457147564478407,ESPN BET,2024_05_NYJ_MIN,espn_archive,,401671804:58:open:spread,401671804,,5.620493460949383,40.296197332399004,1,6.0,40.0,win,0.9090909090909092,2024,5,MIN,NYJ,0.0,true,true,true,false,espn_archived_open,espn_archived_open,provider_labeled_open_close,true,espn_archived_close,,-2.5,-105
total,under,41.5,-110,1.9090909090909092,0.5422953927455427,0.5238095238095238,0.5,0.042295392745542726,0.03529120433239985,ESPN BET,2024_05_NYJ_MIN,espn_archive,,401671804:58:open:total,401671804,,5.620493460949383,40.296197332399004,1,6.0,40.0,win,0.9090909090909092,2024,5,MIN,NYJ,-1.0,true,true,true,false,espn_archived_open,espn_archived_open,provider_labeled_open_close,true,espn_archived_close,,42.5,-110
moneyline,away,,125,2.25,0.5070944327659973,0.4444444444444444,0.42888402625820565,0.07821040650779165,0.14096247372349402,ESPN BET,2024_05_TB_ATL,espn_archive,,401671815:58:open:moneyline,401671815,,-0.6147494198942915,41.374376511512196,1,6.0,66.0,loss,-1.0,2024,5,ATL,TB,0.0,true,true,true,false,espn_archived_open,espn_archived_open,provider_labeled_open_close,true,espn_archived_close,,,125
spread,away,2.5,-110,1.9090909090909092,0.5790596413119277,0.5238095238095238,0.5,0.07905964131192766,0.10547749705004383,ESPN BET,2024_05_TB_ATL,espn_archive,,401671815:58:open:spread,401671815,,-0.6147494198942915,41.374376511512196,1,6.0,66.0,loss,-1.0,2024,5,ATL,TB,0.0,true,true,true,false,espn_archived_open,espn_archived_open,provider_labeled_open_close,true,espn_archived_close,,2.5,-105
total,under,42.5,100,2.0,0.5399482627846621,0.5,0.4782608695652174,0.06168739321944472,0.07989652556932425,ESPN BET,2024_05_TB_ATL,espn_archive,,401671815:58:open:total,401671815,,-0.6147494198942915,41.374376511512196,1,6.0,66.0,loss,-1.0,2024,5,ATL,TB,-1.0,true,true,true,false,espn_archived_open,espn_archived_open,provider_labeled_open_close,true,espn_archived_close,,43.5,-115
moneyline,away,,195,2.95,0.3441316034201398,0.3389830508474576,0.32721864154685176,0.016912961873288057,0.015188230089412613,ESPN BET,2024_06_ARI_GB,espn_archive,,401671722:58:open:moneyline,401671722,,4.992260212798726,46.385823429286354,1,21.0,47.0,loss,-1.0,2024,6,GB,ARI,-0.035807598602066504,true,true,true,false,espn_archived_open,espn_archived_open,provider_labeled_open_close,true,espn_archived_close,,,230
spread,away,5.5,-110,1.9090909090909092,0.5009310197183687,0.5238095238095238,0.5,0.0009310197183687308,-0.04367714417402324,ESPN BET,2024_06_ARI_GB,espn_archive,,401671722:58:open:spread,401671722,,4.992260212798726,46.385823429286354,1,21.0,47.0,loss,-1.0,2024,6,GB,ARI,-1.0,true,true,true,false,espn_archived_open,espn_archived_open,provider_labeled_open_close,true,espn_archived_close,,6.5,-115
total,under,49.5,-105,1.9523809523809523,0.5919752762571958,0.5121951219512195,0.4891657638136511,0.10280951244354469,0.15576125364500126,ESPN BET,2024_06_ARI_GB,espn_archive,,401671722:58:open:total,401671722,,4.992260212798726,46.385823429286354,1,21.0,47.0,win,0.9523809523809523,2024,6,GB,ARI,3.0,true,true,true,false,espn_archived_open,espn_archived_open,provider_labeled_open_close,true,espn_archived_close,,46.5,-115
moneyline,home,,190,2.9,0.3980274433756661,0.3448275862068966,0.33248081841432225,0.06554662496134384,0.15427958578943168,ESPN BET,2024_06_ATL_CAR,espn_archive,,401671769:58:open:moneyline,401671769,,-3.9984703069965697,45.447911973964494,1,-18.0,58.0,loss,-1.0,2024,6,CAR,ATL,-0.032642892968617276,true,true,true,false,espn_archived_open,espn_archived_open,provider_labeled_open_close,true,espn_archived_close,,,220
spread,home,4.5,-110,1.9090909090909092,0.5285870557651366,0.5238095238095238,0.5,0.02858705576513665,0.009120742824351824,ESPN BET,2024_06_ATL_CAR,espn_archive,,401671769:58:open:spread,401671769,,-3.9984703069965697,45.447911973964494,1,-18.0,58.0,loss,-1.0,2024,6,CAR,ATL,-2.0,true,true,true,false,espn_archived_open,espn_archived_open,provider_labeled_open_close,true,espn_archived_close,,6.5,-120
total,under,47.5,-105,1.9523809523809523,0.5606201068919288,0.5121951219512195,0.4891657638136511,0.07145434307827764,0.09454401821757519,ESPN BET,2024_06_ATL_CAR,espn_archive,,401671769:58:open:total,401671769,,-3.9984703069965697,45.447911973964494,1,-18.0,58.0,loss,-1.0,2024,6,CAR,ATL,2.0,true,true,true,false,espn_archived_open,espn_archived_open,provider_labeled_open_close,true,espn_archived_close,,45.5,-105
moneyline,home,,120,2.2,0.48981832098778744,0.45454545454545453,0.43795620437956206,0.05186211660822537,0.07760030617313252,ESPN BET,2024_06_BUF_NYJ,espn_archive,,401671684:58:open:moneyline,401671684,,-0.823809727762761,42.791356845244636,1,-3.0,43.0,loss,-1.0,2024,6,NYJ,BUF,0.04030466518565534,true,true,true,false,espn_archived_open,espn_archived_open,provider_labeled_open_close,true,espn_archived_close,,,100
spread,home,3.0,-120,1.8333333333333335,0.5771438226718792,0.5454545454545454,0.5217391304347826,0.05540469223709665,0.05809700823177866,ESPN BET,2024_06_BUF_NYJ,espn_archive,,401671684:58:open:spread,401671684,,-0.823809727762761,42.791356845244636,1,-3.0,43.0,push,0.0,2024,6,NYJ,BUF,1.5,true,true,true,false,espn_archived_open,espn_archived_open,provider_labeled_open_close,true,espn_archived_close,,1.5,-115
total,over,41.5,-115,1.8695652173913042,0.5396583548639411,0.5348837209302326,0.5108342361863489,0.02882411867759216,0.008926489528237713,ESPN BET,2024_06_BUF_NYJ,espn_archive,,401671684:58:open:total,401671684,,-0.823809727762761,42.791356845244636,1,-3.0,43.0,win,0.8695652173913042,2024,6,NYJ,BUF,1.0,true,true,true,false,espn_archived_open,espn_archived_open,provider_labeled_open_close,true,espn_archived_close,,42.5,-110
moneyline,home,,155,2.55,0.5497049284653988,0.3921568627450981,0.3766105054509415,0.17309442301445727,0.4017475675867668,ESPN BET,2024_06_CIN_NYG,espn_archive,,401671791:58:open:moneyline,401671791,,1.2265639602007319,45.4602113373585,1,-10.0,24.0,loss,-1.0,2024,6,NYG,CIN,-0.01946764830808434,true,true,true,false,espn_archived_open,espn_archived_open,provider_labeled_open_close,true,espn_archived_close,,,170
spread,home,3.5,-115,1.8695652173913042,0.6486648871568631,0.5348837209302326,0.5108342361863489,0.13783065097051417,0.21272131077152667,ESPN BET,2024_06_CIN_NYG,espn_archive,,401671791:58:open:spread,401671791,,1.2265639602007319,45.4602113373585,1,-10.0,24.0,loss,-1.0,2024,6,NYG,CIN,-1.0,true,true,true,false,espn_archived_open,espn_archived_open,provider_labeled_open_close,true,espn_archived_close,,4.5,-115
total,under,48.5,-110,1.9090909090909092,0.5897958297184996,0.5238095238095238,0.5,0.08979582971849964,0.12597385673531747,ESPN BET,2024_06_CIN_NYG,espn_archive,,401671791:58:open:total,401671791,,1.2265639602007319,45.4602113373585,1,-10.0,24.0,win,0.9090909090909092,2024,6,NYG,CIN,3.0,true,true,true,false,espn_archived_open,espn_archived_open,provider_labeled_open_close,true,espn_archived_close,,45.5,-105
moneyline,away,,360,4.6,0.35424021999859967,0.2173913043478261,0.20992366412213742,0.14431655587646225,0.6295050119935583,ESPN BET,2024_06_CLE_PHI,espn_archive,,401671714:58:open:moneyline,401671714,,4.619973799381832,43.38375715001503,1,4.0,36.0,loss,-1.0,2024,6,PHI,CLE,0.009283016462413723,true,true,true,false,espn_archived_open,espn_archived_open,provider_labeled_open_close,true,espn_archived_close,,,340
spread,away,9.5,-110,1.9090909090909092,0.6267045606252606,0.5238095238095238,0.5,0.1267045606252606,0.1964359793754975,ESPN BET,2024_06_CLE_PHI,espn_archive,,401671714:58:open:spread,401671714,,4.619973799381832,43.38375715001503,1,4.0,36.0,win,0.9090909090909092,2024,6,PHI,CLE,1.0,true,true,true,false,espn_archived_open,espn_archived_open,provider_labeled_open_close,true,espn_archived_close,,8.5,-115
total,under,43.5,100,2.0,0.5026202039625064,0.5,0.4782608695652174,0.02435933439728899,0.005240407925012791,ESPN BET,2024_06_CLE_PHI,espn_archive,,401671714:58:open:total,401671714,,4.619973799381832,43.38375715001503,1,4.0,36.0,win,1.0,2024,6,PHI,CLE,1.0,true,true,true,false,espn_archived_open,espn_archived_open,provider_labeled_open_close,true,espn_archived_close,,42.5,-115
moneyline,home,,135,2.35,0.561724139490515,0.425531914893617,0.4117884537747275,0.14993568571578753,0.3200517278027104,ESPN BET,2024_06_DET_DAL,espn_archive,,401671764:58:open:moneyline,401671764,,1.6412457457034044,47.24253441870779,1,-38.0,56.0,loss,-1.0,2024,6,DAL,DET,-0.04189049459105415,true,true,true,false,espn_archived_open,espn_archived_open,provider_labeled_open_close,true,espn_archived_close,,,160
spread,home,3.5,-125,1.8,0.6598832543873894,0.5555555555555556,0.5287958115183247,0.1310874428690647,0.18778985789730096,ESPN BET,2024_06_DET_DAL,espn_archive,,401671764:58:open:spread,401671764,,1.6412457457034044,47.24253441870779,1,-38.0,56.0,loss,-1.0,2024,6,DAL,DET,0.0,true,true,true,false,espn_archived_open,espn_archived_open,provider_labeled_open_close,true,espn_archived_close,,3.5,-110
total,under,52.5,-115,1.8695652173913042,0.6532999853053734,0.5348837209302326,0.5108342361863489,0.14246574911902443,0.22138692904917612,ESPN BET,2024_06_DET_DAL,espn_archive,,401671764:58:open:total,401671764,,1.6412457457034044,47.24253441870779,1,-38.0,56.0,loss,-1.0,2024,6,DAL,DET,0.0,true,true,true,false,espn_archived_open,espn_archived_open,provider_labeled_open_close,true,espn_archived_close,,52.5,-105
moneyline,home,,290,3.9,0.4861978348192074,0.25641025641025644,0.24678111587982832,0.2394167189393791,0.8961715557949088,ESPN BET,2024_06_HOU_NE,espn_archive,,401671619:58:open:moneyline,401671619,,-0.9475534854377159,38.45234491903529,1,-20.0,62.0,loss,-1.0,2024,6,NE,HOU,0.06432999523128274,true,true,true,false,espn_archived_open,espn_archived_open,provider_labeled_open_close,true,espn_archived_close,,,210
spread,home,7.5,-120,1.8333333333333335,0.6969636130572919,0.5454545454545454,0.5217391304347826,0.17522448262250934,0.2777666239383687,ESPN BET,2024_06_HOU_NE,espn_archive,,401671619:58:open:spread,401671619,,-0.9475534854377159,38.45234491903529,1,-20.0,62.0,loss,-1.0,2024,6,NE,HOU,1.0,true,true,true,false,espn_archived_open,espn_archived_open,provider_labeled_open_close,true,espn_archived_close,,6.5,-105
total,under,38.5,-110,1.9090909090909092,0.5005569308296338,0.5238095238095238,0.5,0.0005569308296338171,-0.044391313870699056,ESPN BET,2024_06_HOU_NE,espn_archive,,401671619:58:open:total,401671619,,-0.9475534854377159,38.45234491903529,1,-20.0,62.0,loss,-1.0,2024,6,NE,HOU,-1.0,true,true,true,false,espn_archived_open,espn_archived_open,provider_labeled_open_close,true,espn_archived_close,,39.5,-110
moneyline,home,,-110,1.9090909090909092,0.5498960597490647,0.5238095238095238,0.5,0.04989605974906475,0.04980156861185092,ESPN BET,2024_06_IND_TEN,espn_archive,,401671820:58:open:moneyline,401671820,,1.2331449603381976,45.50217686972606,1,-3.0,37.0,loss,-1.0,2024,6,TEN,IND,0.062043795620437936,true,true,true,false,espn_archived_open,espn_archived_open,provider_labeled_open_close,true,espn_archived_close,,,-140
spread,home,-0.5,-110,1.9090909090909092,0.5353448676675583,0.5238095238095238,0.5,0.03534486766755829,0.02202202009261134,ESPN BET,2024_06_IND_TEN,espn_archive,,401671820:58:open:spread,401671820,,1.2331449603381976,45.50217686972606,1,-3.0,37.0,loss,-1.0,2024,6,TEN,IND,2.0,true,true,true,false,espn_archived_open,espn_archived_open,provider_labeled_open_close,true,espn_archived_close,,-2.5,-110
total,over,42.5,-110,1.9090909090909092,0.5904017518871697,0.5238095238095238,0.5,0.0904017518871697,0.1271306172391422,ESPN BET,2024_06_IND_TEN,espn_archive,,401671820:58:open:total,401671820,,1.2331449603381976,45.50217686972606,1,-3.0,37.0,loss,-1.0,2024,6,TEN,IND,-1.0,true,true,true,false,espn_archived_open,espn_archived_open,provider_labeled_open_close,true,espn_archived_close,,41.5,100
moneyline,home,,-125,1.8,0.6890463941527715,0.5555555555555556,0.5324675324675325,0.15657886168523893,0.24028350947498867,ESPN BET,2024_06_JAX_CHI,espn_archive,,401671802:58:open:moneyline,401671802,,6.2452695703631065,43.56542846290657,1,19.0,51.0,win,0.8,2024,6,CHI,JAX,-0.06493506493506496,true,true,true,false,espn_archived_open,espn_archived_open,provider_labeled_open_close,true,espn_archived_close,,,105
spread,home,-2.0,-110,1.9090909090909092,0.6354807506110534,0.5238095238095238,0.5,0.13548075061105336,0.2131905238938292,ESPN BET,2024_06_JAX_CHI,espn_archive,,401671802:58:open:spread,401671802,,6.2452695703631065,43.56542846290657,1,19.0,51.0,win,0.9090909090909092,2024,6,CHI,JAX,-3.5,true,true,true,false,espn_archived_open,espn_archived_open,provider_labeled_open_close,true,espn_archived_close,,1.5,-105
total,over,43.5,100,2.0,0.502844880963248,0.5,0.4782608695652174,0.02458401139803057,0.005689761926495951,ESPN BET,2024_06_JAX_CHI,espn_archive,,401671802:58:open:total,401671802,,6.2452695703631065,43.56542846290657,1,19.0,51.0,win,1.0,2024,6,CHI,JAX,1.0,true,true,true,false,espn_archived_open,espn_archived_open,provider_labeled_open_close,true,espn_archived_close,,44.5,-110
moneyline,home,,115,2.15,0.5921794007360404,0.46511627906976744,0.447405997144217,0.14477340359182334,0.2731857115824867,ESPN BET,2024_06_LAC_DEN,espn_archive,,401671655:58:open:moneyline,401671655,,2.7017682619758325,37.29578020892616,1,-7.0,39.0,loss,-1.0,2024,6,DEN,LAC,-0.02723792991732632,true,true,true,false,espn_archived_open,espn_archived_open,provider_labeled_open_close,true,espn_archived_close,,,130
spread,home,2.5,-105,1.9523809523809523,0.6615090810186813,0.5121951219512195,0.4891657638136511,0.1723433172050302,0.2915177296079017,ESPN BET,2024_06_LAC_DEN,espn_archive,,401671655:58:open:spread,401671655,,2.7017682619758325,37.29578020892616,1,-7.0,39.0,loss,-1.0,2024,6,DEN,LAC,0.0,true,true,true,false,espn_archived_open,espn_archived_open,provider_labeled_open_close,true,espn_archived_close,,2.5,100
total,over,36.5,-120,1.8333333333333335,0.5247997199159531,0.5454545454545454,0.5217391304347826,0.003060589481170495,-0.037867180154085966,ESPN BET,2024_06_LAC_DEN,espn_archive,,401671655:58:open:total,401671655,,2.7017682619758325,37.29578020892616,1,-7.0,39.0,win,0.8333333333333335,2024,6,DEN,LAC,1.0,true,true,true,false,espn_archived_open,espn_archived_open,provider_labeled_open_close,true,espn_archived_close,,37.5,-105
moneyline,home,,120,2.2,0.4624998518701873,0.45454545454545453,0.43795620437956206,0.02454364749062521,0.017499674114412,ESPN BET,2024_06_PIT_LV,espn_archive,,401671657:58:open:moneyline,401671657,,-1.7589509913139523,39.845263133513605,1,-19.0,45.0,loss,-1.0,2024,6,LV,PIT,-0.04465685987846957,true,true,true,false,espn_archived_open,espn_archived_open,provider_labeled_open_close,true,espn_archived_close,,,145
spread,home,2.5,100,2.0,0.5355753145349684,0.5,0.4782608695652174,0.05731444496975102,0.07115062906993685,ESPN BET,2024_06_PIT_LV,espn_archive,,401671657:58:open:spread,401671657,,-1.7589509913139523,39.845263133513605,1,-19.0,45.0,loss,-1.0,2024,6,LV,PIT,-1.0,true,true,true,false,espn_archived_open,espn_archived_open,provider_labeled_open_close,true,espn_archived_close,,3.5,-120
total,over,36.5,-120,1.8333333333333335,0.6004257258166266,0.5454545454545454,0.5217391304347826,0.07868659538184397,0.10078049733048222,ESPN BET,2024_06_PIT_LV,espn_archive,,401671657:58:open:total,401671657,,-1.7589509913139523,39.845263133513605,1,-19.0,45.0,win,0.8333333333333335,2024,6,LV,PIT,0.0,true,true,true,false,espn_archived_open,espn_archived_open,provider_labeled_open_close,true,espn_archived_close,,36.5,-110
moneyline,home,,140,2.4,0.497033153111603,0.4166666666666667,0.4009077155824508,0.0961254375291522,0.19287956746784718,ESPN BET,2024_06_SF_SEA,espn_archive,,401671819:58:open:moneyline,401671819,,-0.5772910801330511,47.28779301271377,1,-12.0,60.0,loss,-1.0,2024,6,SEA,SF,-0.03749533492338086,true,true,true,false,espn_archived_open,espn_archived_open,provider_labeled_open_close,true,espn_archived_close,,,165
spread,home,3.5,-120,1.8333333333333335,0.5984610420381271,0.5454545454545454,0.5217391304347826,0.07672191160334452,0.09717857706989985,ESPN BET,2024_06_SF_SEA,espn_archive,,401671819:58:open:spread,401671819,,-0.5772910801330511,47.28779301271377,1,-12.0,60.0,loss,-1.0,2024,6,SEA,SF,0.0,true,true,true,false,espn_archived_open,espn_archived_open,provider_labeled_open_close,true,espn_archived_close,,3.5,-105
total,over,46.5,-120,1.8333333333333335,0.5245599049810333,0.5454545454545454,0.5217391304347826,0.002820774546250737,-0.03830684086810543,ESPN BET,2024_06_SF_SEA,espn_archive,,401671819:58:open:total,401671819,,-0.5772910801330511,47.28779301271377,1,-12.0,60.0,win,0.8333333333333335,2024,6,SEA,SF,2.0,true,true,true,false,espn_archived_open,espn_archived_open,provider_labeled_open_close,true,espn_archived_close,,48.5,-115
moneyline,home,,-145,1.6896551724137931,0.6347258190172075,0.5918367346938775,0.5711159737417943,0.06360984527541313,0.07246776316700587,ESPN BET,2024_06_TB_NO,espn_archive,,401671735:58:open:moneyline,401671735,,4.217893424490015,45.37289875539537,1,-24.0,78.0,loss,-1.0,2024,6,NO,TB,-0.19450546829085286,true,true,true,false,espn_archived_open,espn_archived_open,provider_labeled_open_close,true,espn_archived_close,,,155
spread,home,-2.5,-125,1.8,0.563939826303906,0.5555555555555556,0.5287958115183247,0.03514401478558138,0.015091687347030813,ESPN BET,2024_06_TB_NO,espn_archive,,401671735:58:open:spread,401671735,,4.217893424490015,45.37289875539537,1,-24.0,78.0,loss,-1.0,2024,6,NO,TB,-6.0,true,true,true,false,espn_archived_open,espn_archived_open,provider_labeled_open_close,true,espn_archived_close,,3.5,-110
total,over,45.5,-105,1.9523809523809523,0.4970531563052596,0.5121951219512195,0.4891657638136511,0.00788739249160847,-0.02956288530877893,ESPN BET,2024_06_TB_NO,espn_archive,,401671735:58:open:total,401671735,,4.217893424490015,45.37289875539537,1,-24.0,78.0,win,0.9523809523809523,2024,6,NO,TB,-3.0,true,true,true,false,espn_archived_open,espn_archived_open,provider_labeled_open_close,true,espn_archived_close,,42.5,-120
moneyline,away,,220,3.2,0.37252669997266197,0.3125,0.299837925445705,0.07268877452695699,0.19208543991251825,ESPN BET,2024_06_WAS_BAL,espn_archive,,401671625:58:open:moneyline,401671625,,3.9558391976531233,51.23420674989488,1,7.0,53.0,loss,-1.0,2024,6,BAL,WAS,-0.04702893668166008,true,true,true,false,espn_archived_open,espn_archived_open,provider_labeled_open_close,true,espn_archived_close,,,280
spread,away,6.5,-110,1.9090909090909092,0.5603080683214351,0.5238095238095238,0.5,0.06030806832143509,0.0696790395227398,ESPN BET,2024_06_WAS_BAL,espn_archive,,401671625:58:open:spread,401671625,,3.9558391976531233,51.23420674989488,1,7.0,53.0,loss,-1.0,2024,6,BAL,WAS,-1.0,true,true,true,false,espn_archived_open,espn_archived_open,provider_labeled_open_close,true,espn_archived_close,,7.5,-115
total,under,51.5,-110,1.9090909090909092,0.5071186953967854,0.5238095238095238,0.5,0.007118695396785446,-0.03186430878795499,ESPN BET,2024_06_WAS_BAL,espn_archive,,401671625:58:open:total,401671625,,3.9558391976531233,51.23420674989488,1,7.0,53.0,loss,-1.0,2024,6,BAL,WAS,1.0,true,true,true,false,espn_archived_open,espn_archived_open,provider_labeled_open_close,true,espn_archived_close,,50.5,-110
moneyline,home,,170,2.7,0.5270593944109928,0.37037037037037035,0.35714285714285715,0.16991653726813566,0.4230603649096807,ESPN BET,2024_07_BAL_TB,espn_archive,,401671695:58:open:moneyline,401671695,,0.8231575672902061,50.10218069402177,1,-10.0,72.0,loss,-1.0,2024,7,TB,BAL,-0.024662038728534896,true,true,true,false,espn_archived_open,espn_archived_open,provider_labeled_open_close,true,espn_archived_close,,,190
spread,home,4.5,-115,1.8695652173913042,0.6533727521070968,0.5348837209302326,0.5108342361863489,0.14253851592074784,0.221522971330659,ESPN BET,2024_07_BAL_TB,espn_archive,,401671695:58:open:spread,401671695,,0.8231575672902061,50.10218069402177,1,-10.0,72.0,loss,-1.0,2024,7,TB,BAL,0.0,true,true,true,false,espn_archived_open,espn_archived_open,provider_labeled_open_close,true,espn_archived_close,,4.5,-110
total,over,50.5,-105,1.9523809523809523,0.4946475271075321,0.5121951219512195,0.4891657638136511,0.0054817632938810035,-0.03425958993291345,ESPN BET,2024_07_BAL_TB,espn_archive,,401671695:58:open:total,401671695,,0.8231575672902061,50.10218069402177,1,-10.0,72.0,win,0.9523809523809523,2024,7,TB,BAL,0.0,true,true,true,false,espn_archived_open,espn_archived_open,provider_labeled_open_close,true,espn_archived_close,,50.5,-115
moneyline,away,,320,4.2,0.25238482364231374,0.23809523809523808,0.22935779816513757,0.023027025477176166,0.06001625929771781,ESPN BET,2024_07_CAR_WAS,espn_archive,,401671640:58:open:moneyline,401671640,,9.079030986002465,50.19685611911652,1,33.0,47.0,loss,-1.0,2024,7,WAS,CAR,-0.054357798165137555,true,true,true,false,espn_archived_open,espn_archived_open,provider_labeled_open_close,true,espn_archived_close,,,450
spread,away,9.5,-110,1.9090909090909092,0.5089377976288211,0.5238095238095238,0.5,0.008937797628821076,-0.028391477254068764,ESPN BET,2024_07_CAR_WAS,espn_archive,,401671640:58:open:spread,401671640,,9.079030986002465,50.19685611911652,1,33.0,47.0,loss,-1.0,2024,7,WAS,CAR,-1.0,true,true,true,false,espn_archived_open,espn_archived_open,provider_labeled_open_close,true,espn_archived_close,,10.5,-115
total,under,50.5,-105,1.9523809523809523,0.5025092395343066,0.5121951219512195,0.4891657638136511,0.013343475720655473,-0.018910532337782393,ESPN BET,2024_07_CAR_WAS,espn_archive,,401671640:58:open:total,401671640,,9.079030986002465,50.19685611911652,1,33.0,47.0,win,0.9523809523809523,2024,7,WAS,CAR,0.0,true,true,true,false,espn_archived_open,espn_archived_open,provider_labeled_open_close,true,espn_archived_close,,50.5,102
moneyline,home,,180,2.8,0.4429486197357707,0.35714285714285715,0.34351145038167935,0.09943716935409136,0.240256135260158,ESPN BET,2024_07_CIN_CLE,espn_archive,,401671853:58:open:moneyline,401671853,,-2.0896049945192274,44.964103990075664,1,-7.0,35.0,loss,-1.0,2024,7,CLE,CIN,-0.016292808834827588,true,true,true,false,espn_archived_open,espn_archived_open,provider_labeled_open_close,true,espn_archived_close,,,195
spread,home,4.5,-115,1.8695652173913042,0.5726264275644145,0.5348837209302326,0.5108342361863489,0.061792191378065575,0.07056245153347063,ESPN BET,2024_07_CIN_CLE,espn_archive,,401671853:58:open:spread,401671853,,-2.0896049945192274,44.964103990075664,1,-7.0,35.0,loss,-1.0,2024,7,CLE,CIN,-1.0,true,true,true,false,espn_archived_open,espn_archived_open,provider_labeled_open_close,true,espn_archived_close,,5.5,-110
total,over,44.5,-110,1.9090909090909092,0.5205243587892505,0.5238095238095238,0.5,0.02052435878925052,-0.006271678675067172,ESPN BET,2024_07_CIN_CLE,espn_archive,,401671853:58:open:total,401671853,,-2.0896049945192274,44.964103990075664,1,-7.0,35.0,loss,-1.0,2024,7,CLE,CIN,-2.0,true,true,true,false,espn_archived_open,espn_archived_open,provider_labeled_open_close,true,espn_archived_close,,42.5,-105
moneyline,home,,-115,1.8695652173913042,0.5515990533514361,0.5348837209302326,0.5108342361863489,0.040764817165087175,0.03125040409181534,ESPN BET,2024_07_DEN_NO,espn_archive,,401671816:58:open:moneyline,401671816,,1.675065317713095,43.82804177618581,1,-23.0,43.0,loss,-1.0,2024,7,NO,DEN,-0.08195020992814328,true,true,true,false,espn_archived_open,espn_archived_open,provider_labeled_open_close,true,espn_archived_close,,,125
spread,home,-0.5,-115,1.8695652173913042,0.5372141262122937,0.5348837209302326,0.5108342361863489,0.026379890025944763,0.004356844657766423,ESPN BET,2024_07_DEN_NO,espn_archive,,401671816:58:open:spread,401671816,,1.675065317713095,43.82804177618581,1,-23.0,43.0,loss,-1.0,2024,7,NO,DEN,-3.0,true,true,true,false,espn_archived_open,espn_archived_open,provider_labeled_open_close,true,espn_archived_close,,2.5,102
total,over,37.5,100,2.0,0.6889635285488374,0.5,0.4782608695652174,0.21070265898361995,0.3779270570976747,ESPN BET,2024_07_DEN_NO,espn_archive,,401671816:58:open:total,401671816,,1.675065317713095,43.82804177618581,1,-23.0,43.0,win,1.0,2024,7,NO,DEN,0.0,true,true,true,false,espn_archived_open,espn_archived_open,provider_labeled_open_close,true,espn_archived_close,,37.5,100
moneyline,home,,-125,1.8,0.5327867267879596,0.5555555555555556,0.5324675324675325,0.0003191943204270409,-0.04098389178167272,ESPN BET,2024_07_DET_MIN,espn_archive,,401671724:58:open:moneyline,401671724,,1.0215460241380363,45.28626857880346,1,-2.0,60.0,loss,-1.0,2024,7,MIN,DET,0.0,true,true,true,false,espn_archived_open,espn_archived_open,provider_labeled_open_close,true,espn_archived_close,,,-125
spread,away,2.5,-115,1.8695652173913042,0.5394890963235279,0.5348837209302326,0.5108342361863489,0.028654860137178995,0.008610049648334783,ESPN BET,2024_07_DET_MIN,espn_archive,,401671724:58:open:spread,401671724,,1.0215460241380363,45.28626857880346,1,-2.0,60.0,win,0.8695652173913042,2024,7,MIN,DET,1.0,true,true,true,false,espn_archived_open,espn_archived_open,provider_labeled_open_close,true,espn_archived_close,,1.5,-105
total,under,50.5,100,2.0,0.6465286325406024,0.5,0.4782608695652174,0.16826776297538504,0.2930572650812049,ESPN BET,2024_07_DET_MIN,espn_archive,,401671724:58:open:total,401671724,,1.0215460241380363,45.28626857880346,1,-2.0,60.0,loss,-1.0,2024,7,MIN,DET,0.0,true,true,true,false,espn_archived_open,espn_archived_open,provider_labeled_open_close,true,espn_archived_close,,50.5,-115
moneyline,home,,-150,1.6666666666666665,0.5942912397618993,0.6000000000000001,0.5798319327731092,0.014459306988790166,-0.009514600396834494,ESPN BET,2024_07_HOU_GB,espn_archive,,401671644:58:open:moneyline,401671644,,3.1756332784606727,45.963381483013514,1,2.0,46.0,win,0.6666666666666665,2024,7,GB,HOU,0.04355756177594916,true,true,true,false,espn_archived_open,espn_archived_open,provider_labeled_open_close,true,espn_archived_close,,,-185
spread,home,-3.5,105,2.05,0.49385843113679007,0.48780487804878053,0.46324269889224573,0.030615732244544336,0.012409783830419574,ESPN BET,2024_07_HOU_GB,espn_archive,,401671644:58:open:spread,401671644,,3.1756332784606727,45.963381483013514,1,2.0,46.0,loss,-1.0,2024,7,GB,HOU,0.0,true,true,true,false,espn_archived_open,espn_archived_open,provider_labeled_open_close,true,espn_archived_close,,-3.5,100
total,under,47.5,-120,1.8333333333333335,0.5394893656274,0.5454545454545454,0.5217391304347826,0.017750235192617425,-0.010936163016433187,ESPN BET,2024_07_HOU_GB,espn_archive,,401671644:58:open:total,401671644,,3.1756332784606727,45.963381483013514,1,2.0,46.0,win,0.8333333333333335,2024,7,GB,HOU,0.0,true,true,true,false,espn_archived_open,espn_archived_open,provider_labeled_open_close,true,espn_archived_close,,47.5,-120
moneyline,home,,-115,1.8695652173913042,0.5231512295530605,0.5348837209302326,0.5108342361863489,0.012316993366711548,-0.02193465779210435,ESPN BET,2024_07_KC_SF,espn_archive,,401671777:58:open:moneyline,401671777,,0.6878967590206955,44.25114043543627,1,-10.0,46.0,loss,-1.0,2024,7,SF,KC,0.04175976666943404,true,true,true,false,espn_archived_open,espn_archived_open,provider_labeled_open_close,true,espn_archived_close,,,-135
spread,home,-0.5,-110,1.9090909090909092,0.508688047048076,0.5238095238095238,0.5,0.00868804704807602,-0.028868273817309387,ESPN BET,2024_07_KC_SF,espn_archive,,401671777:58:open:spread,401671777,,0.6878967590206955,44.25114043543627,1,-10.0,46.0,loss,-1.0,2024,7,SF,KC,2.0,true,true,true,false,espn_archived_open,espn_archived_open,provider_labeled_open_close,true,espn_archived_close,,-2.5,-115
total,under,46.5,-115,1.8695652173913042,0.5607085161261726,0.5348837209302326,0.5108342361863489,0.04987427993982363,0.048281138844583404,ESPN BET,2024_07_KC_SF,espn_archive,,401671777:58:open:total,401671777,,0.6878967590206955,44.25114043543627,1,-10.0,46.0,win,0.8695652173913042,2024,7,SF,KC,-1.0,true,true,true,false,espn_archived_open,espn_archived_open,provider_labeled_open_close,true,espn_archived_close,,47.5,-110
moneyline,away,,-135,1.7407407407407407,0.5590865136810765,0.574468085106383,0.552594002855783,0.006492510825293563,-0.02677532803664462,ESPN BET,2024_07_LAC_ARI,espn_archive,,401671699:58:open:moneyline,401671699,,-2.160654839457962,41.87968464042047,1,2.0,32.0,loss,-1.0,2024,7,ARI,LAC,-0.03085487242100038,true,true,true,false,espn_archived_open,espn_archived_open,provider_labeled_open_close,true,espn_archived_close,,,-120
spread,home,2.5,-105,1.9523809523809523,0.5130709786979221,0.5121951219512195,0.4891657638136511,0.023905214884270942,0.0017100060292762898,ESPN BET,2024_07_LAC_ARI,espn_archive,,401671699:58:open:spread,401671699,,-2.160654839457962,41.87968464042047,1,2.0,32.0,win,0.9523809523809523,2024,7,ARI,LAC,1.0,true,true,true,false,espn_archived_open,espn_archived_open,provider_labeled_open_close,true,espn_archived_close,,1.5,-115
total,under,43.5,-120,1.8333333333333335,0.5419899021280374,0.5454545454545454,0.5217391304347826,0.020250771693254843,-0.0063518460985979575,ESPN BET,2024_07_LAC_ARI,espn_archive,,401671699:58:open:total,401671699,,-2.160654839457962,41.87968464042047,1,2.0,32.0,win,0.8333333333333335,2024,7,ARI,LAC,-1.0,true,true,true,false,espn_archived_open,espn_archived_open,provider_labeled_open_close,true,espn_archived_close,,44.5,-110
moneyline,away,,195,2.95,0.42887421175791585,0.3389830508474576,0.32721864154685176,0.10165557021106408,0.2651789246858518,ESPN BET,2024_07_LV_LA,espn_archive,,401671663:58:open:moneyline,401671663,,2.3577037142846535,45.50885321062515,1,5.0,35.0,loss,-1.0,2024,7,LA,LV,-0.06004306902776774,true,true,true,false,espn_archived_open,espn_archived_open,provider_labeled_open_close,true,espn_archived_close,,,260
spread,away,5.5,-110,1.9090909090909092,0.5870218821887208,0.5238095238095238,0.5,0.08702188218872076,0.12067813872392152,ESPN BET,2024_07_LV_LA,espn_archive,,401671663:58:open:spread,401671663,,2.3577037142846535,45.50885321062515,1,5.0,35.0,win,0.9090909090909092,2024,7,LA,LV,-2.0,true,true,true,false,espn_archived_open,espn_archived_open,provider_labeled_open_close,true,espn_archived_close,,7.5,-115
total,over,44.5,100,2.0,0.5368412980615783,0.5,0.4782608695652174,0.058580428496360915,0.07368259612315664,ESPN BET,2024_07_LV_LA,espn_archive,,401671663:58:open:total,401671663,,2.3577037142846535,45.50885321062515,1,5.0,35.0,loss,-1.0,2024,7,LA,LV,-1.0,true,true,true,false,espn_archived_open,espn_archived_open,provider_labeled_open_close,true,espn_archived_close,,43.5,-110
moneyline,away,,170,2.7,0.37228877004550065,0.37037037037037035,0.35714285714285715,0.015145912902643499,0.005179679122851777,ESPN BET,2024_07_MIA_IND,espn_archive,,401671864:58:open:moneyline,401671864,,4.377238608463415,43.368520072220115,1,6.0,26.0,loss,-1.0,2024,7,IND,MIA,0.06302521008403356,true,true,true,false,espn_archived_open,espn_archived_open,provider_labeled_open_close,true,espn_archived_close,,,130
spread,home,-3.5,-115,1.8695652173913042,0.528621280157246,0.5348837209302326,0.5108342361863489,0.017787043970897032,-0.01170804144514892,ESPN BET,2024_07_MIA_IND,espn_archive,,401671864:58:open:spread,401671864,,4.377238608463415,43.368520072220115,1,6.0,26.0,win,0.8695652173913042,2024,7,IND,MIA,0.0,true,true,true,false,espn_archived_open,espn_archived_open,provider_labeled_open_close,true,espn_archived_close,,-3.5,115
total,over,42.5,-105,1.9523809523809523,0.5326426986199766,0.5121951219512195,0.4891657638136511,0.043476934806325473,0.03992145921043044,ESPN BET,2024_07_MIA_IND,espn_archive,,401671864:58:open:total,401671864,,4.377238608463415,43.368520072220115,1,6.0,26.0,loss,-1.0,2024,7,IND,MIA,1.0,true,true,true,false,espn_archived_open,espn_archived_open,provider_labeled_open_close,true,espn_archived_close,,43.5,-115
moneyline,away,,180,2.8,0.450393279903345,0.35714285714285715,0.34351145038167935,0.10688182952166564,0.26110118372936597,ESPN BET,2024_07_NE_JAX,espn_archive,,401671801:58:open:moneyline,401671801,,1.605688992326339,42.48608179274615,1,16.0,48.0,loss,-1.0,2024,7,JAX,NE,-0.08438306404481244,true,true,true,false,espn_archived_open,espn_archived_open,provider_labeled_open_close,true,espn_archived_close,,,270
spread,away,4.5,-110,1.9090909090909092,0.5800004412877395,0.5238095238095238,0.5,0.08000044128773953,0.1072735697311391,ESPN BET,2024_07_NE_JAX,espn_archive,,401671801:58:open:spread,401671801,,1.605688992326339,42.48608179274615,1,16.0,48.0,loss,-1.0,2024,7,JAX,NE,-2.0,true,true,true,false,espn_archived_open,espn_archived_open,provider_labeled_open_close,true,espn_archived_close,,6.5,100
total,over,41.5,-110,1.9090909090909092,0.5361602709463829,0.5238095238095238,0.5,0.036160270946382855,0.0235786990794582,ESPN BET,2024_07_NE_JAX,espn_archive,,401671801:58:open:total,401671801,,1.605688992326339,42.48608179274615,1,16.0,48.0,win,0.9090909090909092,2024,7,JAX,NE,0.0,true,true,true,false,espn_archived_open,espn_archived_open,provider_labeled_open_close,true,espn_archived_close,,41.5,-115
moneyline,home,,-125,1.8,0.5923569277683529,0.5555555555555556,0.5324675324675325,0.05988939530082038,0.06624246998303529,ESPN BET,2024_07_NYJ_PIT,espn_archive,,401671785:58:open:moneyline,401671785,,3.1069314633787286,36.783872255926134,1,22.0,52.0,win,0.8,2024,7,PIT,NYJ,-0.12067907869280503,true,true,true,false,espn_archived_open,espn_archived_open,provider_labeled_open_close,true,espn_archived_close,,,135
spread,home,-1.5,-110,1.9090909090909092,0.5496424122416691,0.5238095238095238,0.5,0.0496424122416691,0.04931733246136827,ESPN BET,2024_07_NYJ_PIT,espn_archive,,401671785:58:open:spread,401671785,,3.1069314633787286,36.783872255926134,1,22.0,52.0,win,0.9090909090909092,2024,7,PIT,NYJ,-4.0,true,true,true,false,espn_archived_open,espn_archived_open,provider_labeled_open_close,true,espn_archived_close,,2.5,102
total,under,37.5,-110,1.9090909090909092,0.5149088864245976,0.5238095238095238,0.5,0.014908886424597645,-0.016992125916677203,ESPN BET,2024_07_NYJ_PIT,espn_archive,,401671785:58:open:total,401671785,,3.1069314633787286,36.783872255926134,1,22.0,52.0,loss,-1.0,2024,7,PIT,NYJ,-3.0,true,true,true,false,espn_archived_open,espn_archived_open,provider_labeled_open_close,true,espn_archived_close,,40.5,-110
moneyline,home,,160,2.6,0.4596883516390121,0.3846153846153846,0.36989795918367335,0.08979039245533876,0.1951897142614316,ESPN BET,2024_07_PHI_NYG,espn_archive,,401671710:58:open:moneyline,401671710,,-1.507008777741916,40.256041543975556,1,-25.0,31.0,loss,-1.0,2024,7,NYG,PHI,0.016066953097028436,true,true,true,false,espn_archived_open,espn_archived_open,provider_labeled_open_close,true,espn_archived_close,,,150
spread,home,3.5,-105,1.9523809523809523,0.5607117832147771,0.5121951219512195,0.4891657638136511,0.07154601940112598,0.09472300532408862,ESPN BET,2024_07_PHI_NYG,espn_archive,,401671710:58:open:spread,401671710,,-1.507008777741916,40.256041543975556,1,-25.0,31.0,loss,-1.0,2024,7,NYG,PHI,0.0,true,true,true,false,espn_archived_open,espn_archived_open,provider_labeled_open_close,true,espn_archived_close,,3.5,-115
total,under,45.5,-110,1.9090909090909092,0.6473741311971852,0.5238095238095238,0.5,0.14737413119718523,0.2358960686491718,ESPN BET,2024_07_PHI_NYG,espn_archive,,401671710:58:open:total,401671710,,-1.507008777741916,40.256041543975556,1,-25.0,31.0,win,0.9090909090909092,2024,7,NYG,PHI,3.0,true,true,true,false,espn_archived_open,espn_archived_open,provider_labeled_open_close,true,espn_archived_close,,42.5,-105
moneyline,away,,130,2.3,0.4284622127934483,0.4347826086956522,0.4201680672268907,0.00829414556655761,-0.014536910575068895,ESPN BET,2024_07_SEA_ATL,espn_archive,,401671730:58:open:moneyline,401671730,,2.3721664248499295,47.58192894110959,1,-20.0,48.0,win,1.2999999999999998,2024,7,ATL,SEA,-0.02686872272579821,true,true,true,false,espn_archived_open,espn_archived_open,provider_labeled_open_close,true,espn_archived_close,,,145
spread,away,2.5,105,2.05,0.5004519781992218,0.48780487804878053,0.46324269889224573,0.037209279306976095,0.02592655530840471,ESPN BET,2024_07_SEA_ATL,espn_archive,,401671730:58:open:spread,401671730,,2.3721664248499295,47.58192894110959,1,-20.0,48.0,win,1.0499999999999998,2024,7,ATL,SEA,0.0,true,true,true,false,espn_archived_open,espn_archived_open,provider_labeled_open_close,true,espn_archived_close,,2.5,105
total,under,49.5,-115,1.8695652173913042,0.5508715446548619,0.5348837209302326,0.5108342361863489,0.040037308468512944,0.029890279137350317,ESPN BET,2024_07_SEA_ATL,espn_archive,,401671730:58:open:total,401671730,,2.3721664248499295,47.58192894110959,1,-20.0,48.0,win,0.8695652173913042,2024,7,ATL,SEA,-2.0,true,true,true,false,espn_archived_open,espn_archived_open,provider_labeled_open_close,true,espn_archived_close,,51.5,-105
moneyline,away,,340,4.4,0.34584714535143746,0.22727272727272727,0.21920668058455114,0.1266404647668863,0.521727439546325,ESPN BET,2024_07_TEN_BUF,espn_archive,,401671616:58:open:moneyline,401671616,,5.35229519492329,44.7250624819801,1,24.0,44.0,loss,-1.0,2024,7,BUF,TEN,-0.01920668058455116,true,true,true,false,espn_archived_open,espn_archived_open,provider_labeled_open_close,true,espn_archived_close,,,380
spread,away,8.5,-105,1.9523809523809523,0.5871747175582472,0.5121951219512195,0.4891657638136511,0.09800895374459612,0.14638873428038734,ESPN BET,2024_07_TEN_BUF,espn_archive,,401671616:58:open:spread,401671616,,5.35229519492329,44.7250624819801,1,24.0,44.0,loss,-1.0,2024,7,BUF,TEN,-1.0,true,true,true,false,espn_archived_open,espn_archived_open,provider_labeled_open_close,true,espn_archived_close,,9.5,-110
total,over,42.5,-115,1.8695652173913042,0.5730077539080252,0.5348837209302326,0.5108342361863489,0.06217351772167623,0.07127536600196005,ESPN BET,2024_07_TEN_BUF,espn_archive,,401671616:58:open:total,401671616,,5.35229519492329,44.7250624819801,1,24.0,44.0,win,0.8695652173913042,2024,7,BUF,TEN,-1.0,true,true,true,false,espn_archived_open,espn_archived_open,provider_labeled_open_close,true,espn_archived_close,,41.5,100
moneyline,away,,115,2.15,0.5328151658825405,0.46511627906976744,0.447405997144217,0.0854091687383235,0.14555260664746217,ESPN BET,2024_08_ARI_MIA,espn_archive,,401671850:58:open:moneyline,401671850,,-1.2026816608936386,41.728253102458204,1,-1.0,55.0,win,1.15,2024,8,MIA,ARI,-0.11492517872989477,true,true,true,false,espn_archived_open,espn_archived_open,provider_labeled_open_close,true,espn_archived_close,,,190
spread,away,2.5,-105,1.9523809523809523,0.6037351229361625,0.5121951219512195,0.4891657638136511,0.11456935912251137,0.1787209543039363,ESPN BET,2024_08_ARI_MIA,espn_archive,,401671850:58:open:spread,401671850,,-1.2026816608936386,41.728253102458204,1,-1.0,55.0,win,0.9523809523809523,2024,8,MIA,ARI,-2.0,true,true,true,false,espn_archived_open,espn_archived_open,provider_labeled_open_close,true,espn_archived_close,,4.5,-110
total,under,46.5,-110,1.9090909090909092,0.6354518708713103,0.5238095238095238,0.5,0.13545187087131028,0.21313538984522884,ESPN BET,2024_08_ARI_MIA,espn_archive,,401671850:58:open:total,401671850,,-1.2026816608936386,41.728253102458204,1,-1.0,55.0,loss,-1.0,2024,8,MIA,ARI,0.0,true,true,true,false,espn_archived_open,espn_archived_open,provider_labeled_open_close,true,espn_archived_close,,46.5,-110
moneyline,home,,-155,1.6451612903225805,0.6178000803669761,0.607843137254902,0.5882115462252726,0.029588534141703482,0.016380777377928313,ESPN BET,2024_08_ATL_TB,espn_archive,,401671739:58:open:moneyline,401671739,,4.0837278993766795,48.56458723051723,1,-5.0,57.0,loss,-1.0,2024,8,TB,ATL,-0.1099506766600552,true,true,true,false,espn_archived_open,espn_archived_open,provider_labeled_open_close,true,espn_archived_close,,,100
spread,home,-3.0,-115,1.8695652173913042,0.5330319803648381,0.5348837209302326,0.5108342361863489,0.022197744178489187,-0.0034619497526939824,ESPN BET,2024_08_ATL_TB,espn_archive,,401671739:58:open:spread,401671739,,4.0837278993766795,48.56458723051723,1,-5.0,57.0,loss,-1.0,2024,8,TB,ATL,-3.5,true,true,true,false,espn_archived_open,espn_archived_open,provider_labeled_open_close,true,espn_archived_close,,0.5,-110
total,over,48.5,-105,1.9523809523809523,0.5081603261298672,0.5121951219512195,0.4891657638136511,0.018994562316216046,-0.00787745850835464,ESPN BET,2024_08_ATL_TB,espn_archive,,401671739:58:open:total,401671739,,4.0837278993766795,48.56458723051723,1,-5.0,57.0,win,0.9523809523809523,2024,8,TB,ATL,-1.0,true,true,true,false,espn_archived_open,espn_archived_open,provider_labeled_open_close,true,espn_archived_close,,47.5,100
moneyline,home,,400,5.0,0.3217849896767204,0.2,0.19230769230769232,0.1294772973690281,0.6089249483836021,ESPN BET,2024_08_BAL_CLE,espn_archive,,401671852:58:open:moneyline,401671852,,-6.465683559311341,46.36528544402796,1,5.0,53.0,win,4.0,2024,8,CLE,BAL,0.07486788021139171,true,true,true,false,espn_archived_open,espn_archived_open,provider_labeled_open_close,true,espn_archived_close,,,260
spread,home,9.5,100,2.0,0.5885690537521743,0.5,0.4782608695652174,0.11030818418695687,0.17713810750434855,ESPN BET,2024_08_BAL_CLE,espn_archive,,401671852:58:open:spread,401671852,,-6.465683559311341,46.36528544402796,1,5.0,53.0,win,1.0,2024,8,CLE,BAL,2.0,true,true,true,false,espn_archived_open,espn_archived_open,provider_labeled_open_close,true,espn_archived_close,,7.5,-120
total,over,42.5,-110,1.9090909090909092,0.6212246329217439,0.5238095238095238,0.5,0.1212246329217439,0.18597429921423836,ESPN BET,2024_08_BAL_CLE,espn_archive,,401671852:58:open:total,401671852,,-6.465683559311341,46.36528544402796,1,5.0,53.0,win,0.9090909090909092,2024,8,CLE,BAL,2.0,true,true,true,false,espn_archived_open,espn_archived_open,provider_labeled_open_close,true,espn_archived_close,,44.5,-110
moneyline,away,,-145,1.6896551724137931,0.5799614808133465,0.5918367346938775,0.5711159737417943,0.008845507071552183,-0.02006508414296615,ESPN BET,2024_08_BUF_SEA,espn_archive,,401671760:58:open:moneyline,401671760,,-2.855430336614468,48.59603131970398,1,-21.0,41.0,win,0.6896551724137931,2024,8,SEA,BUF,0.03558468175711316,true,true,true,false,espn_archived_open,espn_archived_open,provider_labeled_open_close,true,espn_archived_close,,,-170
spread,home,2.5,100,2.0,0.4915764335363063,0.5,0.4782608695652174,0.013315563971088906,-0.016847132927387376,ESPN BET,2024_08_BUF_SEA,espn_archive,,401671760:58:open:spread,401671760,,-2.855430336614468,48.59603131970398,1,-21.0,41.0,loss,-1.0,2024,8,SEA,BUF,-1.0,true,true,true,false,espn_archived_open,espn_archived_open,provider_labeled_open_close,true,espn_archived_close,,3.5,-125
total,under,49.5,-110,1.9090909090909092,0.5211333651814449,0.5238095238095238,0.5,0.02113336518144493,-0.0051090301081505585,ESPN BET,2024_08_BUF_SEA,espn_archive,,401671760:58:open:total,401671760,,-2.855430336614468,48.59603131970398,1,-21.0,41.0,win,0.9090909090909092,2024,8,SEA,BUF,4.0,true,true,true,false,espn_archived_open,espn_archived_open,provider_labeled_open_close,true,espn_archived_close,,45.5,-105
moneyline,home,,-400,1.25,0.8085070662732876,0.8,0.7706422018348623,0.037864864438425294,0.01063383284160957,ESPN BET,2024_08_CAR_DEN,espn_archive,,401671600:58:open:moneyline,401671600,,12.00801733706391,42.79080292803717,1,14.0,42.0,win,0.25,2024,8,DEN,CAR,0.04917761798495757,true,true,true,false,espn_archived_open,espn_archived_open,provider_labeled_open_close,true,espn_archived_close,,,-650
spread,home,-7.5,-110,1.9090909090909092,0.6294405847194154,0.5238095238095238,0.5,0.12944058471941544,0.20165929810070216,ESPN BET,2024_08_CAR_DEN,espn_archive,,401671600:58:open:spread,401671600,,12.00801733706391,42.79080292803717,1,14.0,42.0,win,0.9090909090909092,2024,8,DEN,CAR,5.0,true,true,true,false,espn_archived_open,espn_archived_open,provider_labeled_open_close,true,espn_archived_close,,-12.5,-115
total,over,42.5,-105,1.9523809523809523,0.5150016296395248,0.5121951219512195,0.4891657638136511,0.02583586582587366,0.00547937215335792,ESPN BET,2024_08_CAR_DEN,espn_archive,,401671600:58:open:total,401671600,,12.00801733706391,42.79080292803717,1,14.0,42.0,loss,-1.0,2024,8,DEN,CAR,-2.0,true,true,true,false,espn_archived_open,espn_archived_open,provider_labeled_open_close,true,espn_archived_close,,40.5,-110
moneyline,home,,100,2.0,0.5351098486171446,0.5,0.4782608695652174,0.056848979051927206,0.07021969723428922,ESPN BET,2024_08_CHI_WAS,espn_archive,,401671599:58:open:moneyline,401671599,,1.1560597132082577,46.84090905456335,1,3.0,33.0,win,1.0,2024,8,WAS,CHI,0.04347826086956519,true,true,true,false,espn_archived_open,espn_archived_open,provider_labeled_open_close,true,espn_archived_close,,,-120
spread,home,1.5,-115,1.8695652173913042,0.5779017076119284,0.5348837209302326,0.5108342361863489,0.06706747142557945,0.08042493162230091,ESPN BET,2024_08_CHI_WAS,espn_archive,,401671599:58:open:spread,401671599,,1.1560597132082577,46.84090905456335,1,3.0,33.0,win,0.8695652173913042,2024,8,WAS,CHI,3.0,true,true,true,false,espn_archived_open,espn_archived_open,provider_labeled_open_close,true,espn_archived_close,,-1.5,-105
total,over,45.5,-110,1.9090909090909092,0.546669704526676,0.5238095238095238,0.5,0.04666970452667596,0.04364216318729053,ESPN BET,2024_08_CHI_WAS,espn_archive,,401671599:58:open:total,401671599,,1.1560597132082577,46.84090905456335,1,3.0,33.0,loss,-1.0,2024,8,WAS,CHI,1.0,true,true,true,false,espn_archived_open,espn_archived_open,provider_labeled_open_close,true,espn_archived_close,,46.5,-110
moneyline,away,,200,3.0,0.3742242744337916,0.3333333333333333,0.3207547169811321,0.053469557452659466,0.12267282330137474,ESPN BET,2024_08_DAL_SF,espn_archive,,401671795:58:open:moneyline,401671795,,4.373990157806599,48.76576566645889,1,6.0,54.0,loss,-1.0,2024,8,SF,DAL,0.0,true,true,true,false,espn_archived_open,espn_archived_open,provider_labeled_open_close,true,espn_archived_close,,,200
spread,away,5.5,-105,1.9523809523809523,0.5306115447839153,0.5121951219512195,0.4891657638136511,0.041445780970264134,0.035955873149548845,ESPN BET,2024_08_DAL_SF,espn_archive,,401671795:58:open:spread,401671795,,4.373990157806599,48.76576566645889,1,6.0,54.0,loss,-1.0,2024,8,SF,DAL,0.0,true,true,true,false,espn_archived_open,espn_archived_open,provider_labeled_open_close,true,espn_archived_close,,5.5,-115
total,over,47.5,-110,1.9090909090909092,0.5444110350142112,0.5238095238095238,0.5,0.044411035014211175,0.03933015775440318,ESPN BET,2024_08_DAL_SF,espn_archive,,401671795:58:open:total,401671795,,4.373990157806599,48.76576566645889,1,6.0,54.0,win,0.9090909090909092,2024,8,SF,DAL,0.0,true,true,true,false,espn_archived_open,espn_archived_open,provider_labeled_open_close,true,espn_archived_close,,47.5,-110
moneyline,home,,195,2.95,0.3572566762920176,0.3389830508474576,0.32721864154685176,0.030038034745165865,0.05390719506145203,ESPN BET,2024_08_GB_JAX,espn_archive,,401671707:58:open:moneyline,401671707,,-5.124740860913633,47.54074962317554,1,-3.0,57.0,loss,-1.0,2024,8,JAX,GB,0.04939186390408973,true,true,true,false,espn_archived_open,espn_archived_open,provider_labeled_open_close,true,espn_archived_close,,,155
spread,home,5.5,-110,1.9090909090909092,0.5126410299707006,0.5238095238095238,0.5,0.012641029970700601,-0.021321670055935216,ESPN BET,2024_08_GB_JAX,espn_archive,,401671707:58:open:spread,401671707,,-5.124740860913633,47.54074962317554,1,-3.0,57.0,win,0.9090909090909092,2024,8,JAX,GB,2.0,true,true,true,false,espn_archived_open,espn_archived_open,provider_labeled_open_close,true,espn_archived_close,,3.5,-105
total,under,49.5,-115,1.8695652173913042,0.5529152266972879,0.5348837209302326,0.5108342361863489,0.04208099051093894,0.03371107599927736,ESPN BET,2024_08_GB_JAX,espn_archive,,401671707:58:open:total,401671707,,-5.124740860913633,47.54074962317554,1,-3.0,57.0,loss,-1.0,2024,8,JAX,GB,0.0,true,true,true,false,espn_archived_open,espn_archived_open,provider_labeled_open_close,true,espn_archived_close,,49.5,-120
moneyline,away,,230,3.3,0.45275759354546863,0.30303030303030304,0.29141104294478526,0.16134655060068337,0.49410005870004636,ESPN BET,2024_08_IND_HOU,espn_archive,,401671856:58:open:moneyline,401671856,,1.5791317723313973,45.24382489606276,1,3.0,43.0,loss,-1.0,2024,8,HOU,IND,0.0578847317031021,true,true,true,false,espn_archived_open,espn_archived_open,provider_labeled_open_close,true,espn_archived_close,,,175
spread,away,6.5,-110,1.9090909090909092,0.6372310049909131,0.5238095238095238,0.5,0.13723100499091312,0.216531918619016,ESPN BET,2024_08_IND_HOU,espn_archive,,401671856:58:open:spread,401671856,,1.5791317723313973,45.24382489606276,1,3.0,43.0,win,0.9090909090909092,2024,8,HOU,IND,2.0,true,true,true,false,espn_archived_open,espn_archived_open,provider_labeled_open_close,true,espn_archived_close,,4.5,-115
total,under,46.5,-110,1.9090909090909092,0.5317658029873724,0.5238095238095238,0.5,0.031765802987372416,0.015189260248620107,ESPN BET,2024_08_IND_HOU,espn_archive,,401671856:58:open:total,401671856,,1.5791317723313973,45.24382489606276,1,3.0,43.0,win,0.9090909090909092,2024,8,HOU,IND,1.0,true,true,true,false,espn_archived_open,espn_archived_open,provider_labeled_open_close,true,espn_archived_close,,45.5,-115
moneyline,home,,380,4.8,0.3238070042427448,0.20833333333333334,0.19999999999999998,0.1238070042427448,0.5542736203651748,ESPN BET,2024_08_KC_LV,espn_archive,,401671671:58:open:moneyline,401671671,,-6.387730072584549,42.2948435501626,1,-7.0,47.0,loss,-1.0,2024,8,LV,KC,0.027272727272727254,true,true,true,false,espn_archived_open,espn_archived_open,provider_labeled_open_close,true,espn_archived_close,,,320
spread,home,9.5,-105,1.9523809523809523,0.5907596065287664,0.5121951219512195,0.4891657638136511,0.10159384271511523,0.15338780322282952,ESPN BET,2024_08_KC_LV,espn_archive,,401671671:58:open:spread,401671671,,-6.387730072584549,42.2948435501626,1,-7.0,47.0,win,0.9523809523809523,2024,8,LV,KC,1.0,true,true,true,false,espn_archived_open,espn_archived_open,provider_labeled_open_close,true,espn_archived_close,,8.5,-110
total,over,42.5,-105,1.9523809523809523,0.49999966232209636,0.5121951219512195,0.4891657638136511,0.010833898508445239,-0.023810183085430925,ESPN BET,2024_08_KC_LV,espn_archive,,401671671:58:open:total,401671671,,-6.387730072584549,42.2948435501626,1,-7.0,47.0,win,0.9523809523809523,2024,8,LV,KC,0.0,true,true,true,false,espn_archived_open,espn_archived_open,provider_labeled_open_close,true,espn_archived_close,,42.5,-115
moneyline,away,,-165,1.606060606060606,0.6444285356073027,0.6226415094339623,0.5990922844175491,0.045336251189753596,0.03499128446021338,ESPN BET,2024_08_MIN_LA,espn_archive,,401671817:58:open:moneyline,401671817,,-5.187286175261558,44.61492844148172,1,10.0,50.0,loss,-1.0,2024,8,LA,MIN,-0.019260351644439955,true,true,true,false,espn_archived_open,espn_archived_open,provider_labeled_open_close,true,espn_archived_close,,,-150
spread,away,-3.0,-115,1.8695652173913042,0.561000840784207,0.5348837209302326,0.5108342361863489,0.050166604597858044,0.048827658857430345,ESPN BET,2024_08_MIN_LA,espn_archive,,401671817:58:open:spread,401671817,,-5.187286175261558,44.61492844148172,1,10.0,50.0,loss,-1.0,2024,8,LA,MIN,-0.5,true,true,true,false,espn_archived_open,espn_archived_open,provider_labeled_open_close,true,espn_archived_close,,-2.5,-120
total,under,46.5,-110,1.9090909090909092,0.5506898590202027,0.5238095238095238,0.5,0.05068985902020273,0.05131700358402336,ESPN BET,2024_08_MIN_LA,espn_archive,,401671817:58:open:total,401671817,,-5.187286175261558,44.61492844148172,1,10.0,50.0,loss,-1.0,2024,8,LA,MIN,0.0,true,true,true,false,espn_archived_open,espn_archived_open,provider_labeled_open_close,true,espn_archived_close,,46.5,-105
moneyline,away,,250,3.5,0.44551498168108306,0.2857142857142857,0.27586206896551724,0.16965291271556582,0.5593024358837906,ESPN BET,2024_08_NO_LAC,espn_archive,,401671750:58:open:moneyline,401671750,,1.8323959196478654,42.337527288481226,1,18.0,34.0,loss,-1.0,2024,8,LAC,NO,-0.03121375092270376,true,true,true,false,espn_archived_open,espn_archived_open,provider_labeled_open_close,true,espn_archived_close,,,290
spread,away,7.5,-125,1.8,0.6572740370811854,0.5555555555555556,0.5287958115183247,0.1284782255628607,0.1830932667461338,ESPN BET,2024_08_NO_LAC,espn_archive,,401671750:58:open:spread,401671750,,1.8323959196478654,42.337527288481226,1,18.0,34.0,loss,-1.0,2024,8,LAC,NO,0.0,true,true,true,false,espn_archived_open,espn_archived_open,provider_labeled_open_close,true,espn_archived_close,,7.5,-120
total,over,39.5,-110,1.9090909090909092,0.5912471252473761,0.5238095238095238,0.5,0.0912471252473761,0.12874451183589986,ESPN BET,2024_08_NO_LAC,espn_archive,,401671750:58:open:total,401671750,,1.8323959196478654,42.337527288481226,1,18.0,34.0,loss,-1.0,2024,8,LAC,NO,2.0,true,true,true,false,espn_archived_open,espn_archived_open,provider_labeled_open_close,true,espn_archived_close,,41.5,-105
moneyline,home,,-250,1.4,0.7158632155163203,0.7142857142857143,0.6888888888888889,0.026974326627431378,0.002208501722848366,ESPN BET,2024_08_NYG_PIT,espn_archive,,401671685:58:open:moneyline,401671685,,7.831928288645694,36.31220957284239,1,8.0,44.0,win,0.3999999999999999,2024,8,PIT,NYG,0.011273185665406138,true,true,true,false,espn_archived_open,espn_archived_open,provider_labeled_open_close,true,espn_archived_close,,,-270
spread,home,-5.5,-115,1.8695652173913042,0.5687147586388009,0.5348837209302326,0.5108342361863489,0.05788052245245201,0.063249331368193,ESPN BET,2024_08_NYG_PIT,espn_archive,,401671685:58:open:spread,401671685,,7.831928288645694,36.31220957284239,1,8.0,44.0,win,0.8695652173913042,2024,8,PIT,NYG,1.0,true,true,true,false,espn_archived_open,espn_archived_open,provider_labeled_open_close,true,espn_archived_close,,-6.5,-105
total,under,37.5,-110,1.9090909090909092,0.5297029349201483,0.5238095238095238,0.5,0.029702934920148305,0.011251057574828582,ESPN BET,2024_08_NYG_PIT,espn_archive,,401671685:58:open:total,401671685,,7.831928288645694,36.31220957284239,1,8.0,44.0,loss,-1.0,2024,8,PIT,NYG,0.0,true,true,true,false,espn_archived_open,espn_archived_open,provider_labeled_open_close,true,espn_archived_close,,37.5,-110
moneyline,home,,230,3.3,0.39992781544087663,0.30303030303030304,0.29141104294478526,0.10851677249609137,0.3197617909548929,ESPN BET,2024_08_NYJ_NE,espn_archive,,401671618:58:open:moneyline,401671618,,-3.5713286758969183,38.73355215061055,1,3.0,47.0,win,2.3,2024,8,NE,NYJ,-0.03228265660791835,true,true,true,false,espn_archived_open,espn_archived_open,provider_labeled_open_close,true,espn_archived_close,,,270
spread,home,6.5,-115,1.8695652173913042,0.5855959454558666,0.5348837209302326,0.5108342361863489,0.07476170926951764,0.09480981106966357,ESPN BET,2024_08_NYJ_NE,espn_archive,,401671618:58:open:spread,401671618,,-3.5713286758969183,38.73355215061055,1,3.0,47.0,win,0.8695652173913042,2024,8,NE,NYJ,-1.0,true,true,true,false,espn_archived_open,espn_archived_open,provider_labeled_open_close,true,espn_archived_close,,7.5,-110
total,under,41.5,-115,1.8695652173913042,0.577008932361218,0.5348837209302326,0.5108342361863489,0.06617469617486904,0.0787558300666249,ESPN BET,2024_08_NYJ_NE,espn_archive,,401671618:58:open:total,401671618,,-3.5713286758969183,38.73355215061055,1,3.0,47.0,loss,-1.0,2024,8,NE,NYJ,0.0,true,true,true,false,espn_archived_open,espn_archived_open,provider_labeled_open_close,true,espn_archived_close,,41.5,-115
moneyline,away,,110,2.1,0.5031489065662488,0.47619047619047616,0.4572564612326044,0.045892445333644394,0.05661270378912242,ESPN BET,2024_08_PHI_CIN,espn_archive,,401671667:58:open:moneyline,401671667,,-0.1724659814786662,46.07932825222001,1,-20.0,54.0,win,1.1,2024,8,CIN,PHI,-0.037088394005713676,true,true,true,false,espn_archived_open,espn_archived_open,provider_labeled_open_close,true,espn_archived_close,,,130
spread,away,2.5,-105,1.9523809523809523,0.5747857973776527,0.5121951219512195,0.4891657638136511,0.08562003356400155,0.12220084249922669,ESPN BET,2024_08_PHI_CIN,espn_archive,,401671667:58:open:spread,401671667,,-0.1724659814786662,46.07932825222001,1,-20.0,54.0,win,0.9523809523809523,2024,8,CIN,PHI,0.0,true,true,true,false,espn_archived_open,espn_archived_open,provider_labeled_open_close,true,espn_archived_close,,2.5,100
total,under,46.5,-110,1.9090909090909092,0.5065205728354578,0.5238095238095238,0.5,0.006520572835457816,-0.033006179132307745,ESPN BET,2024_08_PHI_CIN,espn_archive,,401671667:58:open:total,401671667,,-0.1724659814786662,46.07932825222001,1,-20.0,54.0,loss,-1.0,2024,8,CIN,PHI,-1.0,true,true,true,false,espn_archived_open,espn_archived_open,provider_labeled_open_close,true,espn_archived_close,,47.5,-110
moneyline,away,,500,6.0,0.27695826202050067,0.16666666666666666,0.15999999999999998,0.11695826202050069,0.661749572123004,ESPN BET,2024_08_TEN_DET,espn_archive,,401671720:58:open:moneyline,401671720,,8.126727894094703,45.36095301917558,1,38.0,66.0,loss,-1.0,2024,8,DET,TEN,0.020180180180180196,true,true,true,false,espn_archived_open,espn_archived_open,provider_labeled_open_close,true,espn_archived_close,,,425
spread,away,12.5,-110,1.9090909090909092,0.6222865214019827,0.5238095238095238,0.5,0.1222865214019827,0.18800154085833065,ESPN BET,2024_08_TEN_DET,espn_archive,,401671720:58:open:spread,401671720,,8.126727894094703,45.36095301917558,1,38.0,66.0,loss,-1.0,2024,8,DET,TEN,0.0,true,true,true,false,espn_archived_open,espn_archived_open,provider_labeled_open_close,true,espn_archived_close,,12.5,-110
total,over,45.5,-110,1.9090909090909092,0.5019998297267267,0.5238095238095238,0.5,0.001999829726726743,-0.04163668870352166,ESPN BET,2024_08_TEN_DET,espn_archive,,401671720:58:open:total,401671720,,8.126727894094703,45.36095301917558,1,38.0,66.0,win,0.9090909090909092,2024,8,DET,TEN,1.0,true,true,true,false,espn_archived_open,espn_archived_open,provider_labeled_open_close,true,espn_archived_close,,46.5,-110
moneyline,away,,-105,1.9523809523809523,0.5489857979176357,0.5121951219512195,0.4891657638136511,0.059820034103984565,0.07182941498205064,ESPN BET,2024_09_CHI_ARI,espn_archive,,401671661:58:open:moneyline,401671661,,-1.8598899416735328,43.736919582002244,1,20.0,38.0,loss,-1.0,2024,9,ARI,CHI,-0.021633296281183545,true,true,true,false,espn_archived_open,espn_archived_open,provider_labeled_open_close,true,espn_archived_close,,,105
spread,away,1.0,-115,1.8695652173913042,0.5775792174058673,0.5348837209302326,0.5108342361863489,0.06674498121951833,0.07982201515009968,ESPN BET,2024_09_CHI_ARI,espn_archive,,401671661:58:open:spread,401671661,,-1.8598899416735328,43.736919582002244,1,20.0,38.0,loss,-1.0,2024,9,ARI,CHI,-0.5,true,true,true,false,espn_archived_open,espn_archived_open,provider_labeled_open_close,true,espn_archived_close,,1.5,-110
total,under,44.5,-110,1.9090909090909092,0.5122921703679724,0.5238095238095238,0.5,0.012292170367972366,-0.021987674752052766,ESPN BET,2024_09_CHI_ARI,espn_archive,,401671661:58:open:total,401671661,,-1.8598899416735328,43.736919582002244,1,20.0,38.0,win,0.9090909090909092,2024,9,ARI,CHI,0.0,true,true,true,false,espn_archived_open,espn_archived_open,provider_labeled_open_close,true,espn_archived_close,,44.5,-115
moneyline,home,,-135,1.7407407407407407,0.5619500980574288,0.574468085106383,0.552594002855783,0.00935609520164582,-0.021790570048179525,ESPN BET,2024_09_DAL_ATL,espn_archive,,401671728:58:open:moneyline,401671728,,1.9830229392500094,48.01631189734323,1,6.0,48.0,win,0.7407407407407407,2024,9,ATL,DAL,0.05410665264312453,true,true,true,false,espn_archived_open,espn_archived_open,provider_labeled_open_close,true,espn_archived_close,,,-170
spread,away,2.5,-110,1.9090909090909092,0.5102106904517186,0.5238095238095238,0.5,0.01021069045171863,-0.02596140913762801,ESPN BET,2024_09_DAL_ATL,espn_archive,,401671728:58:open:spread,401671728,,1.9830229392500094,48.01631189734323,1,6.0,48.0,loss,-1.0,2024,9,ATL,DAL,-1.0,true,true,true,false,espn_archived_open,espn_archived_open,provider_labeled_open_close,true,espn_archived_close,,3.5,-130
total,under,48.5,-105,1.9523809523809523,0.5037520673521756,0.5121951219512195,0.4891657638136511,0.01458630353852447,-0.01648405897908578,ESPN BET,2024_09_DAL_ATL,espn_archive,,401671728:58:open:total,401671728,,1.9830229392500094,48.01631189734323,1,6.0,48.0,win,0.9523809523809523,2024,9,ATL,DAL,-3.0,true,true,true,false,espn_archived_open,espn_archived_open,provider_labeled_open_close,true,espn_archived_close,,51.5,-105
moneyline,away,,340,4.4,0.43165705685557865,0.22727272727272727,0.21739130434782608,0.21426575250775257,0.8992910501645461,ESPN BET,2024_09_DEN_BAL,espn_archive,,401671623:58:open:moneyline,401671623,,2.206722562090448,46.22763202352286,1,31.0,51.0,loss,-1.0,2024,9,BAL,DEN,0.020703933747412,true,true,true,false,espn_archived_open,espn_archived_open,provider_labeled_open_close,true,espn_archived_close,,,300
spread,away,9.0,-110,1.9090909090909092,0.6848440630702708,0.5238095238095238,0.5,0.1848440630702708,0.30742957495233525,ESPN BET,2024_09_DEN_BAL,espn_archive,,401671623:58:open:spread,401671623,,2.206722562090448,46.22763202352286,1,31.0,51.0,loss,-1.0,2024,9,BAL,DEN,0.5,true,true,true,false,espn_archived_open,espn_archived_open,provider_labeled_open_close,true,espn_archived_close,,8.5,-110
total,over,44.5,-110,1.9090909090909092,0.5635839946916608,0.5238095238095238,0.5,0.06358399469166076,0.07593308077498873,ESPN BET,2024_09_DEN_BAL,espn_archive,,401671623:58:open:total,401671623,,2.206722562090448,46.22763202352286,1,31.0,51.0,win,0.9090909090909092,2024,9,BAL,DEN,2.0,true,true,true,false,espn_archived_open,espn_archived_open,provider_labeled_open_close,true,espn_archived_close,,46.5,-120
moneyline,home,,165,2.65,0.43551667709597064,0.37735849056603776,0.36341238065906994,0.0721042964369007,0.15411919430432208,ESPN BET,2024_09_DET_GB,espn_archive,,401671767:58:open:moneyline,401671767,,-2.400440536737875,49.30725718469537,1,-10.0,38.0,loss,-1.0,2024,9,GB,DET,0.05675568656782076,true,true,true,false,espn_archived_open,espn_archived_open,provider_labeled_open_close,true,espn_archived_close,,,130
spread,home,3.5,-105,1.9523809523809523,0.5365601736521554,0.5121951219512195,0.4891657638136511,0.04739440983850424,0.04756986284468434,ESPN BET,2024_09_DET_GB,espn_archive,,401671767:58:open:spread,401671767,,-2.400440536737875,49.30725718469537,1,-10.0,38.0,loss,-1.0,2024,9,GB,DET,1.0,true,true,true,false,espn_archived_open,espn_archived_open,provider_labeled_open_close,true,espn_archived_close,,2.5,102
total,over,48.5,-110,1.9090909090909092,0.535668902051097,0.5238095238095238,0.5,0.03566890205109696,0.022640631188457938,ESPN BET,2024_09_DET_GB,espn_archive,,401671767:58:open:total,401671767,,-2.400440536737875,49.30725718469537,1,-10.0,38.0,loss,-1.0,2024,9,GB,DET,0.0,true,true,true,false,espn_archived_open,espn_archived_open,provider_labeled_open_close,true,espn_archived_close,,48.5,-105
moneyline,away,,-110,1.9090909090909092,0.5260462582516746,0.5238095238095238,0.5,0.026046258251674614,0.004270129389560617,ESPN BET,2024_09_HOU_NYJ,espn_archive,,401671809:58:open:moneyline,401671809,,-1.0642884576244036,42.870092067431344,1,8.0,34.0,loss,-1.0,2024,9,NYJ,HOU,-0.07111597374179435,true,true,true,false,espn_archived_open,espn_archived_open,provider_labeled_open_close,true,espn_archived_close,,,125
spread,away,-1.0,-105,1.9523809523809523,0.4970996148794383,0.5121951219512195,0.4891657638136511,0.0079338510657872,-0.02947218047347755,ESPN BET,2024_09_HOU_NYJ,espn_archive,,401671809:58:open:spread,401671809,,-1.0642884576244036,42.870092067431344,1,8.0,34.0,loss,-1.0,2024,9,NYJ,HOU,-3.5,true,true,true,false,espn_archived_open,espn_archived_open,provider_labeled_open_close,true,espn_archived_close,,2.5,-110
total,over,43.5,100,2.0,0.49177801149026534,0.5,0.4782608695652174,0.013517141925047937,-0.016443977019469314,ESPN BET,2024_09_HOU_NYJ,espn_archive,,401671809:58:open:total,401671809,,-1.0642884576244036,42.870092067431344,1,8.0,34.0,loss,-1.0,2024,9,NYJ,HOU,0.0,true,true,true,false,espn_archived_open,espn_archived_open,provider_labeled_open_close,true,espn_archived_close,,43.5,-115
moneyline,away,,270,3.7,0.36178232637415986,0.27027027027027023,0.2591283863368669,0.10265394003729295,0.3385946075843915,ESPN BET,2024_09_IND_MIN,espn_archive,,401671647:58:open:moneyline,401671647,,4.707126075784863,44.98722569336931,1,8.0,34.0,loss,-1.0,2024,9,MIN,IND,0.04621512511351478,true,true,true,false,espn_archived_open,espn_archived_open,provider_labeled_open_close,true,espn_archived_close,,,215
spread,away,7.0,-105,1.9523809523809523,0.5614065050905639,0.5121951219512195,0.4891657638136511,0.07224074127691277,0.09607936708157716,ESPN BET,2024_09_IND_MIN,espn_archive,,401671647:58:open:spread,401671647,,4.707126075784863,44.98722569336931,1,8.0,34.0,loss,-1.0,2024,9,MIN,IND,1.5,true,true,true,false,espn_archived_open,espn_archived_open,provider_labeled_open_close,true,espn_archived_close,,5.5,100
total,under,46.5,-115,1.8695652173913042,0.5351691844516313,0.5348837209302326,0.5108342361863489,0.024334948265282375,0.0005336926704411216,ESPN BET,2024_09_IND_MIN,espn_archive,,401671647:58:open:total,401671647,,4.707126075784863,44.98722569336931,1,8.0,34.0,win,0.8695652173913042,2024,9,MIN,IND,0.0,true,true,true,false,espn_archived_open,espn_archived_open,provider_labeled_open_close,true,espn_archived_close,,46.5,-105
moneyline,away,,260,3.6,0.317946314861031,0.2777777777777778,0.267175572519084,0.05077074234194695,0.14460673349971165,ESPN BET,2024_09_JAX_PHI,espn_archive,,401671797:58:open:moneyline,401671797,,6.356469852778535,47.11504761206449,1,5.0,51.0,loss,-1.0,2024,9,PHI,JAX,0.016254660039055513,true,true,true,false,espn_archived_open,espn_archived_open,provider_labeled_open_close,true,espn_archived_close,,,240
spread,away,7.0,-105,1.9523809523809523,0.5138746428331135,0.5121951219512195,0.4891657638136511,0.024708879019462338,0.0032790645789357864,ESPN BET,2024_09_JAX_PHI,espn_archive,,401671797:58:open:spread,401671797,,6.356469852778535,47.11504761206449,1,5.0,51.0,win,0.9523809523809523,2024,9,PHI,JAX,-0.5,true,true,true,false,espn_archived_open,espn_archived_open,provider_labeled_open_close,true,espn_archived_close,,7.5,-115
total,under,47.5,-110,1.9090909090909092,0.5007334285780751,0.5238095238095238,0.5,0.0007334285780751237,-0.044054363623674764,ESPN BET,2024_09_JAX_PHI,espn_archive,,401671797:58:open:total,401671797,,6.356469852778535,47.11504761206449,1,5.0,51.0,loss,-1.0,2024,9,PHI,JAX,1.0,true,true,true,false,espn_archived_open,espn_archived_open,provider_labeled_open_close,true,espn_archived_close,,46.5,100
moneyline,away,,-135,1.7407407407407407,0.5977171685599817,0.574468085106383,0.552594002855783,0.04512316570419872,0.040470626752560745,ESPN BET,2024_09_LAC_CLE,espn_archive,,401671629:58:open:moneyline,401671629,,-3.572489596720402,37.027519674890605,1,-17.0,37.0,win,0.7407407407407407,2024,9,CLE,LAC,-0.02012647038825044,true,true,true,false,espn_archived_open,espn_archived_open,provider_labeled_open_close,true,espn_archived_close,,,-125
spread,away,-2.5,-115,1.8695652173913042,0.5262832948048579,0.5348837209302326,0.5108342361863489,0.015449058618508982,-0.016079057538743946,ESPN BET,2024_09_LAC_CLE,espn_archive,,401671629:58:open:spread,401671629,,-3.572489596720402,37.027519674890605,1,-17.0,37.0,win,0.8695652173913042,2024,9,CLE,LAC,-1.0,true,true,true,false,espn_archived_open,espn_archived_open,provider_labeled_open_close,true,espn_archived_close,,-1.5,-115
total,under,39.5,100,2.0,0.5642757717263298,0.5,0.4782608695652174,0.0860149021611124,0.12855154345265962,ESPN BET,2024_09_LAC_CLE,espn_archive,,401671629:58:open:total,401671629,,-3.572489596720402,37.027519674890605,1,-17.0,37.0,win,1.0,2024,9,CLE,LAC,-2.0,true,true,true,false,espn_archived_open,espn_archived_open,provider_labeled_open_close,true,espn_archived_close,,41.5,-110
moneyline,home,,-115,1.8695652173913042,0.5517235270023622,0.5348837209302326,0.5108342361863489,0.040889290816013224,0.03148311570006834,ESPN BET,2024_09_LA_SEA,espn_archive,,401671776:58:open:moneyline,401671776,,1.626322427965313,46.6449347820819,1,-6.0,46.0,loss,-1.0,2024,9,SEA,LA,-0.04929577464788737,true,true,true,false,espn_archived_open,espn_archived_open,provider_labeled_open_close,true,espn_archived_close,,,110
spread,home,-1.0,-105,1.9523809523809523,0.52289151715604,0.5121951219512195,0.4891657638136511,0.033725753342388864,0.02088343825703043,ESPN BET,2024_09_LA_SEA,espn_archive,,401671776:58:open:spread,401671776,,1.626322427965313,46.6449347820819,1,-6.0,46.0,loss,-1.0,2024,9,SEA,LA,-3.0,true,true,true,false,espn_archived_open,espn_archived_open,provider_labeled_open_close,true,espn_archived_close,,2.0,-110
total,under,47.5,-105,1.9523809523809523,0.5151028014913449,0.5121951219512195,0.4891657638136511,0.025937037677693786,0.005676898149768572,ESPN BET,2024_09_LA_SEA,espn_archive,,401671776:58:open:total,401671776,,1.626322427965313,46.6449347820819,1,-6.0,46.0,win,0.9523809523809523,2024,9,SEA,LA,-1.0,true,true,true,false,espn_archived_open,espn_archived_open,provider_labeled_open_close,true,espn_archived_close,,48.5,-110
moneyline,away,,300,4.0,0.39197131052506873,0.25,0.23809523809523808,0.15387607242983065,0.5678852421002749,ESPN BET,2024_09_LV_CIN,espn_archive,,401671704:58:open:moneyline,401671704,,3.6119675397235653,47.10487912182641,1,17.0,65.0,loss,-1.0,2024,9,CIN,LV,0.0065530799475753965,true,true,true,false,espn_archived_open,espn_archived_open,provider_labeled_open_close,true,espn_archived_close,,,290
spread,away,7.5,-110,1.9090909090909092,0.606555516549148,0.5238095238095238,0.5,0.10655551654914797,0.1579696225029188,ESPN BET,2024_09_LV_CIN,espn_archive,,401671704:58:open:spread,401671704,,3.6119675397235653,47.10487912182641,1,17.0,65.0,loss,-1.0,2024,9,CIN,LV,0.0,true,true,true,false,espn_archived_open,espn_archived_open,provider_labeled_open_close,true,espn_archived_close,,7.5,-110
total,over,45.5,-105,1.9523809523809523,0.5598760449067111,0.5121951219512195,0.4891657638136511,0.07071028109305993,0.09309132577024526,ESPN BET,2024_09_LV_CIN,espn_archive,,401671704:58:open:total,401671704,,3.6119675397235653,47.10487912182641,1,17.0,65.0,win,0.9523809523809523,2024,9,CIN,LV,-1.0,true,true,true,false,espn_archived_open,espn_archived_open,provider_labeled_open_close,true,espn_archived_close,,44.5,-105
moneyline,home,,-250,1.4,0.7651525795584657,0.7142857142857143,0.6888888888888889,0.07626369066957683,0.071213611381852,ESPN BET,2024_09_MIA_BUF,espn_archive,,401671493:58:open:moneyline,401671493,,9.793235077849076,42.71897768843718,1,3.0,57.0,win,0.3999999999999999,2024,9,BUF,MIA,0.011273185665406138,true,true,true,false,espn_archived_open,espn_archived_open,provider_labeled_open_close,true,espn_archived_close,,,-270
spread,home,-6.0,-110,1.9090909090909092,0.6130761875499988,0.5238095238095238,0.5,0.11307618754999882,0.170418176231816,ESPN BET,2024_09_MIA_BUF,espn_archive,,401671493:58:open:spread,401671493,,9.793235077849076,42.71897768843718,1,3.0,57.0,loss,-1.0,2024,9,BUF,MIA,0.5,true,true,true,false,espn_archived_open,espn_archived_open,provider_labeled_open_close,true,espn_archived_close,,-6.5,-105
total,under,48.5,-110,1.9090909090909092,0.6610657247892154,0.5238095238095238,0.5,0.16106572478921544,0.262034565506684,ESPN BET,2024_09_MIA_BUF,espn_archive,,401671493:58:open:total,401671493,,9.793235077849076,42.71897768843718,1,3.0,57.0,loss,-1.0,2024,9,BUF,MIA,-1.0,true,true,true,false,espn_archived_open,espn_archived_open,provider_labeled_open_close,true,espn_archived_close,,49.5,-115
moneyline,away,,135,2.35,0.43453937194908043,0.425531914893617,0.4117884537747275,0.02275091817435293,0.021167524080339062,ESPN BET,2024_09_NE_TEN,espn_archive,,401671822:58:open:moneyline,401671822,,2.1057901531222036,41.57517856436684,1,3.0,37.0,loss,-1.0,2024,9,TEN,NE,-0.03517794832378601,true,true,true,false,espn_archived_open,espn_archived_open,provider_labeled_open_close,true,espn_archived_close,,,155
spread,home,-3.5,110,2.1,0.46442624563614243,0.47619047619047616,0.4532304725168756,0.011195773119266839,-0.024704884164100882,ESPN BET,2024_09_NE_TEN,espn_archive,,401671822:58:open:spread,401671822,,2.1057901531222036,41.57517856436684,1,3.0,37.0,loss,-1.0,2024,9,TEN,NE,0.0,true,true,true,false,espn_archived_open,espn_archived_open,provider_labeled_open_close,true,espn_archived_close,,-3.5,100
total,over,38.5,-105,1.9523809523809523,0.6038531551380664,0.5121951219512195,0.4891657638136511,0.11468739132441524,0.17895139812670102,ESPN BET,2024_09_NE_TEN,espn_archive,,401671822:58:open:total,401671822,,2.1057901531222036,41.57517856436684,1,3.0,37.0,loss,-1.0,2024,9,TEN,NE,0.0,true,true,true,false,espn_archived_open,espn_archived_open,provider_labeled_open_close,true,espn_archived_close,,38.5,-105
moneyline,home,,240,3.4,0.3067555407200693,0.29411764705882354,0.28343023255813954,0.023325308161929736,0.0429688384482354,ESPN BET,2024_09_NO_CAR,espn_archive,,401671650:58:open:moneyline,401671650,,-7.120803983006475,48.116300082842294,1,1.0,45.0,win,2.4,2024,9,CAR,NO,-0.007568163592622301,true,true,true,false,espn_archived_open,espn_archived_open,provider_labeled_open_close,true,espn_archived_close,,,250
spread,away,-6.5,-110,1.9090909090909092,0.5132167544911401,0.5238095238095238,0.5,0.013216754491140126,-0.020222559607823376,ESPN BET,2024_09_NO_CAR,espn_archive,,401671650:58:open:spread,401671650,,-7.120803983006475,48.116300082842294,1,1.0,45.0,loss,-1.0,2024,9,CAR,NO,1.0,true,true,true,false,espn_archived_open,espn_archived_open,provider_labeled_open_close,true,espn_archived_close,,-7.5,100
total,over,44.5,-115,1.8695652173913042,0.6197418542474176,0.5348837209302326,0.5108342361863489,0.10890761806106863,0.15864781446256315,ESPN BET,2024_09_NO_CAR,espn_archive,,401671650:58:open:total,401671650,,-7.120803983006475,48.116300082842294,1,1.0,45.0,win,0.8695652173913042,2024,9,CAR,NO,-1.0,true,true,true,false,espn_archived_open,espn_archived_open,provider_labeled_open_close,true,espn_archived_close,,43.5,-105
moneyline,away,,340,4.4,0.4159033232559045,0.22727272727272727,0.21739130434782608,0.19851201890807843,0.8299746223259801,ESPN BET,2024_09_TB_KC,espn_archive,,401671688:58:open:moneyline,401671688,,2.7607900779282097,46.81647719576567,1,6.0,54.0,loss,-1.0,2024,9,KC,TB,0.0,true,true,true,false,espn_archived_open,espn_archived_open,provider_labeled_open_close,true,espn_archived_close,,,340
spread,away,8.5,-105,1.9523809523809523,0.6571720658423403,0.5121951219512195,0.4891657638136511,0.16800630202868921,0.2830502237874264,ESPN BET,2024_09_TB_KC,espn_archive,,401671688:58:open:spread,401671688,,2.7607900779282097,46.81647719576567,1,6.0,54.0,win,0.9523809523809523,2024,9,KC,TB,0.0,true,true,true,false,espn_archived_open,espn_archived_open,provider_labeled_open_close,true,espn_archived_close,,8.5,-115
total,over,44.5,-115,1.8695652173913042,0.5812878535511691,0.5348837209302326,0.5108342361863489,0.07045361736482014,0.08675555229131593,ESPN BET,2024_09_TB_KC,espn_archive,,401671688:58:open:total,401671688,,2.7607900779282097,46.81647719576567,1,6.0,54.0,win,0.8695652173913042,2024,9,KC,TB,1.0,true,true,true,false,espn_archived_open,espn_archived_open,provider_labeled_open_close,true,espn_archived_close,,45.5,-105
moneyline,away,,-175,1.5714285714285714,0.6319143479871989,0.6363636363636364,0.6140350877192983,0.017879260267900654,-0.006991738877258902,ESPN BET,2024_09_WAS_NYG,espn_archive,,401671711:58:open:moneyline,401671711,,-4.804983003330197,43.140420921392476,1,-5.0,49.0,win,0.5714285714285714,2024,9,NYG,WAS,0.028822055137844638,true,true,true,false,espn_archived_open,espn_archived_open,provider_labeled_open_close,true,espn_archived_close,,,-200
spread,away,-3.5,-105,1.9523809523809523,0.5329988361187483,0.5121951219512195,0.4891657638136511,0.0438330723050972,0.04061677527946106,ESPN BET,2024_09_WAS_NYG,espn_archive,,401671711:58:open:spread,401671711,,-4.804983003330197,43.140420921392476,1,-5.0,49.0,win,0.9523809523809523,2024,9,NYG,WAS,0.0,true,true,true,false,espn_archived_open,espn_archived_open,provider_labeled_open_close,true,espn_archived_close,,-3.5,-110
total,under,43.5,-105,1.9523809523809523,0.4999576788115564,0.5121951219512195,0.4891657638136511,0.010791914997905272,-0.02389215089172325,ESPN BET,2024_09_WAS_NYG,espn_archive,,401671711:58:open:total,401671711,,-4.804983003330197,43.140420921392476,1,-5.0,49.0,loss,-1.0,2024,9,NYG,WAS,1.0,true,true,true,false,espn_archived_open,espn_archived_open,provider_labeled_open_close,true,espn_archived_close,,42.5,100
moneyline,home,,140,2.4,0.5238590837561381,0.4166666666666667,0.4009077155824508,0.12295136817368729,0.2572618010147314,ESPN BET,2024_10_ATL_NO,espn_archive,,401671733:58:open:moneyline,401671733,,0.5254696910524821,47.18019886177534,1,3.0,37.0,win,1.4,2024,10,NO,ATL,-0.031009756398777455,true,true,true,false,espn_archived_open,espn_archived_open,provider_labeled_open_close,true,espn_archived_close,,,160
spread,home,3.0,100,2.0,0.6098256290005157,0.5,0.4782608695652174,0.13156475943529833,0.21965125800103147,ESPN BET,2024_10_ATL_NO,espn_archive,,401671733:58:open:spread,401671733,,0.5254696910524821,47.18019886177534,1,3.0,37.0,win,1.0,2024,10,NO,ATL,-1.5,true,true,true,false,espn_archived_open,espn_archived_open,provider_labeled_open_close,true,espn_archived_close,,4.5,-120
total,under,47.5,-105,1.9523809523809523,0.49848778958771,0.5121951219512195,0.4891657638136511,0.009322025774058884,-0.02676193461447096,ESPN BET,2024_10_ATL_NO,espn_archive,,401671733:58:open:total,401671733,,0.5254696910524821,47.18019886177534,1,3.0,37.0,win,0.9523809523809523,2024,10,NO,ATL,0.0,true,true,true,false,espn_archived_open,espn_archived_open,provider_labeled_open_close,true,espn_archived_close,,47.5,-105
moneyline,home,,190,2.9,0.3991263924420423,0.3448275862068966,0.33248081841432225,0.06664557402772003,0.15746653808192268,ESPN BET,2024_10_BUF_IND,espn_archive,,401671863:58:open:moneyline,401671863,,-3.795315812673941,45.66623738086319,1,-10.0,50.0,loss,-1.0,2024,10,IND,BUF,0.0,true,true,true,false,espn_archived_open,espn_archived_open,provider_labeled_open_close,true,espn_archived_close,,,190
spread,home,5.0,-105,1.9523809523809523,0.5435690521189556,0.5121951219512195,0.4891657638136511,0.05440328830530444,0.061253863660817975,ESPN BET,2024_10_BUF_IND,espn_archive,,401671863:58:open:spread,401671863,,-3.795315812673941,45.66623738086319,1,-10.0,50.0,loss,-1.0,2024,10,IND,BUF,0.5,true,true,true,false,espn_archived_open,espn_archived_open,provider_labeled_open_close,true,espn_archived_close,,4.5,-115
total,under,47.5,-115,1.8695652173913042,0.5451910142664277,0.5348837209302326,0.5108342361863489,0.034356778080078754,0.019270157106799468,ESPN BET,2024_10_BUF_IND,espn_archive,,401671863:58:open:total,401671863,,-3.795315812673941,45.66623738086319,1,-10.0,50.0,loss,-1.0,2024,10,IND,BUF,1.0,true,true,true,false,espn_archived_open,espn_archived_open,provider_labeled_open_close,true,espn_archived_close,,46.5,-105
moneyline,away,,215,3.15,0.3082168289175764,0.31746031746031744,0.3053435114503817,0.0028733174671947137,-0.029116988909634323,ESPN BET,2024_10_CIN_BAL,espn_archive,,401671810:58:open:moneyline,401671810,,6.56688329301446,52.95880088109979,1,1.0,69.0,loss,-1.0,2024,10,BAL,CIN,-0.01393246850559643,true,true,true,false,espn_archived_open,espn_archived_open,provider_labeled_open_close,true,espn_archived_close,,,230
spread,home,-6.0,-115,1.8695652173913042,0.5250630216021638,0.5348837209302326,0.5108342361863489,0.014228785415814849,-0.018360437874215596,ESPN BET,2024_10_CIN_BAL,espn_archive,,401671810:58:open:spread,401671810,,6.56688329301446,52.95880088109979,1,1.0,69.0,loss,-1.0,2024,10,BAL,CIN,-0.5,true,true,true,false,espn_archived_open,espn_archived_open,provider_labeled_open_close,true,espn_archived_close,,-5.5,-120
total,over,52.5,-105,1.9523809523809523,0.5255632183558094,0.5121951219512195,0.4891657638136511,0.036397454542158314,0.026099616789913682,ESPN BET,2024_10_CIN_BAL,espn_archive,,401671810:58:open:total,401671810,,6.56688329301446,52.95880088109979,1,1.0,69.0,win,0.9523809523809523,2024,10,BAL,CIN,0.0,true,true,true,false,espn_archived_open,espn_archived_open,provider_labeled_open_close,true,espn_archived_close,,52.5,-115
moneyline,away,,360,4.6,0.3602937493418201,0.2173913043478261,0.20689655172413796,0.15339719761768217,0.6573512469723723,ESPN BET,2024_10_DEN_KC,espn_archive,,401671637:58:open:moneyline,401671637,,4.604933264968448,40.01379048836024,1,2.0,30.0,loss,-1.0,2024,10,KC,DEN,0.03775176631867552,true,true,true,false,espn_archived_open,espn_archived_open,provider_labeled_open_close,true,espn_archived_close,,,290
spread,away,9.0,-110,1.9090909090909092,0.6176808151001435,0.5238095238095238,0.5,0.1176808151001435,0.17920882882754663,ESPN BET,2024_10_DEN_KC,espn_archive,,401671637:58:open:spread,401671637,,4.604933264968448,40.01379048836024,1,2.0,30.0,win,0.9090909090909092,2024,10,KC,DEN,1.5,true,true,true,false,espn_archived_open,espn_archived_open,provider_labeled_open_close,true,espn_archived_close,,7.5,-120
total,under,41.5,-105,1.9523809523809523,0.5345012475327703,0.5121951219512195,0.4891657638136511,0.04533548371911916,0.04355005470683726,ESPN BET,2024_10_DEN_KC,espn_archive,,401671637:58:open:total,401671637,,4.604933264968448,40.01379048836024,1,2.0,30.0,win,0.9523809523809523,2024,10,KC,DEN,0.0,true,true,true,false,espn_archived_open,espn_archived_open,provider_labeled_open_close,true,espn_archived_close,,41.5,-105
moneyline,home,,165,2.65,0.3650045087509416,0.37735849056603776,0.36341238065906994,0.0015921280918716474,-0.032738051810004776,ESPN BET,2024_10_DET_HOU,espn_archive,,401671787:58:open:moneyline,401671787,,-5.021276654302756,47.477644670662826,1,-3.0,49.0,loss,-1.0,2024,10,HOU,DET,-0.03619373911221818,true,true,true,false,espn_archived_open,espn_archived_open,provider_labeled_open_close,true,espn_archived_close,,,195
spread,away,-4.0,-110,1.9090909090909092,0.5211670373496404,0.5238095238095238,0.5,0.021167037349640427,-0.005044746877959194,ESPN BET,2024_10_DET_HOU,espn_archive,,401671787:58:open:spread,401671787,,-5.021276654302756,47.477644670662826,1,-3.0,49.0,loss,-1.0,2024,10,HOU,DET,0.5,true,true,true,false,espn_archived_open,espn_archived_open,provider_labeled_open_close,true,espn_archived_close,,-4.5,-105
total,under,48.5,-105,1.9523809523809523,0.5201968464569465,0.5121951219512195,0.4891657638136511,0.031031082643295405,0.015622414511181182,ESPN BET,2024_10_DET_HOU,espn_archive,,401671787:58:open:total,401671787,,-5.021276654302756,47.477644670662826,1,-3.0,49.0,loss,-1.0,2024,10,HOU,DET,-1.0,true,true,true,false,espn_archived_open,espn_archived_open,provider_labeled_open_close,true,espn_archived_close,,49.5,-110
moneyline,home,,-140,1.7142857142857144,0.6282532950667437,0.5833333333333333,0.5620437956204379,0.06620949944630572,0.07700564868584636,ESPN BET,2024_10_MIA_LA,espn_archive,,401671693:58:open:moneyline,401671693,,4.18794927346584,42.71326880868687,1,-8.0,38.0,loss,-1.0,2024,10,LA,MIA,-0.009449792764654963,true,true,true,false,espn_archived_open,espn_archived_open,provider_labeled_open_close,true,espn_archived_close,,,-135
spread,home,-2.5,-120,1.8333333333333335,0.5575306659633577,0.5454545454545454,0.5217391304347826,0.03579153552857506,0.02213955426615577,ESPN BET,2024_10_MIA_LA,espn_archive,,401671693:58:open:spread,401671693,,4.18794927346584,42.71326880868687,1,-8.0,38.0,loss,-1.0,2024,10,LA,MIA,0.0,true,true,true,false,espn_archived_open,espn_archived_open,provider_labeled_open_close,true,espn_archived_close,,-2.5,-105
total,under,50.5,-110,1.9090909090909092,0.7172842782175382,0.5238095238095238,0.5,0.21728427821753815,0.36936089477893663,ESPN BET,2024_10_MIA_LA,espn_archive,,401671693:58:open:total,401671693,,4.18794927346584,42.71326880868687,1,-8.0,38.0,win,0.9090909090909092,2024,10,LA,MIA,0.0,true,true,true,false,espn_archived_open,espn_archived_open,provider_labeled_open_close,true,espn_archived_close,,50.5,-115
moneyline,home,,180,2.8,0.36248527661109753,0.35714285714285715,0.34351145038167935,0.018973826229418178,0.01495877451107308,ESPN BET,2024_10_MIN_JAX,espn_archive,,401671708:58:open:moneyline,401671708,,-5.113185762111961,47.39349444922221,1,-5.0,19.0,loss,-1.0,2024,10,JAX,MIN,-0.06764938141616211,true,true,true,false,espn_archived_open,espn_archived_open,provider_labeled_open_close,true,espn_archived_close,,,250
spread,home,5.0,-110,1.9090909090909092,0.5052717877606883,0.5238095238095238,0.5,0.005271787760688262,-0.03539022336595876,ESPN BET,2024_10_MIN_JAX,espn_archive,,401671708:58:open:spread,401671708,,-5.113185762111961,47.39349444922221,1,-5.0,19.0,push,0.0,2024,10,JAX,MIN,-2.5,true,true,true,false,espn_archived_open,espn_archived_open,provider_labeled_open_close,true,espn_archived_close,,7.5,-115
total,over,46.5,-115,1.8695652173913042,0.5389560786759844,0.5348837209302326,0.5108342361863489,0.02812184248963545,0.007613538394231512,ESPN BET,2024_10_MIN_JAX,espn_archive,,401671708:58:open:total,401671708,,-5.113185762111961,47.39349444922221,1,-5.0,19.0,loss,-1.0,2024,10,JAX,MIN,-4.0,true,true,true,false,espn_archived_open,espn_archived_open,provider_labeled_open_close,true,espn_archived_close,,42.5,-115
moneyline,away,,280,3.8,0.29029302346695607,0.2631578947368421,0.25164113785557984,0.038651885611376224,0.10311348917443297,ESPN BET,2024_10_NE_CHI,espn_archive,,401671873:58:open:moneyline,401671873,,7.273901279660793,38.86700072530628,1,-16.0,22.0,win,2.8,2024,10,CHI,NE,0.043925364607474426,true,true,true,false,espn_archived_open,espn_archived_open,provider_labeled_open_close,true,espn_archived_close,,,225
spread,home,-7.0,-110,1.9090909090909092,0.5165414380390103,0.5238095238095238,0.5,0.016541438039010314,-0.013875436470980218,ESPN BET,2024_10_NE_CHI,espn_archive,,401671873:58:open:spread,401671873,,7.273901279660793,38.86700072530628,1,-16.0,22.0,loss,-1.0,2024,10,CHI,NE,-0.5,true,true,true,false,espn_archived_open,espn_archived_open,provider_labeled_open_close,true,espn_archived_close,,-6.5,100
total,under,39.5,-110,1.9090909090909092,0.508168947602006,0.5238095238095238,0.5,0.008168947602006038,-0.029859281850715735,ESPN BET,2024_10_NE_CHI,espn_archive,,401671873:58:open:total,401671873,,7.273901279660793,38.86700072530628,1,-16.0,22.0,win,0.9090909090909092,2024,10,CHI,NE,2.0,true,true,true,false,espn_archived_open,espn_archived_open,provider_labeled_open_close,true,espn_archived_close,,37.5,-105
moneyline,home,,190,2.9,0.40902737131838995,0.3448275862068966,0.33248081841432225,0.0765465529040677,0.18617937682333086,ESPN BET,2024_10_NYG_CAR,espn_archive,,401671803:58:open:moneyline,401671803,,-3.445197475696787,41.8895199779841,1,3.0,37.0,win,1.9,2024,10,CAR,NYG,-0.025935665141745612,true,true,true,false,espn_archived_open,espn_archived_open,provider_labeled_open_close,true,espn_archived_close,,,210
spread,home,5.0,-110,1.9090909090909092,0.5536904073620266,0.5238095238095238,0.5,0.05369040736202657,0.05704532314568711,ESPN BET,2024_10_NYG_CAR,espn_archive,,401671803:58:open:spread,401671803,,-3.445197475696787,41.8895199779841,1,3.0,37.0,win,0.9090909090909092,2024,10,CAR,NYG,-1.5,true,true,true,false,espn_archived_open,espn_archived_open,provider_labeled_open_close,true,espn_archived_close,,6.5,-110
total,over,41.5,-110,1.9090909090909092,0.5234256141061935,0.5238095238095238,0.5,0.023425614106193482,-0.0007329185245397163,ESPN BET,2024_10_NYG_CAR,espn_archive,,401671803:58:open:total,401671803,,-3.445197475696787,41.8895199779841,1,3.0,37.0,loss,-1.0,2024,10,CAR,NYG,-1.0,true,true,true,false,espn_archived_open,espn_archived_open,provider_labeled_open_close,true,espn_archived_close,,40.5,-115
moneyline,home,,-125,1.8,0.5786080346734863,0.5555555555555556,0.5324675324675325,0.04614050220595378,0.0414944624122755,ESPN BET,2024_10_NYJ_ARI,espn_archive,,401671678:58:open:moneyline,401671678,,2.422423815536373,43.13678094434448,1,25.0,37.0,win,0.8,2024,10,ARI,NYJ,-0.07521107123492815,true,true,true,false,espn_archived_open,espn_archived_open,provider_labeled_open_close,true,espn_archived_close,,,110
spread,home,-1.5,-110,1.9090909090909092,0.5353884128089919,0.5238095238095238,0.5,0.035388412808991854,0.022105151726257155,ESPN BET,2024_10_NYJ_ARI,espn_archive,,401671678:58:open:spread,401671678,,2.422423815536373,43.13678094434448,1,25.0,37.0,win,0.9090909090909092,2024,10,ARI,NYJ,-3.0,true,true,true,false,espn_archived_open,espn_archived_open,provider_labeled_open_close,true,espn_archived_close,,1.5,-110
total,under,45.5,-110,1.9090909090909092,0.561410355457116,0.5238095238095238,0.5,0.06141035545711604,0.07178340587267606,ESPN BET,2024_10_NYJ_ARI,espn_archive,,401671678:58:open:total,401671678,,2.422423815536373,43.13678094434448,1,25.0,37.0,win,0.9090909090909092,2024,10,ARI,NYJ,-1.0,true,true,true,false,espn_archived_open,espn_archived_open,provider_labeled_open_close,true,espn_archived_close,,46.5,-115
moneyline,home,,250,3.5,0.45284116404484276,0.2857142857142857,0.27586206896551724,0.17697909507932552,0.5849440741569496,ESPN BET,2024_10_PHI_DAL,espn_archive,,401671676:58:open:moneyline,401671676,,-1.9171209464149683,47.20091752487803,1,-28.0,40.0,loss,-1.0,2024,10,DAL,PHI,0.007568163592622301,true,true,true,false,espn_archived_open,espn_archived_open,provider_labeled_open_close,true,espn_archived_close,,,240
spread,home,6.5,-105,1.9523809523809523,0.6391035311188393,0.5121951219512195,0.4891657638136511,0.1499377673051882,0.24777356075582913,ESPN BET,2024_10_PHI_DAL,espn_archive,,401671676:58:open:spread,401671676,,-1.9171209464149683,47.20091752487803,1,-28.0,40.0,loss,-1.0,2024,10,DAL,PHI,-1.0,true,true,true,false,espn_archived_open,espn_archived_open,provider_labeled_open_close,true,espn_archived_close,,7.5,-125
total,over,43.5,-110,1.9090909090909092,0.6237483927138663,0.5238095238095238,0.5,0.12374839271386628,0.1907923860901084,ESPN BET,2024_10_PHI_DAL,espn_archive,,401671676:58:open:total,401671676,,-1.9171209464149683,47.20091752487803,1,-28.0,40.0,loss,-1.0,2024,10,DAL,PHI,1.0,true,true,true,false,espn_archived_open,espn_archived_open,provider_labeled_open_close,true,espn_archived_close,,44.5,-115
moneyline,away,,115,2.15,0.47558872061605706,0.46511627906976744,0.447405997144217,0.028182723471840032,0.022515749324522716,ESPN BET,2024_10_PIT_WAS,espn_archive,,401671641:58:open:moneyline,401671641,,0.5444634145001466,44.82717583727555,1,-1.0,55.0,win,1.15,2024,10,WAS,PIT,0.009850464088387356,true,true,true,false,espn_archived_open,espn_archived_open,provider_labeled_open_close,true,espn_archived_close,,,110
spread,away,2.5,-105,1.9523809523809523,0.548269711537529,0.5121951219512195,0.4891657638136511,0.05910394772387789,0.07043134157327091,ESPN BET,2024_10_PIT_WAS,espn_archive,,401671641:58:open:spread,401671641,,0.5444634145001466,44.82717583727555,1,-1.0,55.0,win,0.9523809523809523,2024,10,WAS,PIT,1.0,true,true,true,false,espn_archived_open,espn_archived_open,provider_labeled_open_close,true,espn_archived_close,,1.5,-105
total,over,44.5,-110,1.9090909090909092,0.5215014596784701,0.5238095238095238,0.5,0.02150145967847006,-0.004406304250193505,ESPN BET,2024_10_PIT_WAS,espn_archive,,401671641:58:open:total,401671641,,0.5444634145001466,44.82717583727555,1,-1.0,55.0,win,0.9090909090909092,2024,10,WAS,PIT,1.0,true,true,true,false,espn_archived_open,espn_archived_open,provider_labeled_open_close,true,espn_archived_close,,45.5,-110
moneyline,home,,210,3.1,0.5359698968428512,0.3225806451612903,0.31111111111111106,0.22485878573174017,0.6615066802128389,ESPN BET,2024_10_SF_TB,espn_archive,,401671742:58:open:moneyline,401671742,,0.9424685688769507,51.23852445743894,1,-3.0,43.0,loss,-1.0,2024,10,TB,SF,-0.03524904214559382,true,true,true,false,espn_archived_open,espn_archived_open,provider_labeled_open_close,true,espn_archived_close,,,250
spread,home,6.0,-110,1.9090909090909092,0.7013654527538813,0.5238095238095238,0.5,0.2013654527538813,0.3389704098028643,ESPN BET,2024_10_SF_TB,espn_archive,,401671742:58:open:spread,401671742,,0.9424685688769507,51.23852445743894,1,-3.0,43.0,win,0.9090909090909092,2024,10,TB,SF,-0.5,true,true,true,false,espn_archived_open,espn_archived_open,provider_labeled_open_close,true,espn_archived_close,,6.5,-110
total,over,48.5,-110,1.9090909090909092,0.5951326523081995,0.5238095238095238,0.5,0.09513265230819945,0.13616233622474438,ESPN BET,2024_10_SF_TB,espn_archive,,401671742:58:open:total,401671742,,0.9424685688769507,51.23852445743894,1,-3.0,43.0,loss,-1.0,2024,10,TB,SF,2.0,true,true,true,false,espn_archived_open,espn_archived_open,provider_labeled_open_close,true,espn_archived_close,,50.5,-115
moneyline,away,,320,4.2,0.26172776104613527,0.23809523809523808,0.22727272727272724,0.03445503377340803,0.09925659639376816,ESPN BET,2024_10_TEN_LAC,espn_archive,,401671751:58:open:moneyline,401671751,,8.444997310038323,39.09483860883165,1,10.0,44.0,loss,-1.0,2024,10,LAC,TEN,0.01737559077008624,true,true,true,false,espn_archived_open,espn_archived_open,provider_labeled_open_close,true,espn_archived_close,,,290
spread,home,-8.0,-110,1.9090909090909092,0.5215190522207085,0.5238095238095238,0.5,0.02151905222070849,-0.004372718487738347,ESPN BET,2024_10_TEN_LAC,espn_archive,,401671751:58:open:spread,401671751,,8.444997310038323,39.09483860883165,1,10.0,44.0,win,0.9090909090909092,2024,10,LAC,TEN,0.5,true,true,true,false,espn_archived_open,espn_archived_open,provider_labeled_open_close,true,espn_archived_close,,-8.5,-105
total,over,38.5,-105,1.9523809523809523,0.5297583506975516,0.5121951219512195,0.4891657638136511,0.040592586883900494,0.034290113266648437,ESPN BET,2024_10_TEN_LAC,espn_archive,,401671751:58:open:total,401671751,,8.444997310038323,39.09483860883165,1,10.0,44.0,win,0.9523809523809523,2024,10,LAC,TEN,2.0,true,true,true,false,espn_archived_open,espn_archived_open,provider_labeled_open_close,true,espn_archived_close,,40.5,-110
moneyline,home,,-125,1.8,0.5763260325602254,0.5555555555555556,0.5324675324675325,0.043858500092692876,0.03738685860840585,ESPN BET,2024_11_ATL_DEN,espn_archive,,401671748:58:open:moneyline,401671748,,2.4517125171718774,41.43841497860145,1,32.0,44.0,win,0.8,2024,11,DEN,ATL,0.010276006299863139,true,true,true,false,espn_archived_open,espn_archived_open,provider_labeled_open_close,true,espn_archived_close,,,-130
spread,home,-1.5,-110,1.9090909090909092,0.5329122590194191,0.5238095238095238,0.5,0.03291225901941908,0.017377949037072904,ESPN BET,2024_11_ATL_DEN,espn_archive,,401671748:58:open:spread,401671748,,2.4517125171718774,41.43841497860145,1,32.0,44.0,win,0.9090909090909092,2024,11,DEN,ATL,0.0,true,true,true,false,espn_archived_open,espn_archived_open,provider_labeled_open_close,true,espn_archived_close,,-1.5,-115
total,under,43.5,-105,1.9523809523809523,0.5570202201757146,0.5121951219512195,0.4891657638136511,0.0678544563620635,0.08751566796210941,ESPN BET,2024_11_ATL_DEN,espn_archive,,401671748:58:open:total,401671748,,2.4517125171718774,41.43841497860145,1,32.0,44.0,loss,-1.0,2024,11,DEN,ATL,-1.0,true,true,true,false,espn_archived_open,espn_archived_open,provider_labeled_open_close,true,espn_archived_close,,44.5,-115
moneyline,home,,140,2.4,0.5007953084273788,0.4166666666666667,0.4009077155824508,0.09988759284492804,0.20190874022570915,ESPN BET,2024_11_BAL_PIT,espn_archive,,401671630:58:open:moneyline,401671630,,-0.14825798485923158,47.885061073488316,1,2.0,34.0,win,1.4,2024,11,PIT,BAL,0.0,true,true,true,false,espn_archived_open,espn_archived_open,provider_labeled_open_close,true,espn_archived_close,,,140
spread,home,3.0,-110,1.9090909090909092,0.5877710717377193,0.5238095238095238,0.5,0.08777107173771925,0.12210840968110048,ESPN BET,2024_11_BAL_PIT,espn_archive,,401671630:58:open:spread,401671630,,-0.14825798485923158,47.885061073488316,1,2.0,34.0,win,0.9090909090909092,2024,11,PIT,BAL,-0.5,true,true,true,false,espn_archived_open,espn_archived_open,provider_labeled_open_close,true,espn_archived_close,,3.5,-120
total,over,47.5,-110,1.9090909090909092,0.5186205025789282,0.5238095238095238,0.5,0.018620502578928222,-0.009906313258409738,ESPN BET,2024_11_BAL_PIT,espn_archive,,401671630:58:open:total,401671630,,-0.14825798485923158,47.885061073488316,1,2.0,34.0,loss,-1.0,2024,11,PIT,BAL,2.0,true,true,true,false,espn_archived_open,espn_archived_open,provider_labeled_open_close,true,espn_archived_close,,49.5,-105
moneyline,home,,-135,1.7407407407407407,0.6177472918787577,0.574468085106383,0.552594002855783,0.06515328902297468,0.07533787845561513,ESPN BET,2024_11_CIN_LAC,espn_archive,,401671675:58:open:moneyline,401671675,,3.912893186011953,43.85129302792353,1,7.0,61.0,win,0.7407407407407407,2024,11,LAC,CIN,-0.04175976666943404,true,true,true,false,espn_archived_open,espn_archived_open,provider_labeled_open_close,true,espn_archived_close,,,-115
spread,home,-2.5,-115,1.8695652173913042,0.5463263211246181,0.5348837209302326,0.5108342361863489,0.035492084938269164,0.021392687319938153,ESPN BET,2024_11_CIN_LAC,espn_archive,,401671675:58:open:spread,401671675,,3.912893186011953,43.85129302792353,1,7.0,61.0,win,0.8695652173913042,2024,11,LAC,CIN,-2.0,true,true,true,false,espn_archived_open,espn_archived_open,provider_labeled_open_close,true,espn_archived_close,,-0.5,-115
total,under,45.5,-115,1.8695652173913042,0.5443254526671227,0.5348837209302326,0.5108342361863489,0.0334912164807738,0.017651933247229357,ESPN BET,2024_11_CIN_LAC,espn_archive,,401671675:58:open:total,401671675,,3.912893186011953,43.85129302792353,1,7.0,61.0,loss,-1.0,2024,11,LAC,CIN,-3.0,true,true,true,false,espn_archived_open,espn_archived_open,provider_labeled_open_close,true,espn_archived_close,,48.5,-115
moneyline,home,,-130,1.7692307692307692,0.6071660449628694,0.5652173913043479,0.5427435387673957,0.06442250619547374,0.07421684878046131,ESPN BET,2024_11_CLE_NO,espn_archive,,401671746:58:open:moneyline,401671746,,3.5358232691438367,43.223140942817295,1,21.0,49.0,win,0.7692307692307692,2024,11,NO,CLE,-0.0752110712349281,true,true,true,false,espn_archived_open,espn_archived_open,provider_labeled_open_close,true,espn_archived_close,,,105
spread,home,-2.5,-110,1.9090909090909092,0.5353619763010786,0.5238095238095238,0.5,0.035361976301078624,0.022054682029331918,ESPN BET,2024_11_CLE_NO,espn_archive,,401671746:58:open:spread,401671746,,3.5358232691438367,43.223140942817295,1,21.0,49.0,win,0.9090909090909092,2024,11,NO,CLE,-4.0,true,true,true,false,espn_archived_open,espn_archived_open,provider_labeled_open_close,true,espn_archived_close,,1.5,-110
total,under,43.5,-105,1.9523809523809523,0.5018914368444454,0.5121951219512195,0.4891657638136511,0.012725673030794249,-0.020116718541797196,ESPN BET,2024_11_CLE_NO,espn_archive,,401671746:58:open:total,401671746,,3.5358232691438367,43.223140942817295,1,21.0,49.0,loss,-1.0,2024,11,NO,CLE,0.0,true,true,true,false,espn_archived_open,espn_archived_open,provider_labeled_open_close,true,espn_archived_close,,43.5,-105
moneyline,home,,240,3.4,0.453218574149554,0.29411764705882354,0.28343023255813954,0.16978834159141448,0.5409431521084835,ESPN BET,2024_11_GB_CHI,espn_archive,,401671869:58:open:moneyline,401671869,,-1.7794982321316972,42.13237286215906,1,-1.0,39.0,loss,-1.0,2024,11,CHI,GB,0.00798081038664572,true,true,true,false,espn_archived_open,espn_archived_open,provider_labeled_open_close,true,espn_archived_close,,,230
spread,home,6.5,-110,1.9090909090909092,0.6401075401505397,0.5238095238095238,0.5,0.14010754015053972,0.22202348574193942,ESPN BET,2024_11_GB_CHI,espn_archive,,401671869:58:open:spread,401671869,,-1.7794982321316972,42.13237286215906,1,-1.0,39.0,win,0.9090909090909092,2024,11,CHI,GB,0.0,true,true,true,false,espn_archived_open,espn_archived_open,provider_labeled_open_close,true,espn_archived_close,,6.5,-115
total,over,41.5,-115,1.8695652173913042,0.5262746070546896,0.5348837209302326,0.5108342361863489,0.015440370868340714,-0.016095299854275935,ESPN BET,2024_11_GB_CHI,espn_archive,,401671869:58:open:total,401671869,,-1.7794982321316972,42.13237286215906,1,-1.0,39.0,loss,-1.0,2024,11,CHI,GB,0.0,true,true,true,false,espn_archived_open,espn_archived_open,provider_labeled_open_close,true,espn_archived_close,,41.5,-110
moneyline,home,,280,3.8,0.45686486214454625,0.2631578947368421,0.25164113785557984,0.2052237242889664,0.7360864761492756,ESPN BET,2024_11_HOU_DAL,espn_archive,,401671694:58:open:moneyline,401671694,,-1.6539637568530772,46.99031891570887,1,-24.0,44.0,loss,-1.0,2024,11,DAL,HOU,0.007487248481287068,true,true,true,false,espn_archived_open,espn_archived_open,provider_labeled_open_close,true,espn_archived_close,,,270
spread,home,7.0,-105,1.9523809523809523,0.6571074460463177,0.5121951219512195,0.4891657638136511,0.16794168223266653,0.2829240613285249,ESPN BET,2024_11_HOU_DAL,espn_archive,,401671694:58:open:spread,401671694,,-1.6539637568530772,46.99031891570887,1,-24.0,44.0,loss,-1.0,2024,11,DAL,HOU,-0.5,true,true,true,false,espn_archived_open,espn_archived_open,provider_labeled_open_close,true,espn_archived_close,,7.5,-120
total,over,42.5,-105,1.9523809523809523,0.6426980787543938,0.5121951219512195,0.4891657638136511,0.15353231494074265,0.2547914870919117,ESPN BET,2024_11_HOU_DAL,espn_archive,,401671694:58:open:total,401671694,,-1.6539637568530772,46.99031891570887,1,-24.0,44.0,win,0.9523809523809523,2024,11,DAL,HOU,-1.0,true,true,true,false,espn_archived_open,espn_archived_open,provider_labeled_open_close,true,espn_archived_close,,41.5,-115
moneyline,away,,135,2.35,0.4954300015828965,0.425531914893617,0.4117884537747275,0.08364154780816901,0.16426050371980683,ESPN BET,2024_11_IND_NYJ,espn_archive,,401671782:58:open:moneyline,401671782,,-0.01912603111760447,41.48386255524929,1,-1.0,55.0,win,1.35,2024,11,NYJ,IND,-0.05464559663187035,true,true,true,false,espn_archived_open,espn_archived_open,provider_labeled_open_close,true,espn_archived_close,,,170
spread,away,3.5,-125,1.8,0.5967729054234292,0.5555555555555556,0.5287958115183247,0.06797709390510454,0.07419122976217252,ESPN BET,2024_11_IND_NYJ,espn_archive,,401671782:58:open:spread,401671782,,-0.01912603111760447,41.48386255524929,1,-1.0,55.0,win,0.8,2024,11,NYJ,IND,-1.0,true,true,true,false,espn_archived_open,espn_archived_open,provider_labeled_open_close,true,espn_archived_close,,4.5,-110
total,under,43.5,100,2.0,0.5556254654327094,0.5,0.4782608695652174,0.077364595867492,0.11125093086541882,ESPN BET,2024_11_IND_NYJ,espn_archive,,401671782:58:open:total,401671782,,-0.01912603111760447,41.48386255524929,1,-1.0,55.0,loss,-1.0,2024,11,NYJ,IND,0.0,true,true,true,false,espn_archived_open,espn_archived_open,provider_labeled_open_close,true,espn_archived_close,,43.5,-120
moneyline,away,,600,7.0,0.2130050617654793,0.14285714285714285,0.13580246913580246,0.07720259262967683,0.491035432358355,ESPN BET,2024_11_JAX_DET,espn_archive,,401671642:58:open:moneyline,401671642,,10.688408624340482,49.03677716840082,1,46.0,58.0,loss,-1.0,2024,11,DET,JAX,0.022092267706302793,true,true,true,false,espn_archived_open,espn_archived_open,provider_labeled_open_close,true,espn_archived_close,,,500
spread,away,13.5,-110,1.9090909090909092,0.5765828217776175,0.5238095238095238,0.5,0.07658282177761755,0.10074902339363345,ESPN BET,2024_11_JAX_DET,espn_archive,,401671642:58:open:spread,401671642,,10.688408624340482,49.03677716840082,1,46.0,58.0,loss,-1.0,2024,11,DET,JAX,-1.0,true,true,true,false,espn_archived_open,espn_archived_open,provider_labeled_open_close,true,espn_archived_close,,14.5,-120
total,over,47.5,-115,1.8695652173913042,0.554161592925291,0.5348837209302326,0.5108342361863489,0.04332735673894206,0.03604123894728306,ESPN BET,2024_11_JAX_DET,espn_archive,,401671642:58:open:total,401671642,,10.688408624340482,49.03677716840082,1,46.0,58.0,win,0.8695652173913042,2024,11,DET,JAX,0.0,true,true,true,false,espn_archived_open,espn_archived_open,provider_labeled_open_close,true,espn_archived_close,,47.5,-110
moneyline,home,,-130,1.7692307692307692,0.577670989834467,0.5652173913043479,0.5427435387673957,0.03492745106707129,0.022033289707133807,ESPN BET,2024_11_KC_BUF,espn_archive,,401671665:58:open:moneyline,401671665,,2.4985982685569255,44.39779552451017,1,9.0,51.0,win,0.7692307692307692,2024,11,BUF,KC,0.045468007457876936,true,true,true,false,espn_archived_open,espn_archived_open,provider_labeled_open_close,true,espn_archived_close,,,-155
spread,home,-2.5,-110,1.9090909090909092,0.5050880777195075,0.5238095238095238,0.5,0.005088077719507478,-0.035740942535485654,ESPN BET,2024_11_KC_BUF,espn_archive,,401671665:58:open:spread,401671665,,2.4985982685569255,44.39779552451017,1,9.0,51.0,win,0.9090909090909092,2024,11,BUF,KC,0.0,true,true,true,false,espn_archived_open,espn_archived_open,provider_labeled_open_close,true,espn_archived_close,,-2.5,-125
total,under,46.5,-110,1.9090909090909092,0.5582662060170261,0.5238095238095238,0.5,0.058266206017026145,0.0657809387597772,ESPN BET,2024_11_KC_BUF,espn_archive,,401671665:58:open:total,401671665,,2.4985982685569255,44.39779552451017,1,9.0,51.0,loss,-1.0,2024,11,BUF,KC,-1.0,true,true,true,false,espn_archived_open,espn_archived_open,provider_labeled_open_close,true,espn_archived_close,,47.5,-120
moneyline,home,,195,2.95,0.4521952680447786,0.3389830508474576,0.32721864154685176,0.12497662649792685,0.3339760407320971,ESPN BET,2024_11_LA_NE,espn_archive,,401671701:58:open:moneyline,401671701,,-1.8147525793311061,40.58748598924184,1,-6.0,50.0,loss,-1.0,2024,11,NE,LA,0.03619373911221818,true,true,true,false,espn_archived_open,espn_archived_open,provider_labeled_open_close,true,espn_archived_close,,,165
spread,home,5.5,-110,1.9090909090909092,0.6113691126084317,0.5238095238095238,0.5,0.11136911260843174,0.1671592149797334,ESPN BET,2024_11_LA_NE,espn_archive,,401671701:58:open:spread,401671701,,-1.8147525793311061,40.58748598924184,1,-6.0,50.0,loss,-1.0,2024,11,NE,LA,1.0,true,true,true,false,espn_archived_open,espn_archived_open,provider_labeled_open_close,true,espn_archived_close,,4.5,-115
total,under,43.5,-105,1.9523809523809523,0.5829858127626111,0.5121951219512195,0.4891657638136511,0.09382004894895996,0.13821039634605015,ESPN BET,2024_11_LA_NE,espn_archive,,401671701:58:open:total,401671701,,-1.8147525793311061,40.58748598924184,1,-6.0,50.0,loss,-1.0,2024,11,NE,LA,1.0,true,true,true,false,espn_archived_open,espn_archived_open,provider_labeled_open_close,true,espn_archived_close,,42.5,-105
moneyline,away,,260,3.6,0.41300017556728685,0.2777777777777778,0.267175572519084,0.14582460304820283,0.4868006320422327,ESPN BET,2024_11_LV_MIA,espn_archive,,401671851:58:open:moneyline,401671851,,2.8247071891138376,43.26318614489062,1,15.0,53.0,loss,-1.0,2024,11,MIA,LV,-0.049784268171257945,true,true,true,false,espn_archived_open,espn_archived_open,provider_labeled_open_close,true,espn_archived_close,,,340
spread,away,6.5,102,2.02,0.6011967002650849,0.49504950495049505,0.4712041884816754,0.12999251178340948,0.2144173345354714,ESPN BET,2024_11_LV_MIA,espn_archive,,401671851:58:open:spread,401671851,,2.8247071891138376,43.26318614489062,1,15.0,53.0,loss,-1.0,2024,11,MIA,LV,-2.0,true,true,true,false,espn_archived_open,espn_archived_open,provider_labeled_open_close,true,espn_archived_close,,8.5,-115
total,under,45.5,-115,1.8695652173913042,0.5623911098388372,0.5348837209302326,0.5108342361863489,0.05155687365248829,0.05142685752478249,ESPN BET,2024_11_LV_MIA,espn_archive,,401671851:58:open:total,401671851,,2.8247071891138376,43.26318614489062,1,15.0,53.0,loss,-1.0,2024,11,MIA,LV,2.0,true,true,true,false,espn_archived_open,espn_archived_open,provider_labeled_open_close,true,espn_archived_close,,43.5,-105
moneyline,home,,240,3.4,0.31910829613005687,0.29411764705882354,0.28343023255813954,0.03567806357191733,0.0849682068421933,ESPN BET,2024_11_MIN_TEN,espn_archive,,401671824:58:open:moneyline,401671824,,-6.592403879276365,42.95428259616868,1,-10.0,36.0,loss,-1.0,2024,11,TEN,MIN,0.037324484422992577,true,true,true,false,espn_archived_open,espn_archived_open,provider_labeled_open_close,true,espn_archived_close,,,200
spread,away,-6.5,-105,1.9523809523809523,0.49757197702854067,0.5121951219512195,0.4891657638136511,0.008406213214889546,-0.02854994961094448,ESPN BET,2024_11_MIN_TEN,espn_archive,,401671824:58:open:spread,401671824,,-6.592403879276365,42.95428259616868,1,-10.0,36.0,win,0.9523809523809523,2024,11,TEN,MIN,-1.0,true,true,true,false,espn_archived_open,espn_archived_open,provider_labeled_open_close,true,espn_archived_close,,-5.5,-120
total,over,40.5,-115,1.8695652173913042,0.582180590791534,0.5348837209302326,0.5108342361863489,0.07134635460518501,0.08842458278417209,ESPN BET,2024_11_MIN_TEN,espn_archive,,401671824:58:open:total,401671824,,-6.592403879276365,42.95428259616868,1,-10.0,36.0,loss,-1.0,2024,11,TEN,MIN,0.0,true,true,true,false,espn_archived_open,espn_archived_open,provider_labeled_open_close,true,espn_archived_close,,40.5,-110
moneyline,away,,260,3.6,0.36194382495296473,0.2777777777777778,0.267175572519084,0.0947682524338807,0.30299776983067317,ESPN BET,2024_11_SEA_SF,espn_archive,,401671757:58:open:moneyline,401671757,,4.6457354670661815,48.511640007559045,1,-3.0,37.0,win,2.6,2024,11,SF,SEA,0.028390929943970244,true,true,true,false,espn_archived_open,espn_archived_open,provider_labeled_open_close,true,espn_archived_close,,,225
spread,away,6.5,102,2.02,0.5489512433461906,0.49504950495049505,0.4712041884816754,0.07774705486451522,0.10888151155930514,ESPN BET,2024_11_SEA_SF,espn_archive,,401671757:58:open:spread,401671757,,4.6457354670661815,48.511640007559045,1,-3.0,37.0,win,1.02,2024,11,SF,SEA,0.0,true,true,true,false,espn_archived_open,espn_archived_open,provider_labeled_open_close,true,espn_archived_close,,6.5,-105
total,under,49.5,-115,1.8695652173913042,0.5239327274540031,0.5348837209302326,0.5108342361863489,0.013098491267654166,-0.020473596499037794,ESPN BET,2024_11_SEA_SF,espn_archive,,401671757:58:open:total,401671757,,4.6457354670661815,48.511640007559045,1,-3.0,37.0,win,0.8695652173913042,2024,11,SF,SEA,1.0,true,true,true,false,espn_archived_open,espn_archived_open,provider_labeled_open_close,true,espn_archived_close,,48.5,-105
moneyline,away,,155,2.55,0.4246350906227506,0.3921568627450981,0.3766105054509415,0.04802458517180913,0.08281948108801407,ESPN BET,2024_11_WAS_PHI,espn_archive,,401671813:58:open:moneyline,401671813,,2.4182263952142335,48.083091330425155,1,8.0,44.0,loss,-1.0,2024,11,PHI,WAS,-0.044129687036619236,true,true,true,false,espn_archived_open,espn_archived_open,provider_labeled_open_close,true,espn_archived_close,,,190
spread,away,3.5,-110,1.9090909090909092,0.5264737894178988,0.5238095238095238,0.5,0.026473789417898796,0.005086325252352308,ESPN BET,2024_11_WAS_PHI,espn_archive,,401671813:58:open:spread,401671813,,2.4182263952142335,48.083091330425155,1,8.0,44.0,loss,-1.0,2024,11,PHI,WAS,-1.0,true,true,true,false,espn_archived_open,espn_archived_open,provider_labeled_open_close,true,espn_archived_close,,4.5,-110
total,under,49.5,-110,1.9090909090909092,0.537177608808638,0.5238095238095238,0.5,0.03717760880863796,0.025520889543763525,ESPN BET,2024_11_WAS_PHI,espn_archive,,401671813:58:open:total,401671813,,2.4182263952142335,48.083091330425155,1,8.0,44.0,win,0.9090909090909092,2024,11,PHI,WAS,0.0,true,true,true,false,espn_archived_open,espn_archived_open,provider_labeled_open_close,true,espn_archived_close,,49.5,-110
moneyline,away,,100,2.0,0.4845853968640955,0.5,0.4782608695652174,0.006324527298878113,-0.030829206271808962,ESPN BET,2024_12_ARI_SEA,espn_archive,,401671775:58:open:moneyline,401671775,,0.19052647217815988,46.633774364095714,1,10.0,22.0,loss,-1.0,2024,12,SEA,ARI,0.06448266920217827,true,true,true,false,espn_archived_open,espn_archived_open,provider_labeled_open_close,true,espn_archived_close,,,-130
spread,away,1.5,-115,1.8695652173913042,0.5282440343264962,0.5348837209302326,0.5108342361863489,0.017409798140147315,-0.01241332712872445,ESPN BET,2024_12_ARI_SEA,espn_archive,,401671775:58:open:spread,401671775,,0.19052647217815988,46.633774364095714,1,10.0,22.0,loss,-1.0,2024,12,SEA,ARI,3.0,true,true,true,false,espn_archived_open,espn_archived_open,provider_labeled_open_close,true,espn_archived_close,,-1.5,-115
total,under,47.5,-105,1.9523809523809523,0.5183028267944945,0.5121951219512195,0.4891657638136511,0.029137062980843342,0.011924566598774833,ESPN BET,2024_12_ARI_SEA,espn_archive,,401671775:58:open:total,401671775,,0.19052647217815988,46.633774364095714,1,10.0,22.0,win,0.9523809523809523,2024,12,SEA,ARI,1.0,true,true,true,false,espn_archived_open,espn_archived_open,provider_labeled_open_close,true,espn_archived_close,,46.5,100
moneyline,home,,110,2.1,0.5164359613856893,0.47619047619047616,0.4572564612326044,0.059179500153084874,0.08451551890994757,ESPN BET,2024_12_BAL_LAC,espn_archive,,401671689:58:open:moneyline,401671689,,0.22562365883751667,45.60167249464621,1,-7.0,53.0,loss,-1.0,2024,12,LAC,BAL,-0.056348745650153576,true,true,true,false,espn_archived_open,espn_archived_open,provider_labeled_open_close,true,espn_archived_close,,,140
spread,home,2.5,-110,1.9090909090909092,0.5885118542950231,0.5238095238095238,0.5,0.08851185429502306,0.12352263092686222,ESPN BET,2024_12_BAL_LAC,espn_archive,,401671689:58:open:spread,401671689,,0.22562365883751667,45.60167249464621,1,-7.0,53.0,loss,-1.0,2024,12,LAC,BAL,0.0,true,true,true,false,espn_archived_open,espn_archived_open,provider_labeled_open_close,true,espn_archived_close,,2.5,105
total,under,47.5,-110,1.9090909090909092,0.550414192933823,0.5238095238095238,0.5,0.05041419293382299,0.05079073196457129,ESPN BET,2024_12_BAL_LAC,espn_archive,,401671689:58:open:total,401671689,,0.22562365883751667,45.60167249464621,1,-7.0,53.0,loss,-1.0,2024,12,LAC,BAL,-3.0,true,true,true,false,espn_archived_open,espn_archived_open,provider_labeled_open_close,true,espn_archived_close,,50.5,-110
moneyline,away,,360,4.6,0.29035110561187594,0.2173913043478261,0.20689655172413796,0.08345455388773798,0.3356150858146292,ESPN BET,2024_12_DAL_WAS,espn_archive,,401671715:58:open:moneyline,401671715,,7.22735235531033,50.217707842414704,1,-8.0,60.0,win,3.5999999999999996,2024,12,WAS,DAL,-0.026716371543957784,true,true,true,false,espn_archived_open,espn_archived_open,provider_labeled_open_close,true,espn_archived_close,,,425
spread,away,9.5,-105,1.9523809523809523,0.5561327146543883,0.5121951219512195,0.4891657638136511,0.06696695084073717,0.08578291908713909,ESPN BET,2024_12_DAL_WAS,espn_archive,,401671715:58:open:spread,401671715,,7.22735235531033,50.217707842414704,1,-8.0,60.0,win,0.9523809523809523,2024,12,WAS,DAL,-1.0,true,true,true,false,espn_archived_open,espn_archived_open,provider_labeled_open_close,true,espn_archived_close,,10.5,-115
total,over,44.5,-110,1.9090909090909092,0.6806889751091705,0.5238095238095238,0.5,0.18068897510917048,0.29949713429932556,ESPN BET,2024_12_DAL_WAS,espn_archive,,401671715:58:open:total,401671715,,7.22735235531033,50.217707842414704,1,-8.0,60.0,win,0.9090909090909092,2024,12,WAS,DAL,0.0,true,true,true,false,espn_archived_open,espn_archived_open,provider_labeled_open_close,true,espn_archived_close,,44.5,-105
moneyline,home,,175,2.75,0.3575804614146747,0.36363636363636365,0.34929577464788736,0.008284686766787341,-0.01665373110964463,ESPN BET,2024_12_DEN_LV,espn_archive,,401671656:58:open:moneyline,401671656,,-5.337749212402745,42.39162783808962,1,-10.0,48.0,loss,-1.0,2024,12,LV,DEN,-0.028541057666755243,true,true,true,false,espn_archived_open,espn_archived_open,provider_labeled_open_close,true,espn_archived_close,,,200
spread,away,-4.5,-105,1.9523809523809523,0.5145259252127644,0.5121951219512195,0.4891657638136511,0.02536016139911329,0.004550615891587562,ESPN BET,2024_12_DEN_LV,espn_archive,,401671656:58:open:spread,401671656,,-5.337749212402745,42.39162783808962,1,-10.0,48.0,win,0.9523809523809523,2024,12,LV,DEN,1.0,true,true,true,false,espn_archived_open,espn_archived_open,provider_labeled_open_close,true,espn_archived_close,,-5.5,-110
total,over,40.5,-115,1.8695652173913042,0.5675125962989782,0.5348837209302326,0.5108342361863489,0.05667836011262928,0.061001810472002704,ESPN BET,2024_12_DEN_LV,espn_archive,,401671656:58:open:total,401671656,,-5.337749212402745,42.39162783808962,1,-10.0,48.0,win,0.8695652173913042,2024,12,LV,DEN,1.0,true,true,true,false,espn_archived_open,espn_archived_open,provider_labeled_open_close,true,espn_archived_close,,41.5,-110
moneyline,home,,300,4.0,0.30542136438054446,0.25,0.23809523809523808,0.06732612628530638,0.22168545752217783,ESPN BET,2024_12_DET_IND,espn_archive,,401671866:58:open:moneyline,401671866,,-7.309404779271475,48.529038265989556,1,-18.0,30.0,loss,-1.0,2024,12,IND,DET,-0.010822510822510845,true,true,true,false,espn_archived_open,espn_archived_open,provider_labeled_open_close,true,espn_archived_close,,,320
spread,home,8.0,-110,1.9090909090909092,0.5299542789412203,0.5238095238095238,0.5,0.02995427894122027,0.011730896160511373,ESPN BET,2024_12_DET_IND,espn_archive,,401671866:58:open:spread,401671866,,-7.309404779271475,48.529038265989556,1,-18.0,30.0,loss,-1.0,2024,12,IND,DET,1.5,true,true,true,false,espn_archived_open,espn_archived_open,provider_labeled_open_close,true,espn_archived_close,,6.5,102
total,under,50.5,-110,1.9090909090909092,0.5526641127276888,0.5238095238095238,0.5,0.05266411272768878,0.05508603338922402,ESPN BET,2024_12_DET_IND,espn_archive,,401671866:58:open:total,401671866,,-7.309404779271475,48.529038265989556,1,-18.0,30.0,win,0.9090909090909092,2024,12,IND,DET,1.0,true,true,true,false,espn_archived_open,espn_archived_open,provider_labeled_open_close,true,espn_archived_close,,49.5,100
moneyline,home,,500,6.0,0.23222969639308388,0.16666666666666666,0.15789473684210525,0.07433495955097863,0.3933781783585033,ESPN BET,2024_12_KC_CAR,espn_archive,,401671651:58:open:moneyline,401671651,,-10.359307182571214,43.88673983292862,1,-3.0,57.0,loss,-1.0,2024,12,CAR,KC,0.022285443338074917,true,true,true,false,espn_archived_open,espn_archived_open,provider_labeled_open_close,true,espn_archived_close,,,425
spread,home,11.5,-115,1.8695652173913042,0.5430075118145544,0.5348837209302326,0.5108342361863489,0.03217327562820549,0.015187956870688524,ESPN BET,2024_12_KC_CAR,espn_archive,,401671651:58:open:spread,401671651,,-10.359307182571214,43.88673983292862,1,-3.0,57.0,win,0.8695652173913042,2024,12,CAR,KC,0.0,true,true,true,false,espn_archived_open,espn_archived_open,provider_labeled_open_close,true,espn_archived_close,,11.5,-115
total,over,41.5,-110,1.9090909090909092,0.582702537494495,0.5238095238095238,0.5,0.08270253749449497,0.11243211703494493,ESPN BET,2024_12_KC_CAR,espn_archive,,401671651:58:open:total,401671651,,-10.359307182571214,43.88673983292862,1,-3.0,57.0,win,0.9090909090909092,2024,12,CAR,KC,1.0,true,true,true,false,espn_archived_open,espn_archived_open,provider_labeled_open_close,true,espn_archived_close,,42.5,-115
moneyline,home,,160,2.6,0.432378391231391,0.3846153846153846,0.36989795918367335,0.06248043204771764,0.12418381720161653,ESPN BET,2024_12_MIN_CHI,espn_archive,,401671870:58:open:moneyline,401671870,,-2.6719560558410755,39.01410922176031,1,-3.0,57.0,loss,-1.0,2024,12,CHI,MIN,0.04189049459105415,true,true,true,false,espn_archived_open,espn_archived_open,provider_labeled_open_close,true,espn_archived_close,,,135
spread,home,3.5,-110,1.9090909090909092,0.5339444847750053,0.5238095238095238,0.5,0.033944484775005335,0.019348561843192114,ESPN BET,2024_12_MIN_CHI,espn_archive,,401671870:58:open:spread,401671870,,-2.6719560558410755,39.01410922176031,1,-3.0,57.0,win,0.9090909090909092,2024,12,CHI,MIN,1.0,true,true,true,false,espn_archived_open,espn_archived_open,provider_labeled_open_close,true,espn_archived_close,,2.5,105
total,under,40.5,-115,1.8695652173913042,0.5376099137859488,0.5348837209302326,0.5108342361863489,0.026775677599599867,0.0050967953389475795,ESPN BET,2024_12_MIN_CHI,espn_archive,,401671870:58:open:total,401671870,,-2.6719560558410755,39.01410922176031,1,-3.0,57.0,loss,-1.0,2024,12,CHI,MIN,1.0,true,true,true,false,espn_archived_open,espn_archived_open,provider_labeled_open_close,true,espn_archived_close,,39.5,-105
moneyline,away,,290,3.9,0.37513030516143275,0.25641025641025644,0.24464831804281348,0.13048198711861927,0.4630081901295877,ESPN BET,2024_12_NE_MIA,espn_archive,,401671847:58:open:moneyline,401671847,,4.021144080079903,39.218410278454584,1,19.0,49.0,loss,-1.0,2024,12,MIA,NE,-0.027257013694987398,true,true,true,false,espn_archived_open,espn_archived_open,provider_labeled_open_close,true,espn_archived_close,,,340
spread,away,7.5,-115,1.8695652173913042,0.5906543220358154,0.5348837209302326,0.5108342361863489,0.07982008584946643,0.10426677598000245,ESPN BET,2024_12_NE_MIA,espn_archive,,401671847:58:open:spread,401671847,,4.021144080079903,39.218410278454584,1,19.0,49.0,loss,-1.0,2024,12,MIA,NE,0.0,true,true,true,false,espn_archived_open,espn_archived_open,provider_labeled_open_close,true,espn_archived_close,,7.5,-115
total,under,45.5,-110,1.9090909090909092,0.6807926577545582,0.5238095238095238,0.5,0.18079265775455822,0.29969507389506567,ESPN BET,2024_12_NE_MIA,espn_archive,,401671847:58:open:total,401671847,,4.021144080079903,39.218410278454584,1,19.0,49.0,loss,-1.0,2024,12,MIA,NE,0.0,true,true,true,false,espn_archived_open,espn_archived_open,provider_labeled_open_close,true,espn_archived_close,,45.5,-110
moneyline,home,,130,2.3,0.4329721280854478,0.4347826086956522,0.4201680672268907,0.01280406085855712,-0.00416410540347012,ESPN BET,2024_12_PHI_LA,espn_archive,,401671794:58:open:moneyline,401671794,,-2.6512743875479785,44.58816110524192,1,-17.0,57.0,loss,-1.0,2024,12,LA,PHI,0.008715959031314946,true,true,true,false,espn_archived_open,espn_archived_open,provider_labeled_open_close,true,espn_archived_close,,,125
spread,home,2.5,105,2.05,0.5054636363647267,0.48780487804878053,0.46324269889224573,0.04222093747248096,0.03620045454768972,ESPN BET,2024_12_PHI_LA,espn_archive,,401671794:58:open:spread,401671794,,-2.6512743875479785,44.58816110524192,1,-17.0,57.0,loss,-1.0,2024,12,LA,PHI,0.0,true,true,true,false,espn_archived_open,espn_archived_open,provider_labeled_open_close,true,espn_archived_close,,2.5,-105
total,under,47.5,-110,1.9090909090909092,0.581630175499593,0.5238095238095238,0.5,0.08163017549959295,0.1103848804992229,ESPN BET,2024_12_PHI_LA,espn_archive,,401671794:58:open:total,401671794,,-2.6512743875479785,44.58816110524192,1,-17.0,57.0,loss,-1.0,2024,12,LA,PHI,0.0,true,true,true,false,espn_archived_open,espn_archived_open,provider_labeled_open_close,true,espn_archived_close,,47.5,-105
moneyline,home,,190,2.9,0.34064626062201686,0.3448275862068966,0.33248081841432225,0.008165442207694606,-0.012125844196151148,ESPN BET,2024_12_PIT_CLE,espn_archive,,401671875:58:open:moneyline,401671875,,-5.964657683959466,38.928144323037564,1,5.0,43.0,win,1.9,2024,12,CLE,PIT,0.016814956233565104,true,true,true,false,espn_archived_open,espn_archived_open,provider_labeled_open_close,true,espn_archived_close,,,175
spread,away,-4.5,-110,1.9090909090909092,0.5327503923883277,0.5238095238095238,0.5,0.032750392388327665,0.017068930923171077,ESPN BET,2024_12_PIT_CLE,espn_archive,,401671875:58:open:spread,401671875,,-5.964657683959466,38.928144323037564,1,5.0,43.0,loss,-1.0,2024,12,CLE,PIT,-1.0,true,true,true,false,espn_archived_open,espn_archived_open,provider_labeled_open_close,true,espn_archived_close,,-3.5,-115
total,under,40.5,-115,1.8695652173913042,0.5402823972206144,0.5348837209302326,0.5108342361863489,0.029448161034265508,0.01009317741245308,ESPN BET,2024_12_PIT_CLE,espn_archive,,401671875:58:open:total,401671875,,-5.964657683959466,38.928144323037564,1,5.0,43.0,loss,-1.0,2024,12,CLE,PIT,4.0,true,true,true,false,espn_archived_open,espn_archived_open,provider_labeled_open_close,true,espn_archived_close,,36.5,-115
moneyline,home,,-120,1.8333333333333335,0.5653180241930743,0.5454545454545454,0.5217391304347826,0.043578893758291715,0.03641637768730299,ESPN BET,2024_12_SF_GB,espn_archive,,401671768:58:open:moneyline,401671768,,1.913986670622009,46.8470780953578,1,28.0,48.0,win,0.8333333333333335,2024,12,GB,SF,0.21108529704613355,true,true,true,false,espn_archived_open,espn_archived_open,provider_labeled_open_close,true,espn_archived_close,,,-320
spread,home,-1.5,-105,1.9523809523809523,0.5219154778193283,0.5121951219512195,0.4891657638136511,0.03274971400567722,0.01897783764726002,ESPN BET,2024_12_SF_GB,espn_archive,,401671768:58:open:spread,401671768,,1.913986670622009,46.8470780953578,1,28.0,48.0,win,0.9523809523809523,2024,12,GB,SF,5.0,true,true,true,false,espn_archived_open,espn_archived_open,provider_labeled_open_close,true,espn_archived_close,,-6.5,-105
total,under,47.5,-115,1.8695652173913042,0.5116446069556291,0.5348837209302326,0.5108342361863489,0.0008103707692801443,-0.043447039169910884,ESPN BET,2024_12_SF_GB,espn_archive,,401671768:58:open:total,401671768,,1.913986670622009,46.8470780953578,1,28.0,48.0,loss,-1.0,2024,12,GB,SF,3.0,true,true,true,false,espn_archived_open,espn_archived_open,provider_labeled_open_close,true,espn_archived_close,,44.5,100
moneyline,home,,165,2.65,0.38521287718353425,0.37735849056603776,0.36341238065906994,0.021800496524464308,0.020814124536365775,ESPN BET,2024_12_TB_NYG,espn_archive,,401671638:58:open:moneyline,401671638,,-4.336209513685265,44.31816034294749,1,-23.0,37.0,loss,-1.0,2024,12,NYG,TB,-0.058068869208688256,true,true,true,false,espn_archived_open,espn_archived_open,provider_labeled_open_close,true,espn_archived_close,,,215
spread,away,-4.0,-105,1.9523809523809523,0.49992225711337823,0.5121951219512195,0.4891657638136511,0.01075649329972711,-0.02396130754054726,ESPN BET,2024_12_TB_NYG,espn_archive,,401671638:58:open:spread,401671638,,-4.336209513685265,44.31816034294749,1,-23.0,37.0,win,0.9523809523809523,2024,12,NYG,TB,2.5,true,true,true,false,espn_archived_open,espn_archived_open,provider_labeled_open_close,true,espn_archived_close,,-6.5,-105
total,over,42.5,-110,1.9090909090909092,0.5652495304811451,0.5238095238095238,0.5,0.06524953048114512,0.07911274000945889,ESPN BET,2024_12_TB_NYG,espn_archive,,401671638:58:open:total,401671638,,-4.336209513685265,44.31816034294749,1,-23.0,37.0,loss,-1.0,2024,12,NYG,TB,-2.0,true,true,true,false,espn_archived_open,espn_archived_open,provider_labeled_open_close,true,espn_archived_close,,40.5,-115
moneyline,away,,340,4.4,0.28761298185444584,0.22727272727272727,0.21739130434782608,0.07022167750661976,0.26549712015956173,ESPN BET,2024_12_TEN_HOU,espn_archive,,401671858:58:open:moneyline,401671858,,7.337105774720765,44.02654310050151,1,-5.0,59.0,win,3.4000000000000004,2024,12,HOU,TEN,0.03424983350775376,true,true,true,false,espn_archived_open,espn_archived_open,provider_labeled_open_close,true,espn_archived_close,,,280
spread,away,8.5,-115,1.8695652173913042,0.5239842175349124,0.5348837209302326,0.5108342361863489,0.013149981348563489,-0.020377332434729056,ESPN BET,2024_12_TEN_HOU,espn_archive,,401671858:58:open:spread,401671858,,7.337105774720765,44.02654310050151,1,-5.0,59.0,win,0.8695652173913042,2024,12,HOU,TEN,1.0,true,true,true,false,espn_archived_open,espn_archived_open,provider_labeled_open_close,true,espn_archived_close,,7.5,-110
total,over,41.5,-110,1.9090909090909092,0.5869704453127353,0.5238095238095238,0.5,0.08697044531273534,0.12057994105158576,ESPN BET,2024_12_TEN_HOU,espn_archive,,401671858:58:open:total,401671858,,7.337105774720765,44.02654310050151,1,-5.0,59.0,win,0.9090909090909092,2024,12,HOU,TEN,-1.0,true,true,true,false,espn_archived_open,espn_archived_open,provider_labeled_open_close,true,espn_archived_close,,40.5,-105
moneyline,away,,170,2.7,0.3594856728554967,0.37037037037037035,0.35714285714285715,0.0023428157126395566,-0.029388683290158868,ESPN BET,2024_13_ARI_MIN,espn_archive,,401671726:58:open:moneyline,401671726,,4.627875895071853,43.037537132871265,1,1.0,45.0,loss,-1.0,2024,13,MIN,ARI,0.028822055137844638,true,true,true,false,espn_archived_open,espn_archived_open,provider_labeled_open_close,true,espn_archived_close,,,150
spread,home,-4.5,100,2.0,0.5123941383015769,0.5,0.4782608695652174,0.03413326873635947,0.024788276603153747,ESPN BET,2024_13_ARI_MIN,espn_archive,,401671726:58:open:spread,401671726,,4.627875895071853,43.037537132871265,1,1.0,45.0,loss,-1.0,2024,13,MIN,ARI,-1.0,true,true,true,false,espn_archived_open,espn_archived_open,provider_labeled_open_close,true,espn_archived_close,,-3.5,-105
total,under,46.5,-110,1.9090909090909092,0.5955405201853695,0.5238095238095238,0.5,0.09554052018536952,0.13694099308116003,ESPN BET,2024_13_ARI_MIN,espn_archive,,401671726:58:open:total,401671726,,4.627875895071853,43.037537132871265,1,1.0,45.0,win,0.9090909090909092,2024,13,MIN,ARI,1.0,true,true,true,false,espn_archived_open,espn_archived_open,provider_labeled_open_close,true,espn_archived_close,,45.5,-110
moneyline,away,,425,5.25,0.2028853158464452,0.19047619047619047,0.18018018018018017,0.02270513566626503,0.06514790819383731,ESPN BET,2024_13_CHI_DET,espn_archive,,401671492:58:open:moneyline,401671492,,11.081993162317065,44.42763717604298,1,3.0,43.0,loss,-1.0,2024,13,DET,CHI,0.017388208877570588,true,true,true,false,espn_archived_open,espn_archived_open,provider_labeled_open_close,true,espn_archived_close,,,380
spread,home,-10.5,-110,1.9090909090909092,0.5256141933716146,0.5238095238095238,0.5,0.025614193371614635,0.0034452782549008187,ESPN BET,2024_13_CHI_DET,espn_archive,,401671492:58:open:spread,401671492,,11.081993162317065,44.42763717604298,1,3.0,43.0,loss,-1.0,2024,13,DET,CHI,-0.5,true,true,true,false,espn_archived_open,espn_archived_open,provider_labeled_open_close,true,espn_archived_close,,-10.0,100
total,under,48.5,-115,1.8695652173913042,0.6139266871434422,0.5348837209302326,0.5108342361863489,0.1030924509570933,0.14777598031165273,ESPN BET,2024_13_CHI_DET,espn_archive,,401671492:58:open:total,401671492,,11.081993162317065,44.42763717604298,1,3.0,43.0,win,0.8695652173913042,2024,13,DET,CHI,0.0,true,true,true,false,espn_archived_open,espn_archived_open,provider_labeled_open_close,true,espn_archived_close,,48.5,-110
moneyline,home,,-230,1.434782608695652,0.7274037651800795,0.696969696969697,0.6727813584531482,0.054622406726931305,0.043666271780114174,ESPN BET,2024_13_CLE_DEN,espn_archive,,401671686:58:open:moneyline,401671686,,7.983367581449386,39.066442026825136,1,9.0,73.0,win,0.4347826086956521,2024,13,DEN,CLE,0.03580759860206639,true,true,true,false,espn_archived_open,espn_archived_open,provider_labeled_open_close,true,espn_archived_close,,,-280
spread,home,-5.5,-110,1.9090909090909092,0.5804950989581154,0.5238095238095238,0.5,0.08049509895811535,0.10821791619276566,ESPN BET,2024_13_CLE_DEN,espn_archive,,401671686:58:open:spread,401671686,,7.983367581449386,39.066442026825136,1,9.0,73.0,win,0.9090909090909092,2024,13,DEN,CLE,1.0,true,true,true,false,espn_archived_open,espn_archived_open,provider_labeled_open_close,true,espn_archived_close,,-6.5,-105
total,under,41.5,-110,1.9090909090909092,0.564059988489736,0.5238095238095238,0.5,0.06405998848973604,0.07684179620767795,ESPN BET,2024_13_CLE_DEN,espn_archive,,401671686:58:open:total,401671686,,7.983367581449386,39.066442026825136,1,9.0,73.0,loss,-1.0,2024,13,DEN,CLE,0.0,true,true,true,false,espn_archived_open,espn_archived_open,provider_labeled_open_close,true,espn_archived_close,,41.5,-115
moneyline,home,,220,3.2,0.40206335043152663,0.3125,0.299837925445705,0.10222542498582166,0.2866027213808853,ESPN BET,2024_13_HOU_JAX,espn_archive,,401671705:58:open:moneyline,401671705,,-3.6921316186647033,47.149232337520154,1,-3.0,43.0,loss,-1.0,2024,13,JAX,HOU,0.09346141905538752,true,true,true,false,espn_archived_open,espn_archived_open,provider_labeled_open_close,true,espn_archived_close,,,145
spread,home,6.5,-120,1.8333333333333335,0.5897366640208366,0.5454545454545454,0.5217391304347826,0.06799753358605398,0.08118388403820043,ESPN BET,2024_13_HOU_JAX,espn_archive,,401671705:58:open:spread,401671705,,-3.6921316186647033,47.149232337520154,1,-3.0,43.0,win,0.8333333333333335,2024,13,JAX,HOU,3.0,true,true,true,false,espn_archived_open,espn_archived_open,provider_labeled_open_close,true,espn_archived_close,,3.5,-120
total,over,42.5,-115,1.8695652173913042,0.6529215077008658,0.5348837209302326,0.5108342361863489,0.14208727151451683,0.2206793404842271,ESPN BET,2024_13_HOU_JAX,espn_archive,,401671705:58:open:total,401671705,,-3.6921316186647033,47.149232337520154,1,-3.0,43.0,win,0.8695652173913042,2024,13,JAX,HOU,2.0,true,true,true,false,espn_archived_open,espn_archived_open,provider_labeled_open_close,true,espn_archived_close,,44.5,-110
moneyline,home,,125,2.25,0.43717088095022116,0.4444444444444444,0.42888402625820565,0.00828685469201551,-0.016365517862002354,ESPN BET,2024_13_IND_NE,espn_archive,,401671620:58:open:moneyline,401671620,,-2.462097155074712,40.806892488544264,1,-1.0,49.0,loss,-1.0,2024,13,NE,IND,0.009072178121356411,true,true,true,false,espn_archived_open,espn_archived_open,provider_labeled_open_close,true,espn_archived_close,,,120
spread,home,2.5,105,2.05,0.509772804072755,0.48780487804878053,0.46324269889224573,0.04653010518050932,0.04503424834914771,ESPN BET,2024_13_IND_NE,espn_archive,,401671620:58:open:spread,401671620,,-2.462097155074712,40.806892488544264,1,-1.0,49.0,win,1.0499999999999998,2024,13,NE,IND,0.0,true,true,true,false,espn_archived_open,espn_archived_open,provider_labeled_open_close,true,espn_archived_close,,2.5,-110
total,under,42.5,-105,1.9523809523809523,0.541138840779355,0.5121951219512195,0.4891657638136511,0.05197307696570391,0.0565091653311216,ESPN BET,2024_13_IND_NE,espn_archive,,401671620:58:open:total,401671620,,-2.462097155074712,40.806892488544264,1,-1.0,49.0,loss,-1.0,2024,13,NE,IND,1.0,true,true,true,false,espn_archived_open,espn_archived_open,provider_labeled_open_close,true,espn_archived_close,,41.5,-110
moneyline,away,,-125,1.8,0.5669241159158562,0.5555555555555556,0.5324675324675325,0.0344565834483237,0.020463408648541348,ESPN BET,2024_13_LAC_ATL,espn_archive,,401671649:58:open:moneyline,401671649,,-2.60448440030725,41.58228220486795,1,-4.0,30.0,win,0.8,2024,13,ATL,LAC,-0.0216332962811836,true,true,true,false,espn_archived_open,espn_archived_open,provider_labeled_open_close,true,espn_archived_close,,,-115
spread,away,-1.5,-115,1.8695652173913042,0.5235085710261236,0.5348837209302326,0.5108342361863489,0.012674334839774648,-0.021266584603334193,ESPN BET,2024_13_LAC_ATL,espn_archive,,401671649:58:open:spread,401671649,,-2.60448440030725,41.58228220486795,1,-4.0,30.0,win,0.8695652173913042,2024,13,ATL,LAC,-1.0,true,true,true,false,espn_archived_open,espn_archived_open,provider_labeled_open_close,true,espn_archived_close,,-0.5,-115
total,under,47.5,-115,1.8695652173913042,0.6678687083060704,0.5348837209302326,0.5108342361863489,0.15703447211972144,0.2486241068330879,ESPN BET,2024_13_LAC_ATL,espn_archive,,401671649:58:open:total,401671649,,-2.60448440030725,41.58228220486795,1,-4.0,30.0,win,0.8695652173913042,2024,13,ATL,LAC,0.0,true,true,true,false,espn_archived_open,espn_archived_open,provider_labeled_open_close,true,espn_archived_close,,47.5,-110
moneyline,home,,110,2.1,0.5899435683797044,0.47619047619047616,0.4572564612326044,0.13268710714710003,0.2388814935973793,ESPN BET,2024_13_LA_NO,espn_archive,,401671753:58:open:moneyline,401671753,,2.8151527820202134,47.130167008503946,1,-7.0,35.0,loss,-1.0,2024,13,NO,LA,-0.04546800745787688,true,true,true,false,espn_archived_open,espn_archived_open,provider_labeled_open_close,true,espn_archived_close,,,135
spread,home,2.5,-110,1.9090909090909092,0.6591135472320166,0.5238095238095238,0.5,0.15911354723201665,0.2583076810793046,ESPN BET,2024_13_LA_NO,espn_archive,,401671753:58:open:spread,401671753,,2.8151527820202134,47.130167008503946,1,-7.0,35.0,loss,-1.0,2024,13,NO,LA,0.0,true,true,true,false,espn_archived_open,espn_archived_open,provider_labeled_open_close,true,espn_archived_close,,2.5,100
total,over,46.5,-120,1.8333333333333335,0.5313163126760858,0.5454545454545454,0.5217391304347826,0.009577182241303217,-0.02592009342717594,ESPN BET,2024_13_LA_NO,espn_archive,,401671753:58:open:total,401671753,,2.8151527820202134,47.130167008503946,1,-7.0,35.0,loss,-1.0,2024,13,NO,LA,2.0,true,true,true,false,espn_archived_open,espn_archived_open,provider_labeled_open_close,true,espn_archived_close,,48.5,-105
moneyline,away,,550,6.5,0.2344215761732007,0.15384615384615385,0.14598540145985406,0.08843617471334664,0.5237402451258046,ESPN BET,2024_13_LV_KC,espn_archive,,401671806:58:open:moneyline,401671806,,9.617449154202056,44.82127357338229,1,2.0,36.0,loss,-1.0,2024,13,KC,LV,0.0,true,true,true,false,espn_archived_open,espn_archived_open,provider_labeled_open_close,true,espn_archived_close,,,550
spread,away,12.5,-110,1.9090909090909092,0.574900112524603,0.5238095238095238,0.5,0.07490011252460305,0.09753657845606045,ESPN BET,2024_13_LV_KC,espn_archive,,401671806:58:open:spread,401671806,,9.617449154202056,44.82127357338229,1,2.0,36.0,win,0.9090909090909092,2024,13,KC,LV,-1.0,true,true,true,false,espn_archived_open,espn_archived_open,provider_labeled_open_close,true,espn_archived_close,,13.5,-105
total,over,42.5,-110,1.9090909090909092,0.5835450243078386,0.5238095238095238,0.5,0.08354502430783861,0.11404050095132834,ESPN BET,2024_13_LV_KC,espn_archive,,401671806:58:open:total,401671806,,9.617449154202056,44.82127357338229,1,2.0,36.0,loss,-1.0,2024,13,KC,LV,-1.0,true,true,true,false,espn_archived_open,espn_archived_open,provider_labeled_open_close,true,espn_archived_close,,41.5,-110
moneyline,home,,-185,1.5405405405405406,0.6912123012483717,0.6491228070175439,0.6233894945490583,0.0678228066993134,0.06484057219343753,ESPN BET,2024_13_MIA_GB,espn_archive,,401671798:58:open:moneyline,401671798,,6.5367085514967265,44.17874501247783,1,13.0,47.0,win,0.5405405405405406,2024,13,GB,MIA,0.006712546267268138,true,true,true,false,espn_archived_open,espn_archived_open,provider_labeled_open_close,true,espn_archived_close,,,-190
spread,home,-3.5,-110,1.9090909090909092,0.5962243637357474,0.5238095238095238,0.5,0.09622436373574739,0.13824651258642695,ESPN BET,2024_13_MIA_GB,espn_archive,,401671798:58:open:spread,401671798,,6.5367085514967265,44.17874501247783,1,13.0,47.0,win,0.9090909090909092,2024,13,GB,MIA,0.0,true,true,true,false,espn_archived_open,espn_archived_open,provider_labeled_open_close,true,espn_archived_close,,-3.5,-105
total,under,47.5,-110,1.9090909090909092,0.5912517512494833,0.5238095238095238,0.5,0.09125175124948326,0.12875334329446808,ESPN BET,2024_13_MIA_GB,espn_archive,,401671798:58:open:total,401671798,,6.5367085514967265,44.17874501247783,1,13.0,47.0,win,0.9090909090909092,2024,13,GB,MIA,0.0,true,true,true,false,espn_archived_open,espn_archived_open,provider_labeled_open_close,true,espn_archived_close,,47.5,-105
moneyline,away,,155,2.55,0.39117384463570803,0.3921568627450981,0.3766105054509415,0.014563339184766544,-0.002506696178944612,ESPN BET,2024_13_NYG_DAL,espn_archive,,401671779:58:open:moneyline,401671779,,3.4839504144029227,42.33088175711676,1,7.0,47.0,loss,-1.0,2024,13,DAL,NYG,-0.03309905506926214,true,true,true,false,espn_archived_open,espn_archived_open,provider_labeled_open_close,true,espn_archived_close,,,180
spread,home,-3.5,-105,1.9523809523809523,0.5082007086247144,0.5121951219512195,0.4891657638136511,0.019034944811063326,-0.007798616494605115,ESPN BET,2024_13_NYG_DAL,espn_archive,,401671779:58:open:spread,401671779,,3.4839504144029227,42.33088175711676,1,7.0,47.0,win,0.9523809523809523,2024,13,DAL,NYG,1.0,true,true,true,false,espn_archived_open,espn_archived_open,provider_labeled_open_close,true,espn_archived_close,,-4.5,-105
total,over,38.5,-110,1.9090909090909092,0.6289802588703746,0.5238095238095238,0.5,0.12898025887037456,0.20078049420707877,ESPN BET,2024_13_NYG_DAL,espn_archive,,401671779:58:open:total,401671779,,3.4839504144029227,42.33088175711676,1,7.0,47.0,win,0.9090909090909092,2024,13,DAL,NYG,1.0,true,true,true,false,espn_archived_open,espn_archived_open,provider_labeled_open_close,true,espn_archived_close,,39.5,-110
moneyline,away,,125,2.25,0.4322111723713138,0.4444444444444444,0.42888402625820565,0.003327146113108137,-0.027524862164543973,ESPN BET,2024_13_PHI_BAL,espn_archive,,401671666:58:open:moneyline,401671666,,2.039710151367075,50.003845632825175,1,-5.0,43.0,win,1.25,2024,13,BAL,PHI,-0.03558468175711316,true,true,true,false,espn_archived_open,espn_archived_open,provider_labeled_open_close,true,espn_archived_close,,,145
spread,away,2.5,100,2.0,0.5047464113326604,0.5,0.4782608695652174,0.026485541767443,0.00949282266532081,ESPN BET,2024_13_PHI_BAL,espn_archive,,401671666:58:open:spread,401671666,,2.039710151367075,50.003845632825175,1,-5.0,43.0,win,1.0,2024,13,BAL,PHI,-1.0,true,true,true,false,espn_archived_open,espn_archived_open,provider_labeled_open_close,true,espn_archived_close,,3.5,-120
total,over,50.5,100,2.0,0.49617130586315805,0.5,0.4782608695652174,0.017910436297940646,-0.007657388273683896,ESPN BET,2024_13_PHI_BAL,espn_archive,,401671666:58:open:total,401671666,,2.039710151367075,50.003845632825175,1,-5.0,43.0,loss,-1.0,2024,13,BAL,PHI,1.0,true,true,true,false,espn_archived_open,espn_archived_open,provider_labeled_open_close,true,espn_archived_close,,51.5,-105
moneyline,away,,115,2.15,0.5284953947671539,0.46511627906976744,0.447405997144217,0.08108939762293688,0.13626509874938075,ESPN BET,2024_13_PIT_CIN,espn_archive,,401671627:58:open:moneyline,401671627,,-1.2759481291837886,46.3962685214976,1,-6.0,82.0,win,1.15,2024,13,CIN,PIT,-0.06144108486351524,true,true,true,false,espn_archived_open,espn_archived_open,provider_labeled_open_close,true,espn_archived_close,,,150
spread,away,2.5,-105,1.9523809523809523,0.600303762707576,0.5121951219512195,0.4891657638136511,0.1111379988939249,0.17202163195288644,ESPN BET,2024_13_PIT_CIN,espn_archive,,401671627:58:open:spread,401671627,,-1.2759481291837886,46.3962685214976,1,-6.0,82.0,win,0.9523809523809523,2024,13,CIN,PIT,-1.0,true,true,true,false,espn_archived_open,espn_archived_open,provider_labeled_open_close,true,espn_archived_close,,3.5,-125
total,under,46.5,-105,1.9523809523809523,0.4915732183194347,0.5121951219512195,0.4891657638136511,0.0024074545057835572,-0.0402618118525323,ESPN BET,2024_13_PIT_CIN,espn_archive,,401671627:58:open:total,401671627,,-1.2759481291837886,46.3962685214976,1,-6.0,82.0,loss,-1.0,2024,13,CIN,PIT,0.0,true,true,true,false,espn_archived_open,espn_archived_open,provider_labeled_open_close,true,espn_archived_close,,46.5,-110
moneyline,home,,105,2.05,0.4932878153544856,0.48780487804878053,0.4675324675324676,0.02575534782201805,0.01124002147669545,ESPN BET,2024_13_SEA_NYJ,espn_archive,,401671703:58:open:moneyline,401671703,,-0.5277426944847825,42.59544742640344,1,-5.0,47.0,loss,-1.0,2024,13,NYJ,SEA,0.07115319125678454,true,true,true,false,espn_archived_open,espn_archived_open,provider_labeled_open_close,true,espn_archived_close,,,-128
spread,home,1.5,-110,1.9090909090909092,0.53695343779127,0.5238095238095238,0.5,0.03695343779127003,0.02509292669242469,ESPN BET,2024_13_SEA_NYJ,espn_archive,,401671703:58:open:spread,401671703,,-0.5277426944847825,42.59544742640344,1,-5.0,47.0,loss,-1.0,2024,13,NYJ,SEA,3.0,true,true,true,false,espn_archived_open,espn_archived_open,provider_labeled_open_close,true,espn_archived_close,,-1.5,-110
total,over,41.5,-115,1.8695652173913042,0.5457792581679862,0.5348837209302326,0.5108342361863489,0.03494502198163729,0.02036991744449601,ESPN BET,2024_13_SEA_NYJ,espn_archive,,401671703:58:open:total,401671703,,-0.5277426944847825,42.59544742640344,1,-5.0,47.0,win,0.8695652173913042,2024,13,NYJ,SEA,0.0,true,true,true,false,espn_archived_open,espn_archived_open,provider_labeled_open_close,true,espn_archived_close,,41.5,-115
moneyline,away,,220,3.2,0.3194501648232049,0.3125,0.299837925445705,0.019612239377499896,0.02224052743425564,ESPN BET,2024_13_SF_BUF,espn_archive,,401671781:58:open:moneyline,401671781,,6.125355071259708,48.35857741380684,1,25.0,45.0,loss,-1.0,2024,13,BUF,SF,-0.01640769288756544,true,true,true,false,espn_archived_open,espn_archived_open,provider_labeled_open_close,true,espn_archived_close,,,240
spread,home,-6.5,-105,1.9523809523809523,0.4977496921496519,0.5121951219512195,0.4891657638136511,0.008583928336000801,-0.02820298199353677,ESPN BET,2024_13_SF_BUF,espn_archive,,401671781:58:open:spread,401671781,,6.125355071259708,48.35857741380684,1,25.0,45.0,win,0.9523809523809523,2024,13,BUF,SF,0.0,true,true,true,false,espn_archived_open,espn_archived_open,provider_labeled_open_close,true,espn_archived_close,,-6.5,-110
total,over,45.5,-115,1.8695652173913042,0.5998793707835287,0.5348837209302326,0.5108342361863489,0.08904513459717978,0.12151360624746665,ESPN BET,2024_13_SF_BUF,espn_archive,,401671781:58:open:total,401671781,,6.125355071259708,48.35857741380684,1,25.0,45.0,loss,-1.0,2024,13,BUF,SF,-1.0,true,true,true,false,espn_archived_open,espn_archived_open,provider_labeled_open_close,true,espn_archived_close,,44.5,-125
moneyline,away,,-270,1.3703703703703702,0.7421707854065475,0.7297297297297298,0.700162074554295,0.04200871085225244,0.017048854075639053,ESPN BET,2024_13_TB_CAR,espn_archive,,401671752:58:open:moneyline,401671752,,-9.195182008794493,49.971588214117176,1,-3.0,49.0,win,0.37037037037037024,2024,13,CAR,TB,0.016407692887565384,true,true,true,false,espn_archived_open,espn_archived_open,provider_labeled_open_close,true,espn_archived_close,,,-290
spread,away,-6.5,-105,1.9523809523809523,0.569528827841414,0.5121951219512195,0.4891657638136511,0.08036306402776289,0.11193723530942723,ESPN BET,2024_13_TB_CAR,espn_archive,,401671752:58:open:spread,401671752,,-9.195182008794493,49.971588214117176,1,-3.0,49.0,loss,-1.0,2024,13,CAR,TB,0.0,true,true,true,false,espn_archived_open,espn_archived_open,provider_labeled_open_close,true,espn_archived_close,,-6.5,-120
total,over,46.5,-110,1.9090909090909092,0.6183025532333412,0.5238095238095238,0.5,0.11830255323334116,0.18039578344546947,ESPN BET,2024_13_TB_CAR,espn_archive,,401671752:58:open:total,401671752,,-9.195182008794493,49.971588214117176,1,-3.0,49.0,win,0.9090909090909092,2024,13,CAR,TB,0.0,true,true,true,false,espn_archived_open,espn_archived_open,provider_labeled_open_close,true,espn_archived_close,,46.5,-110
moneyline,away,,220,3.2,0.30867898219044854,0.3125,0.299837925445705,0.008841056744743558,-0.012227256990564594,ESPN BET,2024_13_TEN_WAS,espn_archive,,401671743:58:open:moneyline,401671743,,6.540934103501833,48.724638660117535,1,23.0,61.0,loss,-1.0,2024,13,WAS,TEN,0.020916791535427137,true,true,true,false,espn_archived_open,espn_archived_open,provider_labeled_open_close,true,espn_archived_close,,,200
spread,home,-6.5,-105,1.9523809523809523,0.5098611262678452,0.5121951219512195,0.4891657638136511,0.020695362454194066,-0.004556848715159378,ESPN BET,2024_13_TEN_WAS,espn_archive,,401671743:58:open:spread,401671743,,6.540934103501833,48.724638660117535,1,23.0,61.0,win,0.9523809523809523,2024,13,WAS,TEN,-1.0,true,true,true,false,espn_archived_open,espn_archived_open,provider_labeled_open_close,true,espn_archived_close,,-5.5,-110
total,over,44.5,-110,1.9090909090909092,0.6405688885182216,0.5238095238095238,0.5,0.14056888851822158,0.22290424171660495,ESPN BET,2024_13_TEN_WAS,espn_archive,,401671743:58:open:total,401671743,,6.540934103501833,48.724638660117535,1,23.0,61.0,win,0.9090909090909092,2024,13,WAS,TEN,1.0,true,true,true,false,espn_archived_open,espn_archived_open,provider_labeled_open_close,true,espn_archived_close,,45.5,-110
moneyline,home,,-215,1.4651162790697674,0.6946940250218161,0.6825396825396826,0.6564885496183206,0.038205475403495504,0.017807525031963145,ESPN BET,2024_14_ATL_MIN,espn_archive,,401671648:58:open:moneyline,401671648,,6.587310243888279,43.78122022152475,1,21.0,63.0,win,0.4651162790697674,2024,14,MIN,ATL,0.03240033927056829,true,true,true,false,espn_archived_open,espn_archived_open,provider_labeled_open_close,true,espn_archived_close,,,-250
spread,home,-4.5,-110,1.9090909090909092,0.5701290364907972,0.5238095238095238,0.5,0.07012903649079716,0.08842816057334013,ESPN BET,2024_14_ATL_MIN,espn_archive,,401671648:58:open:spread,401671648,,6.587310243888279,43.78122022152475,1,21.0,63.0,win,0.9090909090909092,2024,14,MIN,ATL,1.0,true,true,true,false,espn_archived_open,espn_archived_open,provider_labeled_open_close,true,espn_archived_close,,-5.5,-115
total,under,46.5,-115,1.8695652173913042,0.5694339679573455,0.5348837209302326,0.5108342361863489,0.05859973177099653,0.06459394009416752,ESPN BET,2024_14_ATL_MIN,espn_archive,,401671648:58:open:total,401671648,,6.587310243888279,43.78122022152475,1,21.0,63.0,loss,-1.0,2024,14,MIN,ATL,0.0,true,true,true,false,espn_archived_open,espn_archived_open,provider_labeled_open_close,true,espn_archived_close,,46.5,-105
moneyline,away,,-195,1.5128205128205128,0.6577194606908434,0.6610169491525424,0.6365876193409301,0.021131841349913305,-0.004988508185647222,ESPN BET,2024_14_BUF_LA,espn_archive,,401671773:58:open:moneyline,401671773,,-5.802295971544957,47.283975238618915,1,2.0,86.0,loss,-1.0,2024,14,LA,BUF,-0.022552531621631844,true,true,true,false,espn_archived_open,espn_archived_open,provider_labeled_open_close,true,espn_archived_close,,,-175
spread,away,-3.5,-110,1.9090909090909092,0.5586857441164386,0.5238095238095238,0.5,0.058685744116438565,0.0665818751313827,ESPN BET,2024_14_BUF_LA,espn_archive,,401671773:58:open:spread,401671773,,-5.802295971544957,47.283975238618915,1,2.0,86.0,loss,-1.0,2024,14,LA,BUF,0.0,true,true,true,false,espn_archived_open,espn_archived_open,provider_labeled_open_close,true,espn_archived_close,,-3.5,102
total,under,48.5,-105,1.9523809523809523,0.5229875438983514,0.5121951219512195,0.4891657638136511,0.033821780084700326,0.021070919039638536,ESPN BET,2024_14_BUF_LA,espn_archive,,401671773:58:open:total,401671773,,-5.802295971544957,47.283975238618915,1,2.0,86.0,loss,-1.0,2024,14,LA,BUF,-2.0,true,true,true,false,espn_archived_open,espn_archived_open,provider_labeled_open_close,true,espn_archived_close,,50.5,-115
moneyline,away,,550,6.5,0.14643038359426908,0.15384615384615385,0.14598540145985406,0.00044498213441501733,-0.04820250663725101,ESPN BET,2024_14_CAR_PHI,espn_archive,,401671713:58:open:moneyline,401671713,,13.93172467049731,46.03664306509559,1,6.0,38.0,loss,-1.0,2024,14,PHI,CAR,-0.010182932324051597,true,true,true,false,espn_archived_open,espn_archived_open,provider_labeled_open_close,true,espn_archived_close,,,600
spread,home,-12.5,-110,1.9090909090909092,0.5510294090218109,0.5238095238095238,0.5,0.051029409021810856,0.05196523540527531,ESPN BET,2024_14_CAR_PHI,espn_archive,,401671713:58:open:spread,401671713,,13.93172467049731,46.03664306509559,1,6.0,38.0,loss,-1.0,2024,14,PHI,CAR,1.0,true,true,true,false,espn_archived_open,espn_archived_open,provider_labeled_open_close,true,espn_archived_close,,-13.5,-120
total,over,45.5,-105,1.9523809523809523,0.5315357953388551,0.5121951219512195,0.4891657638136511,0.042370031525203966,0.03776036232824076,ESPN BET,2024_14_CAR_PHI,espn_archive,,401671713:58:open:total,401671713,,13.93172467049731,46.03664306509559,1,6.0,38.0,loss,-1.0,2024,14,PHI,CAR,-1.0,true,true,true,false,espn_archived_open,espn_archived_open,provider_labeled_open_close,true,espn_archived_close,,44.5,-110
moneyline,away,,180,2.8,0.4330957836111766,0.35714285714285715,0.34351145038167935,0.08958433322949727,0.21266819411129445,ESPN BET,2024_14_CHI_SF,espn_archive,,401671774:58:open:moneyline,401671774,,1.976267593600575,43.12601042574273,1,25.0,51.0,loss,-1.0,2024,14,SF,CHI,0.06827700339304815,true,true,true,false,espn_archived_open,espn_archived_open,provider_labeled_open_close,true,espn_archived_close,,,135
spread,away,5.5,-105,1.9523809523809523,0.594015951102216,0.5121951219512195,0.4891657638136511,0.10485018728856493,0.15974542834242178,ESPN BET,2024_14_CHI_SF,espn_archive,,401671774:58:open:spread,401671774,,1.976267593600575,43.12601042574273,1,25.0,51.0,loss,-1.0,2024,14,SF,CHI,2.0,true,true,true,false,espn_archived_open,espn_archived_open,provider_labeled_open_close,true,espn_archived_close,,3.5,-125
total,under,43.5,-105,1.9523809523809523,0.4967837039106372,0.5121951219512195,0.4891657638136511,0.0076179400969860755,-0.030088959031613127,ESPN BET,2024_14_CHI_SF,espn_archive,,401671774:58:open:total,401671774,,1.976267593600575,43.12601042574273,1,25.0,51.0,loss,-1.0,2024,14,SF,CHI,0.0,true,true,true,false,espn_archived_open,espn_archived_open,provider_labeled_open_close,true,espn_archived_close,,43.5,-110
moneyline,home,,210,3.1,0.47970390092610216,0.3225806451612903,0.31111111111111106,0.1685927898149911,0.48708209287091675,ESPN BET,2024_14_CIN_DAL,espn_archive,,401671690:58:open:moneyline,401671690,,-0.9930065298642283,53.793778200938405,1,-7.0,47.0,loss,-1.0,2024,14,DAL,CIN,0.021369707303211194,true,true,true,false,espn_archived_open,espn_archived_open,provider_labeled_open_close,true,espn_archived_close,,,190
spread,home,5.5,100,2.0,0.6388883655796426,0.5,0.4782608695652174,0.16062749601442516,0.27777673115928514,ESPN BET,2024_14_CIN_DAL,espn_archive,,401671690:58:open:spread,401671690,,-0.9930065298642283,53.793778200938405,1,-7.0,47.0,loss,-1.0,2024,14,DAL,CIN,1.0,true,true,true,false,espn_archived_open,espn_archived_open,provider_labeled_open_close,true,espn_archived_close,,4.5,-110
total,over,47.5,-110,1.9090909090909092,0.7014021326990109,0.5238095238095238,0.5,0.20140213269901086,0.33904043515265725,ESPN BET,2024_14_CIN_DAL,espn_archive,,401671690:58:open:total,401671690,,-0.9930065298642283,53.793778200938405,1,-7.0,47.0,loss,-1.0,2024,14,DAL,CIN,3.0,true,true,true,false,espn_archived_open,espn_archived_open,provider_labeled_open_close,true,espn_archived_close,,50.5,-110
moneyline,home,,-250,1.4,0.7379364369755147,0.7142857142857143,0.6888888888888889,0.049047548086625814,0.03311101176572051,ESPN BET,2024_14_CLE_PIT,espn_archive,,401671631:58:open:moneyline,401671631,,8.316898388889673,42.282514899658864,1,13.0,41.0,win,0.3999999999999999,2024,14,PIT,CLE,0.027680878552971522,true,true,true,false,espn_archived_open,espn_archived_open,provider_labeled_open_close,true,espn_archived_close,,,-290
spread,home,-5.5,-120,1.8333333333333335,0.5911913859400152,0.5454545454545454,0.5217391304347826,0.0694522555052326,0.08385087422336124,ESPN BET,2024_14_CLE_PIT,espn_archive,,401671631:58:open:spread,401671631,,8.316898388889673,42.282514899658864,1,13.0,41.0,win,0.8333333333333335,2024,14,PIT,CLE,1.0,true,true,true,false,espn_archived_open,espn_archived_open,provider_labeled_open_close,true,espn_archived_close,,-6.5,-120
total,over,41.5,-115,1.8695652173913042,0.5391607812157011,0.5348837209302326,0.5108342361863489,0.028326545029352168,0.007996243142397663,ESPN BET,2024_14_CLE_PIT,espn_archive,,401671631:58:open:total,401671631,,8.316898388889673,42.282514899658864,1,13.0,41.0,loss,-1.0,2024,14,PIT,CLE,1.0,true,true,true,false,espn_archived_open,espn_archived_open,provider_labeled_open_close,true,espn_archived_close,,42.5,-115
moneyline,home,,-190,1.526315789473684,0.6835268799959234,0.6551724137931035,0.6301020408163265,0.05342483917959695,0.04327786946746204,ESPN BET,2024_14_GB_DET,espn_archive,,401671814:58:open:moneyline,401671814,,6.159420979819743,48.22079663905415,1,3.0,65.0,win,0.5263157894736841,2024,14,DET,GB,-0.006712546267268138,true,true,true,false,espn_archived_open,espn_archived_open,provider_labeled_open_close,true,espn_archived_close,,,-185
spread,home,-3.5,-115,1.8695652173913042,0.5866652358917743,0.5348837209302326,0.5108342361863489,0.0758309997054254,0.09680891927592583,ESPN BET,2024_14_GB_DET,espn_archive,,401671814:58:open:spread,401671814,,6.159420979819743,48.22079663905415,1,3.0,65.0,loss,-1.0,2024,14,DET,GB,0.0,true,true,true,false,espn_archived_open,espn_archived_open,provider_labeled_open_close,true,espn_archived_close,,-3.5,102
total,under,51.5,-115,1.8695652173913042,0.5865466898324456,0.5348837209302326,0.5108342361863489,0.07571245364609669,0.09658728968674613,ESPN BET,2024_14_GB_DET,espn_archive,,401671814:58:open:total,401671814,,6.159420979819743,48.22079663905415,1,3.0,65.0,loss,-1.0,2024,14,DET,GB,-2.0,true,true,true,false,espn_archived_open,espn_archived_open,provider_labeled_open_close,true,espn_archived_close,,53.5,-105
moneyline,away,,180,2.8,0.4498210892119697,0.35714285714285715,0.34351145038167935,0.10630963883029038,0.25949904979351524,ESPN BET,2024_14_JAX_TEN,espn_archive,,401671821:58:open:moneyline,401671821,,1.402637573356973,46.83868295611717,1,-4.0,16.0,win,1.7999999999999998,2024,14,TEN,JAX,0.06827700339304815,true,true,true,false,espn_archived_open,espn_archived_open,provider_labeled_open_close,true,espn_archived_close,,,135
spread,away,4.5,-115,1.8695652173913042,0.5817545412209956,0.5348837209302326,0.5108342361863489,0.07092030503464664,0.08762805532620899,ESPN BET,2024_14_JAX_TEN,espn_archive,,401671821:58:open:spread,401671821,,1.402637573356973,46.83868295611717,1,-4.0,16.0,win,0.8695652173913042,2024,14,TEN,JAX,1.0,true,true,true,false,espn_archived_open,espn_archived_open,provider_labeled_open_close,true,espn_archived_close,,3.5,-125
total,over,40.5,-105,1.9523809523809523,0.7026169140886789,0.5121951219512195,0.4891657638136511,0.21345115027502776,0.37177587988742067,ESPN BET,2024_14_JAX_TEN,espn_archive,,401671821:58:open:total,401671821,,1.402637573356973,46.83868295611717,1,-4.0,16.0,loss,-1.0,2024,14,TEN,JAX,0.0,true,true,true,false,espn_archived_open,espn_archived_open,provider_labeled_open_close,true,espn_archived_close,,40.5,-105
moneyline,away,,160,2.6,0.4396189950525806,0.3846153846153846,0.36989795918367335,0.06972103586890727,0.14300938713670974,ESPN BET,2024_14_LAC_KC,espn_archive,,401671788:58:open:moneyline,401671788,,1.7521094802360153,38.656696386637016,1,2.0,36.0,loss,-1.0,2024,14,KC,LAC,-0.04914324220254124,true,true,true,false,espn_archived_open,espn_archived_open,provider_labeled_open_close,true,espn_archived_close,,,200
spread,away,3.5,-110,1.9090909090909092,0.5424761363014475,0.5238095238095238,0.5,0.04247613630144753,0.03563626021185451,ESPN BET,2024_14_LAC_KC,espn_archive,,401671788:58:open:spread,401671788,,1.7521094802360153,38.656696386637016,1,2.0,36.0,win,0.9090909090909092,2024,14,KC,LAC,-2.0,true,true,true,false,espn_archived_open,espn_archived_open,provider_labeled_open_close,true,espn_archived_close,,5.5,-120
total,under,43.5,-110,1.9090909090909092,0.6333497198997272,0.5238095238095238,0.5,0.13334971989972721,0.20912219253584285,ESPN BET,2024_14_LAC_KC,espn_archive,,401671788:58:open:total,401671788,,1.7521094802360153,38.656696386637016,1,2.0,36.0,win,0.9090909090909092,2024,14,KC,LAC,0.0,true,true,true,false,espn_archived_open,espn_archived_open,provider_labeled_open_close,true,espn_archived_close,,43.5,-115
moneyline,home,,-300,1.3333333333333333,0.7392404090488092,0.75,0.7241379310344829,0.015102478014326293,-0.01434612126825452,ESPN BET,2024_14_LV_TB,espn_archive,,401671654:58:open:moneyline,401671654,,8.371154497540385,49.14531937416976,1,15.0,41.0,win,0.33333333333333326,2024,14,TB,LV,0.00442876873380571,true,true,true,false,espn_archived_open,espn_archived_open,provider_labeled_open_close,true,espn_archived_close,,,-310
spread,home,-6.5,-115,1.8695652173913042,0.5638474842973353,0.5348837209302326,0.5108342361863489,0.0530132481109864,0.05414964455588778,ESPN BET,2024_14_LV_TB,espn_archive,,401671654:58:open:spread,401671654,,8.371154497540385,49.14531937416976,1,15.0,41.0,win,0.8695652173913042,2024,14,TB,LV,0.0,true,true,true,false,espn_archived_open,espn_archived_open,provider_labeled_open_close,true,espn_archived_close,,-6.5,-120
total,over,44.5,-110,1.9090909090909092,0.6553429750220922,0.5238095238095238,0.5,0.15534297502209216,0.25110931595126695,ESPN BET,2024_14_LV_TB,espn_archive,,401671654:58:open:total,401671654,,8.371154497540385,49.14531937416976,1,15.0,41.0,loss,-1.0,2024,14,TB,LV,3.0,true,true,true,false,espn_archived_open,espn_archived_open,provider_labeled_open_close,true,espn_archived_close,,47.5,-110
moneyline,home,,170,2.7,0.42464884310098705,0.37037037037037035,0.35714285714285715,0.0675059859581299,0.1465518763726652,ESPN BET,2024_14_NO_NYG,espn_archive,,401671601:58:open:moneyline,401671601,,-2.87581915939818,40.703649777378814,1,-3.0,25.0,loss,-1.0,2024,14,NYG,NO,-0.06157635467980288,true,true,true,false,espn_archived_open,espn_archived_open,provider_labeled_open_close,true,espn_archived_close,,,225
spread,home,3.5,-105,1.9523809523809523,0.5273438082462771,0.5121951219512195,0.4891657638136511,0.03817804443262601,0.02957600657606485,ESPN BET,2024_14_NO_NYG,espn_archive,,401671601:58:open:spread,401671601,,-2.87581915939818,40.703649777378814,1,-3.0,25.0,win,0.9523809523809523,2024,14,NYG,NO,-2.0,true,true,true,false,espn_archived_open,espn_archived_open,provider_labeled_open_close,true,espn_archived_close,,5.5,-105
total,over,39.5,-115,1.8695652173913042,0.5521861120571714,0.5348837209302326,0.5108342361863489,0.04135187587082245,0.03234794862862467,ESPN BET,2024_14_NO_NYG,espn_archive,,401671601:58:open:total,401671601,,-2.87581915939818,40.703649777378814,1,-3.0,25.0,loss,-1.0,2024,14,NYG,NO,2.0,true,true,true,false,espn_archived_open,espn_archived_open,provider_labeled_open_close,true,espn_archived_close,,41.5,-105
moneyline,away,,230,3.3,0.42056582903874196,0.30303030303030304,0.29141104294478526,0.1291547860939567,0.3878672358278483,ESPN BET,2024_14_NYJ_MIA,espn_archive,,401671848:58:open:moneyline,401671848,,2.4086529569329365,41.3457630286093,1,6.0,58.0,loss,-1.0,2024,14,MIA,NYJ,-0.00798081038664572,true,true,true,false,espn_archived_open,espn_archived_open,provider_labeled_open_close,true,espn_archived_close,,,240
spread,away,6.5,-110,1.9090909090909092,0.6101952343622614,0.5238095238095238,0.5,0.11019523436226142,0.16491817469158998,ESPN BET,2024_14_NYJ_MIA,espn_archive,,401671848:58:open:spread,401671848,,2.4086529569329365,41.3457630286093,1,6.0,58.0,win,0.9090909090909092,2024,14,MIA,NYJ,0.0,true,true,true,false,espn_archived_open,espn_archived_open,provider_labeled_open_close,true,espn_archived_close,,6.5,-110
total,under,45.5,-110,1.9090909090909092,0.6129290034366456,0.5238095238095238,0.5,0.11292900343664558,0.17013718837905079,ESPN BET,2024_14_NYJ_MIA,espn_archive,,401671848:58:open:total,401671848,,2.4086529569329365,41.3457630286093,1,6.0,58.0,loss,-1.0,2024,14,MIA,NYJ,0.0,true,true,true,false,espn_archived_open,espn_archived_open,provider_labeled_open_close,true,espn_archived_close,,45.5,-105
moneyline,home,,-135,1.7407407407407407,0.5745896427972093,0.574468085106383,0.552594002855783,0.02199563994142628,0.00021160042477164076,ESPN BET,2024_14_SEA_ARI,espn_archive,,401671660:58:open:moneyline,401671660,,2.24117306936456,44.63925813649041,1,-12.0,48.0,loss,-1.0,2024,14,ARI,SEA,0.061441084863515294,true,true,true,false,espn_archived_open,espn_archived_open,provider_labeled_open_close,true,espn_archived_close,,,-175
spread,away,2.5,100,2.0,0.49866332416167153,0.5,0.4782608695652174,0.020402454596454123,-0.002673351676656943,ESPN BET,2024_14_SEA_ARI,espn_archive,,401671660:58:open:spread,401671660,,2.24117306936456,44.63925813649041,1,-12.0,48.0,win,1.0,2024,14,ARI,SEA,-1.0,true,true,true,false,espn_archived_open,espn_archived_open,provider_labeled_open_close,true,espn_archived_close,,3.5,-130
total,under,46.5,-110,1.9090909090909092,0.5429898866323323,0.5238095238095238,0.5,0.042989886632332275,0.03661705629808898,ESPN BET,2024_14_SEA_ARI,espn_archive,,401671660:58:open:total,401671660,,2.24117306936456,44.63925813649041,1,-12.0,48.0,loss,-1.0,2024,14,ARI,SEA,1.0,true,true,true,false,espn_archived_open,espn_archived_open,provider_labeled_open_close,true,espn_archived_close,,45.5,-105
moneyline,home,,180,2.8,0.4826898413750912,0.35714285714285715,0.34351145038167935,0.13917839099341184,0.3515315558502552,ESPN BET,2024_15_ATL_LV,espn_archive,,401671697:58:open:moneyline,401671697,,-0.928414775067246,46.108659128227124,1,-6.0,24.0,loss,-1.0,2024,15,LV,ATL,-0.06008121782353981,true,true,true,false,espn_archived_open,espn_archived_open,provider_labeled_open_close,true,espn_archived_close,,,240
spread,home,4.5,-110,1.9090909090909092,0.6146065575668691,0.5238095238095238,0.5,0.1146065575668691,0.1733397917185684,ESPN BET,2024_15_ATL_LV,espn_archive,,401671697:58:open:spread,401671697,,-0.928414775067246,46.108659128227124,1,-6.0,24.0,loss,-1.0,2024,15,LV,ATL,-1.0,true,true,true,false,espn_archived_open,espn_archived_open,provider_labeled_open_close,true,espn_archived_close,,5.5,100
total,over,41.5,-110,1.9090909090909092,0.6540712028288185,0.5238095238095238,0.5,0.15407120282881848,0.24868138721865352,ESPN BET,2024_15_ATL_LV,espn_archive,,401671697:58:open:total,401671697,,-0.928414775067246,46.108659128227124,1,-6.0,24.0,loss,-1.0,2024,15,LV,ATL,2.0,true,true,true,false,espn_archived_open,espn_archived_open,provider_labeled_open_close,true,espn_archived_close,,43.5,-105
moneyline,home,,750,8.5,0.28916702164852937,0.11764705882352941,0.11194029850746268,0.1772267231410667,1.4579196840124995,ESPN BET,2024_15_BAL_NYG,espn_archive,,401671639:58:open:moneyline,401671639,,-7.816765718249432,43.93329244962992,1,-21.0,49.0,loss,-1.0,2024,15,NYG,BAL,-0.024803369046881754,true,true,true,false,espn_archived_open,espn_archived_open,provider_labeled_open_close,true,espn_archived_close,,,1000
spread,home,14.0,-115,1.8695652173913042,0.6863828166204478,0.5348837209302326,0.5108342361863489,0.17554858043409882,0.283237439768663,ESPN BET,2024_15_BAL_NYG,espn_archive,,401671639:58:open:spread,401671639,,-7.816765718249432,43.93329244962992,1,-21.0,49.0,loss,-1.0,2024,15,NYG,BAL,-2.5,true,true,true,false,espn_archived_open,espn_archived_open,provider_labeled_open_close,true,espn_archived_close,,16.5,100
total,over,43.5,-110,1.9090909090909092,0.5294903385018671,0.5238095238095238,0.5,0.029490338501867108,0.010845191685382671,ESPN BET,2024_15_BAL_NYG,espn_archive,,401671639:58:open:total,401671639,,-7.816765718249432,43.93329244962992,1,-21.0,49.0,win,0.9090909090909092,2024,15,NYG,BAL,0.0,true,true,true,false,espn_archived_open,espn_archived_open,provider_labeled_open_close,true,espn_archived_close,,43.5,100
moneyline,home,,-140,1.7142857142857144,0.627143934974264,0.5833333333333333,0.5620437956204379,0.06510013935382608,0.07510388852730987,ESPN BET,2024_15_BUF_DET,espn_archive,,401671681:58:open:moneyline,401671681,,4.014563702219036,51.71466922827146,1,-6.0,90.0,loss,-1.0,2024,15,DET,BUF,0.0,true,true,true,false,espn_archived_open,espn_archived_open,provider_labeled_open_close,true,espn_archived_close,,,-140
spread,home,-2.5,-120,1.8333333333333335,0.5550087853060056,0.5454545454545454,0.5217391304347826,0.03326965487122302,0.017516106394343645,ESPN BET,2024_15_BUF_DET,espn_archive,,401671681:58:open:spread,401671681,,4.014563702219036,51.71466922827146,1,-6.0,90.0,loss,-1.0,2024,15,DET,BUF,0.0,true,true,true,false,espn_archived_open,espn_archived_open,provider_labeled_open_close,true,espn_archived_close,,-2.5,-110
total,under,53.5,-110,1.9090909090909092,0.5387532950278482,0.5238095238095238,0.5,0.03875329502784819,0.028529017780437593,ESPN BET,2024_15_BUF_DET,espn_archive,,401671681:58:open:total,401671681,,4.014563702219036,51.71466922827146,1,-6.0,90.0,loss,-1.0,2024,15,DET,BUF,-2.0,true,true,true,false,espn_archived_open,espn_archived_open,provider_labeled_open_close,true,espn_archived_close,,55.5,-105
moneyline,away,,270,3.7,0.29538714092268037,0.27027027027027023,0.2591283863368669,0.03625875458581346,0.09293242141391733,ESPN BET,2024_15_CHI_MIN,espn_archive,,401671489:58:open:moneyline,401671489,,6.883489920840141,41.87333193001799,1,18.0,42.0,loss,-1.0,2024,15,MIN,CHI,0.008047186182217114,true,true,true,false,espn_archived_open,espn_archived_open,provider_labeled_open_close,true,espn_archived_close,,,260
spread,home,-7.0,-110,1.9090909090909092,0.5067788384534587,0.5238095238095238,0.5,0.006778838453458724,-0.032513126588851526,ESPN BET,2024_15_CHI_MIN,espn_archive,,401671489:58:open:spread,401671489,,6.883489920840141,41.87333193001799,1,18.0,42.0,win,0.9090909090909092,2024,15,MIN,CHI,-0.5,true,true,true,false,espn_archived_open,espn_archived_open,provider_labeled_open_close,true,espn_archived_close,,-6.5,-120
total,under,42.5,-110,1.9090909090909092,0.50312859506753,0.5238095238095238,0.5,0.003128595067530049,-0.03948177305289713,ESPN BET,2024_15_CHI_MIN,espn_archive,,401671489:58:open:total,401671489,,6.883489920840141,41.87333193001799,1,18.0,42.0,win,0.9090909090909092,2024,15,MIN,CHI,-1.0,true,true,true,false,espn_archived_open,espn_archived_open,provider_labeled_open_close,true,espn_archived_close,,43.5,-110
moneyline,home,,180,2.8,0.42269896678489294,0.35714285714285715,0.34351145038167935,0.07918751640321359,0.18355710699770023,ESPN BET,2024_15_CIN_TEN,espn_archive,,401671825:58:open:moneyline,401671825,,-2.966220285376565,50.03905315798581,1,-10.0,64.0,loss,-1.0,2024,15,TEN,CIN,-0.03816793893129766,true,true,true,false,espn_archived_open,espn_archived_open,provider_labeled_open_close,true,espn_archived_close,,,215
spread,home,5.0,-110,1.9090909090909092,0.5702262815066312,0.5238095238095238,0.5,0.07022628150663124,0.08861381014902325,ESPN BET,2024_15_CIN_TEN,espn_archive,,401671825:58:open:spread,401671825,,-2.966220285376565,50.03905315798581,1,-10.0,64.0,loss,-1.0,2024,15,TEN,CIN,-1.5,true,true,true,false,espn_archived_open,espn_archived_open,provider_labeled_open_close,true,espn_archived_close,,6.5,-115
total,over,48.5,-110,1.9090909090909092,0.563305682983906,0.5238095238095238,0.5,0.06330568298390604,0.07540175842382069,ESPN BET,2024_15_CIN_TEN,espn_archive,,401671825:58:open:total,401671825,,-2.966220285376565,50.03905315798581,1,-10.0,64.0,win,0.9090909090909092,2024,15,TEN,CIN,-2.0,true,true,true,false,espn_archived_open,espn_archived_open,provider_labeled_open_close,true,espn_archived_close,,46.5,-110
moneyline,away,,105,2.05,0.569982580279134,0.48780487804878053,0.4675324675324676,0.10245011274666638,0.1684642895722246,ESPN BET,2024_15_DAL_CAR,espn_archive,,401671731:58:open:moneyline,401671731,,-2.7153247286372064,48.4747058373141,1,-16.0,44.0,win,1.0499999999999998,2024,15,CAR,DAL,-0.038648441274261924,true,true,true,false,espn_archived_open,espn_archived_open,provider_labeled_open_close,true,espn_archived_close,,,125
spread,away,1.5,-110,1.9090909090909092,0.6132933290740665,0.5238095238095238,0.5,0.11329332907406653,0.17083271914139986,ESPN BET,2024_15_DAL_CAR,espn_archive,,401671731:58:open:spread,401671731,,-2.7153247286372064,48.4747058373141,1,-16.0,44.0,win,0.9090909090909092,2024,15,CAR,DAL,-1.0,true,true,true,false,espn_archived_open,espn_archived_open,provider_labeled_open_close,true,espn_archived_close,,2.5,-105
total,over,43.5,-110,1.9090909090909092,0.664434018655164,0.5238095238095238,0.5,0.16443401865516405,0.26846494470531335,ESPN BET,2024_15_DAL_CAR,espn_archive,,401671731:58:open:total,401671731,,-2.7153247286372064,48.4747058373141,1,-16.0,44.0,win,0.9090909090909092,2024,15,CAR,DAL,-2.0,true,true,true,false,espn_archived_open,espn_archived_open,provider_labeled_open_close,true,espn_archived_close,,41.5,-110
moneyline,home,,120,2.2,0.46082854135992224,0.45454545454545453,0.43795620437956206,0.022872336980360175,0.013822790991828926,ESPN BET,2024_15_GB_SEA,espn_archive,,401671796:58:open:moneyline,401671796,,-1.6670050771971177,46.58924272512396,1,-17.0,43.0,loss,-1.0,2024,15,SEA,GB,-0.037048488797111256,true,true,true,false,espn_archived_open,espn_archived_open,provider_labeled_open_close,true,espn_archived_close,,,140
spread,home,2.5,100,2.0,0.5349127806696155,0.5,0.4782608695652174,0.056651911104398045,0.0698255613392309,ESPN BET,2024_15_GB_SEA,espn_archive,,401671796:58:open:spread,401671796,,-1.6670050771971177,46.58924272512396,1,-17.0,43.0,loss,-1.0,2024,15,SEA,GB,0.0,true,true,true,false,espn_archived_open,espn_archived_open,provider_labeled_open_close,true,espn_archived_close,,2.5,102
total,over,46.5,-115,1.8695652173913042,0.5189137203435366,0.5348837209302326,0.5108342361863489,0.008079484157187622,-0.02985695761860563,ESPN BET,2024_15_GB_SEA,espn_archive,,401671796:58:open:total,401671796,,-1.6670050771971177,46.58924272512396,1,-17.0,43.0,loss,-1.0,2024,15,SEA,GB,2.0,true,true,true,false,espn_archived_open,espn_archived_open,provider_labeled_open_close,true,espn_archived_close,,48.5,-120
moneyline,home,,-210,1.4761904761904763,0.664687503939586,0.6774193548387096,0.6507042253521127,0.01398327858747328,-0.018794637041563478,ESPN BET,2024_15_IND_DEN,espn_archive,,401671669:58:open:moneyline,401671669,,5.37218768539319,42.587966240757424,1,18.0,44.0,win,0.4761904761904763,2024,15,DEN,IND,-0.007847082494969793,true,true,true,false,espn_archived_open,espn_archived_open,provider_labeled_open_close,true,espn_archived_close,,,-200
spread,home,-4.5,-105,1.9523809523809523,0.536071291270236,0.5121951219512195,0.4891657638136511,0.04690552745658488,0.046615378194270196,ESPN BET,2024_15_IND_DEN,espn_archive,,401671669:58:open:spread,401671669,,5.37218768539319,42.587966240757424,1,18.0,44.0,win,0.9523809523809523,2024,15,DEN,IND,-1.0,true,true,true,false,espn_archived_open,espn_archived_open,provider_labeled_open_close,true,espn_archived_close,,-3.5,-115
total,under,43.5,-115,1.8695652173913042,0.5119158732597988,0.5348837209302326,0.5108342361863489,0.0010816370734498815,-0.04293988912298485,ESPN BET,2024_15_IND_DEN,espn_archive,,401671669:58:open:total,401671669,,5.37218768539319,42.587966240757424,1,18.0,44.0,loss,-1.0,2024,15,DEN,IND,0.0,true,true,true,false,espn_archived_open,espn_archived_open,provider_labeled_open_close,true,espn_archived_close,,43.5,-120
moneyline,home,,250,3.5,0.3547947291961173,0.2857142857142857,0.27586206896551724,0.07893266023060008,0.24178155218641062,ESPN BET,2024_15_KC_CLE,espn_archive,,401671854:58:open:moneyline,401671854,,-5.351175057613798,42.268019343826055,1,-14.0,28.0,loss,-1.0,2024,15,CLE,KC,0.05661874944880502,true,true,true,false,espn_archived_open,espn_archived_open,provider_labeled_open_close,true,espn_archived_close,,,190
spread,home,6.5,-105,1.9523809523809523,0.544239238655985,0.5121951219512195,0.4891657638136511,0.05507347484233388,0.06256232309025633,ESPN BET,2024_15_KC_CLE,espn_archive,,401671854:58:open:spread,401671854,,-5.351175057613798,42.268019343826055,1,-14.0,28.0,loss,-1.0,2024,15,CLE,KC,3.0,true,true,true,false,espn_archived_open,espn_archived_open,provider_labeled_open_close,true,espn_archived_close,,3.5,100
total,over,42.5,-110,1.9090909090909092,0.5090266363021065,0.5238095238095238,0.5,0.009026636302106539,-0.02822187615052385,ESPN BET,2024_15_KC_CLE,espn_archive,,401671854:58:open:total,401671854,,-5.351175057613798,42.268019343826055,1,-14.0,28.0,loss,-1.0,2024,15,CLE,KC,-1.0,true,true,true,false,espn_archived_open,espn_archived_open,provider_labeled_open_close,true,espn_archived_close,,41.5,-110
moneyline,home,,-130,1.7692307692307692,0.6141149110222508,0.5652173913043479,0.5427435387673957,0.07137137225485513,0.08651099642398208,ESPN BET,2024_15_LA_SF,espn_archive,,401671818:58:open:moneyline,401671818,,3.55430353448606,48.4033825042308,1,-6.0,18.0,loss,-1.0,2024,15,SF,LA,0.045468007457876936,true,true,true,false,espn_archived_open,espn_archived_open,provider_labeled_open_close,true,espn_archived_close,,,-155
spread,home,-2.5,-110,1.9090909090909092,0.541450341101718,0.5238095238095238,0.5,0.04145034110171797,0.03367792392146152,ESPN BET,2024_15_LA_SF,espn_archive,,401671818:58:open:spread,401671818,,3.55430353448606,48.4033825042308,1,-6.0,18.0,loss,-1.0,2024,15,SF,LA,0.0,true,true,true,false,espn_archived_open,espn_archived_open,provider_labeled_open_close,true,espn_archived_close,,-2.5,-125
total,over,48.5,-110,1.9090909090909092,0.5131940696737776,0.5238095238095238,0.5,0.013194069673777564,-0.02026586698642463,ESPN BET,2024_15_LA_SF,espn_archive,,401671818:58:open:total,401671818,,3.55430353448606,48.4033825042308,1,-6.0,18.0,loss,-1.0,2024,15,SF,LA,0.0,true,true,true,false,espn_archived_open,espn_archived_open,provider_labeled_open_close,true,espn_archived_close,,48.5,-105
moneyline,home,,-130,1.7692307692307692,0.6200781339846297,0.5652173913043479,0.5427435387673957,0.07733459521723407,0.09706131397280648,ESPN BET,2024_15_MIA_HOU,espn_archive,,401671860:58:open:moneyline,401671860,,3.7643593322048936,44.69878720152741,1,8.0,32.0,win,0.7692307692307692,2024,15,HOU,MIA,0.03708839400571351,true,true,true,false,espn_archived_open,espn_archived_open,provider_labeled_open_close,true,espn_archived_close,,,-150
spread,home,-2.5,-110,1.9090909090909092,0.5476451618841482,0.5238095238095238,0.5,0.047645161884148246,0.04550439996064659,ESPN BET,2024_15_MIA_HOU,espn_archive,,401671860:58:open:spread,401671860,,3.7643593322048936,44.69878720152741,1,8.0,32.0,win,0.9090909090909092,2024,15,HOU,MIA,0.0,true,true,true,false,espn_archived_open,espn_archived_open,provider_labeled_open_close,true,espn_archived_close,,-2.5,-125
total,under,47.5,-110,1.9090909090909092,0.5697436316826645,0.5238095238095238,0.5,0.06974363168266451,0.08769238775781418,ESPN BET,2024_15_MIA_HOU,espn_archive,,401671860:58:open:total,401671860,,3.7643593322048936,44.69878720152741,1,8.0,32.0,win,0.9090909090909092,2024,15,HOU,MIA,1.0,true,true,true,false,espn_archived_open,espn_archived_open,provider_labeled_open_close,true,espn_archived_close,,46.5,-110
moneyline,away,,240,3.4,0.2950345483527659,0.29411764705882354,0.28343023255813954,0.011604315794626341,0.0031174643994038576,ESPN BET,2024_15_NE_ARI,espn_archive,,401671677:58:open:moneyline,401671677,,6.897222756418891,41.14043990160049,1,13.0,47.0,loss,-1.0,2024,15,ARI,NE,0.012136269904914732,true,true,true,false,espn_archived_open,espn_archived_open,provider_labeled_open_close,true,espn_archived_close,,,225
spread,home,-6.5,-115,1.8695652173913042,0.5220139436035135,0.5348837209302326,0.5108342361863489,0.011179707417164564,-0.024060888045605244,ESPN BET,2024_15_NE_ARI,espn_archive,,401671677:58:open:spread,401671677,,6.897222756418891,41.14043990160049,1,13.0,47.0,win,0.8695652173913042,2024,15,ARI,NE,-1.0,true,true,true,false,espn_archived_open,espn_archived_open,provider_labeled_open_close,true,espn_archived_close,,-5.5,-120
total,under,45.5,-110,1.9090909090909092,0.616396047248161,0.5238095238095238,0.5,0.116396047248161,0.17675609020103478,ESPN BET,2024_15_NE_ARI,espn_archive,,401671677:58:open:total,401671677,,6.897222756418891,41.14043990160049,1,13.0,47.0,loss,-1.0,2024,15,ARI,NE,-1.0,true,true,true,false,espn_archived_open,espn_archived_open,provider_labeled_open_close,true,espn_archived_close,,46.5,-110
moneyline,home,,145,2.45,0.5080023899762109,0.4081632653061224,0.3932993445010925,0.11470304547511845,0.24460585544171698,ESPN BET,2024_15_NYJ_JAX,espn_archive,,401671706:58:open:moneyline,401671706,,-0.07527380301947773,43.22771512032928,1,-7.0,57.0,loss,-1.0,2024,15,JAX,NYJ,-0.016688839050151005,true,true,true,false,espn_archived_open,espn_archived_open,provider_labeled_open_close,true,espn_archived_close,,,155
spread,home,3.5,-115,1.8695652173913042,0.6104227770731772,0.5348837209302326,0.5108342361863489,0.09958854088682823,0.14122519191941807,ESPN BET,2024_15_NYJ_JAX,espn_archive,,401671706:58:open:spread,401671706,,-0.07527380301947773,43.22771512032928,1,-7.0,57.0,loss,-1.0,2024,15,JAX,NYJ,0.0,true,true,true,false,espn_archived_open,espn_archived_open,provider_labeled_open_close,true,espn_archived_close,,3.5,-110
total,over,40.5,-110,1.9090909090909092,0.599140411011799,0.5238095238095238,0.5,0.09914041101179905,0.1438135119316164,ESPN BET,2024_15_NYJ_JAX,espn_archive,,401671706:58:open:total,401671706,,-0.07527380301947773,43.22771512032928,1,-7.0,57.0,win,0.9090909090909092,2024,15,JAX,NYJ,1.0,true,true,true,false,espn_archived_open,espn_archived_open,provider_labeled_open_close,true,espn_archived_close,,41.5,-110
moneyline,away,,175,2.75,0.4055673796907402,0.36363636363636365,0.34929577464788736,0.056271605042852835,0.11531029414953542,ESPN BET,2024_15_PIT_PHI,espn_archive,,401671766:58:open:moneyline,401671766,,2.8674011421983785,42.44096133522473,1,14.0,40.0,loss,-1.0,2024,15,PHI,PIT,-0.0381846635367763,true,true,true,false,espn_archived_open,espn_archived_open,provider_labeled_open_close,true,espn_archived_close,,,210
spread,away,4.5,-115,1.8695652173913042,0.5381551902774293,0.5348837209302326,0.5108342361863489,0.027320954091080374,0.006116225301280753,ESPN BET,2024_15_PIT_PHI,espn_archive,,401671766:58:open:spread,401671766,,2.8674011421983785,42.44096133522473,1,14.0,40.0,loss,-1.0,2024,15,PHI,PIT,-1.0,true,true,true,false,espn_archived_open,espn_archived_open,provider_labeled_open_close,true,espn_archived_close,,5.5,-110
total,under,44.5,-110,1.9090909090909092,0.5471342164835276,0.5238095238095238,0.5,0.04713421648352756,0.04452895874127982,ESPN BET,2024_15_PIT_PHI,espn_archive,,401671766:58:open:total,401671766,,2.8674011421983785,42.44096133522473,1,14.0,40.0,win,0.9090909090909092,2024,15,PHI,PIT,1.0,true,true,true,false,espn_archived_open,espn_archived_open,provider_labeled_open_close,true,espn_archived_close,,43.5,-120
moneyline,away,,130,2.3,0.43886812291065913,0.4347826086956522,0.4201680672268907,0.018700055683768424,0.00939668269451599,ESPN BET,2024_15_TB_LAC,espn_archive,,401671762:58:open:moneyline,401671762,,1.7231047160817639,43.58266528668349,1,-23.0,57.0,win,1.2999999999999998,2024,15,LAC,TB,-0.0192603516444399,true,true,true,false,espn_archived_open,espn_archived_open,provider_labeled_open_close,true,espn_archived_close,,,140
spread,away,3.0,-110,1.9090909090909092,0.5276352525163663,0.5238095238095238,0.5,0.027635252516366338,0.0073036638948811294,ESPN BET,2024_15_TB_LAC,espn_archive,,401671762:58:open:spread,401671762,,1.7231047160817639,43.58266528668349,1,-23.0,57.0,win,0.9090909090909092,2024,15,LAC,TB,0.0,true,true,true,false,espn_archived_open,espn_archived_open,provider_labeled_open_close,true,espn_archived_close,,3.0,-110
total,under,46.5,-115,1.8695652173913042,0.5732624746068913,0.5348837209302326,0.5108342361863489,0.06242823842054235,0.0717515829607096,ESPN BET,2024_15_TB_LAC,espn_archive,,401671762:58:open:total,401671762,,1.7231047160817639,43.58266528668349,1,-23.0,57.0,loss,-1.0,2024,15,LAC,TB,1.0,true,true,true,false,espn_archived_open,espn_archived_open,provider_labeled_open_close,true,espn_archived_close,,45.5,-105
moneyline,home,,270,3.7,0.48422972423083355,0.27027027027027023,0.2591283863368669,0.22510133789396664,0.7916499796540841,ESPN BET,2024_15_WAS_NO,espn_archive,,401671737:58:open:moneyline,401671737,,-0.8764817156630151,49.32527187455565,1,-1.0,39.0,loss,-1.0,2024,15,NO,WAS,-0.014480068294053433,true,true,true,false,espn_archived_open,espn_archived_open,provider_labeled_open_close,true,espn_archived_close,,,290
spread,home,7.0,-105,1.9523809523809523,0.6848060569437577,0.5121951219512195,0.4891657638136511,0.1956402931301066,0.33700230165209843,ESPN BET,2024_15_WAS_NO,espn_archive,,401671737:58:open:spread,401671737,,-0.8764817156630151,49.32527187455565,1,-1.0,39.0,win,0.9523809523809523,2024,15,NO,WAS,-0.5,true,true,true,false,espn_archived_open,espn_archived_open,provider_labeled_open_close,true,espn_archived_close,,7.5,-110
total,over,43.5,-110,1.9090909090909092,0.6880251656570185,0.5238095238095238,0.5,0.18802516565701854,0.313502588981581,ESPN BET,2024_15_WAS_NO,espn_archive,,401671737:58:open:total,401671737,,-0.8764817156630151,49.32527187455565,1,-1.0,39.0,loss,-1.0,2024,15,NO,WAS,1.0,true,true,true,false,espn_archived_open,espn_archived_open,provider_labeled_open_close,true,espn_archived_close,,44.5,-105
moneyline,away,,-210,1.4761904761904763,0.696834637986281,0.6774193548387096,0.6507042253521127,0.04613041263416828,0.028660656074986246,ESPN BET,2024_16_ARI_CAR,espn_archive,,401671732:58:open:moneyline,401671732,,-7.091475153133686,45.641913898711266,1,6.0,66.0,loss,-1.0,2024,16,CAR,ARI,0.0285410576667553,true,true,true,false,espn_archived_open,espn_archived_open,provider_labeled_open_close,true,espn_archived_close,,,-240
spread,away,-4.5,-110,1.9090909090909092,0.5710517007957495,0.5238095238095238,0.5,0.07105170079574952,0.09018961061006725,ESPN BET,2024_16_ARI_CAR,espn_archive,,401671732:58:open:spread,401671732,,-7.091475153133686,45.641913898711266,1,6.0,66.0,loss,-1.0,2024,16,CAR,ARI,1.0,true,true,true,false,espn_archived_open,espn_archived_open,provider_labeled_open_close,true,espn_archived_close,,-5.5,-120
total,under,46.5,-110,1.9090909090909092,0.5112080798450925,0.5238095238095238,0.5,0.011208079845092533,-0.024057302113914214,ESPN BET,2024_16_ARI_CAR,espn_archive,,401671732:58:open:total,401671732,,-7.091475153133686,45.641913898711266,1,6.0,66.0,loss,-1.0,2024,16,CAR,ARI,-1.0,true,true,true,false,espn_archived_open,espn_archived_open,provider_labeled_open_close,true,espn_archived_close,,47.5,-120
moneyline,away,,260,3.6,0.3223198544108562,0.2777777777777778,0.267175572519084,0.05514428189177217,0.16035147587908227,ESPN BET,2024_16_CLE_CIN,espn_archive,,401671811:58:open:moneyline,401671811,,5.976842825277771,50.26431574083966,1,18.0,30.0,loss,-1.0,2024,16,CIN,CLE,-0.07798638332989483,true,true,true,false,espn_archived_open,espn_archived_open,provider_labeled_open_close,true,espn_archived_close,,,400
spread,away,7.0,-110,1.9090909090909092,0.5246622970257573,0.5238095238095238,0.5,0.024662297025757285,0.0016280215946276044,ESPN BET,2024_16_CLE_CIN,espn_archive,,401671811:58:open:spread,401671811,,5.976842825277771,50.26431574083966,1,18.0,30.0,loss,-1.0,2024,16,CIN,CLE,-3.5,true,true,true,false,espn_archived_open,espn_archived_open,provider_labeled_open_close,true,espn_archived_close,,10.5,-115
total,over,49.5,-110,1.9090909090909092,0.5383005218592427,0.5238095238095238,0.5,0.03830052185924271,0.027664632640372444,ESPN BET,2024_16_CLE_CIN,espn_archive,,401671811:58:open:total,401671811,,5.976842825277771,50.26431574083966,1,18.0,30.0,loss,-1.0,2024,16,CIN,CLE,-3.0,true,true,true,false,espn_archived_open,espn_archived_open,provider_labeled_open_close,true,espn_archived_close,,46.5,100
moneyline,away,,135,2.35,0.49375179278398496,0.425531914893617,0.4117884537747275,0.08196333900925745,0.1603167130423646,ESPN BET,2024_16_DEN_LAC,espn_archive,,401671749:58:open:moneyline,401671749,,0.014252695739990884,39.331400555822206,1,7.0,61.0,loss,-1.0,2024,16,LAC,DEN,0.0,true,true,true,false,espn_archived_open,espn_archived_open,provider_labeled_open_close,true,espn_archived_close,,,135
spread,away,3.0,-110,1.9090909090909092,0.5825864168143695,0.5238095238095238,0.5,0.08258641681436951,0.11221043210016002,ESPN BET,2024_16_DEN_LAC,espn_archive,,401671749:58:open:spread,401671749,,0.014252695739990884,39.331400555822206,1,7.0,61.0,loss,-1.0,2024,16,LAC,DEN,0.5,true,true,true,false,espn_archived_open,espn_archived_open,provider_labeled_open_close,true,espn_archived_close,,2.5,102
total,under,42.5,-110,1.9090909090909092,0.5812328373996167,0.5238095238095238,0.5,0.08123283739961673,0.10962632594472299,ESPN BET,2024_16_DEN_LAC,espn_archive,,401671749:58:open:total,401671749,,0.014252695739990884,39.331400555822206,1,7.0,61.0,loss,-1.0,2024,16,LAC,DEN,1.0,true,true,true,false,espn_archived_open,espn_archived_open,provider_labeled_open_close,true,espn_archived_close,,41.5,-115
moneyline,home,,290,3.9,0.27034759633115546,0.25641025641025644,0.24464831804281348,0.02569927828834198,0.054355625691506315,ESPN BET,2024_16_DET_CHI,espn_archive,,401671868:58:open:moneyline,401671868,,-8.382113862466145,46.97792594080957,1,-17.0,51.0,loss,-1.0,2024,16,CHI,DET,0.03878191451532606,true,true,true,false,espn_archived_open,espn_archived_open,provider_labeled_open_close,true,espn_archived_close,,,240
spread,away,-7.5,-110,1.9090909090909092,0.5204643653304831,0.5238095238095238,0.5,0.020464365330483125,-0.006386211641804862,ESPN BET,2024_16_DET_CHI,espn_archive,,401671868:58:open:spread,401671868,,-8.382113862466145,46.97792594080957,1,-17.0,51.0,win,0.9090909090909092,2024,16,CHI,DET,-1.0,true,true,true,false,espn_archived_open,espn_archived_open,provider_labeled_open_close,true,espn_archived_close,,-6.5,-115
total,over,46.5,-110,1.9090909090909092,0.5295823434926555,0.5238095238095238,0.5,0.02958234349265554,0.011020837576887876,ESPN BET,2024_16_DET_CHI,espn_archive,,401671868:58:open:total,401671868,,-8.382113862466145,46.97792594080957,1,-17.0,51.0,win,0.9090909090909092,2024,16,CHI,DET,1.0,true,true,true,false,espn_archived_open,espn_archived_open,provider_labeled_open_close,true,espn_archived_close,,47.5,100
moneyline,home,,100,2.0,0.6161459575669382,0.5,0.4782608695652174,0.13788508800172083,0.23229191513387648,ESPN BET,2024_16_HOU_KC,espn_archive,,401671780:58:open:moneyline,401671780,,3.757428716903874,42.131767910677524,1,8.0,46.0,win,1.0,2024,16,KC,HOU,0.15184117125110907,true,true,true,false,espn_archived_open,espn_archived_open,provider_labeled_open_close,true,espn_archived_close,,,-190
spread,home,1.0,-110,1.9090909090909092,0.6443459616858744,0.5238095238095238,0.5,0.14434596168587444,0.23011501776394216,ESPN BET,2024_16_HOU_KC,espn_archive,,401671780:58:open:spread,401671780,,3.757428716903874,42.131767910677524,1,8.0,46.0,win,0.9090909090909092,2024,16,KC,HOU,4.5,true,true,true,false,espn_archived_open,espn_archived_open,provider_labeled_open_close,true,espn_archived_close,,-3.5,100
total,over,41.5,-110,1.9090909090909092,0.5342675783349973,0.5238095238095238,0.5,0.03426757833499727,0.01996537682135857,ESPN BET,2024_16_HOU_KC,espn_archive,,401671780:58:open:total,401671780,,3.757428716903874,42.131767910677524,1,8.0,46.0,win,0.9090909090909092,2024,16,KC,HOU,1.0,true,true,true,false,espn_archived_open,espn_archived_open,provider_labeled_open_close,true,espn_archived_close,,42.5,-105
moneyline,home,,-120,1.8333333333333335,0.5339592216769284,0.5454545454545454,0.5217391304347826,0.012220091242145847,-0.021074760258964487,ESPN BET,2024_16_JAX_LV,espn_archive,,401671673:58:open:moneyline,401671673,,0.9451720912638635,44.74995461618454,1,5.0,33.0,win,0.8333333333333335,2024,16,LV,JAX,0.03085487242100038,true,true,true,false,espn_archived_open,espn_archived_open,provider_labeled_open_close,true,espn_archived_close,,,-135
spread,home,-1.0,-110,1.9090909090909092,0.5041890062613607,0.5238095238095238,0.5,0.0041890062613606505,-0.03745735168285691,ESPN BET,2024_16_JAX_LV,espn_archive,,401671673:58:open:spread,401671673,,0.9451720912638635,44.74995461618454,1,5.0,33.0,win,0.9090909090909092,2024,16,LV,JAX,1.5,true,true,true,false,espn_archived_open,espn_archived_open,provider_labeled_open_close,true,espn_archived_close,,-2.5,-115
total,over,39.5,-115,1.8695652173913042,0.6699173187838315,0.5348837209302326,0.5108342361863489,0.1590830825974826,0.25245411772629356,ESPN BET,2024_16_JAX_LV,espn_archive,,401671673:58:open:total,401671673,,0.9451720912638635,44.74995461618454,1,5.0,33.0,loss,-1.0,2024,16,LV,JAX,2.0,true,true,true,false,espn_archived_open,espn_archived_open,provider_labeled_open_close,true,espn_archived_close,,41.5,-105
moneyline,home,,140,2.4,0.4901057738302892,0.4166666666666667,0.4009077155824508,0.08919805824783839,0.17625385719269393,ESPN BET,2024_16_LA_NYJ,espn_archive,,401671621:58:open:moneyline,401671621,,-0.5272778094331834,44.64852719342211,1,-10.0,28.0,loss,-1.0,2024,16,NYJ,LA,0.005850732477624243,true,true,true,false,espn_archived_open,espn_archived_open,provider_labeled_open_close,true,espn_archived_close,,,137
spread,home,3.0,100,2.0,0.5790147080838557,0.5,0.4782608695652174,0.10075383851863828,0.15802941616771138,ESPN BET,2024_16_LA_NYJ,espn_archive,,401671621:58:open:spread,401671621,,-0.5272778094331834,44.64852719342211,1,-10.0,28.0,loss,-1.0,2024,16,NYJ,LA,0.5,true,true,true,false,espn_archived_open,espn_archived_open,provider_labeled_open_close,true,espn_archived_close,,2.5,102
total,under,47.5,-115,1.8695652173913042,0.5717225304916842,0.5348837209302326,0.5108342361863489,0.06088829430533527,0.0688725570061921,ESPN BET,2024_16_LA_NYJ,espn_archive,,401671621:58:open:total,401671621,,-0.5272778094331834,44.64852719342211,1,-10.0,28.0,win,0.8695652173913042,2024,16,NYJ,LA,1.0,true,true,true,false,espn_archived_open,espn_archived_open,provider_labeled_open_close,true,espn_archived_close,,46.5,-105
moneyline,home,,175,2.75,0.41984661013307667,0.36363636363636365,0.34929577464788736,0.07055083548518931,0.15457817786596095,ESPN BET,2024_16_MIN_SEA,espn_archive,,401671759:58:open:moneyline,401671759,,-2.902392884797681,44.64258792213529,1,-3.0,51.0,loss,-1.0,2024,16,SEA,MIN,0.0886604297316747,true,true,true,false,espn_archived_open,espn_archived_open,provider_labeled_open_close,true,espn_archived_close,,,120
spread,home,4.5,-115,1.8695652173913042,0.5532907622028183,0.5348837209302326,0.5108342361863489,0.04245652601646932,0.0344131641183123,ESPN BET,2024_16_MIN_SEA,espn_archive,,401671759:58:open:spread,401671759,,-2.902392884797681,44.64258792213529,1,-3.0,51.0,win,0.8695652173913042,2024,16,SEA,MIN,2.0,true,true,true,false,espn_archived_open,espn_archived_open,provider_labeled_open_close,true,espn_archived_close,,2.5,-110
total,over,42.5,-105,1.9523809523809523,0.5799274268967395,0.5121951219512195,0.4891657638136511,0.09076166308308836,0.1322392620364914,ESPN BET,2024_16_MIN_SEA,espn_archive,,401671759:58:open:total,401671759,,-2.902392884797681,44.64258792213529,1,-3.0,51.0,win,0.9523809523809523,2024,16,SEA,MIN,1.0,true,true,true,false,espn_archived_open,espn_archived_open,provider_labeled_open_close,true,espn_archived_close,,43.5,-105
moneyline,away,,750,8.5,0.15925380385524868,0.11764705882352941,0.11194029850746268,0.047313505347786,0.35365733276961375,ESPN BET,2024_16_NE_BUF,espn_archive,,401671494:58:open:moneyline,401671494,,13.153860794805116,47.41576427302496,1,3.0,45.0,loss,-1.0,2024,16,BUF,NE,0.023862170628339785,true,true,true,false,espn_archived_open,espn_archived_open,provider_labeled_open_close,true,espn_archived_close,,,600
spread,away,14.5,-115,1.8695652173913042,0.5342642902265652,0.5348837209302326,0.5108342361863489,0.023430054040216253,-0.001158066098160826,ESPN BET,2024_16_NE_BUF,espn_archive,,401671494:58:open:spread,401671494,,13.153860794805116,47.41576427302496,1,3.0,45.0,win,0.8695652173913042,2024,16,BUF,NE,0.0,true,true,true,false,espn_archived_open,espn_archived_open,provider_labeled_open_close,true,espn_archived_close,,14.5,-120
total,over,46.5,-105,1.9523809523809523,0.5429037043729245,0.5121951219512195,0.4891657638136511,0.053737940559273334,0.0599548513947572,ESPN BET,2024_16_NE_BUF,espn_archive,,401671494:58:open:total,401671494,,13.153860794805116,47.41576427302496,1,3.0,45.0,loss,-1.0,2024,16,BUF,NE,1.0,true,true,true,false,espn_archived_open,espn_archived_open,provider_labeled_open_close,true,espn_archived_close,,47.5,-110
moneyline,away,,750,8.5,0.30453690119430843,0.11764705882352941,0.11194029850746268,0.19259660268684575,1.5885636601516215,ESPN BET,2024_16_NO_GB,espn_archive,,401671692:58:open:moneyline,401671692,,6.6482916498607985,45.96785587541811,1,34.0,34.0,loss,-1.0,2024,16,GB,NO,0.007325756538408876,true,true,true,false,espn_archived_open,espn_archived_open,provider_labeled_open_close,true,espn_archived_close,,,700
spread,away,14.0,-115,1.8695652173913042,0.7035935591654061,0.5348837209302326,0.5108342361863489,0.19275932297905718,0.315414045396194,ESPN BET,2024_16_NO_GB,espn_archive,,401671692:58:open:spread,401671692,,6.6482916498607985,45.96785587541811,1,34.0,34.0,loss,-1.0,2024,16,GB,NO,-0.5,true,true,true,false,espn_archived_open,espn_archived_open,provider_labeled_open_close,true,espn_archived_close,,14.5,-125
total,over,42.5,-105,1.9523809523809523,0.6191324947747905,0.5121951219512195,0.4891657638136511,0.12996673096113937,0.20878248979840053,ESPN BET,2024_16_NO_GB,espn_archive,,401671692:58:open:total,401671692,,6.6482916498607985,45.96785587541811,1,34.0,34.0,loss,-1.0,2024,16,GB,NO,1.0,true,true,true,false,espn_archived_open,espn_archived_open,provider_labeled_open_close,true,espn_archived_close,,43.5,-110
moneyline,away,,380,4.8,0.3482868957063615,0.20833333333333334,0.19756838905775076,0.15071850664861075,0.6717770993905352,ESPN BET,2024_16_NYG_ATL,espn_archive,,401671729:58:open:moneyline,401671729,,5.023063584271583,39.653483309622885,1,27.0,41.0,loss,-1.0,2024,16,ATL,NYG,0.0,true,true,true,false,espn_archived_open,espn_archived_open,provider_labeled_open_close,true,espn_archived_close,,,380
spread,away,9.5,-105,1.9523809523809523,0.6254949197929376,0.5121951219512195,0.4891657638136511,0.13632915597928646,0.22120436721478298,ESPN BET,2024_16_NYG_ATL,espn_archive,,401671729:58:open:spread,401671729,,5.023063584271583,39.653483309622885,1,27.0,41.0,loss,-1.0,2024,16,ATL,NYG,0.0,true,true,true,false,espn_archived_open,espn_archived_open,provider_labeled_open_close,true,espn_archived_close,,9.5,-110
total,under,42.5,-115,1.8695652173913042,0.5715735553564724,0.5348837209302326,0.5108342361863489,0.06073931917012343,0.06859403827514399,ESPN BET,2024_16_NYG_ATL,espn_archive,,401671729:58:open:total,401671729,,5.023063584271583,39.653483309622885,1,27.0,41.0,win,0.8695652173913042,2024,16,ATL,NYG,-1.0,true,true,true,false,espn_archived_open,espn_archived_open,provider_labeled_open_close,true,espn_archived_close,,43.5,-115
moneyline,home,,155,2.55,0.46191417505073673,0.3921568627450981,0.3766105054509415,0.08530366959979524,0.17788114637937857,ESPN BET,2024_16_PHI_WAS,espn_archive,,401671717:58:open:moneyline,401671717,,-1.474860277738994,48.092474522936,1,3.0,69.0,win,1.5499999999999998,2024,16,WAS,PHI,-0.03309905506926214,true,true,true,false,espn_archived_open,espn_archived_open,provider_labeled_open_close,true,espn_archived_close,,,180
spread,home,3.5,-110,1.9090909090909092,0.5658930279475066,0.5238095238095238,0.5,0.06589302794750662,0.08034123517251279,ESPN BET,2024_16_PHI_WAS,espn_archive,,401671717:58:open:spread,401671717,,-1.474860277738994,48.092474522936,1,3.0,69.0,win,0.9090909090909092,2024,16,WAS,PHI,-1.0,true,true,true,false,espn_archived_open,espn_archived_open,provider_labeled_open_close,true,espn_archived_close,,4.5,-115
total,over,46.5,-110,1.9090909090909092,0.5633930480729781,0.5238095238095238,0.5,0.06339304807297808,0.07556854632113996,ESPN BET,2024_16_PHI_WAS,espn_archive,,401671717:58:open:total,401671717,,-1.474860277738994,48.092474522936,1,3.0,69.0,win,0.9090909090909092,2024,16,WAS,PHI,1.0,true,true,true,false,espn_archived_open,espn_archived_open,provider_labeled_open_close,true,espn_archived_close,,47.5,-110
moneyline,away,,240,3.4,0.37988177210546126,0.29411764705882354,0.28343023255813954,0.09645153954732172,0.29159802515856814,ESPN BET,2024_16_PIT_BAL,espn_archive,,401671778:58:open:moneyline,401671778,,3.896834113667545,47.83625788676054,1,17.0,51.0,loss,-1.0,2024,16,BAL,PIT,-0.007568163592622301,true,true,true,false,espn_archived_open,espn_archived_open,provider_labeled_open_close,true,espn_archived_close,,,250
spread,away,6.5,-105,1.9523809523809523,0.5713946472263878,0.5121951219512195,0.4891657638136511,0.08222888341273665,0.11558002553723323,ESPN BET,2024_16_PIT_BAL,espn_archive,,401671778:58:open:spread,401671778,,3.896834113667545,47.83625788676054,1,17.0,51.0,loss,-1.0,2024,16,BAL,PIT,-1.0,true,true,true,false,espn_archived_open,espn_archived_open,provider_labeled_open_close,true,espn_archived_close,,7.5,-115
total,over,46.5,-110,1.9090909090909092,0.5556523070168007,0.5238095238095238,0.5,0.055652307016800684,0.060790767941165,ESPN BET,2024_16_PIT_BAL,espn_archive,,401671778:58:open:total,401671778,,3.896834113667545,47.83625788676054,1,17.0,51.0,win,0.9090909090909092,2024,16,BAL,PIT,-1.0,true,true,true,false,espn_archived_open,espn_archived_open,provider_labeled_open_close,true,espn_archived_close,,45.5,-105
moneyline,away,,100,2.0,0.5265590132499702,0.5,0.4782608695652174,0.048298143684752826,0.05311802649994046,ESPN BET,2024_16_SF_MIA,espn_archive,,401671874:58:open:moneyline,401671874,,-1.0869128226124687,43.77153361717013,1,12.0,46.0,loss,-1.0,2024,16,MIA,SF,0.05420666290231513,true,true,true,false,espn_archived_open,espn_archived_open,provider_labeled_open_close,true,espn_archived_close,,,-125
spread,away,1.5,-110,1.9090909090909092,0.5709178507417981,0.5238095238095238,0.5,0.07091785074179813,0.08993407868888736,ESPN BET,2024_16_SF_MIA,espn_archive,,401671874:58:open:spread,401671874,,-1.0869128226124687,43.77153361717013,1,12.0,46.0,loss,-1.0,2024,16,MIA,SF,3.0,true,true,true,false,espn_archived_open,espn_archived_open,provider_labeled_open_close,true,espn_archived_close,,-1.5,-110
total,under,46.5,-110,1.9090909090909092,0.5680221310490265,0.5238095238095238,0.5,0.06802213104902655,0.08440588654814163,ESPN BET,2024_16_SF_MIA,espn_archive,,401671874:58:open:total,401671874,,-1.0869128226124687,43.77153361717013,1,12.0,46.0,win,0.9090909090909092,2024,16,MIA,SF,2.0,true,true,true,false,espn_archived_open,espn_archived_open,provider_labeled_open_close,true,espn_archived_close,,44.5,-125
moneyline,home,,175,2.75,0.362838199180483,0.36363636363636365,0.34929577464788736,0.013542424532595632,-0.0021949522536717225,ESPN BET,2024_16_TB_DAL,espn_archive,,401671790:58:open:moneyline,401671790,,-4.8909546569856985,50.960237353381295,1,2.0,50.0,win,1.75,2024,16,DAL,TB,-0.0057843242662080074,true,true,true,false,espn_archived_open,espn_archived_open,provider_labeled_open_close,true,espn_archived_close,,,180
spread,away,-4.5,-110,1.9090909090909092,0.5058310689578016,0.5238095238095238,0.5,0.005831068957801611,-0.03432250471692411,ESPN BET,2024_16_TB_DAL,espn_archive,,401671790:58:open:spread,401671790,,-4.8909546569856985,50.960237353381295,1,2.0,50.0,loss,-1.0,2024,16,DAL,TB,0.0,true,true,true,false,espn_archived_open,espn_archived_open,provider_labeled_open_close,true,espn_archived_close,,-4.5,-115
total,over,48.5,-110,1.9090909090909092,0.589412877515167,0.5238095238095238,0.5,0.08941287751516702,0.12524276616531882,ESPN BET,2024_16_TB_DAL,espn_archive,,401671790:58:open:total,401671790,,-4.8909546569856985,50.960237353381295,1,2.0,50.0,win,0.9090909090909092,2024,16,DAL,TB,-1.0,true,true,true,false,espn_archived_open,espn_archived_open,provider_labeled_open_close,true,espn_archived_close,,47.5,-105
moneyline,home,,-200,1.5,0.6455074568774941,0.6666666666666666,0.6428571428571429,0.0026503140203512077,-0.03173881468375883,ESPN BET,2024_16_TEN_IND,espn_archive,,401671862:58:open:moneyline,401671862,,4.799176370674001,43.78661084805171,1,8.0,68.0,win,0.5,2024,16,IND,TEN,-0.006269523516212794,true,true,true,false,espn_archived_open,espn_archived_open,provider_labeled_open_close,true,espn_archived_close,,,-195
spread,home,-4.0,-110,1.9090909090909092,0.529620753476631,0.5238095238095238,0.5,0.029620753476630957,0.011094165728113614,ESPN BET,2024_16_TEN_IND,espn_archive,,401671862:58:open:spread,401671862,,4.799176370674001,43.78661084805171,1,8.0,68.0,win,0.9090909090909092,2024,16,IND,TEN,0.5,true,true,true,false,espn_archived_open,espn_archived_open,provider_labeled_open_close,true,espn_archived_close,,-4.5,100
total,over,42.5,-110,1.9090909090909092,0.5541498324564421,0.5238095238095238,0.5,0.054149832456442115,0.05792240741684407,ESPN BET,2024_16_TEN_IND,espn_archive,,401671862:58:open:total,401671862,,4.799176370674001,43.78661084805171,1,8.0,68.0,win,0.9090909090909092,2024,16,IND,TEN,1.0,true,true,true,false,espn_archived_open,espn_archived_open,provider_labeled_open_close,true,espn_archived_close,,43.5,102
moneyline,away,,195,2.95,0.43377661459747474,0.3389830508474576,0.32721864154685176,0.10655797305062298,0.2796410130625506,ESPN BET,2024_17_ARI_LA,espn_archive,,401671829:58:open:moneyline,401671829,,1.835588283584375,45.45024280984043,1,4.0,22.0,loss,-1.0,2024,17,LA,ARI,-0.06809025520998485,true,true,true,false,espn_archived_open,espn_archived_open,provider_labeled_open_close,true,espn_archived_close,,,270
spread,away,5.5,-105,1.9523809523809523,0.5970006616554858,0.5121951219512195,0.4891657638136511,0.1078348978418347,0.16557272037499615,ESPN BET,2024_17_ARI_LA,espn_archive,,401671829:58:open:spread,401671829,,1.835588283584375,45.45024280984043,1,4.0,22.0,win,0.9523809523809523,2024,17,LA,ARI,-1.0,true,true,true,false,espn_archived_open,espn_archived_open,provider_labeled_open_close,true,espn_archived_close,,6.5,-110
total,under,48.5,-105,1.9523809523809523,0.5754636888474585,0.5121951219512195,0.4891657638136511,0.08629792503380734,0.12352434489265707,ESPN BET,2024_17_ARI_LA,espn_archive,,401671829:58:open:total,401671829,,1.835588283584375,45.45024280984043,1,4.0,22.0,win,0.9523809523809523,2024,17,LA,ARI,0.0,true,true,true,false,espn_archived_open,espn_archived_open,provider_labeled_open_close,true,espn_archived_close,,48.5,-115
moneyline,away,,175,2.75,0.3493090591252139,0.36363636363636365,0.34929577464788736,0.000013284477326569455,-0.0394000874056617,ESPN BET,2024_17_ATL_WAS,espn_archive,,401671842:58:open:moneyline,401671842,,4.775521742945472,49.64186330934907,1,6.0,54.0,loss,-1.0,2024,17,WAS,ATL,0.020602184535785995,true,true,true,false,espn_archived_open,espn_archived_open,provider_labeled_open_close,true,espn_archived_close,,,160
spread,home,-4.5,-110,1.9090909090909092,0.5198600584083861,0.5238095238095238,0.5,0.019860058408386116,-0.0075398884930809595,ESPN BET,2024_17_ATL_WAS,espn_archive,,401671842:58:open:spread,401671842,,4.775521742945472,49.64186330934907,1,6.0,54.0,win,0.9090909090909092,2024,17,WAS,ATL,-1.0,true,true,true,false,espn_archived_open,espn_archived_open,provider_labeled_open_close,true,espn_archived_close,,-3.5,-105
total,over,47.5,-110,1.9090909090909092,0.5819318691460111,0.5238095238095238,0.5,0.08193186914601114,0.1109608410969305,ESPN BET,2024_17_ATL_WAS,espn_archive,,401671842:58:open:total,401671842,,4.775521742945472,49.64186330934907,1,6.0,54.0,win,0.9090909090909092,2024,17,WAS,ATL,-1.0,true,true,true,false,espn_archived_open,espn_archived_open,provider_labeled_open_close,true,espn_archived_close,,46.5,-110
moneyline,home,,145,2.45,0.42451239116610706,0.4081632653061224,0.3932993445010925,0.031213046665014565,0.04005535835696228,ESPN BET,2024_17_BAL_HOU,espn_archive,,401671800:58:open:moneyline,401671800,,-2.9277808855544336,49.56096849748212,1,-29.0,33.0,loss,-1.0,2024,17,HOU,BAL,-0.12612377198200847,true,true,true,false,espn_archived_open,espn_archived_open,provider_labeled_open_close,true,espn_archived_close,,,260
spread,home,3.5,-120,1.8333333333333335,0.5287177595191835,0.5454545454545454,0.5217391304347826,0.006978629084400945,-0.03068410754816342,ESPN BET,2024_17_BAL_HOU,espn_archive,,401671800:58:open:spread,401671800,,-2.9277808855544336,49.56096849748212,1,-29.0,33.0,loss,-1.0,2024,17,HOU,BAL,-3.0,true,true,true,false,espn_archived_open,espn_archived_open,provider_labeled_open_close,true,espn_archived_close,,6.5,-105
total,over,47.5,-110,1.9090909090909092,0.5795138674683203,0.5238095238095238,0.5,0.07951386746832034,0.10634465607588428,ESPN BET,2024_17_BAL_HOU,espn_archive,,401671800:58:open:total,401671800,,-2.9277808855544336,49.56096849748212,1,-29.0,33.0,loss,-1.0,2024,17,HOU,BAL,0.0,true,true,true,false,espn_archived_open,espn_archived_open,provider_labeled_open_close,true,espn_archived_close,,47.5,100
moneyline,home,,-380,1.263157894736842,0.8382350573134072,0.7916666666666667,0.7553516819571866,0.08288337535622059,0.05882323029061953,ESPN BET,2024_17_CAR_TB,espn_archive,,401671653:58:open:moneyline,401671653,,12.778848349764285,50.56851849692478,1,34.0,62.0,win,0.26315789473684204,2024,17,TB,CAR,0.047079928985062636,true,true,true,false,espn_archived_open,espn_archived_open,provider_labeled_open_close,true,espn_archived_close,,,-550
spread,home,-7.5,-105,1.9523809523809523,0.6645536233910337,0.5121951219512195,0.4891657638136511,0.17538785957738262,0.29746183614439925,ESPN BET,2024_17_CAR_TB,espn_archive,,401671653:58:open:spread,401671653,,12.778848349764285,50.56851849692478,1,34.0,62.0,win,0.9523809523809523,2024,17,TB,CAR,2.0,true,true,true,false,espn_archived_open,espn_archived_open,provider_labeled_open_close,true,espn_archived_close,,-9.5,-110
total,over,48.5,-110,1.9090909090909092,0.5797396706332187,0.5238095238095238,0.5,0.07973967063321874,0.10677573484523584,ESPN BET,2024_17_CAR_TB,espn_archive,,401671653:58:open:total,401671653,,12.778848349764285,50.56851849692478,1,34.0,62.0,win,0.9090909090909092,2024,17,TB,CAR,-1.0,true,true,true,false,espn_archived_open,espn_archived_open,provider_labeled_open_close,true,espn_archived_close,,47.5,-105
moneyline,away,,300,4.0,0.24347699543323986,0.25,0.23809523809523808,0.00538175733800178,-0.02609201826704055,ESPN BET,2024_17_DAL_PHI,espn_archive,,401671765:58:open:moneyline,401671765,,8.883266641803765,47.1726986424409,1,34.0,48.0,loss,-1.0,2024,17,PHI,DAL,0.013545899760341762,true,true,true,false,espn_archived_open,espn_archived_open,provider_labeled_open_close,true,espn_archived_close,,,280
spread,home,-7.5,-110,1.9090909090909092,0.552845860346235,0.5238095238095238,0.5,0.05284586034623495,0.055433006115539474,ESPN BET,2024_17_DAL_PHI,espn_archive,,401671765:58:open:spread,401671765,,8.883266641803765,47.1726986424409,1,34.0,48.0,win,0.9090909090909092,2024,17,PHI,DAL,0.0,true,true,true,false,espn_archived_open,espn_archived_open,provider_labeled_open_close,true,espn_archived_close,,-7.5,-105
total,over,42.5,-115,1.8695652173913042,0.655582953751695,0.5348837209302326,0.5108342361863489,0.14474871756534602,0.225655087448821,ESPN BET,2024_17_DAL_PHI,espn_archive,,401671765:58:open:total,401671765,,8.883266641803765,47.1726986424409,1,34.0,48.0,win,0.8695652173913042,2024,17,PHI,DAL,-5.0,true,true,true,false,espn_archived_open,espn_archived_open,provider_labeled_open_close,true,espn_archived_close,,37.5,-105
moneyline,away,,140,2.4,0.5013721368177425,0.4166666666666667,0.4009077155824508,0.1004644212352917,0.20329312836258207,ESPN BET,2024_17_DEN_CIN,espn_archive,,401671835:58:open:moneyline,401671835,,-0.43461273715301374,49.97483499947046,1,6.0,54.0,loss,-1.0,2024,17,CIN,DEN,-0.007608371081358312,true,true,true,false,espn_archived_open,espn_archived_open,provider_labeled_open_close,true,espn_archived_close,,,145
spread,away,3.0,100,2.0,0.5903176728742783,0.5,0.4782608695652174,0.11205680330906087,0.18063534574855655,ESPN BET,2024_17_DEN_CIN,espn_archive,,401671835:58:open:spread,401671835,,-0.43461273715301374,49.97483499947046,1,6.0,54.0,loss,-1.0,2024,17,CIN,DEN,-0.5,true,true,true,false,espn_archived_open,espn_archived_open,provider_labeled_open_close,true,espn_archived_close,,3.5,-130
total,over,48.5,-110,1.9090909090909092,0.5619097582206141,0.5238095238095238,0.5,0.061909758220614064,0.07273681114844499,ESPN BET,2024_17_DEN_CIN,espn_archive,,401671835:58:open:total,401671835,,-0.43461273715301374,49.97483499947046,1,6.0,54.0,win,0.9090909090909092,2024,17,CIN,DEN,2.0,true,true,true,false,espn_archived_open,espn_archived_open,provider_labeled_open_close,true,espn_archived_close,,50.5,-115
moneyline,away,,-190,1.526315789473684,0.6705686313984587,0.6551724137931035,0.6301020408163265,0.0404665905821322,0.023499490029226244,ESPN BET,2024_17_DET_SF,espn_archive,,401671698:58:open:moneyline,401671698,,-6.277210236445125,50.150003894310885,1,-6.0,74.0,win,0.5263157894736841,2024,17,SF,DET,0.03741714076935121,true,true,true,false,espn_archived_open,espn_archived_open,provider_labeled_open_close,true,espn_archived_close,,,-225
spread,away,-3.5,-115,1.8695652173913042,0.5710601850684633,0.5348837209302326,0.5108342361863489,0.06022594888211441,0.06763425904104015,ESPN BET,2024_17_DET_SF,espn_archive,,401671698:58:open:spread,401671698,,-6.277210236445125,50.150003894310885,1,-6.0,74.0,win,0.8695652173913042,2024,17,SF,DET,0.0,true,true,true,false,espn_archived_open,espn_archived_open,provider_labeled_open_close,true,espn_archived_close,,-3.5,-110
total,under,51.5,-105,1.9523809523809523,0.5240322200100961,0.5121951219512195,0.4891657638136511,0.03486645619644496,0.023110524781616126,ESPN BET,2024_17_DET_SF,espn_archive,,401671698:58:open:total,401671698,,-6.277210236445125,50.150003894310885,1,-6.0,74.0,loss,-1.0,2024,17,SF,DET,1.0,true,true,true,false,espn_archived_open,espn_archived_open,provider_labeled_open_close,true,espn_archived_close,,50.5,-115
moneyline,away,,105,2.05,0.47311257025862385,0.48780487804878053,0.4675324675324676,0.0055801027261562774,-0.030119230969821165,ESPN BET,2024_17_GB_MIN,espn_archive,,401671725:58:open:moneyline,401671725,,0.510876281400364,45.660290041593704,1,2.0,52.0,loss,-1.0,2024,17,MIN,GB,0.03246753246753242,true,true,true,false,espn_archived_open,espn_archived_open,provider_labeled_open_close,true,espn_archived_close,,,-110
spread,away,1.5,-105,1.9523809523809523,0.5179517235276399,0.5121951219512195,0.4891657638136511,0.02878595971398873,0.011239079268249297,ESPN BET,2024_17_GB_MIN,espn_archive,,401671725:58:open:spread,401671725,,0.510876281400364,45.660290041593704,1,2.0,52.0,loss,-1.0,2024,17,MIN,GB,2.0,true,true,true,false,espn_archived_open,espn_archived_open,provider_labeled_open_close,true,espn_archived_close,,-0.5,-110
total,under,48.5,-110,1.9090909090909092,0.56915920986224,0.5238095238095238,0.5,0.06915920986224,0.08657667337336727,ESPN BET,2024_17_GB_MIN,espn_archive,,401671725:58:open:total,401671725,,0.510876281400364,45.660290041593704,1,2.0,52.0,loss,-1.0,2024,17,MIN,GB,0.0,true,true,true,false,espn_archived_open,espn_archived_open,provider_labeled_open_close,true,espn_archived_close,,48.5,100
moneyline,home,,340,4.4,0.42041733770252065,0.22727272727272727,0.21739130434782608,0.20302603335469457,0.8498362858910911,ESPN BET,2024_17_IND_NYG,espn_archive,,401671846:58:open:moneyline,401671846,,-3.067336292154703,40.03080978760016,1,12.0,78.0,win,3.4000000000000004,2024,17,NYG,IND,0.027257013694987398,true,true,true,false,espn_archived_open,espn_archived_open,provider_labeled_open_close,true,espn_archived_close,,,290
spread,home,8.0,-110,1.9090909090909092,0.6550416588827844,0.5238095238095238,0.5,0.15504165888278443,0.25053407604895206,ESPN BET,2024_17_IND_NYG,espn_archive,,401671846:58:open:spread,401671846,,-3.067336292154703,40.03080978760016,1,12.0,78.0,win,0.9090909090909092,2024,17,NYG,IND,0.5,true,true,true,false,espn_archived_open,espn_archived_open,provider_labeled_open_close,true,espn_archived_close,,7.5,-115
total,over,40.5,-110,1.9090909090909092,0.5028333067916391,0.5238095238095238,0.5,0.0028333067916390675,-0.04004550521596173,ESPN BET,2024_17_IND_NYG,espn_archive,,401671846:58:open:total,401671846,,-3.067336292154703,40.03080978760016,1,12.0,78.0,win,0.9090909090909092,2024,17,NYG,IND,0.0,true,true,true,false,espn_archived_open,espn_archived_open,provider_labeled_open_close,true,espn_archived_close,,40.5,100
moneyline,home,,120,2.2,0.5233079031203969,0.45454545454545453,0.43795620437956206,0.08535169874083481,0.15127738686487313,ESPN BET,2024_17_KC_PIT,espn_archive,,401671799:58:open:moneyline,401671799,,0.3909635314718649,40.99355520119374,1,-19.0,39.0,loss,-1.0,2024,17,PIT,KC,0.009449792764654963,true,true,true,false,espn_archived_open,espn_archived_open,provider_labeled_open_close,true,espn_archived_close,,,115
spread,home,2.5,100,2.0,0.5971175370413737,0.5,0.4782608695652174,0.11885666747615631,0.19423507408274743,ESPN BET,2024_17_KC_PIT,espn_archive,,401671799:58:open:spread,401671799,,0.3909635314718649,40.99355520119374,1,-19.0,39.0,loss,-1.0,2024,17,PIT,KC,1.0,true,true,true,false,espn_archived_open,espn_archived_open,provider_labeled_open_close,true,espn_archived_close,,1.5,-105
total,under,43.5,-110,1.9090909090909092,0.5591207658488321,0.5238095238095238,0.5,0.05912076584883208,0.06741237116595222,ESPN BET,2024_17_KC_PIT,espn_archive,,401671799:58:open:total,401671799,,0.3909635314718649,40.99355520119374,1,-19.0,39.0,win,0.9090909090909092,2024,17,PIT,KC,-2.0,true,true,true,false,espn_archived_open,espn_archived_open,provider_labeled_open_close,true,espn_archived_close,,45.5,-105
moneyline,home,,180,2.8,0.3628080037875514,0.35714285714285715,0.34351145038167935,0.019296553405872052,0.01586241060514393,ESPN BET,2024_17_LAC_NE,espn_archive,,401671832:58:open:moneyline,401671832,,-5.069852717909395,38.9484992756217,1,-33.0,47.0,loss,-1.0,2024,17,NE,LAC,-0.05210040743689409,true,true,true,false,espn_archived_open,espn_archived_open,provider_labeled_open_close,true,espn_archived_close,,,230
spread,away,-4.5,-110,1.9090909090909092,0.505417055284265,0.5238095238095238,0.5,0.005417055284264949,-0.03511289445731236,ESPN BET,2024_17_LAC_NE,espn_archive,,401671832:58:open:spread,401671832,,-5.069852717909395,38.9484992756217,1,-33.0,47.0,win,0.9090909090909092,2024,17,NE,LAC,1.0,true,true,true,false,espn_archived_open,espn_archived_open,provider_labeled_open_close,true,espn_archived_close,,-5.5,-120
total,under,42.5,100,2.0,0.5904424900371488,0.5,0.4782608695652174,0.11218162047193136,0.18088498007429754,ESPN BET,2024_17_LAC_NE,espn_archive,,401671832:58:open:total,401671832,,-5.069852717909395,38.9484992756217,1,-33.0,47.0,loss,-1.0,2024,17,NE,LAC,1.0,true,true,true,false,espn_archived_open,espn_archived_open,provider_labeled_open_close,true,espn_archived_close,,41.5,-110
moneyline,home,,-130,1.7692307692307692,0.6515317953737704,0.5652173913043479,0.5427435387673957,0.1087882566063747,0.15271009950743974,ESPN BET,2024_17_LV_NO,espn_archive,,401671738:58:open:moneyline,401671738,,4.805835748623064,42.886335710948515,1,-15.0,35.0,loss,-1.0,2024,17,NO,LV,-0.08548707753479129,true,true,true,false,espn_archived_open,espn_archived_open,provider_labeled_open_close,true,espn_archived_close,,,110
spread,home,-2.5,-110,1.9090909090909092,0.5800508839158404,0.5238095238095238,0.5,0.08005088391584037,0.10736986929387715,ESPN BET,2024_17_LV_NO,espn_archive,,401671738:58:open:spread,401671738,,4.805835748623064,42.886335710948515,1,-15.0,35.0,loss,-1.0,2024,17,NO,LV,-5.0,true,true,true,false,espn_archived_open,espn_archived_open,provider_labeled_open_close,true,espn_archived_close,,2.5,-115
total,over,39.5,-110,1.9090909090909092,0.6186875891826829,0.5238095238095238,0.5,0.11868758918268285,0.18113085207603086,ESPN BET,2024_17_LV_NO,espn_archive,,401671738:58:open:total,401671738,,4.805835748623064,42.886335710948515,1,-15.0,35.0,loss,-1.0,2024,17,NO,LV,-2.0,true,true,true,false,espn_archived_open,espn_archived_open,provider_labeled_open_close,true,espn_archived_close,,37.5,-105
moneyline,home,,220,3.2,0.44556006682155713,0.3125,0.299837925445705,0.14572214137585215,0.4257922138289829,ESPN BET,2024_17_MIA_CLE,espn_archive,,401671877:58:open:moneyline,401671877,,-2.2145240275547664,41.509241934831785,1,-17.0,23.0,loss,-1.0,2024,17,CLE,MIA,0.07677258000523651,true,true,true,false,espn_archived_open,espn_archived_open,provider_labeled_open_close,true,espn_archived_close,,,155
spread,home,6.0,-110,1.9090909090909092,0.622843936521905,0.5238095238095238,0.5,0.12284393652190495,0.189065696996364,ESPN BET,2024_17_MIA_CLE,espn_archive,,401671877:58:open:spread,401671877,,-2.2145240275547664,41.509241934831785,1,-17.0,23.0,loss,-1.0,2024,17,CLE,MIA,2.5,true,true,true,false,espn_archived_open,espn_archived_open,provider_labeled_open_close,true,espn_archived_close,,3.5,-120
total,over,40.5,-110,1.9090909090909092,0.5478363567896876,0.5238095238095238,0.5,0.04783635678968756,0.045869408416676194,ESPN BET,2024_17_MIA_CLE,espn_archive,,401671877:58:open:total,401671877,,-2.2145240275547664,41.509241934831785,1,-17.0,23.0,loss,-1.0,2024,17,CLE,MIA,-8.0,true,true,true,false,espn_archived_open,espn_archived_open,provider_labeled_open_close,true,espn_archived_close,,32.5,-115
moneyline,away,,360,4.6,0.20791861491872177,0.2173913043478261,0.20689655172413796,0.001022063194583811,-0.04357437137387998,ESPN BET,2024_17_NYJ_BUF,espn_archive,,401671495:58:open:moneyline,401671495,,10.463845595301173,48.203911556661154,1,26.0,54.0,loss,-1.0,2024,17,BUF,NYJ,-0.026716371543957784,true,true,true,false,espn_archived_open,espn_archived_open,provider_labeled_open_close,true,espn_archived_close,,,425
spread,home,-9.5,-115,1.8695652173913042,0.5403870780884861,0.5348837209302326,0.5108342361863489,0.02955284190213714,0.010288885121952251,ESPN BET,2024_17_NYJ_BUF,espn_archive,,401671495:58:open:spread,401671495,,10.463845595301173,48.203911556661154,1,26.0,54.0,win,0.8695652173913042,2024,17,BUF,NYJ,1.0,true,true,true,false,espn_archived_open,espn_archived_open,provider_labeled_open_close,true,espn_archived_close,,-10.5,102
total,over,47.5,-110,1.9090909090909092,0.5385733109702944,0.5238095238095238,0.5,0.03857331097029437,0.028185411852380104,ESPN BET,2024_17_NYJ_BUF,espn_archive,,401671495:58:open:total,401671495,,10.463845595301173,48.203911556661154,1,26.0,54.0,win,0.9090909090909092,2024,17,BUF,NYJ,-3.0,true,true,true,false,espn_archived_open,espn_archived_open,provider_labeled_open_close,true,espn_archived_close,,44.5,-105
moneyline,home,,150,2.5,0.5032143617726866,0.4,0.3859649122807018,0.11724944949198485,0.25803590443171665,ESPN BET,2024_17_SEA_CHI,espn_archive,,401671876:58:open:moneyline,401671876,,-0.281270230255128,42.49600264976064,1,-3.0,9.0,loss,-1.0,2024,17,CHI,SEA,-0.04245346189902244,true,true,true,false,espn_archived_open,espn_archived_open,provider_labeled_open_close,true,espn_archived_close,,,180
spread,home,3.5,-120,1.8333333333333335,0.6065995792957123,0.5454545454545454,0.5217391304347826,0.0848604488609297,0.11209922870880584,ESPN BET,2024_17_SEA_CHI,espn_archive,,401671876:58:open:spread,401671876,,-0.281270230255128,42.49600264976064,1,-3.0,9.0,win,0.8333333333333335,2024,17,CHI,SEA,-1.0,true,true,true,false,espn_archived_open,espn_archived_open,provider_labeled_open_close,true,espn_archived_close,,4.5,-110
total,over,42.5,-110,1.9090909090909092,0.5170247412578094,0.5238095238095238,0.5,0.017024741257809395,-0.012952766689636519,ESPN BET,2024_17_SEA_CHI,espn_archive,,401671876:58:open:total,401671876,,-0.281270230255128,42.49600264976064,1,-3.0,9.0,loss,-1.0,2024,17,CHI,SEA,0.0,true,true,true,false,espn_archived_open,espn_archived_open,provider_labeled_open_close,true,espn_archived_close,,42.5,-115
moneyline,home,,-115,1.8695652173913042,0.5808206631291912,0.5348837209302326,0.5108342361863489,0.0699864269428423,0.08588210932848783,ESPN BET,2024_17_TEN_JAX,espn_archive,,401671634:58:open:moneyline,401671634,,2.3321077503179097,45.267193251849875,1,7.0,33.0,win,0.8695652173913042,2024,17,JAX,TEN,-0.03257336662113153,true,true,true,false,espn_archived_open,espn_archived_open,provider_labeled_open_close,true,espn_archived_close,,,100
spread,home,-1.0,-110,1.9090909090909092,0.5513287392656095,0.5238095238095238,0.5,0.051328739265609546,0.05253668405252743,ESPN BET,2024_17_TEN_JAX,espn_archive,,401671634:58:open:spread,401671634,,2.3321077503179097,45.267193251849875,1,7.0,33.0,win,0.9090909090909092,2024,17,JAX,TEN,-2.5,true,true,true,false,espn_archived_open,espn_archived_open,provider_labeled_open_close,true,espn_archived_close,,1.5,-115
total,over,39.5,-110,1.9090909090909092,0.6858647710259592,0.5238095238095238,0.5,0.18586477102595922,0.30937819923137666,ESPN BET,2024_17_TEN_JAX,espn_archive,,401671634:58:open:total,401671634,,2.3321077503179097,45.267193251849875,1,7.0,33.0,loss,-1.0,2024,17,JAX,TEN,-1.0,true,true,true,false,espn_archived_open,espn_archived_open,provider_labeled_open_close,true,espn_archived_close,,38.5,-115
moneyline,away,,-130,1.7692307692307692,0.7853438576271129,0.5652173913043479,0.5427435387673957,0.24260031885971722,0.3894545173402766,ESPN BET,2024_18_BUF_NE,espn_archive,,401671831:58:open:moneyline,401671831,,-10.955383866676733,47.937042587528154,1,7.0,39.0,loss,-1.0,2024,18,NE,BUF,0.06395711673151183,true,true,true,false,espn_archived_open,espn_archived_open,provider_labeled_open_close,true,espn_archived_close,,,-170
spread,away,-2.0,-115,1.8695652173913042,0.7393703712660779,0.5348837209302326,0.5108342361863489,0.22853613507972892,0.3823011288887541,ESPN BET,2024_18_BUF_NE,espn_archive,,401671831:58:open:spread,401671831,,-10.955383866676733,47.937042587528154,1,7.0,39.0,loss,-1.0,2024,18,NE,BUF,1.5,true,true,true,false,espn_archived_open,espn_archived_open,provider_labeled_open_close,true,espn_archived_close,,-3.5,102
total,over,41.5,-115,1.8695652173913042,0.7006670459700272,0.5348837209302326,0.5108342361863489,0.18983280978367822,0.30994273811787676,ESPN BET,2024_18_BUF_NE,espn_archive,,401671831:58:open:total,401671831,,-10.955383866676733,47.937042587528154,1,7.0,39.0,loss,-1.0,2024,18,NE,BUF,-5.0,true,true,true,false,espn_archived_open,espn_archived_open,provider_labeled_open_close,true,espn_archived_close,,36.5,-105
moneyline,away,,300,4.0,0.24448416871381173,0.25,0.23809523809523808,0.006388930618573652,-0.022063325144753065,ESPN BET,2024_18_CAR_ATL,espn_archive,,401671827:58:open:moneyline,401671827,,8.946396395973323,47.44998811430918,1,-6.0,82.0,win,3.0,2024,18,ATL,CAR,0.0,true,true,true,false,espn_archived_open,espn_archived_open,provider_labeled_open_close,true,espn_archived_close,,,300
spread,home,-8.0,-110,1.9090909090909092,0.5382780470457053,0.5238095238095238,0.5,0.038278047045705255,0.027621726178164607,ESPN BET,2024_18_CAR_ATL,espn_archive,,401671827:58:open:spread,401671827,,8.946396395973323,47.44998811430918,1,-6.0,82.0,loss,-1.0,2024,18,ATL,CAR,-0.5,true,true,true,false,espn_archived_open,espn_archived_open,provider_labeled_open_close,true,espn_archived_close,,-7.5,-115
total,over,47.5,-110,1.9090909090909092,0.5142715275648234,0.5238095238095238,0.5,0.014271527564823416,-0.01820890192170066,ESPN BET,2024_18_CAR_ATL,espn_archive,,401671827:58:open:total,401671827,,8.946396395973323,47.44998811430918,1,-6.0,82.0,win,0.9090909090909092,2024,18,ATL,CAR,1.0,true,true,true,false,espn_archived_open,espn_archived_open,provider_labeled_open_close,true,espn_archived_close,,48.5,-110
moneyline,away,,425,5.25,0.23188978532501947,0.19047619047619047,0.18018018018018017,0.0517096051448393,0.21742137295635233,ESPN BET,2024_18_CHI_GB,espn_archive,,401671844:58:open:moneyline,401671844,,9.492662302485485,41.95597080730446,1,-2.0,46.0,win,4.25,2024,18,GB,CHI,0.026716371543957784,true,true,true,false,espn_archived_open,espn_archived_open,provider_labeled_open_close,true,espn_archived_close,,,360
spread,away,10.0,-110,1.9090909090909092,0.5048590544564229,0.5238095238095238,0.5,0.004859054456422873,-0.03617816876501079,ESPN BET,2024_18_CHI_GB,espn_archive,,401671844:58:open:spread,401671844,,9.492662302485485,41.95597080730446,1,-2.0,46.0,win,0.9090909090909092,2024,18,GB,CHI,-0.5,true,true,true,false,espn_archived_open,espn_archived_open,provider_labeled_open_close,true,espn_archived_close,,10.5,-120
total,over,41.5,-110,1.9090909090909092,0.5295117211262017,0.5238095238095238,0.5,0.029511721126201707,0.01088601305911241,ESPN BET,2024_18_CHI_GB,espn_archive,,401671844:58:open:total,401671844,,9.492662302485485,41.95597080730446,1,-2.0,46.0,win,0.9090909090909092,2024,18,GB,CHI,0.0,true,true,true,false,espn_archived_open,espn_archived_open,provider_labeled_open_close,true,espn_archived_close,,41.5,-105
moneyline,home,,110,2.1,0.5750409392254143,0.47619047619047616,0.4572564612326044,0.11778447799280994,0.20758597237337018,ESPN BET,2024_18_CIN_PIT,espn_archive,,401671836:58:open:moneyline,401671836,,2.1967208351179472,49.20748088576191,1,-2.0,36.0,loss,-1.0,2024,18,PIT,CIN,-0.01930025685304232,true,true,true,false,espn_archived_open,espn_archived_open,provider_labeled_open_close,true,espn_archived_close,,,120
spread,home,2.5,-110,1.9090909090909092,0.6463286484407516,0.5238095238095238,0.5,0.14632864844075155,0.23390014702325312,ESPN BET,2024_18_CIN_PIT,espn_archive,,401671836:58:open:spread,401671836,,2.1967208351179472,49.20748088576191,1,-2.0,36.0,win,0.9090909090909092,2024,18,PIT,CIN,0.0,true,true,true,false,espn_archived_open,espn_archived_open,provider_labeled_open_close,true,espn_archived_close,,2.5,100
total,over,47.5,-115,1.8695652173913042,0.5669755743153158,0.5348837209302326,0.5108342361863489,0.05614133812896682,0.05999781285037287,ESPN BET,2024_18_CIN_PIT,espn_archive,,401671836:58:open:total,401671836,,2.1967208351179472,49.20748088576191,1,-2.0,36.0,loss,-1.0,2024,18,PIT,CIN,1.0,true,true,true,false,espn_archived_open,espn_archived_open,provider_labeled_open_close,true,espn_archived_close,,48.5,-110
moneyline,away,,1200,13.0,0.14716789879456194,0.07692307692307693,0.07363420427553445,0.07353369451902748,0.9131826843293052,ESPN BET,2024_18_CLE_BAL,espn_archive,,401671834:58:open:moneyline,401671834,,13.735580129353181,46.146710484491834,1,25.0,45.0,loss,-1.0,2024,18,BAL,CLE,0.006120396951459425,true,true,true,false,espn_archived_open,espn_archived_open,provider_labeled_open_close,true,espn_archived_close,,,1100
spread,away,18.5,-115,1.8695652173913042,0.6290185696117236,0.5348837209302326,0.5108342361863489,0.11818433342537471,0.17599123883930923,ESPN BET,2024_18_CLE_BAL,espn_archive,,401671834:58:open:spread,401671834,,13.735580129353181,46.146710484491834,1,25.0,45.0,loss,-1.0,2024,18,BAL,CLE,-2.0,true,true,true,false,espn_archived_open,espn_archived_open,provider_labeled_open_close,true,espn_archived_close,,20.5,-125
total,over,42.5,-105,1.9523809523809523,0.6237407552301065,0.5121951219512195,0.4891657638136511,0.1345749914164554,0.2177795697349698,ESPN BET,2024_18_CLE_BAL,espn_archive,,401671834:58:open:total,401671834,,13.735580129353181,46.146710484491834,1,25.0,45.0,win,0.9523809523809523,2024,18,BAL,CLE,-1.0,true,true,true,false,espn_archived_open,espn_archived_open,provider_labeled_open_close,true,espn_archived_close,,41.5,-115
moneyline,away,,120,2.2,0.5901408685446246,0.45454545454545453,0.43795620437956206,0.1521846641650625,0.29830991079817415,ESPN BET,2024_18_HOU_TEN,espn_archive,,401671826:58:open:moneyline,401671826,,-3.403714050997408,43.82045091115363,1,-9.0,37.0,win,1.2000000000000002,2024,18,TEN,HOU,-0.017788137152671357,true,true,true,false,espn_archived_open,espn_archived_open,provider_labeled_open_close,true,espn_archived_close,,,130
spread,away,2.5,100,2.0,0.6606038700873357,0.5,0.4782608695652174,0.18234300052211827,0.32120774017467135,ESPN BET,2024_18_HOU_TEN,espn_archive,,401671826:58:open:spread,401671826,,-3.403714050997408,43.82045091115363,1,-9.0,37.0,win,1.0,2024,18,TEN,HOU,0.0,true,true,true,false,espn_archived_open,espn_archived_open,provider_labeled_open_close,true,espn_archived_close,,2.5,102
total,over,36.5,-110,1.9090909090909092,0.723450131443349,0.5238095238095238,0.5,0.22345013144334902,0.3811320691191209,ESPN BET,2024_18_HOU_TEN,espn_archive,,401671826:58:open:total,401671826,,-3.403714050997408,43.82045091115363,1,-9.0,37.0,win,0.9090909090909092,2024,18,TEN,HOU,0.0,true,true,true,false,espn_archived_open,espn_archived_open,provider_labeled_open_close,true,espn_archived_close,,36.5,-120
moneyline,away,,180,2.8,0.37532284092275403,0.35714285714285715,0.34351145038167935,0.03181139054107468,0.05090395458371111,ESPN BET,2024_18_JAX_IND,espn_archive,,401671837:58:open:moneyline,401671837,,3.9228507477693135,46.35773801069978,1,3.0,49.0,loss,-1.0,2024,18,IND,JAX,0.04245346189902244,true,true,true,false,espn_archived_open,espn_archived_open,provider_labeled_open_close,true,espn_archived_close,,,150
spread,away,4.5,-110,1.9090909090909092,0.5069332007780313,0.5238095238095238,0.5,0.006933200778031279,-0.03221843487830389,ESPN BET,2024_18_JAX_IND,espn_archive,,401671837:58:open:spread,401671837,,3.9228507477693135,46.35773801069978,1,3.0,49.0,win,0.9090909090909092,2024,18,IND,JAX,1.0,true,true,true,false,espn_archived_open,espn_archived_open,provider_labeled_open_close,true,espn_archived_close,,3.5,-110
total,over,44.5,-110,1.9090909090909092,0.5714400163605518,0.5238095238095238,0.5,0.07144001636055175,0.09093094032468985,ESPN BET,2024_18_JAX_IND,espn_archive,,401671837:58:open:total,401671837,,3.9228507477693135,46.35773801069978,1,3.0,49.0,win,0.9090909090909092,2024,18,IND,JAX,1.0,true,true,true,false,espn_archived_open,espn_archived_open,provider_labeled_open_close,true,espn_archived_close,,45.5,-105
moneyline,away,,340,4.4,0.48747165015641736,0.22727272727272727,0.21739130434782608,0.2700803458085913,1.1448752606882366,ESPN BET,2024_18_KC_DEN,espn_archive,,401671838:58:open:moneyline,401671838,,0.0778958290672982,41.90843982827835,1,38.0,38.0,loss,-1.0,2024,18,DEN,KC,-0.04534829359513792,true,true,true,false,espn_archived_open,espn_archived_open,provider_labeled_open_close,true,espn_archived_close,,,450
spread,away,8.0,-110,1.9090909090909092,0.7137743438610051,0.5238095238095238,0.5,0.21377434386100513,0.3626601110073735,ESPN BET,2024_18_KC_DEN,espn_archive,,401671838:58:open:spread,401671838,,0.0778958290672982,41.90843982827835,1,38.0,38.0,loss,-1.0,2024,18,DEN,KC,-3.5,true,true,true,false,espn_archived_open,espn_archived_open,provider_labeled_open_close,true,espn_archived_close,,11.5,-115
total,over,39.5,-120,1.8333333333333335,0.5877202779057805,0.5454545454545454,0.5217391304347826,0.06598114747099793,0.07748717616059775,ESPN BET,2024_18_KC_DEN,espn_archive,,401671838:58:open:total,401671838,,0.0778958290672982,41.90843982827835,1,38.0,38.0,loss,-1.0,2024,18,DEN,KC,1.0,true,true,true,false,espn_archived_open,espn_archived_open,provider_labeled_open_close,true,espn_archived_close,,40.5,-115
moneyline,home,,180,2.8,0.3614058258365386,0.35714285714285715,0.34351145038167935,0.017894375454859224,0.011936312342307964,ESPN BET,2024_18_LAC_LV,espn_archive,,401671839:58:open:moneyline,401671839,,-5.106093838070837,40.841180099165754,1,-14.0,54.0,loss,-1.0,2024,18,LV,LAC,-0.06764938141616211,true,true,true,false,espn_archived_open,espn_archived_open,provider_labeled_open_close,true,espn_archived_close,,,250
spread,away,-4.5,-110,1.9090909090909092,0.507793111336129,0.5238095238095238,0.5,0.007793111336129033,-0.03057678744920822,ESPN BET,2024_18_LAC_LV,espn_archive,,401671839:58:open:spread,401671839,,-5.106093838070837,40.841180099165754,1,-14.0,54.0,win,0.9090909090909092,2024,18,LV,LAC,2.0,true,true,true,false,espn_archived_open,espn_archived_open,provider_labeled_open_close,true,espn_archived_close,,-6.5,-120
total,over,41.5,-105,1.9523809523809523,0.49590856945716244,0.5121951219512195,0.4891657638136511,0.006742805643511318,-0.03179755486934954,ESPN BET,2024_18_LAC_LV,espn_archive,,401671839:58:open:total,401671839,,-5.106093838070837,40.841180099165754,1,-14.0,54.0,win,0.9523809523809523,2024,18,LV,LAC,0.0,true,true,true,false,espn_archived_open,espn_archived_open,provider_labeled_open_close,true,espn_archived_close,,41.5,-115
moneyline,home,,115,2.15,0.4783787941169456,0.46511627906976744,0.447405997144217,0.03097279697272859,0.028514407351432958,ESPN BET,2024_18_MIA_NYJ,espn_archive,,401671833:58:open:moneyline,401671833,,-1.0718079688567457,41.429209965466725,1,12.0,52.0,win,1.15,2024,18,NYJ,MIA,0.10518800571156595,true,true,true,false,espn_archived_open,espn_archived_open,provider_labeled_open_close,true,espn_archived_close,,,-135
spread,home,2.5,100,2.0,0.5525005453170567,0.5,0.4782608695652174,0.07423967575183932,0.10500109063411345,ESPN BET,2024_18_MIA_NYJ,espn_archive,,401671833:58:open:spread,401671833,,-1.0718079688567457,41.429209965466725,1,12.0,52.0,win,1.0,2024,18,NYJ,MIA,5.0,true,true,true,false,espn_archived_open,espn_archived_open,provider_labeled_open_close,true,espn_archived_close,,-2.5,-110
total,over,41.5,-105,1.9523809523809523,0.5136450913335113,0.5121951219512195,0.4891657638136511,0.024479327519860206,0.002830892603522095,ESPN BET,2024_18_MIA_NYJ,espn_archive,,401671833:58:open:total,401671833,,-1.0718079688567457,41.429209965466725,1,12.0,52.0,win,0.9523809523809523,2024,18,NYJ,MIA,-2.0,true,true,true,false,espn_archived_open,espn_archived_open,provider_labeled_open_close,true,espn_archived_close,,39.5,-105
moneyline,home,,-145,1.6896551724137931,0.6733988550955178,0.5918367346938775,0.5711159737417943,0.10228288135372343,0.13781185860966794,ESPN BET,2024_18_MIN_DET,espn_archive,,401671843:58:open:moneyline,401671843,,5.688784871110347,51.155427934092216,1,22.0,40.0,win,0.6896551724137931,2024,18,DET,MIN,0.022125578198130547,true,true,true,false,espn_archived_open,espn_archived_open,provider_labeled_open_close,true,espn_archived_close,,,-160
spread,home,-3.0,-105,1.9523809523809523,0.589349782189307,0.5121951219512195,0.4891657638136511,0.10018401837565588,0.1506352890362661,ESPN BET,2024_18_MIN_DET,espn_archive,,401671843:58:open:spread,401671843,,5.688784871110347,51.155427934092216,1,22.0,40.0,win,0.9523809523809523,2024,18,DET,MIN,-0.5,true,true,true,false,espn_archived_open,espn_archived_open,provider_labeled_open_close,true,espn_archived_close,,-2.5,-125
total,over,51.5,-105,1.9523809523809523,0.5053883328622841,0.5121951219512195,0.4891657638136511,0.016222569048633007,-0.013289445364111918,ESPN BET,2024_18_MIN_DET,espn_archive,,401671843:58:open:total,401671843,,5.688784871110347,51.155427934092216,1,22.0,40.0,loss,-1.0,2024,18,DET,MIN,5.0,true,true,true,false,espn_archived_open,espn_archived_open,provider_labeled_open_close,true,espn_archived_close,,56.5,-105
moneyline,away,,750,8.5,0.26042128771547435,0.11764705882352941,0.11194029850746268,0.14848098920801167,1.213580945581532,ESPN BET,2024_18_NO_TB,espn_archive,,401671828:58:open:moneyline,401671828,,8.276386956641325,47.61061188865187,1,8.0,46.0,loss,-1.0,2024,18,TB,NO,0.0,true,true,true,false,espn_archived_open,espn_archived_open,provider_labeled_open_close,true,espn_archived_close,,,750
spread,away,14.0,-105,1.9523809523809523,0.6556785818669618,0.5121951219512195,0.4891657638136511,0.1665128180533107,0.2801343741212112,ESPN BET,2024_18_NO_TB,espn_archive,,401671828:58:open:spread,401671828,,8.276386956641325,47.61061188865187,1,8.0,46.0,win,0.9523809523809523,2024,18,TB,NO,-0.5,true,true,true,false,espn_archived_open,espn_archived_open,provider_labeled_open_close,true,espn_archived_close,,14.5,-120
total,over,43.5,-120,1.8333333333333335,0.6369805999355891,0.5454545454545454,0.5217391304347826,0.11524146950080649,0.16779776654858014,ESPN BET,2024_18_NO_TB,espn_archive,,401671828:58:open:total,401671828,,8.276386956641325,47.61061188865187,1,8.0,46.0,win,0.8333333333333335,2024,18,TB,NO,1.0,true,true,true,false,espn_archived_open,espn_archived_open,provider_labeled_open_close,true,espn_archived_close,,44.5,100
moneyline,home,,-185,1.5405405405405406,0.8414415642894477,0.6491228070175439,0.6233894945490583,0.21805206974038938,0.2962748422837438,ESPN BET,2024_18_NYG_PHI,espn_archive,,401671841:58:open:moneyline,401671841,,13.087673044998196,41.335494189491754,1,7.0,33.0,win,0.5405405405405406,2024,18,PHI,NYG,-0.01668883905015084,true,true,true,false,espn_archived_open,espn_archived_open,provider_labeled_open_close,true,espn_archived_close,,,-170
spread,home,-3.5,100,2.0,0.7702632359702724,0.5,0.4782608695652174,0.29200236640505495,0.5405264719405447,ESPN BET,2024_18_NYG_PHI,espn_archive,,401671841:58:open:spread,401671841,,13.087673044998196,41.335494189491754,1,7.0,33.0,win,1.0,2024,18,PHI,NYG,-1.0,true,true,true,false,espn_archived_open,espn_archived_open,provider_labeled_open_close,true,espn_archived_close,,-2.5,-130
total,over,38.5,-110,1.9090909090909092,0.6002435759955618,0.5238095238095238,0.5,0.10024357599556177,0.14591955417334534,ESPN BET,2024_18_NYG_PHI,espn_archive,,401671841:58:open:total,401671841,,13.087673044998196,41.335494189491754,1,7.0,33.0,loss,-1.0,2024,18,PHI,NYG,-3.0,true,true,true,false,espn_archived_open,espn_archived_open,provider_labeled_open_close,true,espn_archived_close,,35.5,-110
moneyline,home,,-130,1.7692307692307692,0.5586783164761773,0.5652173913043479,0.5427435387673957,0.0159347777087816,-0.011569132388301817,ESPN BET,2024_18_SEA_LA,espn_archive,,401671830:58:open:moneyline,401671830,,1.6381440735514055,43.0293105912488,1,-5.0,55.0,loss,-1.0,2024,18,LA,SEA,-0.28361515243052876,true,true,true,false,espn_archived_open,espn_archived_open,provider_labeled_open_close,true,espn_archived_close,,,270
spread,away,2.5,-105,1.9523809523809523,0.5153894834395502,0.5121951219512195,0.4891657638136511,0.026223719625899033,0.006236610524835928,ESPN BET,2024_18_SEA_LA,espn_archive,,401671830:58:open:spread,401671830,,1.6381440735514055,43.0293105912488,1,-5.0,55.0,win,0.9523809523809523,2024,18,LA,SEA,10.0,true,true,true,false,espn_archived_open,espn_archived_open,provider_labeled_open_close,true,espn_archived_close,,-7.5,100
total,over,43.5,-110,1.9090909090909092,0.501583876733643,0.5238095238095238,0.5,0.0015838767336430193,-0.04243078078122697,ESPN BET,2024_18_SEA_LA,espn_archive,,401671830:58:open:total,401671830,,1.6381440735514055,43.0293105912488,1,-5.0,55.0,win,0.9090909090909092,2024,18,LA,SEA,-5.0,true,true,true,false,espn_archived_open,espn_archived_open,provider_labeled_open_close,true,espn_archived_close,,38.5,-110
moneyline,home,,100,2.0,0.5434876780720452,0.5,0.4782608695652174,0.06522680850682783,0.08697535614409047,ESPN BET,2024_18_SF_ARI,espn_archive,,401671845:58:open:moneyline,401671845,,1.1226502385165098,45.91400275286837,1,23.0,71.0,win,1.0,2024,18,ARI,SF,0.1724433557868953,true,true,true,false,espn_archived_open,espn_archived_open,provider_labeled_open_close,true,espn_archived_close,,,-210
spread,home,1.0,-105,1.9523809523809523,0.572877945167827,0.5121951219512195,0.4891657638136511,0.08371218135417585,0.11847598818480498,ESPN BET,2024_18_SF_ARI,espn_archive,,401671845:58:open:spread,401671845,,1.1226502385165098,45.91400275286837,1,23.0,71.0,win,0.9523809523809523,2024,18,ARI,SF,5.5,true,true,true,false,espn_archived_open,espn_archived_open,provider_labeled_open_close,true,espn_archived_close,,-4.5,-115
total,under,46.5,-105,1.9523809523809523,0.5018946345618857,0.5121951219512195,0.4891657638136511,0.012728870748234533,-0.020110475379175652,ESPN BET,2024_18_SF_ARI,espn_archive,,401671845:58:open:total,401671845,,1.1226502385165098,45.91400275286837,1,23.0,71.0,loss,-1.0,2024,18,ARI,SF,4.0,true,true,true,false,espn_archived_open,espn_archived_open,provider_labeled_open_close,true,espn_archived_close,,42.5,-105
moneyline,home,,140,2.4,0.40098318794516385,0.4166666666666667,0.4009077155824508,0.00007547236271304714,-0.03764034893160684,ESPN BET,2024_18_WAS_DAL,espn_archive,,401671840:58:open:moneyline,401671840,,-3.7111141698287646,51.76534772914738,1,-4.0,42.0,loss,-1.0,2024,18,DAL,WAS,-0.12504564661693357,true,true,true,false,espn_archived_open,espn_archived_open,provider_labeled_open_close,true,espn_archived_close,,,250
spread,away,-3.5,-105,1.9523809523809523,0.4960572754582327,0.5121951219512195,0.4891657638136511,0.006891511644581572,-0.031507224105355225,ESPN BET,2024_18_WAS_DAL,espn_archive,,401671840:58:open:spread,401671840,,-3.7111141698287646,51.76534772914738,1,-4.0,42.0,win,0.9523809523809523,2024,18,DAL,WAS,4.0,true,true,true,false,espn_archived_open,espn_archived_open,provider_labeled_open_close,true,espn_archived_close,,-7.5,102
total,over,45.5,-110,1.9090909090909092,0.6961421020257145,0.5238095238095238,0.5,0.19614210202571447,0.32899855841272774,ESPN BET,2024_18_WAS_DAL,espn_archive,,401671840:58:open:total,401671840,,-3.7111141698287646,51.76534772914738,1,-4.0,42.0,loss,-1.0,2024,18,DAL,WAS,-2.0,true,true,true,false,espn_archived_open,espn_archived_open,provider_labeled_open_close,true,espn_archived_close,,43.5,-120
moneyline,home,,220,3.2,0.5421611231808667,0.3125,0.299837925445705,0.24232319773516175,0.7349155941787737,ESPN BET,2025_01_ARI_NO,espn_archive,,401772718:58:open:moneyline,401772718,,0.9824828768004821,45.35467991480729,1,-7.0,33.0,loss,-1.0,2025,1,NO,ARI,0.011273185665406082,true,true,true,false,espn_archived_open,espn_archived_open,provider_labeled_open_close,true,espn_archived_close,,,210
spread,home,5.5,100,2.0,0.6965875514062765,0.5,0.4782608695652174,0.21832668184105908,0.39317510281255297,ESPN BET,2025_01_ARI_NO,espn_archive,,401772718:58:open:spread,401772718,,0.9824828768004821,45.35467991480729,1,-7.0,33.0,loss,-1.0,2025,1,NO,ARI,0.0,true,true,true,false,espn_archived_open,espn_archived_open,provider_labeled_open_close,true,espn_archived_close,,5.5,-110
total,over,44.5,-110,1.9090909090909092,0.5430664952713932,0.5238095238095238,0.5,0.04306649527139317,0.0367633091544779,ESPN BET,2025_01_ARI_NO,espn_archive,,401772718:58:open:total,401772718,,0.9824828768004821,45.35467991480729,1,-7.0,33.0,loss,-1.0,2025,1,NO,ARI,0.0,true,true,true,false,espn_archived_open,espn_archived_open,provider_labeled_open_close,true,espn_archived_close,,44.5,-115
moneyline,home,,-120,1.8333333333333335,0.5661310239657827,0.5454545454545454,0.5217391304347826,0.04439189353100015,0.03790687727060171,ESPN BET,2025_01_BAL_BUF,espn_archive,,401772918:58:open:moneyline,401772918,,1.798642161121336,48.05921434142375,1,1.0,81.0,win,0.8333333333333335,2025,1,BUF,BAL,-0.04347826086956519,true,true,true,false,espn_archived_open,espn_archived_open,provider_labeled_open_close,true,espn_archived_close,,,100
spread,home,-1.5,100,2.0,0.5219547865481504,0.5,0.4782608695652174,0.04369391698293301,0.043909573096300836,ESPN BET,2025_01_BAL_BUF,espn_archive,,401772918:58:open:spread,401772918,,1.798642161121336,48.05921434142375,1,1.0,81.0,loss,-1.0,2025,1,BUF,BAL,-3.0,true,true,true,false,espn_archived_open,espn_archived_open,provider_labeled_open_close,true,espn_archived_close,,1.5,-115
total,under,51.5,-105,1.9523809523809523,0.5857274361792302,0.5121951219512195,0.4891657638136511,0.09656167236557905,0.14356308968325893,ESPN BET,2025_01_BAL_BUF,espn_archive,,401772918:58:open:total,401772918,,1.798642161121336,48.05921434142375,1,1.0,81.0,loss,-1.0,2025,1,BUF,BAL,0.0,true,true,true,false,espn_archived_open,espn_archived_open,provider_labeled_open_close,true,espn_archived_close,,51.5,-115
moneyline,home,,-145,1.6896551724137931,0.5911377057294775,0.5918367346938775,0.5711159737417943,0.0200217319876832,-0.0011811179053654586,ESPN BET,2025_01_CAR_JAX,espn_archive,,401772828:58:open:moneyline,401772828,,2.6590379075907435,46.585176466249116,1,16.0,36.0,win,0.6896551724137931,2025,1,JAX,CAR,0.07958825161031835,true,true,true,false,espn_archived_open,espn_archived_open,provider_labeled_open_close,true,espn_archived_close,,,-210
spread,away,2.5,110,2.1,0.4821789402844493,0.47619047619047616,0.4572564612326044,0.024922479051844915,0.012575774597343603,ESPN BET,2025_01_CAR_JAX,espn_archive,,401772828:58:open:spread,401772828,,2.6590379075907435,46.585176466249116,1,16.0,36.0,loss,-1.0,2025,1,JAX,CAR,-2.0,true,true,true,false,espn_archived_open,espn_archived_open,provider_labeled_open_close,true,espn_archived_close,,4.5,-115
total,over,46.5,-105,1.9523809523809523,0.519934437453073,0.5121951219512195,0.4891657638136511,0.030768673639421873,0.01511009217028536,ESPN BET,2025_01_CAR_JAX,espn_archive,,401772828:58:open:total,401772828,,2.6590379075907435,46.585176466249116,1,16.0,36.0,loss,-1.0,2025,1,JAX,CAR,-2.0,true,true,true,false,espn_archived_open,espn_archived_open,provider_labeled_open_close,true,espn_archived_close,,44.5,-115
moneyline,home,,225,3.25,0.5045709766575608,0.3076923076923077,0.29556650246305427,0.20900447419450652,0.6398556741370727,ESPN BET,2025_01_CIN_CLE,espn_archive,,401772829:58:open:moneyline,401772829,,-0.2880825099612849,46.27230386629022,1,-1.0,33.0,loss,-1.0,2025,1,CLE,CIN,0.04794494791862508,true,true,true,false,espn_archived_open,espn_archived_open,provider_labeled_open_close,true,espn_archived_close,,,180
spread,home,5.5,100,2.0,0.6628263787568884,0.5,0.4782608695652174,0.18456550919167103,0.32565275751377687,ESPN BET,2025_01_CIN_CLE,espn_archive,,401772829:58:open:spread,401772829,,-0.2880825099612849,46.27230386629022,1,-1.0,33.0,win,1.0,2025,1,CLE,CIN,0.0,true,true,true,false,espn_archived_open,espn_archived_open,provider_labeled_open_close,true,espn_archived_close,,5.5,-110
total,over,46.5,-110,1.9090909090909092,0.5105054831083966,0.5238095238095238,0.5,0.010505483108396607,-0.025398623156697386,ESPN BET,2025_01_CIN_CLE,espn_archive,,401772829:58:open:total,401772829,,-0.2880825099612849,46.27230386629022,1,-1.0,33.0,loss,-1.0,2025,1,CLE,CIN,1.0,true,true,true,false,espn_archived_open,espn_archived_open,provider_labeled_open_close,true,espn_archived_close,,47.5,-115
moneyline,away,,230,3.3,0.3527005081072577,0.30303030303030304,0.29141104294478526,0.06128946516247247,0.16391167675395035,ESPN BET,2025_01_DAL_PHI,espn_archive,,401772510:58:open:moneyline,401772510,,4.6447437183370965,46.01580983175854,1,4.0,44.0,loss,-1.0,2025,1,PHI,DAL,-0.05331580484954718,true,true,true,false,espn_archived_open,espn_archived_open,provider_labeled_open_close,true,espn_archived_close,,,300
spread,away,4.5,130,2.3,0.48260231150422084,0.4347826086956522,0.4201680672268907,0.06243424427733013,0.10998531645970777,ESPN BET,2025_01_DAL_PHI,espn_archive,,401772510:58:open:spread,401772510,,4.6447437183370965,46.01580983175854,1,4.0,44.0,win,1.2999999999999998,2025,1,PHI,DAL,-3.0,true,true,true,false,espn_archived_open,espn_archived_open,provider_labeled_open_close,true,espn_archived_close,,7.5,-110
total,over,43.5,-150,1.6666666666666665,0.5924069330802281,0.6000000000000001,0.5798319327731092,0.012575000307118889,-0.01265511153295329,ESPN BET,2025_01_DAL_PHI,espn_archive,,401772510:58:open:total,401772510,,4.6447437183370965,46.01580983175854,1,4.0,44.0,win,0.6666666666666665,2025,1,PHI,DAL,4.0,true,true,true,false,espn_archived_open,espn_archived_open,provider_labeled_open_close,true,espn_archived_close,,47.5,-110
moneyline,home,,-125,1.8,0.5378744986929881,0.5555555555555556,0.5324675324675325,0.005406966225455556,-0.031825902352621394,ESPN BET,2025_01_DET_GB,espn_archive,,401772722:58:open:moneyline,401772722,,0.8371631001726456,47.344372521318796,1,14.0,40.0,win,0.8,2025,1,GB,DET,-0.0216332962811836,true,true,true,false,espn_archived_open,espn_archived_open,provider_labeled_open_close,true,espn_archived_close,,,-115
spread,away,1.5,-110,1.9090909090909092,0.5065390871104835,0.5238095238095238,0.5,0.006539087110483455,-0.03297083369816789,ESPN BET,2025_01_DET_GB,espn_archive,,401772722:58:open:spread,401772722,,0.8371631001726456,47.344372521318796,1,14.0,40.0,loss,-1.0,2025,1,GB,DET,0.0,true,true,true,false,espn_archived_open,espn_archived_open,provider_labeled_open_close,true,espn_archived_close,,1.5,-125
total,under,49.5,-110,1.9090909090909092,0.5475255371149015,0.5238095238095238,0.5,0.047525537114901484,0.0452760254011757,ESPN BET,2025_01_DET_GB,espn_archive,,401772722:58:open:total,401772722,,0.8371631001726456,47.344372521318796,1,14.0,40.0,win,0.9090909090909092,2025,1,GB,DET,1.0,true,true,true,false,espn_archived_open,espn_archived_open,provider_labeled_open_close,true,espn_archived_close,,48.5,-110
moneyline,home,,-140,1.7142857142857144,0.56236449184576,0.5833333333333333,0.5620437956204379,0.000320696225322048,-0.03594658540726858,ESPN BET,2025_01_HOU_LA,espn_archive,,401772723:58:open:moneyline,401772723,,1.6699241505359126,45.20186323591036,1,5.0,23.0,win,0.7142857142857144,2025,1,LA,HOU,0.0370484887971112,true,true,true,false,espn_archived_open,espn_archived_open,provider_labeled_open_close,true,espn_archived_close,,,-165
spread,away,2.5,-105,1.9523809523809523,0.5114959721647167,0.5121951219512195,0.4891657638136511,0.022330208351065528,-0.0013650067260294607,ESPN BET,2025_01_HOU_LA,espn_archive,,401772723:58:open:spread,401772723,,1.6699241505359126,45.20186323591036,1,5.0,23.0,loss,-1.0,2025,1,LA,HOU,-1.0,true,true,true,false,espn_archived_open,espn_archived_open,provider_labeled_open_close,true,espn_archived_close,,3.5,-120
total,over,44.5,100,2.0,0.538481758528843,0.5,0.4782608695652174,0.06022088896362554,0.07696351705768589,ESPN BET,2025_01_HOU_LA,espn_archive,,401772723:58:open:total,401772723,,1.6699241505359126,45.20186323591036,1,5.0,23.0,loss,-1.0,2025,1,LA,HOU,-1.0,true,true,true,false,espn_archived_open,espn_archived_open,provider_labeled_open_close,true,espn_archived_close,,43.5,-115
moneyline,home,,155,2.55,0.5790784229722163,0.3921568627450981,0.3766105054509415,0.20246791752127485,0.4766499785791516,ESPN BET,2025_01_KC_LAC,espn_archive,,401772714:58:open:moneyline,401772714,,2.2427528071871805,44.337321006457046,1,6.0,48.0,win,1.5499999999999998,2025,1,LAC,KC,0.009354406829760298,true,true,true,false,espn_archived_open,espn_archived_open,provider_labeled_open_close,true,espn_archived_close,,,150
spread,home,3.5,-120,1.8333333333333335,0.6771119979973513,0.5454545454545454,0.5217391304347826,0.15537286756256874,0.2413719963284775,ESPN BET,2025_01_KC_LAC,espn_archive,,401772714:58:open:spread,401772714,,2.2427528071871805,44.337321006457046,1,6.0,48.0,win,0.8333333333333335,2025,1,LAC,KC,0.0,true,true,true,false,espn_archived_open,espn_archived_open,provider_labeled_open_close,true,espn_archived_close,,3.5,-125
total,under,45.5,-110,1.9090909090909092,0.5176860055487608,0.5238095238095238,0.5,0.017686005548760764,-0.011690353043274815,ESPN BET,2025_01_KC_LAC,espn_archive,,401772714:58:open:total,401772714,,2.2427528071871805,44.337321006457046,1,6.0,48.0,loss,-1.0,2025,1,LAC,KC,-2.0,true,true,true,false,espn_archived_open,espn_archived_open,provider_labeled_open_close,true,espn_archived_close,,47.5,-120
moneyline,away,,125,2.25,0.4343776909444528,0.4444444444444444,0.42888402625820565,0.005493664686247124,-0.022650195374981252,ESPN BET,2025_01_LV_NE,espn_archive,,401772720:58:open:moneyline,401772720,,1.7812455436887724,44.729610674902716,1,-7.0,33.0,win,1.25,2025,1,NE,LV,0.0,true,true,true,false,espn_archived_open,espn_archived_open,provider_labeled_open_close,true,espn_archived_close,,,125
spread,away,2.5,105,2.05,0.5081966078750163,0.48780487804878053,0.4675324675324676,0.04066414034254873,0.04180304614378327,ESPN BET,2025_01_LV_NE,espn_archive,,401772720:58:open:spread,401772720,,1.7812455436887724,44.729610674902716,1,-7.0,33.0,win,1.0499999999999998,2025,1,NE,LV,0.0,true,true,true,false,espn_archived_open,espn_archived_open,provider_labeled_open_close,true,espn_archived_close,,2.5,105
total,under,45.5,-110,1.9090909090909092,0.5058603800511263,0.5238095238095238,0.5,0.005860380051126324,-0.03426654717512245,ESPN BET,2025_01_LV_NE,espn_archive,,401772720:58:open:total,401772720,,1.7812455436887724,44.729610674902716,1,-7.0,33.0,win,0.9090909090909092,2025,1,NE,LV,1.0,true,true,true,false,espn_archived_open,espn_archived_open,provider_labeled_open_close,true,espn_archived_close,,44.5,-115
moneyline,home,,-125,1.8,0.5596978041307965,0.5555555555555556,0.5324675324675325,0.027230271663263972,0.00745604743543371,ESPN BET,2025_01_MIA_IND,espn_archive,,401772719:58:open:moneyline,401772719,,1.5789097881277243,45.41098051140253,1,25.0,41.0,win,0.8,2025,1,IND,MIA,-0.01072840203274994,true,true,true,false,espn_archived_open,espn_archived_open,provider_labeled_open_close,true,espn_archived_close,,,-120
spread,home,-1.5,-110,1.9090909090909092,0.5154475460108829,0.5238095238095238,0.5,0.01544754601088294,-0.015963775797405266,ESPN BET,2025_01_MIA_IND,espn_archive,,401772719:58:open:spread,401772719,,1.5789097881277243,45.41098051140253,1,25.0,41.0,win,0.9090909090909092,2025,1,IND,MIA,0.0,true,true,true,false,espn_archived_open,espn_archived_open,provider_labeled_open_close,true,espn_archived_close,,-1.5,-105
total,under,47.5,-120,1.8333333333333335,0.5455303617318236,0.5454545454545454,0.5217391304347826,0.02379123129704097,0.00013899650834336974,ESPN BET,2025_01_MIA_IND,espn_archive,,401772719:58:open:total,401772719,,1.5789097881277243,45.41098051140253,1,25.0,41.0,win,0.8333333333333335,2025,1,IND,MIA,0.0,true,true,true,false,espn_archived_open,espn_archived_open,provider_labeled_open_close,true,espn_archived_close,,47.5,-110
moneyline,home,,105,2.05,0.5202475944272621,0.48780487804878053,0.4675324675324676,0.05271512689479452,0.06650756857588713,ESPN BET,2025_01_MIN_CHI,espn_archive,,401772810:58:open:moneyline,401772810,,0.24097804726070748,44.618896232137544,1,-3.0,51.0,loss,-1.0,2025,1,CHI,MIN,0.03246753246753242,true,true,true,false,espn_archived_open,espn_archived_open,provider_labeled_open_close,true,espn_archived_close,,,-110
spread,home,1.5,-110,1.9090909090909092,0.5644443843762478,0.5238095238095238,0.5,0.06444438437624778,0.07757564290010954,ESPN BET,2025_01_MIN_CHI,espn_archive,,401772810:58:open:spread,401772810,,0.24097804726070748,44.618896232137544,1,-3.0,51.0,loss,-1.0,2025,1,CHI,MIN,3.0,true,true,true,false,espn_archived_open,espn_archived_open,provider_labeled_open_close,true,espn_archived_close,,-1.5,100
total,over,43.5,100,2.0,0.5509795407145627,0.5,0.4782608695652174,0.07271867114934527,0.10195908142912535,ESPN BET,2025_01_MIN_CHI,espn_archive,,401772810:58:open:total,401772810,,0.24097804726070748,44.618896232137544,1,-3.0,51.0,win,1.0,2025,1,CHI,MIN,0.0,true,true,true,false,espn_archived_open,espn_archived_open,provider_labeled_open_close,true,espn_archived_close,,43.5,-110
moneyline,away,,220,3.2,0.3646234382404676,0.3125,0.299837925445705,0.06478551279476263,0.1667950023694964,ESPN BET,2025_01_NYG_WAS,espn_archive,,401772827:58:open:moneyline,401772827,,4.215323161181445,45.8318331955541,1,15.0,27.0,loss,-1.0,2025,1,WAS,NYG,0.0,true,true,true,false,espn_archived_open,espn_archived_open,provider_labeled_open_close,true,espn_archived_close,,,220
spread,away,6.5,-120,1.8333333333333335,0.5544523723481201,0.5454545454545454,0.5217391304347826,0.032713241913337465,0.01649601597155348,ESPN BET,2025_01_NYG_WAS,espn_archive,,401772827:58:open:spread,401772827,,4.215323161181445,45.8318331955541,1,15.0,27.0,loss,-1.0,2025,1,WAS,NYG,1.0,true,true,true,false,espn_archived_open,espn_archived_open,provider_labeled_open_close,true,espn_archived_close,,5.5,100
total,over,45.5,-110,1.9090909090909092,0.5273602698651936,0.5238095238095238,0.5,0.027360269865193576,0.006778697015369595,ESPN BET,2025_01_NYG_WAS,espn_archive,,401772827:58:open:total,401772827,,4.215323161181445,45.8318331955541,1,15.0,27.0,loss,-1.0,2025,1,WAS,NYG,0.0,true,true,true,false,espn_archived_open,espn_archived_open,provider_labeled_open_close,true,espn_archived_close,,45.5,-110
moneyline,home,,130,2.3,0.5374224353144381,0.4347826086956522,0.4201680672268907,0.11725436808754741,0.23607160122320758,ESPN BET,2025_01_PIT_NYJ,espn_archive,,401772721:58:open:moneyline,401772721,,0.8218468020495173,44.91612878273219,1,-2.0,66.0,loss,-1.0,2025,1,NYJ,PIT,-0.0192603516444399,true,true,true,false,espn_archived_open,espn_archived_open,provider_labeled_open_close,true,espn_archived_close,,,140
spread,home,2.5,105,2.05,0.6101573021585263,0.48780487804878053,0.4675324675324676,0.14262483462605868,0.25082246942497877,ESPN BET,2025_01_PIT_NYJ,espn_archive,,401772721:58:open:spread,401772721,,0.8218468020495173,44.91612878273219,1,-2.0,66.0,win,1.0499999999999998,2025,1,NYJ,PIT,0.0,true,true,true,false,espn_archived_open,espn_archived_open,provider_labeled_open_close,true,espn_archived_close,,2.5,110
total,over,38.5,-105,1.9523809523809523,0.7014580212536693,0.5121951219512195,0.48427672955974843,0.21718129169392086,0.3695132795904972,ESPN BET,2025_01_PIT_NYJ,espn_archive,,401772721:58:open:total,401772721,,0.8218468020495173,44.91612878273219,1,-2.0,66.0,win,0.9523809523809523,2025,1,NYJ,PIT,0.0,true,true,true,false,espn_archived_open,espn_archived_open,provider_labeled_open_close,true,espn_archived_close,,38.5,-110
moneyline,home,,120,2.2,0.5833191563097577,0.45454545454545453,0.43795620437956206,0.14536295193019566,0.28330214388146713,ESPN BET,2025_01_SF_SEA,espn_archive,,401772831:58:open:moneyline,401772831,,2.3888292746065147,45.944638824106335,1,-4.0,30.0,loss,-1.0,2025,1,SEA,SF,0.029576263152905513,true,true,true,false,espn_archived_open,espn_archived_open,provider_labeled_open_close,true,espn_archived_close,,,105
spread,home,2.5,-110,1.9090909090909092,0.6540135003517774,0.5238095238095238,0.5,0.1540135003517774,0.24857122794430242,ESPN BET,2025_01_SF_SEA,espn_archive,,401772831:58:open:spread,401772831,,2.3888292746065147,45.944638824106335,1,-4.0,30.0,loss,-1.0,2025,1,SEA,SF,1.0,true,true,true,false,espn_archived_open,espn_archived_open,provider_labeled_open_close,true,espn_archived_close,,1.5,-105
total,over,44.5,-120,1.8333333333333335,0.5607070734847195,0.5454545454545454,0.5217391304347826,0.03896794304993689,0.02796296805531906,ESPN BET,2025_01_SF_SEA,espn_archive,,401772831:58:open:total,401772831,,2.3888292746065147,45.944638824106335,1,-4.0,30.0,loss,-1.0,2025,1,SEA,SF,0.0,true,true,true,false,espn_archived_open,espn_archived_open,provider_labeled_open_close,true,espn_archived_close,,44.5,100
moneyline,home,,115,2.15,0.522301503216663,0.46511627906976744,0.447405997144217,0.074895506072446,0.12294823191582549,ESPN BET,2025_01_TB_ATL,espn_archive,,401772830:58:open:moneyline,401772830,,0.310354896057337,47.250397792260486,1,-3.0,43.0,loss,-1.0,2025,1,ATL,TB,0.05259400285578297,true,true,true,false,espn_archived_open,espn_archived_open,provider_labeled_open_close,true,espn_archived_close,,,-110
spread,home,2.5,-110,1.9090909090909092,0.5955005200125336,0.5238095238095238,0.5,0.09550052001253362,0.136864629114837,ESPN BET,2025_01_TB_ATL,espn_archive,,401772830:58:open:spread,401772830,,0.310354896057337,47.250397792260486,1,-3.0,43.0,loss,-1.0,2025,1,ATL,TB,4.0,true,true,true,false,espn_archived_open,espn_archived_open,provider_labeled_open_close,true,espn_archived_close,,-1.5,100
total,over,47.5,-110,1.9090909090909092,0.5098450245520407,0.5238095238095238,0.5,0.009845024552040726,-0.026659498582467633,ESPN BET,2025_01_TB_ATL,espn_archive,,401772830:58:open:total,401772830,,0.310354896057337,47.250397792260486,1,-3.0,43.0,loss,-1.0,2025,1,ATL,TB,0.0,true,true,true,false,espn_archived_open,espn_archived_open,provider_labeled_open_close,true,espn_archived_close,,47.5,-105
moneyline,away,,320,4.2,0.3558790113437448,0.23809523809523808,0.22727272727272724,0.12860628407101754,0.4946918476437281,ESPN BET,2025_01_TEN_DEN,espn_archive,,401772832:58:open:moneyline,401772832,,4.529776342125103,45.30324339092078,1,8.0,32.0,loss,-1.0,2025,1,DEN,TEN,-0.02037617554858928,true,true,true,false,espn_archived_open,espn_archived_open,provider_labeled_open_close,true,espn_archived_close,,,360
spread,away,8.5,-115,1.8695652173913042,0.6034084585594307,0.5348837209302326,0.5108342361863489,0.09257422237308177,0.12811146600241385,ESPN BET,2025_01_TEN_DEN,espn_archive,,401772832:58:open:spread,401772832,,4.529776342125103,45.30324339092078,1,8.0,32.0,win,0.8695652173913042,2025,1,DEN,TEN,-1.0,true,true,true,false,espn_archived_open,espn_archived_open,provider_labeled_open_close,true,espn_archived_close,,9.5,-110
total,over,41.5,-110,1.9090909090909092,0.6297037213082323,0.5238095238095238,0.5,0.12970372130823227,0.20216164977026163,ESPN BET,2025_01_TEN_DEN,espn_archive,,401772832:58:open:total,401772832,,4.529776342125103,45.30324339092078,1,8.0,32.0,loss,-1.0,2025,1,DEN,TEN,2.0,true,true,true,false,espn_archived_open,espn_archived_open,provider_labeled_open_close,true,espn_archived_close,,43.5,100
moneyline,home,,-175,1.5714285714285714,0.6521103463166925,0.6363636363636364,0.6140350877192983,0.038075258597394246,0.02474482992623117,ESPN BET,2025_02_ATL_MIN,espn_archive,,401772919:58:open:moneyline,401772919,,4.723393880509601,45.352119834888825,1,-16.0,28.0,loss,-1.0,2025,2,MIN,ATL,-0.007334432220390763,true,true,true,false,espn_archived_open,espn_archived_open,provider_labeled_open_close,true,espn_archived_close,,,-170
spread,home,-3.5,-105,1.9523809523809523,0.5512264442380956,0.5121951219512195,0.4891657638136511,0.062060680424444514,0.07620401017913903,ESPN BET,2025_02_ATL_MIN,espn_archive,,401772919:58:open:spread,401772919,,4.723393880509601,45.352119834888825,1,-16.0,28.0,loss,-1.0,2025,2,MIN,ATL,0.0,true,true,true,false,espn_archived_open,espn_archived_open,provider_labeled_open_close,true,espn_archived_close,,-3.5,110
total,over,45.5,-110,1.9090909090909092,0.5084944662808057,0.5238095238095238,0.5,0.008494466280805746,-0.02923783710027994,ESPN BET,2025_02_ATL_MIN,espn_archive,,401772919:58:open:total,401772919,,4.723393880509601,45.352119834888825,1,-16.0,28.0,loss,-1.0,2025,2,MIN,ATL,-1.0,true,true,true,false,espn_archived_open,espn_archived_open,provider_labeled_open_close,true,espn_archived_close,,44.5,-115
moneyline,home,,270,3.7,0.5205363970162615,0.27027027027027023,0.2591283863368669,0.2614080106793946,0.9259846689601678,ESPN BET,2025_02_BUF_NYJ,espn_archive,,401772727:58:open:moneyline,401772727,,0.19232309998896824,50.38570926491046,1,-20.0,40.0,loss,-1.0,2025,2,NYJ,BUF,0.040709539108838066,true,true,true,false,espn_archived_open,espn_archived_open,provider_labeled_open_close,true,espn_archived_close,,,220
spread,home,7.5,-125,1.8,0.7302249584687575,0.5555555555555556,0.5324675324675325,0.19775742600122492,0.3144049252437635,ESPN BET,2025_02_BUF_NYJ,espn_archive,,401772727:58:open:spread,401772727,,0.19232309998896824,50.38570926491046,1,-20.0,40.0,loss,-1.0,2025,2,NYJ,BUF,2.0,true,true,true,false,espn_archived_open,espn_archived_open,provider_labeled_open_close,true,espn_archived_close,,5.5,-110
total,over,45.5,-105,1.9523809523809523,0.655514702204273,0.5121951219512195,0.4891657638136511,0.16634893839062187,0.2798144185892948,ESPN BET,2025_02_BUF_NYJ,espn_archive,,401772727:58:open:total,401772727,,0.19232309998896824,50.38570926491046,1,-20.0,40.0,loss,-1.0,2025,2,NYJ,BUF,1.0,true,true,true,false,espn_archived_open,espn_archived_open,provider_labeled_open_close,true,espn_archived_close,,46.5,-120
moneyline,home,,-250,1.4,0.703047691933035,0.7142857142857143,0.6888888888888889,0.014158803044146073,-0.01573323129375115,ESPN BET,2025_02_CAR_ARI,espn_archive,,401772730:58:open:moneyline,401772730,,6.620595869105532,43.98946975982015,1,5.0,49.0,win,0.3999999999999999,2025,2,ARI,CAR,0.05198272477424426,true,true,true,false,espn_archived_open,espn_archived_open,provider_labeled_open_close,true,espn_archived_close,,,-340
spread,home,-6.5,-105,1.9523809523809523,0.5183947576245105,0.5121951219512195,0.4891657638136511,0.02922899381085936,0.012104050600234784,ESPN BET,2025_02_CAR_ARI,espn_archive,,401772730:58:open:spread,401772730,,6.620595869105532,43.98946975982015,1,5.0,49.0,loss,-1.0,2025,2,ARI,CAR,0.0,true,true,true,false,espn_archived_open,espn_archived_open,provider_labeled_open_close,true,espn_archived_close,,-6.5,-125
total,under,45.5,-110,1.9090909090909092,0.5323960353971445,0.5238095238095238,0.5,0.03239603539714453,0.016392431212730596,ESPN BET,2025_02_CAR_ARI,espn_archive,,401772730:58:open:total,401772730,,6.620595869105532,43.98946975982015,1,5.0,49.0,loss,-1.0,2025,2,ARI,CAR,0.0,true,true,true,false,espn_archived_open,espn_archived_open,provider_labeled_open_close,true,espn_archived_close,,45.5,-115
moneyline,away,,190,2.9,0.345517733920947,0.3448275862068966,0.33248081841432225,0.013036915506624724,0.0020014283707461278,ESPN BET,2025_02_CHI_DET,espn_archive,,401772835:58:open:moneyline,401772835,,4.809150985372785,45.16318464628591,1,31.0,73.0,loss,-1.0,2025,2,DET,CHI,-0.041069775469536995,true,true,true,false,espn_archived_open,espn_archived_open,provider_labeled_open_close,true,espn_archived_close,,,230
spread,home,-5.5,-105,1.9523809523809523,0.4941443717435232,0.5121951219512195,0.4891657638136511,0.004978607929872092,-0.035241940881692746,ESPN BET,2025_02_CHI_DET,espn_archive,,401772835:58:open:spread,401772835,,4.809150985372785,45.16318464628591,1,31.0,73.0,win,0.9523809523809523,2025,2,DET,CHI,1.0,true,true,true,false,espn_archived_open,espn_archived_open,provider_labeled_open_close,true,espn_archived_close,,-6.5,-110
total,under,47.5,-110,1.9090909090909092,0.5570530939794749,0.5238095238095238,0.5,0.05705309397947489,0.06346499759717927,ESPN BET,2025_02_CHI_DET,espn_archive,,401772835:58:open:total,401772835,,4.809150985372785,45.16318464628591,1,31.0,73.0,loss,-1.0,2025,2,DET,CHI,2.0,true,true,true,false,espn_archived_open,espn_archived_open,provider_labeled_open_close,true,espn_archived_close,,45.5,100
moneyline,away,,475,5.75,0.3052219116930728,0.17391304347826086,0.1646489104116223,0.14057300128145048,0.7550259922351685,ESPN BET,2025_02_CLE_BAL,espn_archive,,401772726:58:open:moneyline,401772726,,6.303693505247104,46.69176566625572,1,24.0,58.0,loss,-1.0,2025,2,BAL,CLE,-0.006754173569517047,true,true,true,false,espn_archived_open,espn_archived_open,provider_labeled_open_close,true,espn_archived_close,,,500
spread,away,12.5,-115,1.8695652173913042,0.6653889998508629,0.5348837209302326,0.5108342361863489,0.15455476366451393,0.243988130155961,ESPN BET,2025_02_CLE_BAL,espn_archive,,401772726:58:open:spread,401772726,,6.303693505247104,46.69176566625572,1,24.0,58.0,loss,-1.0,2025,2,BAL,CLE,0.0,true,true,true,false,espn_archived_open,espn_archived_open,provider_labeled_open_close,true,espn_archived_close,,12.5,-110
total,over,45.5,-105,1.9523809523809523,0.5486100992634462,0.5121951219512195,0.4891657638136511,0.05944433544979505,0.07109590808577582,ESPN BET,2025_02_CLE_BAL,espn_archive,,401772726:58:open:total,401772726,,6.303693505247104,46.69176566625572,1,24.0,58.0,win,0.9523809523809523,2025,2,BAL,CLE,1.0,true,true,true,false,espn_archived_open,espn_archived_open,provider_labeled_open_close,true,espn_archived_close,,46.5,-115
moneyline,home,,125,2.25,0.591498197037326,0.4444444444444444,0.42888402625820565,0.16261417077912033,0.33087094333398337,ESPN BET,2025_02_DEN_IND,espn_archive,,401772729:58:open:moneyline,401772729,,2.59316067835665,43.217800720158735,1,1.0,57.0,win,1.25,2025,2,IND,DEN,0.02837243497439873,true,true,true,false,espn_archived_open,espn_archived_open,provider_labeled_open_close,true,espn_archived_close,,,110
spread,home,2.5,100,2.0,0.6622939235973568,0.5,0.4782608695652174,0.18403305403213943,0.3245878471947137,ESPN BET,2025_02_DEN_IND,espn_archive,,401772729:58:open:spread,401772729,,2.59316067835665,43.217800720158735,1,1.0,57.0,win,1.0,2025,2,IND,DEN,1.0,true,true,true,false,espn_archived_open,espn_archived_open,provider_labeled_open_close,true,espn_archived_close,,1.5,-110
total,under,44.5,-120,1.8333333333333335,0.5255563584262796,0.5454545454545454,0.5217391304347826,0.0038172279914969742,-0.036480009551820736,ESPN BET,2025_02_DEN_IND,espn_archive,,401772729:58:open:total,401772729,,2.59316067835665,43.217800720158735,1,1.0,57.0,loss,-1.0,2025,2,IND,DEN,1.0,true,true,true,false,espn_archived_open,espn_archived_open,provider_labeled_open_close,true,espn_archived_close,,43.5,-110
moneyline,away,,155,2.55,0.39008385087107333,0.3921568627450981,0.3766105054509415,0.013473345420131844,-0.005286180278763042,ESPN BET,2025_02_JAX_CIN,espn_archive,,401772725:58:open:moneyline,401772725,,3.2297324783359898,43.94492084966468,1,4.0,58.0,loss,-1.0,2025,2,CIN,JAX,-0.01946764830808434,true,true,true,false,espn_archived_open,espn_archived_open,provider_labeled_open_close,true,espn_archived_close,,,170
spread,away,3.5,-105,1.9523809523809523,0.4932834038399222,0.5121951219512195,0.4891657638136511,0.004117640026271074,-0.036922878217294786,ESPN BET,2025_02_JAX_CIN,espn_archive,,401772725:58:open:spread,401772725,,3.2297324783359898,43.94492084966468,1,4.0,58.0,loss,-1.0,2025,2,CIN,JAX,0.0,true,true,true,false,espn_archived_open,espn_archived_open,provider_labeled_open_close,true,espn_archived_close,,3.5,-105
total,under,49.5,-120,1.8333333333333335,0.6501745715529932,0.5454545454545454,0.5217391304347826,0.1284354411182106,0.191986714513821,ESPN BET,2025_02_JAX_CIN,espn_archive,,401772725:58:open:total,401772725,,3.2297324783359898,43.94492084966468,1,4.0,58.0,loss,-1.0,2025,2,CIN,JAX,-1.0,true,true,true,false,espn_archived_open,espn_archived_open,provider_labeled_open_close,true,espn_archived_close,,50.5,-120
moneyline,home,,145,2.45,0.541210270837255,0.4081632653061224,0.3932993445010925,0.14791092633616254,0.32596516355127503,ESPN BET,2025_02_LAC_LV,espn_archive,,401772811:58:open:moneyline,401772811,,0.8860590958077026,43.10770589852134,1,-11.0,29.0,loss,-1.0,2025,2,LV,LAC,-0.023401385317419143,true,true,true,false,espn_archived_open,espn_archived_open,provider_labeled_open_close,true,espn_archived_close,,,160
spread,home,3.5,-115,1.8695652173913042,0.6427230351649558,0.5348837209302326,0.5108342361863489,0.13188879897860684,0.20161263096056947,ESPN BET,2025_02_LAC_LV,espn_archive,,401772811:58:open:spread,401772811,,0.8860590958077026,43.10770589852134,1,-11.0,29.0,loss,-1.0,2025,2,LV,LAC,0.0,true,true,true,false,espn_archived_open,espn_archived_open,provider_labeled_open_close,true,espn_archived_close,,3.5,-120
total,under,44.5,-115,1.8695652173913042,0.5288553255170427,0.5348837209302326,0.5108342361863489,0.018021089330693796,-0.011270478381181004,ESPN BET,2025_02_LAC_LV,espn_archive,,401772811:58:open:total,401772811,,0.8860590958077026,43.10770589852134,1,-11.0,29.0,win,0.8695652173913042,2025,2,LV,LAC,-2.0,true,true,true,false,espn_archived_open,espn_archived_open,provider_labeled_open_close,true,espn_archived_close,,46.5,-110
moneyline,home,,190,2.9,0.5423291533321001,0.3448275862068966,0.33248081841432225,0.20984833491777782,0.5727545446630902,ESPN BET,2025_02_LA_TEN,espn_archive,,401772724:58:open:moneyline,401772724,,0.9236942425862864,41.547096820935316,1,-14.0,52.0,loss,-1.0,2025,2,TEN,LA,-0.01172610143319014,true,true,true,false,espn_archived_open,espn_archived_open,provider_labeled_open_close,true,espn_archived_close,,,200
spread,home,5.5,-120,1.8333333333333335,0.6979215478925275,0.5454545454545454,0.5217391304347826,0.17618241745774488,0.27952283780296705,ESPN BET,2025_02_LA_TEN,espn_archive,,401772724:58:open:spread,401772724,,0.9236942425862864,41.547096820935316,1,-14.0,52.0,loss,-1.0,2025,2,TEN,LA,0.0,true,true,true,false,espn_archived_open,espn_archived_open,provider_labeled_open_close,true,espn_archived_close,,5.5,-115
total,under,42.5,-105,1.9523809523809523,0.5156795037629548,0.5121951219512195,0.4891657638136511,0.026513739949303672,0.006802840680054656,ESPN BET,2025_02_LA_TEN,espn_archive,,401772724:58:open:total,401772724,,0.9236942425862864,41.547096820935316,1,-14.0,52.0,loss,-1.0,2025,2,TEN,LA,2.0,true,true,true,false,espn_archived_open,espn_archived_open,provider_labeled_open_close,true,espn_archived_close,,40.5,100
moneyline,home,,-130,1.7692307692307692,0.5918435666290662,0.5652173913043479,0.5427435387673957,0.04910002786167056,0.04710784865142492,ESPN BET,2025_02_NE_MIA,espn_archive,,401772728:58:open:moneyline,401772728,,2.6050286380937173,42.041440568361296,1,-6.0,60.0,loss,-1.0,2025,2,MIA,NE,0.0098504640883873,true,true,true,false,espn_archived_open,espn_archived_open,provider_labeled_open_close,true,espn_archived_close,,,-135
spread,home,-1.5,-110,1.9090909090909092,0.5477153171090469,0.5238095238095238,0.5,0.04771531710904686,0.04563833266272588,ESPN BET,2025_02_NE_MIA,espn_archive,,401772728:58:open:spread,401772728,,2.6050286380937173,42.041440568361296,1,-6.0,60.0,loss,-1.0,2025,2,MIA,NE,1.0,true,true,true,false,espn_archived_open,espn_archived_open,provider_labeled_open_close,true,espn_archived_close,,-2.5,100
total,under,44.5,-120,1.8333333333333335,0.5606697590094214,0.5454545454545454,0.5217391304347826,0.038930628574638804,0.027894558183939377,ESPN BET,2025_02_NE_MIA,espn_archive,,401772728:58:open:total,401772728,,2.6050286380937173,42.041440568361296,1,-6.0,60.0,loss,-1.0,2025,2,MIA,NE,2.0,true,true,true,false,espn_archived_open,espn_archived_open,provider_labeled_open_close,true,espn_archived_close,,42.5,-105
moneyline,home,,-170,1.5882352941176472,0.6265465292099762,0.6296296296296295,0.6067006554989075,0.019845873711068718,-0.004896688901802393,ESPN BET,2025_02_NYG_DAL,espn_archive,,401772834:58:open:moneyline,401772834,,3.811856274825768,42.54059445447652,1,3.0,77.0,win,0.5882352941176472,2025,2,DAL,NYG,0.04400356985320519,true,true,true,false,espn_archived_open,espn_archived_open,provider_labeled_open_close,true,espn_archived_close,,,-210
spread,home,-3.5,105,2.05,0.5241040840690094,0.48780487804878053,0.4675324675324676,0.05657161653654186,0.07441337234146927,ESPN BET,2025_02_NYG_DAL,espn_archive,,401772834:58:open:spread,401772834,,3.811856274825768,42.54059445447652,1,3.0,77.0,loss,-1.0,2025,2,DAL,NYG,1.0,true,true,true,false,espn_archived_open,espn_archived_open,provider_labeled_open_close,true,espn_archived_close,,-4.5,-110
total,under,45.5,-120,1.8333333333333335,0.5754920305344114,0.5454545454545454,0.5217391304347826,0.05375290009962885,0.05506872264642104,ESPN BET,2025_02_NYG_DAL,espn_archive,,401772834:58:open:total,401772834,,3.811856274825768,42.54059445447652,1,3.0,77.0,loss,-1.0,2025,2,DAL,NYG,1.0,true,true,true,false,espn_archived_open,espn_archived_open,provider_labeled_open_close,true,espn_archived_close,,44.5,-110
moneyline,home,,-110,1.9090909090909092,0.5614134934826924,0.5238095238095238,0.5,0.06141349348269243,0.0717893966487766,ESPN BET,2025_02_PHI_KC,espn_archive,,401772837:58:open:moneyline,401772837,,1.5676149544869702,44.198014545629704,1,-3.0,37.0,loss,-1.0,2025,2,KC,PHI,0.0,true,true,true,false,espn_archived_open,espn_archived_open,provider_labeled_open_close,true,espn_archived_close,,,-110
spread,home,1.5,-120,1.8333333333333335,0.6052471825424646,0.5454545454545454,0.5217391304347826,0.08350805210768197,0.10961983466118519,ESPN BET,2025_02_PHI_KC,espn_archive,,401772837:58:open:spread,401772837,,1.5676149544869702,44.198014545629704,1,-3.0,37.0,loss,-1.0,2025,2,KC,PHI,0.0,true,true,true,false,espn_archived_open,espn_archived_open,provider_labeled_open_close,true,espn_archived_close,,1.5,-120
total,under,45.5,-105,1.9523809523809523,0.5261493825698518,0.5121951219512195,0.4891657638136511,0.036983618756200654,0.027244032636377202,ESPN BET,2025_02_PHI_KC,espn_archive,,401772837:58:open:total,401772837,,1.5676149544869702,44.198014545629704,1,-3.0,37.0,win,0.9523809523809523,2025,2,KC,PHI,-1.0,true,true,true,false,espn_archived_open,espn_archived_open,provider_labeled_open_close,true,espn_archived_close,,46.5,100
moneyline,home,,-145,1.6896551724137931,0.628378129303658,0.5918367346938775,0.5711159737417943,0.05726215556186365,0.06174235640962911,ESPN BET,2025_02_SEA_PIT,espn_archive,,401772836:58:open:moneyline,401772836,,3.8764524612215894,44.44185099542002,1,-14.0,48.0,loss,-1.0,2025,2,PIT,SEA,0.07174116911534856,true,true,true,false,espn_archived_open,espn_archived_open,provider_labeled_open_close,true,espn_archived_close,,,-200
spread,home,-2.5,-115,1.8695652173913042,0.5557607163025562,0.5348837209302326,0.5108342361863489,0.04492648011620726,0.0390309043917354,ESPN BET,2025_02_SEA_PIT,espn_archive,,401772836:58:open:spread,401772836,,3.8764524612215894,44.44185099542002,1,-14.0,48.0,loss,-1.0,2025,2,PIT,SEA,1.0,true,true,true,false,espn_archived_open,espn_archived_open,provider_labeled_open_close,true,espn_archived_close,,-3.5,-115
total,over,40.5,-115,1.8695652173913042,0.6289951723291034,0.5348837209302326,0.5108342361863489,0.11816093614275447,0.175947496093541,ESPN BET,2025_02_SEA_PIT,espn_archive,,401772836:58:open:total,401772836,,3.8764524612215894,44.44185099542002,1,-14.0,48.0,win,0.8695652173913042,2025,2,PIT,SEA,0.0,true,true,true,false,espn_archived_open,espn_archived_open,provider_labeled_open_close,true,espn_archived_close,,40.5,-110
moneyline,home,,250,3.5,0.5470795051068682,0.2857142857142857,0.27586206896551724,0.27121743614135096,0.9147782678740386,ESPN BET,2025_02_SF_NO,espn_archive,,401772833:58:open:moneyline,401772833,,1.0836082083360346,42.56327111076803,1,-5.0,47.0,loss,-1.0,2025,2,NO,SF,0.13592638480921027,true,true,true,false,espn_archived_open,espn_archived_open,provider_labeled_open_close,true,espn_archived_close,,,135
spread,home,7.5,-125,1.8,0.7518363124572727,0.5555555555555556,0.5324675324675325,0.21936877998974014,0.35330536242309085,ESPN BET,2025_02_SF_NO,espn_archive,,401772833:58:open:spread,401772833,,1.0836082083360346,42.56327111076803,1,-5.0,47.0,win,0.8,2025,2,NO,SF,5.0,true,true,true,false,espn_archived_open,espn_archived_open,provider_labeled_open_close,true,espn_archived_close,,2.5,110
total,under,43.5,-105,1.9523809523809523,0.5151940770445365,0.5121951219512195,0.4891657638136511,0.026028313230885336,0.00585510280123791,ESPN BET,2025_02_SF_NO,espn_archive,,401772833:58:open:total,401772833,,1.0836082083360346,42.56327111076803,1,-5.0,47.0,loss,-1.0,2025,2,NO,SF,3.0,true,true,true,false,espn_archived_open,espn_archived_open,provider_labeled_open_close,true,espn_archived_close,,40.5,-105
moneyline,home,,-125,1.8,0.5429437044945973,0.5555555555555556,0.5324675324675325,0.010476172027064745,-0.022701331909724898,ESPN BET,2025_02_TB_HOU,espn_archive,,401772715:58:open:moneyline,401772715,,0.9443702957208657,43.33147914945345,1,-1.0,39.0,loss,-1.0,2025,2,HOU,TB,0.055744013757740074,true,true,true,false,espn_archived_open,espn_archived_open,provider_labeled_open_close,true,espn_archived_close,,,-155
spread,away,1.5,-105,1.9523809523809523,0.5018136219457033,0.5121951219512195,0.4891657638136511,0.012647858132052214,-0.020268642867912523,ESPN BET,2025_02_TB_HOU,espn_archive,,401772715:58:open:spread,401772715,,0.9443702957208657,43.33147914945345,1,-1.0,39.0,win,0.9523809523809523,2025,2,HOU,TB,-1.0,true,true,true,false,espn_archived_open,espn_archived_open,provider_labeled_open_close,true,espn_archived_close,,2.5,105
total,under,45.5,100,2.0,0.5520457747169882,0.5,0.4782608695652174,0.07378490515177083,0.10409154943397647,ESPN BET,2025_02_TB_HOU,espn_archive,,401772715:58:open:total,401772715,,0.9443702957208657,43.33147914945345,1,-1.0,39.0,win,1.0,2025,2,HOU,TB,3.0,true,true,true,false,espn_archived_open,espn_archived_open,provider_labeled_open_close,true,espn_archived_close,,42.5,-105
moneyline,away,,165,2.65,0.3907343677873307,0.37735849056603776,0.36341238065906994,0.027321987128260783,0.03544607463642646,ESPN BET,2025_02_WAS_GB,espn_archive,,401772936:58:open:moneyline,401772936,,3.20711256068612,43.92802015889213,1,9.0,45.0,loss,-1.0,2025,2,GB,WAS,0.022552531621631844,true,true,true,false,espn_archived_open,espn_archived_open,provider_labeled_open_close,true,espn_archived_close,,,150
spread,home,-3.5,-110,1.9090909090909092,0.5060404888311878,0.5238095238095238,0.5,0.006040488831187796,-0.03392270314045964,ESPN BET,2025_02_WAS_GB,espn_archive,,401772936:58:open:spread,401772936,,3.20711256068612,43.92802015889213,1,9.0,45.0,win,0.9090909090909092,2025,2,GB,WAS,0.0,true,true,true,false,espn_archived_open,espn_archived_open,provider_labeled_open_close,true,espn_archived_close,,-3.5,112
total,under,47.5,-105,1.9523809523809523,0.593474690440392,0.5121951219512195,0.4891657638136511,0.1043089266267409,0.15868868133600356,ESPN BET,2025_02_WAS_GB,espn_archive,,401772936:58:open:total,401772936,,3.20711256068612,43.92802015889213,1,9.0,45.0,win,0.9523809523809523,2025,2,GB,WAS,0.0,true,true,true,false,espn_archived_open,espn_archived_open,provider_labeled_open_close,true,espn_archived_close,,47.5,100
moneyline,home,,-105,1.9523809523809523,0.5539600563982658,0.5121951219512195,0.4891657638136511,0.06479429258461472,0.08154106249185222,ESPN BET,2025_03_ARI_SF,espn_archive,,401772843:58:open:moneyline,401772843,,1.4333423108086905,44.375156044733416,1,1.0,31.0,win,0.9523809523809523,2025,3,SF,ARI,0.04330176865388141,true,true,true,false,espn_archived_open,espn_archived_open,provider_labeled_open_close,true,espn_archived_close,,,-125
spread,home,1.5,-120,1.8333333333333335,0.5979814107333437,0.5454545454545454,0.5217391304347826,0.07624228029856106,0.09629925301113018,ESPN BET,2025_03_ARI_SF,espn_archive,,401772843:58:open:spread,401772843,,1.4333423108086905,44.375156044733416,1,1.0,31.0,win,0.8333333333333335,2025,3,SF,ARI,3.0,true,true,true,false,espn_archived_open,espn_archived_open,provider_labeled_open_close,true,espn_archived_close,,-1.5,-110
total,over,43.5,-110,1.9090909090909092,0.5433412920924516,0.5238095238095238,0.5,0.04334129209245163,0.037287921267407764,ESPN BET,2025_03_ARI_SF,espn_archive,,401772843:58:open:total,401772843,,1.4333423108086905,44.375156044733416,1,1.0,31.0,loss,-1.0,2025,3,SF,ARI,0.0,true,true,true,false,espn_archived_open,espn_archived_open,provider_labeled_open_close,true,espn_archived_close,,43.5,-115
moneyline,home,,165,2.65,0.44129930578515253,0.37735849056603776,0.36341238065906994,0.07788692512608258,0.1694431603306541,ESPN BET,2025_03_ATL_CAR,espn_archive,,401772838:58:open:moneyline,401772838,,-2.346226708855024,44.770629839731015,1,30.0,30.0,win,1.65,2025,3,CAR,ATL,-0.019900930277390594,true,true,true,false,espn_archived_open,espn_archived_open,provider_labeled_open_close,true,espn_archived_close,,,180
spread,home,3.5,-105,1.9523809523809523,0.545664093470788,0.5121951219512195,0.4891657638136511,0.056498329657136914,0.06534418249058604,ESPN BET,2025_03_ATL_CAR,espn_archive,,401772838:58:open:spread,401772838,,-2.346226708855024,44.770629839731015,1,30.0,30.0,win,0.9523809523809523,2025,3,CAR,ATL,-1.0,true,true,true,false,espn_archived_open,espn_archived_open,provider_labeled_open_close,true,espn_archived_close,,4.5,-115
total,over,44.5,-110,1.9090909090909092,0.5253186586598146,0.5238095238095238,0.5,0.02531865865981464,0.0028810756232824364,ESPN BET,2025_03_ATL_CAR,espn_archive,,401772838:58:open:total,401772838,,-2.346226708855024,44.770629839731015,1,30.0,30.0,loss,-1.0,2025,3,CAR,ATL,-1.0,true,true,true,false,espn_archived_open,espn_archived_open,provider_labeled_open_close,true,espn_archived_close,,43.5,-115
moneyline,away,,180,2.8,0.46448422998255445,0.35714285714285715,0.34351145038167935,0.1209727796008751,0.3005558439511524,ESPN BET,2025_03_CIN_MIN,espn_archive,,401772731:58:open:moneyline,401772731,,0.8126801235893986,45.61285172088135,1,38.0,58.0,loss,-1.0,2025,3,MIN,CIN,0.049787894119413145,true,true,true,false,espn_archived_open,espn_archived_open,provider_labeled_open_close,true,espn_archived_close,,,145
spread,away,5.5,-115,1.8695652173913042,0.6267220970318852,0.5348837209302326,0.5108342361863489,0.11588786084553626,0.1716978335813506,ESPN BET,2025_03_CIN_MIN,espn_archive,,401772731:58:open:spread,401772731,,0.8126801235893986,45.61285172088135,1,38.0,58.0,loss,-1.0,2025,3,MIN,CIN,2.0,true,true,true,false,espn_archived_open,espn_archived_open,provider_labeled_open_close,true,espn_archived_close,,3.5,-115
total,over,44.5,-105,1.9523809523809523,0.550405389066541,0.5121951219512195,0.4891657638136511,0.061239625252889895,0.07460099770134199,ESPN BET,2025_03_CIN_MIN,espn_archive,,401772731:58:open:total,401772731,,0.8126801235893986,45.61285172088135,1,38.0,58.0,win,0.9523809523809523,2025,3,MIN,CIN,-2.0,true,true,true,false,espn_archived_open,espn_archived_open,provider_labeled_open_close,true,espn_archived_close,,42.5,-110
moneyline,home,,-110,1.9090909090909092,0.5018846335350342,0.5238095238095238,0.5,0.001884633535034208,-0.041856608705843734,ESPN BET,2025_03_DAL_CHI,espn_archive,,401772844:58:open:moneyline,401772844,,-0.31337461998042215,50.53420124292005,1,17.0,45.0,win,0.9090909090909092,2025,3,CHI,DAL,-0.03246753246753242,true,true,true,false,espn_archived_open,espn_archived_open,provider_labeled_open_close,true,espn_archived_close,,,105
spread,away,1.5,-120,1.8333333333333335,0.542894544978237,0.5454545454545454,0.5217391304347826,0.021155414543454376,-0.00469333420656548,ESPN BET,2025_03_DAL_CHI,espn_archive,,401772844:58:open:spread,401772844,,-0.31337461998042215,50.53420124292005,1,17.0,45.0,loss,-1.0,2025,3,CHI,DAL,3.0,true,true,true,false,espn_archived_open,espn_archived_open,provider_labeled_open_close,true,espn_archived_close,,-1.5,-110
total,over,49.5,100,2.0,0.5480696250977118,0.5,0.4782608695652174,0.06980875553249444,0.09613925019542369,ESPN BET,2025_03_DAL_CHI,espn_archive,,401772844:58:open:total,401772844,,-0.31337461998042215,50.53420124292005,1,17.0,45.0,loss,-1.0,2025,3,CHI,DAL,1.0,true,true,true,false,espn_archived_open,espn_archived_open,provider_labeled_open_close,true,espn_archived_close,,50.5,100
moneyline,home,,-140,1.7142857142857144,0.5816647301013906,0.5833333333333333,0.5620437956204379,0.0196209344809527,-0.0028604626833302893,ESPN BET,2025_03_DEN_LAC,espn_archive,,401772735:58:open:moneyline,401772735,,2.373486485600697,43.63461150925541,1,3.0,43.0,win,0.7142857142857144,2025,3,LAC,DEN,0.026167750604834672,true,true,true,false,espn_archived_open,espn_archived_open,provider_labeled_open_close,true,espn_archived_close,,,-155
spread,away,2.5,-105,1.9523809523809523,0.4925271333834445,0.5121951219512195,0.4891657638136511,0.003361369569793382,-0.03839940625137028,ESPN BET,2025_03_DEN_LAC,espn_archive,,401772735:58:open:spread,401772735,,2.373486485600697,43.63461150925541,1,3.0,43.0,loss,-1.0,2025,3,LAC,DEN,0.0,true,true,true,false,espn_archived_open,espn_archived_open,provider_labeled_open_close,true,espn_archived_close,,2.5,105
total,under,46.5,-115,1.8695652173913042,0.5681784011082653,0.5348837209302326,0.5108342361863489,0.05734416492191641,0.062246575985017705,ESPN BET,2025_03_DEN_LAC,espn_archive,,401772735:58:open:total,401772735,,2.373486485600697,43.63461150925541,1,3.0,43.0,win,0.8695652173913042,2025,3,LAC,DEN,1.0,true,true,true,false,espn_archived_open,espn_archived_open,provider_labeled_open_close,true,espn_archived_close,,45.5,-110
moneyline,away,,225,3.25,0.4420329187697788,0.3076923076923077,0.29556650246305427,0.14646641630672452,0.43660698600178116,ESPN BET,2025_03_DET_BAL,espn_archive,,401772812:58:open:moneyline,401772812,,1.5686543194250326,53.32909114692018,1,-8.0,68.0,win,2.25,2025,3,BAL,DET,0.025188214518077845,true,true,true,false,espn_archived_open,espn_archived_open,provider_labeled_open_close,true,espn_archived_close,,,200
spread,away,5.5,-105,1.9523809523809523,0.6050767136231834,0.5121951219512195,0.4891657638136511,0.11591094980953226,0.1813402504071675,ESPN BET,2025_03_DET_BAL,espn_archive,,401772812:58:open:spread,401772812,,1.5686543194250326,53.32909114692018,1,-8.0,68.0,win,0.9523809523809523,2025,3,BAL,DET,1.0,true,true,true,false,espn_archived_open,espn_archived_open,provider_labeled_open_close,true,espn_archived_close,,4.5,-105
total,over,52.5,100,2.0,0.5419706290460511,0.5,0.4782608695652174,0.06370975948083368,0.08394125809210218,ESPN BET,2025_03_DET_BAL,espn_archive,,401772812:58:open:total,401772812,,1.5686543194250326,53.32909114692018,1,-8.0,68.0,win,1.0,2025,3,BAL,DET,1.0,true,true,true,false,espn_archived_open,espn_archived_open,provider_labeled_open_close,true,espn_archived_close,,53.5,-110
moneyline,home,,300,4.0,0.37144016784337464,0.25,0.23809523809523808,0.13334492974813655,0.48576067137349854,ESPN BET,2025_03_GB_CLE,espn_archive,,401772842:58:open:moneyline,401772842,,-4.752111226390323,43.830122386369055,1,3.0,23.0,win,3.0,2025,3,CLE,GB,-0.010822510822510845,true,true,true,false,espn_archived_open,espn_archived_open,provider_labeled_open_close,true,espn_archived_close,,,320
spread,home,7.5,-105,1.9523809523809523,0.5925938709503646,0.5121951219512195,0.4891657638136511,0.10342810713671352,0.15696898614118804,ESPN BET,2025_03_GB_CLE,espn_archive,,401772842:58:open:spread,401772842,,-4.752111226390323,43.830122386369055,1,3.0,23.0,win,0.9523809523809523,2025,3,CLE,GB,0.0,true,true,true,false,espn_archived_open,espn_archived_open,provider_labeled_open_close,true,espn_archived_close,,7.5,-120
total,over,43.5,100,2.0,0.5270952053807212,0.5,0.4782608695652174,0.04883433581550378,0.054190410761442376,ESPN BET,2025_03_GB_CLE,espn_archive,,401772842:58:open:total,401772842,,-4.752111226390323,43.830122386369055,1,3.0,23.0,loss,-1.0,2025,3,CLE,GB,-3.0,true,true,true,false,espn_archived_open,espn_archived_open,provider_labeled_open_close,true,espn_archived_close,,40.5,-115
moneyline,home,,-125,1.8,0.5610822337114726,0.5555555555555556,0.5324675324675325,0.028614701243940055,0.009948020680650593,ESPN BET,2025_03_HOU_JAX,espn_archive,,401772734:58:open:moneyline,401772734,,1.6739867077224737,42.77881166964167,1,7.0,27.0,win,0.8,2025,3,JAX,HOU,0.0,true,true,true,false,espn_archived_open,espn_archived_open,provider_labeled_open_close,true,espn_archived_close,,,-125
spread,home,-1.5,-110,1.9090909090909092,0.5164560289813835,0.5238095238095238,0.5,0.01645602898138354,-0.014038490126449532,ESPN BET,2025_03_HOU_JAX,espn_archive,,401772734:58:open:spread,401772734,,1.6739867077224737,42.77881166964167,1,7.0,27.0,win,0.9090909090909092,2025,3,JAX,HOU,0.0,true,true,true,false,espn_archived_open,espn_archived_open,provider_labeled_open_close,true,espn_archived_close,,-1.5,-105
total,under,43.5,-105,1.9523809523809523,0.5043456710726779,0.5121951219512195,0.4891657638136511,0.015179907259026792,-0.015325118381914526,ESPN BET,2025_03_HOU_JAX,espn_archive,,401772734:58:open:total,401772734,,1.6739867077224737,42.77881166964167,1,7.0,27.0,win,0.9523809523809523,2025,3,JAX,HOU,1.0,true,true,true,false,espn_archived_open,espn_archived_open,provider_labeled_open_close,true,espn_archived_close,,42.5,-105
moneyline,home,,145,2.45,0.43488149766255635,0.4081632653061224,0.3932993445010925,0.04158215316146385,0.06545966927326319,ESPN BET,2025_03_IND_TEN,espn_archive,,401772733:58:open:moneyline,401772733,,-2.5634340714038935,45.968396681444844,1,-21.0,61.0,loss,-1.0,2025,3,TEN,IND,-0.08218823338998144,true,true,true,false,espn_archived_open,espn_archived_open,provider_labeled_open_close,true,espn_archived_close,,,210
spread,home,3.5,-125,1.8,0.5392046880948879,0.5555555555555556,0.5324675324675325,0.006737155627355329,-0.02943156142920178,ESPN BET,2025_03_IND_TEN,espn_archive,,401772733:58:open:spread,401772733,,-2.5634340714038935,45.968396681444844,1,-21.0,61.0,loss,-1.0,2025,3,TEN,IND,-2.0,true,true,true,false,espn_archived_open,espn_archived_open,provider_labeled_open_close,true,espn_archived_close,,5.5,-105
total,over,43.5,-120,1.8333333333333335,0.5903209219951687,0.5454545454545454,0.5217391304347826,0.06858179156038613,0.08225502365780946,ESPN BET,2025_03_IND_TEN,espn_archive,,401772733:58:open:total,401772733,,-2.5634340714038935,45.968396681444844,1,-21.0,61.0,win,0.8333333333333335,2025,3,TEN,IND,-1.0,true,true,true,false,espn_archived_open,espn_archived_open,provider_labeled_open_close,true,espn_archived_close,,42.5,-105
moneyline,home,,240,3.4,0.4828820245619624,0.29411764705882354,0.28343023255813954,0.19945179200382285,0.641798883510672,ESPN BET,2025_03_KC_NYG,espn_archive,,401772920:58:open:moneyline,401772920,,-0.9489169512710021,44.957042734449566,1,-13.0,31.0,loss,-1.0,2025,3,NYG,KC,0.00798081038664572,true,true,true,false,espn_archived_open,espn_archived_open,provider_labeled_open_close,true,espn_archived_close,,,230
spread,home,6.5,-115,1.8695652173913042,0.6716138313044065,0.5348837209302326,0.5108342361863489,0.16077959511805762,0.25562585852562947,ESPN BET,2025_03_KC_NYG,espn_archive,,401772920:58:open:spread,401772920,,-0.9489169512710021,44.957042734449566,1,-13.0,31.0,loss,-1.0,2025,3,NYG,KC,1.0,true,true,true,false,espn_archived_open,espn_archived_open,provider_labeled_open_close,true,espn_archived_close,,5.5,100
total,over,42.5,-120,1.8333333333333335,0.5899898541626005,0.5454545454545454,0.5217391304347826,0.06825072372781793,0.08164806596476781,ESPN BET,2025_03_KC_NYG,espn_archive,,401772920:58:open:total,401772920,,-0.9489169512710021,44.957042734449566,1,-13.0,31.0,loss,-1.0,2025,3,NYG,KC,2.0,true,true,true,false,espn_archived_open,espn_archived_open,provider_labeled_open_close,true,espn_archived_close,,44.5,-105
moneyline,away,,165,2.65,0.4212139665174699,0.37735849056603776,0.36341238065906994,0.05780158585839995,0.11621701127129525,ESPN BET,2025_03_LA_PHI,espn_archive,,401772839:58:open:moneyline,401772839,,2.2752416556255106,43.18244689715617,1,7.0,59.0,loss,-1.0,2025,3,PHI,LA,-0.006269523516212794,true,true,true,false,espn_archived_open,espn_archived_open,provider_labeled_open_close,true,espn_archived_close,,,170
spread,away,3.5,-110,1.9090909090909092,0.525356031517524,0.5238095238095238,0.5,0.02535603151752397,0.002952423806182214,ESPN BET,2025_03_LA_PHI,espn_archive,,401772839:58:open:spread,401772839,,2.2752416556255106,43.18244689715617,1,7.0,59.0,loss,-1.0,2025,3,PHI,LA,0.0,true,true,true,false,espn_archived_open,espn_archived_open,provider_labeled_open_close,true,espn_archived_close,,3.5,100
total,under,45.5,-110,1.9090909090909092,0.551971149350599,0.5238095238095238,0.5,0.05197114935059899,0.05376310330568912,ESPN BET,2025_03_LA_PHI,espn_archive,,401772839:58:open:total,401772839,,2.2752416556255106,43.18244689715617,1,7.0,59.0,loss,-1.0,2025,3,PHI,LA,0.0,true,true,true,false,espn_archived_open,espn_archived_open,provider_labeled_open_close,true,espn_archived_close,,45.5,-110
moneyline,away,,240,3.4,0.3652814221183873,0.29411764705882354,0.28343023255813954,0.08185118956024778,0.24195683520251676,ESPN BET,2025_03_LV_WAS,espn_archive,,401772841:58:open:moneyline,401772841,,4.21723121260775,42.21130212082503,1,17.0,65.0,loss,-1.0,2025,3,WAS,LV,0.13673783466875117,true,true,true,false,espn_archived_open,espn_archived_open,provider_labeled_open_close,true,espn_archived_close,,,130
spread,away,6.5,-115,1.8695652173913042,0.5568227174781816,0.5348837209302326,0.5108342361863489,0.04598848129183264,0.0410163848505134,ESPN BET,2025_03_LV_WAS,espn_archive,,401772841:58:open:spread,401772841,,4.21723121260775,42.21130212082503,1,17.0,65.0,loss,-1.0,2025,3,WAS,LV,4.0,true,true,true,false,espn_archived_open,espn_archived_open,provider_labeled_open_close,true,espn_archived_close,,2.5,105
total,under,47.5,-110,1.9090909090909092,0.6381509503620844,0.5238095238095238,0.5,0.13815095036208436,0.21828817796397937,ESPN BET,2025_03_LV_WAS,espn_archive,,401772841:58:open:total,401772841,,4.21723121260775,42.21130212082503,1,17.0,65.0,loss,-1.0,2025,3,WAS,LV,3.0,true,true,true,false,espn_archived_open,espn_archived_open,provider_labeled_open_close,true,espn_archived_close,,44.5,-115
moneyline,away,,360,4.6,0.2738589327773109,0.2173913043478261,0.20689655172413796,0.06696238105317293,0.25975109077562997,ESPN BET,2025_03_MIA_BUF,espn_archive,,401772937:58:open:moneyline,401772937,,7.642754786807803,48.97887281930129,1,10.0,52.0,loss,-1.0,2025,3,BUF,MIA,-0.042247641312515655,true,true,true,false,espn_archived_open,espn_archived_open,provider_labeled_open_close,true,espn_archived_close,,,475
spread,away,10.5,-110,1.9090909090909092,0.5737721796978419,0.5238095238095238,0.5,0.07377217969784189,0.09538325215042542,ESPN BET,2025_03_MIA_BUF,espn_archive,,401772937:58:open:spread,401772937,,7.642754786807803,48.97887281930129,1,10.0,52.0,win,0.9090909090909092,2025,3,BUF,MIA,-1.0,true,true,true,false,espn_archived_open,espn_archived_open,provider_labeled_open_close,true,espn_archived_close,,11.5,-110
total,over,48.5,-115,1.8695652173913042,0.5315347067255101,0.5348837209302326,0.5108342361863489,0.02070047053916113,-0.006261200469698691,ESPN BET,2025_03_MIA_BUF,espn_archive,,401772937:58:open:total,401772937,,7.642754786807803,48.97887281930129,1,10.0,52.0,win,0.8695652173913042,2025,3,BUF,MIA,2.0,true,true,true,false,espn_archived_open,espn_archived_open,provider_labeled_open_close,true,espn_archived_close,,50.5,-115
moneyline,away,,300,4.0,0.36429711019019684,0.25,0.23809523809523808,0.12620187209495876,0.45718844076078735,ESPN BET,2025_03_NO_SEA,espn_archive,,401772736:58:open:moneyline,401772736,,4.252168787419727,43.04080174235719,1,31.0,57.0,loss,-1.0,2025,3,SEA,NO,0.013545899760341762,true,true,true,false,espn_archived_open,espn_archived_open,provider_labeled_open_close,true,espn_archived_close,,,280
spread,away,7.5,-115,1.8695652173913042,0.5852207266110496,0.5348837209302326,0.5108342361863489,0.07438649042470069,0.09410831496848404,ESPN BET,2025_03_NO_SEA,espn_archive,,401772736:58:open:spread,401772736,,4.252168787419727,43.04080174235719,1,31.0,57.0,loss,-1.0,2025,3,SEA,NO,1.0,true,true,true,false,espn_archived_open,espn_archived_open,provider_labeled_open_close,true,espn_archived_close,,6.5,100
total,over,42.5,-115,1.8695652173913042,0.5333818703650616,0.5348837209302326,0.5108342361863489,0.02254763417871264,-0.002807807578363186,ESPN BET,2025_03_NO_SEA,espn_archive,,401772736:58:open:total,401772736,,4.252168787419727,43.04080174235719,1,31.0,57.0,win,0.8695652173913042,2025,3,SEA,NO,-1.0,true,true,true,false,espn_archived_open,espn_archived_open,provider_labeled_open_close,true,espn_archived_close,,41.5,-110
moneyline,away,,260,3.6,0.3208815988879883,0.2777777777777778,0.267175572519084,0.05370602636890426,0.15517375599675787,ESPN BET,2025_03_NYJ_TB,espn_archive,,401772840:58:open:moneyline,401772840,,5.829348502697677,46.76377789990074,1,2.0,56.0,loss,-1.0,2025,3,TB,NYJ,0.016254660039055513,true,true,true,false,espn_archived_open,espn_archived_open,provider_labeled_open_close,true,espn_archived_close,,,240
spread,away,6.5,-110,1.9090909090909092,0.5088001230269042,0.5238095238095238,0.5,0.00880012302690425,-0.028654310585000897,ESPN BET,2025_03_NYJ_TB,espn_archive,,401772840:58:open:spread,401772840,,5.829348502697677,46.76377789990074,1,2.0,56.0,win,0.9090909090909092,2025,3,TB,NYJ,0.0,true,true,true,false,espn_archived_open,espn_archived_open,provider_labeled_open_close,true,espn_archived_close,,6.5,-120
total,over,44.5,-110,1.9090909090909092,0.5843448233265822,0.5238095238095238,0.5,0.08434482332658222,0.11556738998711147,ESPN BET,2025_03_NYJ_TB,espn_archive,,401772840:58:open:total,401772840,,5.829348502697677,46.76377789990074,1,2.0,56.0,win,0.9090909090909092,2025,3,TB,NYJ,-2.0,true,true,true,false,espn_archived_open,espn_archived_open,provider_labeled_open_close,true,espn_archived_close,,42.5,-115
moneyline,home,,100,2.0,0.5391916109978494,0.5,0.4782608695652174,0.060930741432631996,0.0783832219956988,ESPN BET,2025_03_PIT_NE,espn_archive,,401772732:58:open:moneyline,401772732,,0.9361265635942146,46.950802463030634,1,-7.0,35.0,loss,-1.0,2025,3,NE,PIT,0.021739130434782594,true,true,true,false,espn_archived_open,espn_archived_open,provider_labeled_open_close,true,espn_archived_close,,,-110
spread,home,1.5,-115,1.8695652173913042,0.583497892141901,0.5348837209302326,0.5108342361863489,0.07266365595555202,0.09088736356964078,ESPN BET,2025_03_PIT_NE,espn_archive,,401772732:58:open:spread,401772732,,0.9361265635942146,46.950802463030634,1,-7.0,35.0,loss,-1.0,2025,3,NE,PIT,0.0,true,true,true,false,espn_archived_open,espn_archived_open,provider_labeled_open_close,true,espn_archived_close,,1.5,-125
total,over,44.5,-105,1.9523809523809523,0.5898078678001101,0.5121951219512195,0.4891657638136511,0.10064210398645895,0.1515296466573577,ESPN BET,2025_03_PIT_NE,espn_archive,,401772732:58:open:total,401772732,,0.9361265635942146,46.950802463030634,1,-7.0,35.0,loss,-1.0,2025,3,NE,PIT,0.0,true,true,true,false,espn_archived_open,espn_archived_open,provider_labeled_open_close,true,espn_archived_close,,44.5,100
moneyline,home,,125,2.25,0.5559413177917404,0.4444444444444444,0.42888402625820565,0.12705729153353473,0.25086796503141584,ESPN BET,2025_04_BAL_KC,espn_archive,,401772741:58:open:moneyline,401772741,,1.3629674488103873,49.8265847462929,1,17.0,57.0,win,1.25,2025,4,KC,BAL,0.0,true,true,true,false,espn_archived_open,espn_archived_open,provider_labeled_open_close,true,espn_archived_close,,,125
spread,home,2.5,105,2.05,0.6281015461230114,0.48780487804878053,0.4675324675324676,0.1605690785905438,0.2876081695521733,ESPN BET,2025_04_BAL_KC,espn_archive,,401772741:58:open:spread,401772741,,1.3629674488103873,49.8265847462929,1,17.0,57.0,win,1.0499999999999998,2025,4,KC,BAL,0.0,true,true,true,false,espn_archived_open,espn_archived_open,provider_labeled_open_close,true,espn_archived_close,,2.5,105
total,over,48.5,-110,1.9090909090909092,0.556719466260188,0.5238095238095238,0.5,0.05671946626018798,0.06282807195126794,ESPN BET,2025_04_BAL_KC,espn_archive,,401772741:58:open:total,401772741,,1.3629674488103873,49.8265847462929,1,17.0,57.0,win,0.9090909090909092,2025,4,KC,BAL,1.0,true,true,true,false,espn_archived_open,espn_archived_open,provider_labeled_open_close,true,espn_archived_close,,49.5,-105
moneyline,away,,175,2.75,0.44792025024515314,0.36363636363636365,0.34929577464788736,0.09862447559726578,0.23178068817417108,ESPN BET,2025_04_CAR_NE,espn_archive,,401772847:58:open:moneyline,401772847,,1.2317612908135693,43.92808098596106,1,29.0,55.0,loss,-1.0,2025,4,NE,CAR,-0.028541057666755243,true,true,true,false,espn_archived_open,espn_archived_open,provider_labeled_open_close,true,espn_archived_close,,,200
spread,away,4.5,-110,1.9090909090909092,0.5808776011376044,0.5238095238095238,0.5,0.08087760113760445,0.10894814762633587,ESPN BET,2025_04_CAR_NE,espn_archive,,401772847:58:open:spread,401772847,,1.2317612908135693,43.92808098596106,1,29.0,55.0,loss,-1.0,2025,4,NE,CAR,1.5,true,true,true,false,espn_archived_open,espn_archived_open,provider_labeled_open_close,true,espn_archived_close,,3.0,135
total,over,44.5,100,2.0,0.5001648742535292,0.5,0.4782608695652174,0.021904004688311773,0.00032974850705835834,ESPN BET,2025_04_CAR_NE,espn_archive,,401772847:58:open:total,401772847,,1.2317612908135693,43.92808098596106,1,29.0,55.0,win,1.0,2025,4,NE,CAR,-2.0,true,true,true,false,espn_archived_open,espn_archived_open,provider_labeled_open_close,true,espn_archived_close,,42.5,-105
moneyline,home,,-110,1.9090909090909092,0.5780826842735768,0.5238095238095238,0.5,0.07808268427357679,0.10361239724955573,ESPN BET,2025_04_CHI_LV,espn_archive,,401772742:58:open:moneyline,401772742,,2.1191635282871637,46.153025546284,1,-1.0,49.0,loss,-1.0,2025,4,LV,CHI,0.062043795620437936,true,true,true,false,espn_archived_open,espn_archived_open,provider_labeled_open_close,true,espn_archived_close,,,-140
spread,home,1.5,-120,1.8333333333333335,0.6212161888573786,0.5454545454545454,0.5217391304347826,0.09947705842259602,0.13889634623852753,ESPN BET,2025_04_CHI_LV,espn_archive,,401772742:58:open:spread,401772742,,2.1191635282871637,46.153025546284,1,-1.0,49.0,win,0.8333333333333335,2025,4,LV,CHI,4.0,true,true,true,false,espn_archived_open,espn_archived_open,provider_labeled_open_close,true,espn_archived_close,,-2.5,-115
total,under,47.5,-120,1.8333333333333335,0.5229891062414022,0.5454545454545454,0.5217391304347826,0.0012499758066195632,-0.04118663855742932,ESPN BET,2025_04_CHI_LV,espn_archive,,401772742:58:open:total,401772742,,2.1191635282871637,46.153025546284,1,-1.0,49.0,loss,-1.0,2025,4,LV,CHI,1.0,true,true,true,false,espn_archived_open,espn_archived_open,provider_labeled_open_close,true,espn_archived_close,,46.5,105
moneyline,away,,280,3.8,0.3014592834950264,0.2631578947368421,0.25164113785557984,0.04981814563944653,0.14554527728110012,ESPN BET,2025_04_CIN_DEN,espn_archive,,401772716:58:open:moneyline,401772716,,6.460151497528834,47.259704727737805,1,25.0,31.0,loss,-1.0,2025,4,DEN,CIN,-0.024368410582852607,true,true,true,false,espn_archived_open,espn_archived_open,provider_labeled_open_close,true,espn_archived_close,,,320
spread,home,-7.5,105,2.05,0.4847562337196827,0.48780487804878053,0.4675324675324676,0.017223766187215106,-0.006249720874650588,ESPN BET,2025_04_CIN_DEN,espn_archive,,401772716:58:open:spread,401772716,,6.460151497528834,47.259704727737805,1,25.0,31.0,win,1.0499999999999998,2025,4,DEN,CIN,0.0,true,true,true,false,espn_archived_open,espn_archived_open,provider_labeled_open_close,true,espn_archived_close,,-7.5,100
total,over,44.5,-110,1.9090909090909092,0.5987188057273813,0.5238095238095238,0.5,0.09871880572738134,0.14300862911590984,ESPN BET,2025_04_CIN_DEN,espn_archive,,401772716:58:open:total,401772716,,6.460151497528834,47.259704727737805,1,25.0,31.0,loss,-1.0,2025,4,DEN,CIN,0.0,true,true,true,false,espn_archived_open,espn_archived_open,provider_labeled_open_close,true,espn_archived_close,,44.5,-110
moneyline,away,,360,4.6,0.21168138265298442,0.2173913043478261,0.20689655172413796,0.004784830928846462,-0.026265639796271723,ESPN BET,2025_04_CLE_DET,espn_archive,,401772846:58:open:moneyline,401772846,,10.2259843362455,46.79339532546345,1,24.0,44.0,loss,-1.0,2025,4,DET,CLE,-0.017707362534948756,true,true,true,false,espn_archived_open,espn_archived_open,provider_labeled_open_close,true,espn_archived_close,,,400
spread,home,-8.5,-110,1.9090909090909092,0.5665966361356048,0.5238095238095238,0.5,0.06659663613560485,0.08168448716797294,ESPN BET,2025_04_CLE_DET,espn_archive,,401772846:58:open:spread,401772846,,10.2259843362455,46.79339532546345,1,24.0,44.0,win,0.9090909090909092,2025,4,DET,CLE,2.0,true,true,true,false,espn_archived_open,espn_archived_open,provider_labeled_open_close,true,espn_archived_close,,-10.5,105
total,over,45.5,-115,1.8695652173913042,0.5557372913322176,0.5348837209302326,0.5108342361863489,0.044903055145868676,0.03898710988197207,ESPN BET,2025_04_CLE_DET,espn_archive,,401772846:58:open:total,401772846,,10.2259843362455,46.79339532546345,1,24.0,44.0,loss,-1.0,2025,4,DET,CLE,-1.0,true,true,true,false,espn_archived_open,espn_archived_open,provider_labeled_open_close,true,espn_archived_close,,44.5,-110
moneyline,home,,250,3.5,0.45088952294243123,0.2857142857142857,0.27586206896551724,0.175027453976914,0.5781133302985093,ESPN BET,2025_04_GB_DAL,espn_archive,,401772921:58:open:moneyline,401772921,,-2.1840589531835946,45.994500632097456,1,0.0,80.0,push,0.0,2025,4,DAL,GB,0.0,true,true,true,false,espn_archived_open,espn_archived_open,provider_labeled_open_close,true,espn_archived_close,,,250
spread,home,6.5,-110,1.9090909090909092,0.6407844908894403,0.5238095238095238,0.5,0.14078449088944034,0.223315846243477,ESPN BET,2025_04_GB_DAL,espn_archive,,401772921:58:open:spread,401772921,,-2.1840589531835946,45.994500632097456,1,0.0,80.0,win,0.9090909090909092,2025,4,DAL,GB,0.0,true,true,true,false,espn_archived_open,espn_archived_open,provider_labeled_open_close,true,espn_archived_close,,6.5,-115
total,under,48.5,-110,1.9090909090909092,0.5574308033116318,0.5238095238095238,0.5,0.05743080331163175,0.06418607904947882,ESPN BET,2025_04_GB_DAL,espn_archive,,401772921:58:open:total,401772921,,-2.1840589531835946,45.994500632097456,1,0.0,80.0,loss,-1.0,2025,4,DAL,GB,2.0,true,true,true,false,espn_archived_open,espn_archived_open,provider_labeled_open_close,true,espn_archived_close,,46.5,-105
moneyline,away,,145,2.45,0.45356443225586673,0.4081632653061224,0.3932993445010925,0.06026508775477424,0.11123285902687363,ESPN BET,2025_04_IND_LA,espn_archive,,401772849:58:open:moneyline,401772849,,1.0402844311606927,47.58232918447944,1,7.0,47.0,loss,-1.0,2025,4,LA,IND,-0.023401385317419143,true,true,true,false,espn_archived_open,espn_archived_open,provider_labeled_open_close,true,espn_archived_close,,,160
spread,away,3.5,-125,1.8,0.5572256258154524,0.5555555555555556,0.5324675324675325,0.024758093347919896,0.003006126467814507,ESPN BET,2025_04_IND_LA,espn_archive,,401772849:58:open:spread,401772849,,1.0402844311606927,47.58232918447944,1,7.0,47.0,loss,-1.0,2025,4,LA,IND,0.0,true,true,true,false,espn_archived_open,espn_archived_open,provider_labeled_open_close,true,espn_archived_close,,3.5,-115
total,over,48.5,-105,1.9523809523809523,0.48983131534942626,0.5121951219512195,0.4891657638136511,0.0006655515357751329,-0.04366267003207258,ESPN BET,2025_04_IND_LA,espn_archive,,401772849:58:open:total,401772849,,1.0402844311606927,47.58232918447944,1,7.0,47.0,loss,-1.0,2025,4,LA,IND,1.0,true,true,true,false,espn_archived_open,espn_archived_open,provider_labeled_open_close,true,espn_archived_close,,49.5,-105
moneyline,away,,165,2.65,0.38356135900481303,0.37735849056603776,0.36341238065906994,0.020148978345743085,0.016437601362754517,ESPN BET,2025_04_JAX_SF,espn_archive,,401772848:58:open:moneyline,401772848,,3.4507991937328306,42.715842462147535,1,-5.0,47.0,win,1.65,2025,4,SF,JAX,0.02988696384202255,true,true,true,false,espn_archived_open,espn_archived_open,provider_labeled_open_close,true,espn_archived_close,,,145
spread,home,-4.5,100,2.0,0.4844786388456327,0.5,0.4782608695652174,0.006217769280415286,-0.031042722308734616,ESPN BET,2025_04_JAX_SF,espn_archive,,401772848:58:open:spread,401772848,,3.4507991937328306,42.715842462147535,1,-5.0,47.0,loss,-1.0,2025,4,SF,JAX,-1.0,true,true,true,false,espn_archived_open,espn_archived_open,provider_labeled_open_close,true,espn_archived_close,,-3.5,112
total,under,45.5,-105,1.9523809523809523,0.5656605365736586,0.5121951219512195,0.4891657638136511,0.07649477276000743,0.10438485712000012,ESPN BET,2025_04_JAX_SF,espn_archive,,401772848:58:open:total,401772848,,3.4507991937328306,42.715842462147535,1,-5.0,47.0,loss,-1.0,2025,4,SF,JAX,-1.0,true,true,true,false,espn_archived_open,espn_archived_open,provider_labeled_open_close,true,espn_archived_close,,46.5,-115
moneyline,home,,215,3.15,0.4392191377066944,0.31746031746031744,0.3053435114503817,0.13387562625631272,0.3835402837760873,ESPN BET,2025_04_LAC_NYG,espn_archive,,401772737:58:open:moneyline,401772737,,-2.580730528453657,43.05179250079122,1,3.0,39.0,win,2.15,2025,4,NYG,LAC,-0.00550558600467671,true,true,true,false,espn_archived_open,espn_archived_open,provider_labeled_open_close,true,espn_archived_close,,,220
spread,home,5.5,-105,1.9523809523809523,0.6012424922752826,0.5121951219512195,0.4891657638136511,0.11207672846163147,0.17385438968031353,ESPN BET,2025_04_LAC_NYG,espn_archive,,401772737:58:open:spread,401772737,,-2.580730528453657,43.05179250079122,1,3.0,39.0,win,0.9523809523809523,2025,4,NYG,LAC,0.0,true,true,true,false,espn_archived_open,espn_archived_open,provider_labeled_open_close,true,espn_archived_close,,5.5,100
total,under,45.5,-120,1.8333333333333335,0.5557355813197424,0.5454545454545454,0.5217391304347826,0.03399645088495984,0.0188485657528612,ESPN BET,2025_04_LAC_NYG,espn_archive,,401772737:58:open:total,401772737,,-2.580730528453657,43.05179250079122,1,3.0,39.0,win,0.8333333333333335,2025,4,NYG,LAC,2.0,true,true,true,false,espn_archived_open,espn_archived_open,provider_labeled_open_close,true,espn_archived_close,,43.5,-115
moneyline,home,,110,2.1,0.532133560465813,0.47619047619047616,0.4572564612326044,0.07487709923320857,0.11748047697820718,ESPN BET,2025_04_MIN_PIT,espn_archive,,401772632:58:open:moneyline,401772632,,0.5564268675050066,46.096243749123374,1,3.0,45.0,win,1.1,2025,4,PIT,MIN,-0.009850464088387356,true,true,true,false,espn_archived_open,espn_archived_open,provider_labeled_open_close,true,espn_archived_close,,,115
spread,home,1.5,-105,1.9523809523809523,0.5762541251524094,0.5121951219512195,0.4891657638136511,0.08708836133875825,0.1250675776785135,ESPN BET,2025_04_MIN_PIT,espn_archive,,401772632:58:open:spread,401772632,,0.5564268675050066,46.096243749123374,1,3.0,45.0,win,0.9523809523809523,2025,4,PIT,MIN,-1.0,true,true,true,false,espn_archived_open,espn_archived_open,provider_labeled_open_close,true,espn_archived_close,,2.5,-115
total,over,41.5,-110,1.9090909090909092,0.6508563100905016,0.5238095238095238,0.5,0.1508563100905016,0.2425438647182303,ESPN BET,2025_04_MIN_PIT,espn_archive,,401772632:58:open:total,401772632,,0.5564268675050066,46.096243749123374,1,3.0,45.0,win,0.9090909090909092,2025,4,PIT,MIN,0.0,true,true,true,false,espn_archived_open,espn_archived_open,provider_labeled_open_close,true,espn_archived_close,,41.5,-115
moneyline,away,,800,9.0,0.22124840200239493,0.1111111111111111,0.10559006211180123,0.1156583398905937,0.9912356180215545,ESPN BET,2025_04_NO_BUF,espn_archive,,401772740:58:open:moneyline,401772740,,9.787919272636326,48.92386585244196,1,12.0,50.0,loss,-1.0,2025,4,BUF,NO,0.0,true,true,true,false,espn_archived_open,espn_archived_open,provider_labeled_open_close,true,espn_archived_close,,,800
spread,away,14.5,-110,1.9090909090909092,0.6223441921928583,0.5238095238095238,0.5,0.1223441921928583,0.18811163964091127,ESPN BET,2025_04_NO_BUF,espn_archive,,401772740:58:open:spread,401772740,,9.787919272636326,48.92386585244196,1,12.0,50.0,win,0.9090909090909092,2025,4,BUF,NO,0.0,true,true,true,false,espn_archived_open,espn_archived_open,provider_labeled_open_close,true,espn_archived_close,,14.5,-115
total,over,48.5,-110,1.9090909090909092,0.5299012327927559,0.5238095238095238,0.5,0.029901232792755916,0.01162962624071584,ESPN BET,2025_04_NO_BUF,espn_archive,,401772740:58:open:total,401772740,,9.787919272636326,48.92386585244196,1,12.0,50.0,win,0.9090909090909092,2025,4,BUF,NO,0.0,true,true,true,false,espn_archived_open,espn_archived_open,provider_labeled_open_close,true,espn_archived_close,,48.5,-105
moneyline,home,,-140,1.7142857142857144,0.5795197098051641,0.5833333333333333,0.5620437956204379,0.01747591418472616,-0.00653764033400428,ESPN BET,2025_04_NYJ_MIA,espn_archive,,401772813:58:open:moneyline,401772813,,2.1685074035195626,47.54601248735434,1,6.0,48.0,win,0.7142857142857144,2025,4,MIA,NYJ,0.017788137152671246,true,true,true,false,espn_archived_open,espn_archived_open,provider_labeled_open_close,true,espn_archived_close,,,-150
spread,away,2.5,-105,1.9523809523809523,0.4942066331908555,0.5121951219512195,0.4891657638136511,0.005040869377204382,-0.03512038281785357,ESPN BET,2025_04_NYJ_MIA,espn_archive,,401772813:58:open:spread,401772813,,2.1685074035195626,47.54601248735434,1,6.0,48.0,loss,-1.0,2025,4,MIA,NYJ,0.0,true,true,true,false,espn_archived_open,espn_archived_open,provider_labeled_open_close,true,espn_archived_close,,2.5,105
total,over,44.5,-105,1.9523809523809523,0.6069904575646872,0.5121951219512195,0.4891657638136511,0.11782469375103605,0.18507660762629397,ESPN BET,2025_04_NYJ_MIA,espn_archive,,401772813:58:open:total,401772813,,2.1685074035195626,47.54601248735434,1,6.0,48.0,win,0.9523809523809523,2025,4,MIA,NYJ,-1.0,true,true,true,false,espn_archived_open,espn_archived_open,provider_labeled_open_close,true,espn_archived_close,,43.5,-110
moneyline,home,,135,2.35,0.5763481579586351,0.425531914893617,0.4117884537747275,0.16455970418390764,0.35441817120279273,ESPN BET,2025_04_PHI_TB,espn_archive,,401772845:58:open:moneyline,401772845,,2.059651685288518,47.185974588622244,1,-6.0,56.0,loss,-1.0,2025,4,TB,PHI,-0.025823541494025715,true,true,true,false,espn_archived_open,espn_archived_open,provider_labeled_open_close,true,espn_archived_close,,,150
spread,home,2.5,110,2.1,0.6475455890803237,0.47619047619047616,0.4572564612326044,0.19028912784771929,0.35984573706867984,ESPN BET,2025_04_PHI_TB,espn_archive,,401772845:58:open:spread,401772845,,2.059651685288518,47.185974588622244,1,-6.0,56.0,loss,-1.0,2025,4,TB,PHI,-1.0,true,true,true,false,espn_archived_open,espn_archived_open,provider_labeled_open_close,true,espn_archived_close,,3.5,-125
total,over,45.5,100,2.0,0.5673313403335706,0.5,0.4782608695652174,0.08907047076835317,0.13466268066714115,ESPN BET,2025_04_PHI_TB,espn_archive,,401772845:58:open:total,401772845,,2.059651685288518,47.185974588622244,1,-6.0,56.0,win,1.0,2025,4,TB,PHI,-2.0,true,true,true,false,espn_archived_open,espn_archived_open,provider_labeled_open_close,true,espn_archived_close,,43.5,-120
moneyline,home,,-125,1.8,0.5458673057543274,0.5555555555555556,0.5324675324675325,0.01339977328679487,-0.017438849642210652,ESPN BET,2025_04_SEA_ARI,espn_archive,,401772938:58:open:moneyline,401772938,,1.0210246256514566,43.747100144169615,1,-3.0,43.0,loss,-1.0,2025,4,ARI,SEA,-0.07521107123492815,true,true,true,false,espn_archived_open,espn_archived_open,provider_labeled_open_close,true,espn_archived_close,,,110
spread,home,-1.5,-110,1.9090909090909092,0.5014127298545485,0.5238095238095238,0.5,0.0014127298545485445,-0.042757515732225415,ESPN BET,2025_04_SEA_ARI,espn_archive,,401772938:58:open:spread,401772938,,1.0210246256514566,43.747100144169615,1,-3.0,43.0,loss,-1.0,2025,4,ARI,SEA,-3.0,true,true,true,false,espn_archived_open,espn_archived_open,provider_labeled_open_close,true,espn_archived_close,,1.5,-105
total,over,44.5,-105,1.9523809523809523,0.4947554352610626,0.5121951219512195,0.4891657638136511,0.0055896714474114595,-0.03404891210935401,ESPN BET,2025_04_SEA_ARI,espn_archive,,401772938:58:open:total,401772938,,1.0210246256514566,43.747100144169615,1,-3.0,43.0,loss,-1.0,2025,4,ARI,SEA,-1.0,true,true,true,false,espn_archived_open,espn_archived_open,provider_labeled_open_close,true,espn_archived_close,,43.5,-115
moneyline,away,,270,3.7,0.3003962011451269,0.27027027027027023,0.2591283863368669,0.04126781480825997,0.11146594423696943,ESPN BET,2025_04_TEN_HOU,espn_archive,,401772738:58:open:moneyline,401772738,,6.501158705601796,42.0678856520515,1,26.0,26.0,loss,-1.0,2025,4,HOU,TEN,-0.031855659064139674,true,true,true,false,espn_archived_open,espn_archived_open,provider_labeled_open_close,true,espn_archived_close,,,320
spread,away,6.5,100,2.0,0.4843293665408436,0.5,0.4782608695652174,0.00606849697562617,-0.03134126691831285,ESPN BET,2025_04_TEN_HOU,espn_archive,,401772738:58:open:spread,401772738,,6.501158705601796,42.0678856520515,1,26.0,26.0,loss,-1.0,2025,4,HOU,TEN,-1.0,true,true,true,false,espn_archived_open,espn_archived_open,provider_labeled_open_close,true,espn_archived_close,,7.5,-120
total,over,39.5,100,2.0,0.5931518994091839,0.5,0.4782608695652174,0.11489102984396649,0.18630379881836778,ESPN BET,2025_04_TEN_HOU,espn_archive,,401772738:58:open:total,401772738,,6.501158705601796,42.0678856520515,1,26.0,26.0,loss,-1.0,2025,4,HOU,TEN,0.0,true,true,true,false,espn_archived_open,espn_archived_open,provider_labeled_open_close,true,espn_archived_close,,39.5,-110
moneyline,home,,135,2.35,0.506151056589729,0.425531914893617,0.4117884537747275,0.09436260281500153,0.18945498298586316,ESPN BET,2025_04_WAS_ATL,espn_archive,,401772739:58:open:moneyline,401772739,,-0.31944946672797414,44.19149120221492,1,7.0,61.0,win,1.35,2025,4,ATL,WAS,0.15932751996706684,true,true,true,false,espn_archived_open,espn_archived_open,provider_labeled_open_close,true,espn_archived_close,,,-145
spread,home,3.5,-130,1.7692307692307692,0.6087331378219679,0.5652173913043479,0.5427435387673957,0.06598959905457225,0.07698939768502022,ESPN BET,2025_04_WAS_ATL,espn_archive,,401772739:58:open:spread,401772739,,-0.31944946672797414,44.19149120221492,1,7.0,61.0,win,0.7692307692307692,2025,4,ATL,WAS,6.0,true,true,true,false,espn_archived_open,espn_archived_open,provider_labeled_open_close,true,espn_archived_close,,-2.5,-120
total,under,46.5,-115,1.8695652173913042,0.5515977896829759,0.5348837209302326,0.5108342361863489,0.04076355349662697,0.031248041581215746,ESPN BET,2025_04_WAS_ATL,espn_archive,,401772739:58:open:total,401772739,,-0.31944946672797414,44.19149120221492,1,7.0,61.0,loss,-1.0,2025,4,ATL,WAS,2.0,true,true,true,false,espn_archived_open,espn_archived_open,provider_labeled_open_close,true,espn_archived_close,,44.5,-120
moneyline,home,,105,2.05,0.6233035813146507,0.48780487804878053,0.4675324675324676,0.1557711137821831,0.27777234169503373,ESPN BET,2025_05_DAL_NYJ,espn_archive,,401772850:58:open:moneyline,401772850,,3.5258312901473374,52.171225883427965,1,-15.0,59.0,loss,-1.0,2025,5,NYJ,DAL,0.0752110712349281,true,true,true,false,espn_archived_open,espn_archived_open,provider_labeled_open_close,true,espn_archived_close,,,-130
spread,home,1.5,-110,1.9090909090909092,0.6650350057397736,0.5238095238095238,0.5,0.1650350057397736,0.2696122836850223,ESPN BET,2025_05_DAL_NYJ,espn_archive,,401772850:58:open:spread,401772850,,3.5258312901473374,52.171225883427965,1,-15.0,59.0,loss,-1.0,2025,5,NYJ,DAL,4.0,true,true,true,false,espn_archived_open,espn_archived_open,provider_labeled_open_close,true,espn_archived_close,,-2.5,-105
total,over,44.5,-115,1.8695652173913042,0.7337677443409681,0.5348837209302326,0.5108342361863489,0.2229335081546192,0.37182665246354896,ESPN BET,2025_05_DAL_NYJ,espn_archive,,401772850:58:open:total,401772850,,3.5258312901473374,52.171225883427965,1,-15.0,59.0,win,0.8695652173913042,2025,5,NYJ,DAL,3.0,true,true,true,false,espn_archived_open,espn_archived_open,provider_labeled_open_close,true,espn_archived_close,,47.5,-105
moneyline,away,,195,2.95,0.3670763580968164,0.3389830508474576,0.32721864154685176,0.03985771654996462,0.08287525638560833,ESPN BET,2025_05_DEN_PHI,espn_archive,,401772745:58:open:moneyline,401772745,,3.8662888363956007,44.522431445139404,1,-4.0,38.0,win,1.9500000000000002,2025,5,PHI,DEN,0.0,true,true,true,false,espn_archived_open,espn_archived_open,provider_labeled_open_close,true,espn_archived_close,,,195
spread,away,5.5,-110,1.9090909090909092,0.528434840179223,0.5238095238095238,0.5,0.028434840179223042,0.008830149433062262,ESPN BET,2025_05_DEN_PHI,espn_archive,,401772745:58:open:spread,401772745,,3.8662888363956007,44.522431445139404,1,-4.0,38.0,win,0.9090909090909092,2025,5,PHI,DEN,1.0,true,true,true,false,espn_archived_open,espn_archived_open,provider_labeled_open_close,true,espn_archived_close,,4.5,-115
total,over,44.5,100,2.0,0.5197348722771444,0.5,0.4782608695652174,0.04147400271192703,0.039469744554288866,ESPN BET,2025_05_DEN_PHI,espn_archive,,401772745:58:open:total,401772745,,3.8662888363956007,44.522431445139404,1,-4.0,38.0,loss,-1.0,2025,5,PHI,DEN,0.0,true,true,true,false,espn_archived_open,espn_archived_open,provider_labeled_open_close,true,espn_archived_close,,44.5,-105
moneyline,home,,340,4.4,0.38191311136631956,0.22727272727272727,0.21739130434782608,0.16452180701849348,0.6804176900118062,ESPN BET,2025_05_DET_CIN,espn_archive,,401772854:58:open:moneyline,401772854,,-4.700275552230565,50.76850734552902,1,-13.0,61.0,loss,-1.0,2025,5,CIN,DET,-0.02820211515863688,true,true,true,false,espn_archived_open,espn_archived_open,provider_labeled_open_close,true,espn_archived_close,,,400
spread,home,8.5,-110,1.9090909090909092,0.63104911579381,0.5238095238095238,0.5,0.13104911579380996,0.20473013015181896,ESPN BET,2025_05_DET_CIN,espn_archive,,401772854:58:open:spread,401772854,,-4.700275552230565,50.76850734552902,1,-13.0,61.0,loss,-1.0,2025,5,CIN,DET,-1.0,true,true,true,false,espn_archived_open,espn_archived_open,provider_labeled_open_close,true,espn_archived_close,,9.5,100
total,over,48.5,-115,1.8695652173913042,0.5863894795307318,0.5348837209302326,0.5108342361863489,0.0755552433443829,0.09629337477484645,ESPN BET,2025_05_DET_CIN,espn_archive,,401772854:58:open:total,401772854,,-4.700275552230565,50.76850734552902,1,-13.0,61.0,win,0.8695652173913042,2025,5,CIN,DET,0.0,true,true,true,false,espn_archived_open,espn_archived_open,provider_labeled_open_close,true,espn_archived_close,,48.5,-115
moneyline,home,,-185,1.5405405405405406,0.6494973541005422,0.6491228070175439,0.6233894945490583,0.02610785955148387,0.000577004965700123,ESPN BET,2025_05_HOU_BAL,espn_archive,,401772743:58:open:moneyline,401772743,,4.459957500970564,47.124201732540484,1,-34.0,54.0,loss,-1.0,2025,5,BAL,HOU,-0.1945054682908527,true,true,true,false,espn_archived_open,espn_archived_open,provider_labeled_open_close,true,espn_archived_close,,,125
spread,home,-3.5,-110,1.9090909090909092,0.5487305628273822,0.5238095238095238,0.5,0.048730562827382196,0.04757652903409326,ESPN BET,2025_05_HOU_BAL,espn_archive,,401772743:58:open:spread,401772743,,4.459957500970564,47.124201732540484,1,-34.0,54.0,loss,-1.0,2025,5,BAL,HOU,-6.0,true,true,true,false,espn_archived_open,espn_archived_open,provider_labeled_open_close,true,espn_archived_close,,2.5,-110
total,over,43.5,-105,1.9523809523809523,0.625568595642003,0.5121951219512195,0.4891657638136511,0.13640283182835183,0.22134821053914866,ESPN BET,2025_05_HOU_BAL,espn_archive,,401772743:58:open:total,401772743,,4.459957500970564,47.124201732540484,1,-34.0,54.0,win,0.9523809523809523,2025,5,BAL,HOU,-2.0,true,true,true,false,espn_archived_open,espn_archived_open,provider_labeled_open_close,true,espn_archived_close,,41.5,-110
moneyline,home,,145,2.45,0.5848340786473962,0.4081632653061224,0.3932993445010925,0.19153473414630373,0.4328434926861209,ESPN BET,2025_05_KC_JAX,espn_archive,,401772814:58:open:moneyline,401772814,,2.1888799212522407,43.74926264040516,1,3.0,59.0,win,1.4500000000000002,2025,5,JAX,KC,-0.016688839050151005,true,true,true,false,espn_archived_open,espn_archived_open,provider_labeled_open_close,true,espn_archived_close,,,155
spread,home,2.5,110,2.1,0.6558150241527332,0.47619047619047616,0.4572564612326044,0.1985585629201288,0.37721155072073964,ESPN BET,2025_05_KC_JAX,espn_archive,,401772814:58:open:spread,401772814,,2.1888799212522407,43.74926264040516,1,3.0,59.0,win,1.1,2025,5,JAX,KC,-1.0,true,true,true,false,espn_archived_open,espn_archived_open,provider_labeled_open_close,true,espn_archived_close,,3.5,-120
total,under,45.5,-110,1.9090909090909092,0.5333742336806025,0.5238095238095238,0.5,0.03337423368060255,0.018259900662968453,ESPN BET,2025_05_KC_JAX,espn_archive,,401772814:58:open:total,401772814,,2.1888799212522407,43.74926264040516,1,3.0,59.0,loss,-1.0,2025,5,JAX,KC,0.0,true,true,true,false,espn_archived_open,espn_archived_open,provider_labeled_open_close,true,espn_archived_close,,45.5,-110
moneyline,home,,-320,1.3125,0.752608842390204,0.7619047619047619,0.7328244274809161,0.01978441490928784,-0.012200894362857317,ESPN BET,2025_05_LV_IND,espn_archive,,401772851:58:open:moneyline,401772851,,8.458499931191497,47.26307445013762,1,34.0,46.0,win,0.3125,2025,5,IND,LV,0.022527254476270464,true,true,true,false,espn_archived_open,espn_archived_open,provider_labeled_open_close,true,espn_archived_close,,,-380
spread,home,-6.5,-115,1.8695652173913042,0.578110770466593,0.5348837209302326,0.5108342361863489,0.06727653428024405,0.08081578826363023,ESPN BET,2025_05_LV_IND,espn_archive,,401772851:58:open:spread,401772851,,8.458499931191497,47.26307445013762,1,34.0,46.0,win,0.8695652173913042,2025,5,IND,LV,1.0,true,true,true,false,espn_archived_open,espn_archived_open,provider_labeled_open_close,true,espn_archived_close,,-7.5,100
total,under,48.5,-110,1.9090909090909092,0.5180040532497214,0.5238095238095238,0.5,0.01800405324972143,-0.011083171068713593,ESPN BET,2025_05_LV_IND,espn_archive,,401772851:58:open:total,401772851,,8.458499931191497,47.26307445013762,1,34.0,46.0,win,0.9090909090909092,2025,5,IND,LV,2.0,true,true,true,false,espn_archived_open,espn_archived_open,provider_labeled_open_close,true,espn_archived_close,,46.5,-105
moneyline,home,,110,2.1,0.6330468445258844,0.47619047619047616,0.4572564612326044,0.17579038329328006,0.3293983735043573,ESPN BET,2025_05_MIA_CAR,espn_archive,,401772852:58:open:moneyline,401772852,,3.870667681367319,46.49752348018167,1,3.0,51.0,win,1.1,2025,5,CAR,MIA,0.03190930258104674,true,true,true,false,espn_archived_open,espn_archived_open,provider_labeled_open_close,true,espn_archived_close,,,-105
spread,home,1.5,-105,1.9523809523809523,0.674368819141201,0.5121951219512195,0.4891657638136511,0.18520305532754983,0.3166248373709162,ESPN BET,2025_05_MIA_CAR,espn_archive,,401772852:58:open:spread,401772852,,3.870667681367319,46.49752348018167,1,3.0,51.0,win,0.9523809523809523,2025,5,CAR,MIA,0.0,true,true,true,false,espn_archived_open,espn_archived_open,provider_labeled_open_close,true,espn_archived_close,,1.5,-125
total,over,44.5,-110,1.9090909090909092,0.5784400203867044,0.5238095238095238,0.5,0.07844002038670439,0.10429458437461747,ESPN BET,2025_05_MIA_CAR,espn_archive,,401772852:58:open:total,401772852,,3.870667681367319,46.49752348018167,1,3.0,51.0,win,0.9090909090909092,2025,5,CAR,MIA,0.0,true,true,true,false,espn_archived_open,espn_archived_open,provider_labeled_open_close,true,espn_archived_close,,44.5,100
moneyline,home,,190,2.9,0.4478587595336305,0.3448275862068966,0.33248081841432225,0.11537794111930827,0.29879040264752854,ESPN BET,2025_05_MIN_CLE,espn_archive,,401772633:58:open:moneyline,401772633,,-2.4332230436914983,42.345099981062795,1,-4.0,38.0,loss,-1.0,2025,5,CLE,MIN,0.024662038728534896,true,true,true,false,espn_archived_open,espn_archived_open,provider_labeled_open_close,true,espn_archived_close,,,170
spread,home,3.5,100,2.0,0.5518892461147344,0.5,0.4782608695652174,0.07362837654951704,0.10377849222946889,ESPN BET,2025_05_MIN_CLE,espn_archive,,401772633:58:open:spread,401772633,,-2.4332230436914983,42.345099981062795,1,-4.0,38.0,loss,-1.0,2025,5,CLE,MIN,0.0,true,true,true,false,espn_archived_open,espn_archived_open,provider_labeled_open_close,true,espn_archived_close,,3.5,-105
total,over,37.5,100,2.0,0.6597871318579004,0.5,0.4782608695652174,0.18152626229268298,0.3195742637158008,ESPN BET,2025_05_MIN_CLE,espn_archive,,401772633:58:open:total,401772633,,-2.4332230436914983,42.345099981062795,1,-4.0,38.0,win,1.0,2025,5,CLE,MIN,-2.0,true,true,true,false,espn_archived_open,espn_archived_open,provider_labeled_open_close,true,espn_archived_close,,35.5,-115
moneyline,away,,320,4.2,0.2706233473742753,0.23809523809523808,0.22727272727272724,0.043350620101548054,0.13661805897195634,ESPN BET,2025_05_NE_BUF,espn_archive,,401772922:58:open:moneyline,401772922,,7.497625849154996,48.57378682957527,1,-3.0,43.0,win,3.2,2025,5,BUF,NE,0.0,true,true,true,false,espn_archived_open,espn_archived_open,provider_labeled_open_close,true,espn_archived_close,,,320
spread,home,-8.5,-105,1.9523809523809523,0.49036069365287216,0.5121951219512195,0.4891657638136511,0.0011949298392210372,-0.04262912191582102,ESPN BET,2025_05_NE_BUF,espn_archive,,401772922:58:open:spread,401772922,,7.497625849154996,48.57378682957527,1,-3.0,43.0,loss,-1.0,2025,5,BUF,NE,-1.0,true,true,true,false,espn_archived_open,espn_archived_open,provider_labeled_open_close,true,espn_archived_close,,-7.5,-115
total,under,49.5,-110,1.9090909090909092,0.5086949218505439,0.5238095238095238,0.5,0.00869492185054388,-0.02885514919441623,ESPN BET,2025_05_NE_BUF,espn_archive,,401772922:58:open:total,401772922,,7.497625849154996,48.57378682957527,1,-3.0,43.0,win,0.9090909090909092,2025,5,BUF,NE,1.0,true,true,true,false,espn_archived_open,espn_archived_open,provider_labeled_open_close,true,espn_archived_close,,48.5,-105
moneyline,home,,110,2.1,0.5998290348534835,0.47619047619047616,0.4572564612326044,0.1425725736208791,0.25964097319231527,ESPN BET,2025_05_NYG_NO,espn_archive,,401772744:58:open:moneyline,401772744,,2.705879921195301,44.30275479847039,1,12.0,40.0,win,1.1,2025,5,NO,NYG,0.09533754162317859,true,true,true,false,espn_archived_open,espn_archived_open,provider_labeled_open_close,true,espn_archived_close,,,-135
spread,home,2.5,-115,1.8695652173913042,0.6699216272803066,0.5348837209302326,0.5108342361863489,0.15908739109395764,0.25246217274144267,ESPN BET,2025_05_NYG_NO,espn_archive,,401772744:58:open:spread,401772744,,2.705879921195301,44.30275479847039,1,12.0,40.0,win,0.8695652173913042,2025,5,NO,NYG,5.0,true,true,true,false,espn_archived_open,espn_archived_open,provider_labeled_open_close,true,espn_archived_close,,-2.5,-110
total,over,42.5,-110,1.9090909090909092,0.5727063643783488,0.5238095238095238,0.5,0.07270636437834876,0.0933485138132113,ESPN BET,2025_05_NYG_NO,espn_archive,,401772744:58:open:total,401772744,,2.705879921195301,44.30275479847039,1,12.0,40.0,loss,-1.0,2025,5,NO,NYG,0.0,true,true,true,false,espn_archived_open,espn_archived_open,provider_labeled_open_close,true,espn_archived_close,,42.5,100
moneyline,home,,-190,1.526315789473684,0.6638768308756721,0.6551724137931035,0.6301020408163265,0.03377479005934558,0.013285689231288922,ESPN BET,2025_05_SF_LA,espn_archive,,401772939:58:open:moneyline,401772939,,4.9833102129795925,44.35264311030629,1,-3.0,49.0,loss,-1.0,2025,5,LA,SF,0.15250665483584736,true,true,true,false,espn_archived_open,espn_archived_open,provider_labeled_open_close,true,espn_archived_close,,,-450
spread,home,-3.5,-110,1.9090909090909092,0.5641730453367264,0.5238095238095238,0.5,0.06417304533672641,0.07705763200647775,ESPN BET,2025_05_SF_LA,espn_archive,,401772939:58:open:spread,401772939,,4.9833102129795925,44.35264311030629,1,-3.0,49.0,loss,-1.0,2025,5,LA,SF,5.0,true,true,true,false,espn_archived_open,espn_archived_open,provider_labeled_open_close,true,espn_archived_close,,-8.5,-110
total,under,46.5,100,2.0,0.5452059675342008,0.5,0.4782608695652174,0.0669450979689834,0.09041193506840162,ESPN BET,2025_05_SF_LA,espn_archive,,401772939:58:open:total,401772939,,4.9833102129795925,44.35264311030629,1,-3.0,49.0,loss,-1.0,2025,5,LA,SF,3.0,true,true,true,false,espn_archived_open,espn_archived_open,provider_labeled_open_close,true,espn_archived_close,,43.5,100
moneyline,home,,-135,1.7407407407407407,0.6934929296655131,0.574468085106383,0.552594002855783,0.14089892680973015,0.20719139608441162,ESPN BET,2025_05_TB_SEA,espn_archive,,401772746:58:open:moneyline,401772746,,6.090270676087073,47.552595422014356,1,-3.0,73.0,loss,-1.0,2025,5,SEA,TB,0.09026314000135993,true,true,true,false,espn_archived_open,espn_archived_open,provider_labeled_open_close,true,espn_archived_close,,,-200
spread,home,-2.5,-105,1.9523809523809523,0.6251304911764417,0.5121951219512195,0.4891657638136511,0.13596472736279058,0.22049286372543375,ESPN BET,2025_05_TB_SEA,espn_archive,,401772746:58:open:spread,401772746,,6.090270676087073,47.552595422014356,1,-3.0,73.0,loss,-1.0,2025,5,SEA,TB,1.0,true,true,true,false,espn_archived_open,espn_archived_open,provider_labeled_open_close,true,espn_archived_close,,-3.5,-115
total,over,44.5,-110,1.9090909090909092,0.6091815407196614,0.5238095238095238,0.5,0.10918154071966135,0.16298294137389902,ESPN BET,2025_05_TB_SEA,espn_archive,,401772746:58:open:total,401772746,,6.090270676087073,47.552595422014356,1,-3.0,73.0,win,0.9090909090909092,2025,5,SEA,TB,1.0,true,true,true,false,espn_archived_open,espn_archived_open,provider_labeled_open_close,true,espn_archived_close,,45.5,-105
moneyline,home,,-380,1.263157894736842,0.7852796645824843,0.7916666666666667,0.7553516819571866,0.029927982625297722,-0.00806779210633568,ESPN BET,2025_05_TEN_ARI,espn_archive,,401772747:58:open:moneyline,401772747,,9.89628530128114,43.54999133208022,1,-1.0,43.0,loss,-1.0,2025,5,ARI,TEN,0.02725701369498723,true,true,true,false,espn_archived_open,espn_archived_open,provider_labeled_open_close,true,espn_archived_close,,,-450
spread,home,-7.5,-110,1.9090909090909092,0.5908657873198703,0.5238095238095238,0.5,0.09086578731987027,0.12801650306520695,ESPN BET,2025_05_TEN_ARI,espn_archive,,401772747:58:open:spread,401772747,,9.89628530128114,43.54999133208022,1,-1.0,43.0,loss,-1.0,2025,5,ARI,TEN,0.0,true,true,true,false,espn_archived_open,espn_archived_open,provider_labeled_open_close,true,espn_archived_close,,-7.5,-115
total,over,42.5,100,2.0,0.5504122746481311,0.5,0.4782608695652174,0.07215140508291373,0.10082454929626228,ESPN BET,2025_05_TEN_ARI,espn_archive,,401772747:58:open:total,401772747,,9.89628530128114,43.54999133208022,1,-1.0,43.0,win,1.0,2025,5,ARI,TEN,-1.0,true,true,true,false,espn_archived_open,espn_archived_open,provider_labeled_open_close,true,espn_archived_close,,41.5,-110
moneyline,home,,-150,1.6666666666666665,0.64517958407099,0.6000000000000001,0.5798319327731092,0.06534765129788078,0.0752993067849832,ESPN BET,2025_05_WAS_LAC,espn_archive,,401772853:58:open:moneyline,401772853,,4.304366460190696,46.180052314577,1,-17.0,37.0,loss,-1.0,2025,5,LAC,WAS,0.034203154946189085,true,true,true,false,espn_archived_open,espn_archived_open,provider_labeled_open_close,true,espn_archived_close,,,-175
spread,home,-2.5,-125,1.8,0.5735997342068755,0.5555555555555556,0.5324675324675325,0.041132201739342955,0.03247952157237588,ESPN BET,2025_05_WAS_LAC,espn_archive,,401772853:58:open:spread,401772853,,4.304366460190696,46.180052314577,1,-17.0,37.0,loss,-1.0,2025,5,LAC,WAS,1.0,true,true,true,false,espn_archived_open,espn_archived_open,provider_labeled_open_close,true,espn_archived_close,,-3.5,105
total,under,49.5,-115,1.8695652173913042,0.579913102594884,0.5348837209302326,0.5108342361863489,0.06907886640853511,0.08418536572086999,ESPN BET,2025_05_WAS_LAC,espn_archive,,401772853:58:open:total,401772853,,4.304366460190696,46.180052314577,1,-17.0,37.0,win,0.8695652173913042,2025,5,LAC,WAS,1.0,true,true,true,false,espn_archived_open,espn_archived_open,provider_labeled_open_close,true,espn_archived_close,,48.5,-120
moneyline,home,,-240,1.4166666666666667,0.7122458600173209,0.7058823529411764,0.679245283018868,0.033000576998452935,0.0090149683578713,ESPN BET,2025_06_ARI_IND,espn_archive,,401772856:58:open:moneyline,401772856,,7.029328521155758,46.05380929826896,1,4.0,58.0,win,0.41666666666666674,2025,6,IND,ARI,0.09348198970840471,true,true,true,false,espn_archived_open,espn_archived_open,provider_labeled_open_close,true,espn_archived_close,,,-425
spread,home,-5.5,-110,1.9090909090909092,0.5600532864628334,0.5238095238095238,0.5,0.060053286462833366,0.06919263779268192,ESPN BET,2025_06_ARI_IND,espn_archive,,401772856:58:open:spread,401772856,,7.029328521155758,46.05380929826896,1,4.0,58.0,loss,-1.0,2025,6,IND,ARI,3.0,true,true,true,false,espn_archived_open,espn_archived_open,provider_labeled_open_close,true,espn_archived_close,,-8.5,-105
total,over,46.5,-110,1.9090909090909092,0.5073318743422085,0.5238095238095238,0.5,0.0073318743422085,-0.03145733080123825,ESPN BET,2025_06_ARI_IND,espn_archive,,401772856:58:open:total,401772856,,7.029328521155758,46.05380929826896,1,4.0,58.0,win,0.9090909090909092,2025,6,IND,ARI,0.0,true,true,true,false,espn_archived_open,espn_archived_open,provider_labeled_open_close,true,espn_archived_close,,46.5,-110
moneyline,home,,180,2.8,0.5049361197458855,0.35714285714285715,0.34351145038167935,0.16142466936420613,0.4138211352884793,ESPN BET,2025_06_BUF_ATL,espn_archive,,401772815:58:open:moneyline,401772815,,-0.3369159938189128,47.15241581839695,1,10.0,38.0,win,1.7999999999999998,2025,6,ATL,BUF,0.0136314067611778,true,true,true,false,espn_archived_open,espn_archived_open,provider_labeled_open_close,true,espn_archived_close,,,170
spread,home,4.5,-110,1.9090909090909092,0.6356629262634064,0.5238095238095238,0.5,0.13566292626340637,0.21353831377559396,ESPN BET,2025_06_BUF_ATL,espn_archive,,401772815:58:open:spread,401772815,,-0.3369159938189128,47.15241581839695,1,10.0,38.0,win,0.9090909090909092,2025,6,ATL,BUF,1.0,true,true,true,false,espn_archived_open,espn_archived_open,provider_labeled_open_close,true,espn_archived_close,,3.5,-115
total,under,49.5,-105,1.9523809523809523,0.5498538421753615,0.5121951219512195,0.4891657638136511,0.06068807836171036,0.07352416805665807,ESPN BET,2025_06_BUF_ATL,espn_archive,,401772815:58:open:total,401772815,,-0.3369159938189128,47.15241581839695,1,10.0,38.0,win,0.9523809523809523,2025,6,ATL,BUF,0.0,true,true,true,false,espn_archived_open,espn_archived_open,provider_labeled_open_close,true,espn_archived_close,,49.5,-110
moneyline,home,,-215,1.4651162790697674,0.7046968564063888,0.6825396825396826,0.6564885496183206,0.0482083067880682,0.03246283613029055,ESPN BET,2025_06_CHI_WAS,espn_archive,,401772717:58:open:moneyline,401772717,,6.733378026636519,48.828060894626674,1,-1.0,49.0,loss,-1.0,2025,6,WAS,CHI,0.022756733400547402,true,true,true,false,espn_archived_open,espn_archived_open,provider_labeled_open_close,true,espn_archived_close,,,-240
spread,home,-4.5,-105,1.9523809523809523,0.5806049125071121,0.5121951219512195,0.4891657638136511,0.09143914869346098,0.13356197203769504,ESPN BET,2025_06_CHI_WAS,espn_archive,,401772717:58:open:spread,401772717,,6.733378026636519,48.828060894626674,1,-1.0,49.0,loss,-1.0,2025,6,WAS,CHI,1.0,true,true,true,false,espn_archived_open,espn_archived_open,provider_labeled_open_close,true,espn_archived_close,,-5.5,-110
total,under,49.5,100,2.0,0.49947279084807905,0.5,0.4782608695652174,0.021211921282861645,-0.0010544183038418975,ESPN BET,2025_06_CHI_WAS,espn_archive,,401772717:58:open:total,401772717,,6.733378026636519,48.828060894626674,1,-1.0,49.0,win,1.0,2025,6,WAS,CHI,1.0,true,true,true,false,espn_archived_open,espn_archived_open,provider_labeled_open_close,true,espn_archived_close,,48.5,-105
moneyline,away,,800,9.0,0.22673474750370504,0.1111111111111111,0.10559006211180123,0.1211446853919038,1.0406127275333454,ESPN BET,2025_06_CIN_GB,espn_archive,,401772752:58:open:moneyline,401772752,,9.58102885539937,47.89638459393649,1,9.0,45.0,loss,-1.0,2025,6,GB,CIN,0.030212407024001228,true,true,true,false,espn_archived_open,espn_archived_open,provider_labeled_open_close,true,espn_archived_close,,,600
spread,away,14.5,-115,1.8695652173913042,0.6286359614837376,0.5348837209302326,0.5108342361863489,0.11780172529738864,0.1752759279913354,ESPN BET,2025_06_CIN_GB,espn_archive,,401772752:58:open:spread,401772752,,9.58102885539937,47.89638459393649,1,9.0,45.0,win,0.8695652173913042,2025,6,GB,CIN,1.0,true,true,true,false,espn_archived_open,espn_archived_open,provider_labeled_open_close,true,espn_archived_close,,13.5,105
total,over,43.5,-120,1.8333333333333335,0.649618127174138,0.5454545454545454,0.5217391304347826,0.12787899673935543,0.19096656648591992,ESPN BET,2025_06_CIN_GB,espn_archive,,401772752:58:open:total,401772752,,9.58102885539937,47.89638459393649,1,9.0,45.0,win,0.8333333333333335,2025,6,GB,CIN,1.0,true,true,true,false,espn_archived_open,espn_archived_open,provider_labeled_open_close,true,espn_archived_close,,44.5,-110
moneyline,home,,-230,1.434782608695652,0.7254268139580627,0.696969696969697,0.6727813584531482,0.05264545550491451,0.04082977654852482,ESPN BET,2025_06_CLE_PIT,espn_archive,,401772748:58:open:moneyline,401772748,,7.5550701112795835,42.61156779081316,1,14.0,32.0,win,0.4347826086956521,2025,6,PIT,CLE,0.051356572581334636,true,true,true,false,espn_archived_open,espn_archived_open,provider_labeled_open_close,true,espn_archived_close,,,-300
spread,home,-4.5,-110,1.9090909090909092,0.6043116593665079,0.5238095238095238,0.5,0.10431165936650788,0.15368589515424236,ESPN BET,2025_06_CLE_PIT,espn_archive,,401772748:58:open:spread,401772748,,7.5550701112795835,42.61156779081316,1,14.0,32.0,win,0.9090909090909092,2025,6,PIT,CLE,2.0,true,true,true,false,espn_archived_open,espn_archived_open,provider_labeled_open_close,true,espn_archived_close,,-6.5,-110
total,over,38.5,-105,1.9523809523809523,0.6416111323893371,0.5121951219512195,0.4891657638136511,0.15244536857568597,0.2526693537125153,ESPN BET,2025_06_CLE_PIT,espn_archive,,401772748:58:open:total,401772748,,7.5550701112795835,42.61156779081316,1,14.0,32.0,loss,-1.0,2025,6,PIT,CLE,-1.0,true,true,true,false,espn_archived_open,espn_archived_open,provider_labeled_open_close,true,espn_archived_close,,37.5,-115
moneyline,home,,155,2.55,0.5598509860494707,0.3921568627450981,0.3766105054509415,0.1832404805985292,0.42762001442615016,ESPN BET,2025_06_DAL_CAR,espn_archive,,401772858:58:open:moneyline,401772858,,1.5224289358380148,51.881832218272244,1,3.0,57.0,win,1.5499999999999998,2025,6,CAR,DAL,0.03517794832378601,true,true,true,false,espn_archived_open,espn_archived_open,provider_labeled_open_close,true,espn_archived_close,,,135
spread,home,3.5,-120,1.8333333333333335,0.6593797181276648,0.5454545454545454,0.5217391304347826,0.13764058769288223,0.2088628165673856,ESPN BET,2025_06_DAL_CAR,espn_archive,,401772858:58:open:spread,401772858,,1.5224289358380148,51.881832218272244,1,3.0,57.0,win,0.8333333333333335,2025,6,CAR,DAL,1.0,true,true,true,false,espn_archived_open,espn_archived_open,provider_labeled_open_close,true,espn_archived_close,,2.5,105
total,over,48.5,-115,1.8695652173913042,0.6208176700303696,0.5348837209302326,0.5108342361863489,0.10998343384402065,0.1606591222306908,ESPN BET,2025_06_DAL_CAR,espn_archive,,401772858:58:open:total,401772858,,1.5224289358380148,51.881832218272244,1,3.0,57.0,win,0.8695652173913042,2025,6,CAR,DAL,-3.0,true,true,true,false,espn_archived_open,espn_archived_open,provider_labeled_open_close,true,espn_archived_close,,45.5,-115
moneyline,home,,280,3.8,0.4081374931693732,0.2631578947368421,0.25164113785557984,0.15649635531379336,0.550922474043618,ESPN BET,2025_06_DEN_NYJ,espn_archive,,401772634:58:open:moneyline,401772634,,-3.628844042608641,45.51768454227791,1,-2.0,24.0,loss,-1.0,2025,6,NYJ,DEN,0.007487248481287068,true,true,true,false,espn_archived_open,espn_archived_open,provider_labeled_open_close,true,espn_archived_close,,,270
spread,home,7.5,-125,1.8,0.627480869761387,0.5555555555555556,0.5324675324675325,0.09501333729385442,0.1294655655704966,ESPN BET,2025_06_DEN_NYJ,espn_archive,,401772634:58:open:spread,401772634,,-3.628844042608641,45.51768454227791,1,-2.0,24.0,win,0.8,2025,6,NYJ,DEN,1.0,true,true,true,false,espn_archived_open,espn_archived_open,provider_labeled_open_close,true,espn_archived_close,,6.5,105
total,over,43.5,-110,1.9090909090909092,0.5810391041242102,0.5238095238095238,0.5,0.08103910412421023,0.10925647150985585,ESPN BET,2025_06_DEN_NYJ,espn_archive,,401772634:58:open:total,401772634,,-3.628844042608641,45.51768454227791,1,-2.0,24.0,loss,-1.0,2025,6,NYJ,DEN,0.0,true,true,true,false,espn_archived_open,espn_archived_open,provider_labeled_open_close,true,espn_archived_close,,43.5,-110
moneyline,away,,100,2.0,0.5090513407767264,0.5,0.4782608695652174,0.03079047121150902,0.01810268155345285,ESPN BET,2025_06_DET_KC,espn_archive,,401772923:58:open:moneyline,401772923,,-0.8086008254862804,50.067749677982675,1,13.0,47.0,loss,-1.0,2025,6,KC,DET,-0.04937684330701175,true,true,true,false,espn_archived_open,espn_archived_open,provider_labeled_open_close,true,espn_archived_close,,,125
spread,away,1.5,-120,1.8333333333333335,0.5533761130108791,0.5454545454545454,0.5217391304347826,0.031636982576096484,0.014522873853278329,ESPN BET,2025_06_DET_KC,espn_archive,,401772923:58:open:spread,401772923,,-0.8086008254862804,50.067749677982675,1,13.0,47.0,loss,-1.0,2025,6,KC,DET,-1.0,true,true,true,false,espn_archived_open,espn_archived_open,provider_labeled_open_close,true,espn_archived_close,,2.5,100
total,over,48.5,100,2.0,0.5677131160302992,0.5,0.4782608695652174,0.08945224646508176,0.13542623206059834,ESPN BET,2025_06_DET_KC,espn_archive,,401772923:58:open:total,401772923,,-0.8086008254862804,50.067749677982675,1,13.0,47.0,loss,-1.0,2025,6,KC,DET,3.0,true,true,true,false,espn_archived_open,espn_archived_open,provider_labeled_open_close,true,espn_archived_close,,51.5,-105
moneyline,home,,220,3.2,0.5191300189543402,0.3125,0.299837925445705,0.2192920935086352,0.6612160606538886,ESPN BET,2025_06_LAC_MIA,espn_archive,,401772750:58:open:moneyline,401772750,,0.14194263107290084,44.3978735579526,1,-2.0,56.0,loss,-1.0,2025,6,MIA,LAC,0.07006003373796837,true,true,true,false,espn_archived_open,espn_archived_open,provider_labeled_open_close,true,espn_archived_close,,,160
spread,home,5.5,100,2.0,0.6761010923106014,0.5,0.4782608695652174,0.19784022274538404,0.3522021846212029,ESPN BET,2025_06_LAC_MIA,espn_archive,,401772750:58:open:spread,401772750,,0.14194263107290084,44.3978735579526,1,-2.0,56.0,win,1.0,2025,6,MIA,LAC,2.0,true,true,true,false,espn_archived_open,espn_archived_open,provider_labeled_open_close,true,espn_archived_close,,3.5,-115
total,over,45.5,100,2.0,0.4875614334605376,0.5,0.4782608695652174,0.00930056389532019,-0.024877133078924807,ESPN BET,2025_06_LAC_MIA,espn_archive,,401772750:58:open:total,401772750,,0.14194263107290084,44.3978735579526,1,-2.0,56.0,win,1.0,2025,6,MIA,LAC,0.0,true,true,true,false,espn_archived_open,espn_archived_open,provider_labeled_open_close,true,espn_archived_close,,45.5,-110
moneyline,home,,320,4.2,0.5366741300380886,0.23809523809523808,0.22727272727272724,0.3094014027653614,1.2540313461599721,ESPN BET,2025_06_LA_BAL,espn_archive,,401772855:58:open:moneyline,401772855,,0.7350261217443439,53.309536158562395,1,-14.0,20.0,loss,-1.0,2025,6,BAL,LA,0.06413831567205802,true,true,true,false,espn_archived_open,espn_archived_open,provider_labeled_open_close,true,espn_archived_close,,,230
spread,home,7.5,-115,1.8695652173913042,0.7420200429661679,0.5348837209302326,0.5108342361863489,0.23118580677981893,0.3872548629367485,ESPN BET,2025_06_LA_BAL,espn_archive,,401772855:58:open:spread,401772855,,0.7350261217443439,53.309536158562395,1,-14.0,20.0,loss,-1.0,2025,6,BAL,LA,1.0,true,true,true,false,espn_archived_open,espn_archived_open,provider_labeled_open_close,true,espn_archived_close,,6.5,-120
total,over,44.5,-105,1.9523809523809523,0.7635449961201162,0.5121951219512195,0.4891657638136511,0.27437923230646505,0.49073070671070296,ESPN BET,2025_06_LA_BAL,espn_archive,,401772855:58:open:total,401772855,,0.7350261217443439,53.309536158562395,1,-14.0,20.0,loss,-1.0,2025,6,BAL,LA,0.0,true,true,true,false,espn_archived_open,espn_archived_open,provider_labeled_open_close,true,espn_archived_close,,44.5,100
moneyline,home,,160,2.6,0.4974120194155288,0.3846153846153846,0.36989795918367335,0.12751406023185546,0.29327125048037495,ESPN BET,2025_06_NE_NO,espn_archive,,401772751:58:open:moneyline,401772751,,-0.5906320239753207,44.86766273798814,1,-6.0,44.0,loss,-1.0,2025,6,NO,NE,-0.006485578524603408,true,true,true,false,espn_archived_open,espn_archived_open,provider_labeled_open_close,true,espn_archived_close,,,165
spread,home,3.5,-115,1.8695652173913042,0.6001333524220905,0.5348837209302326,0.5108342361863489,0.0892991162357416,0.12198844148477783,ESPN BET,2025_06_NE_NO,espn_archive,,401772751:58:open:spread,401772751,,-0.5906320239753207,44.86766273798814,1,-6.0,44.0,loss,-1.0,2025,6,NO,NE,0.0,true,true,true,false,espn_archived_open,espn_archived_open,provider_labeled_open_close,true,espn_archived_close,,3.5,-115
total,under,46.5,-110,1.9090909090909092,0.5283995056840578,0.5238095238095238,0.5,0.028399505684057802,0.008762692669564975,ESPN BET,2025_06_NE_NO,espn_archive,,401772751:58:open:total,401772751,,-0.5906320239753207,44.86766273798814,1,-6.0,44.0,win,0.9090909090909092,2025,6,NO,NE,0.0,true,true,true,false,espn_archived_open,espn_archived_open,provider_labeled_open_close,true,espn_archived_close,,46.5,-115
moneyline,home,,290,3.9,0.43166541601746944,0.25641025641025644,0.24464831804281348,0.18701709797465596,0.6834951224681307,ESPN BET,2025_06_PHI_NYG,espn_archive,,401772940:58:open:moneyline,401772940,,-2.8189787357969465,43.780208687593685,1,17.0,51.0,win,2.9,2025,6,NYG,PHI,-0.0065530799475753965,true,true,true,false,espn_archived_open,espn_archived_open,provider_labeled_open_close,true,espn_archived_close,,,300
spread,home,7.5,-125,1.8,0.6500263631133383,0.5555555555555556,0.5324675324675325,0.11755883064580575,0.17004745360400886,ESPN BET,2025_06_PHI_NYG,espn_archive,,401772940:58:open:spread,401772940,,-2.8189787357969465,43.780208687593685,1,17.0,51.0,win,0.8,2025,6,NYG,PHI,0.0,true,true,true,false,espn_archived_open,espn_archived_open,provider_labeled_open_close,true,espn_archived_close,,7.5,-120
total,over,42.5,-105,1.9523809523809523,0.5591553127420883,0.5121951219512195,0.4891657638136511,0.06998954892843717,0.09168418202026762,ESPN BET,2025_06_PHI_NYG,espn_archive,,401772940:58:open:total,401772940,,-2.8189787357969465,43.780208687593685,1,17.0,51.0,win,0.9523809523809523,2025,6,NYG,PHI,-1.0,true,true,true,false,espn_archived_open,espn_archived_open,provider_labeled_open_close,true,espn_archived_close,,41.5,-105
moneyline,home,,-120,1.8333333333333335,0.5511137285679842,0.5454545454545454,0.5217391304347826,0.029374598133201646,0.010375169041304533,ESPN BET,2025_06_SEA_JAX,espn_archive,,401772857:58:open:moneyline,401772857,,1.2249223412593793,47.467104861404444,1,-8.0,32.0,loss,-1.0,2025,6,JAX,SEA,-0.04347826086956519,true,true,true,false,espn_archived_open,espn_archived_open,provider_labeled_open_close,true,espn_archived_close,,,100
spread,home,-1.5,-105,1.9523809523809523,0.5067698086241741,0.5121951219512195,0.4891657638136511,0.017604044810522967,-0.010592278400422095,ESPN BET,2025_06_SEA_JAX,espn_archive,,401772857:58:open:spread,401772857,,1.2249223412593793,47.467104861404444,1,-8.0,32.0,loss,-1.0,2025,6,JAX,SEA,-3.0,true,true,true,false,espn_archived_open,espn_archived_open,provider_labeled_open_close,true,espn_archived_close,,1.5,-120
total,over,44.5,-110,1.9090909090909092,0.6088379954391075,0.5238095238095238,0.5,0.10883799543910755,0.1623270822019327,ESPN BET,2025_06_SEA_JAX,espn_archive,,401772857:58:open:total,401772857,,1.2249223412593793,47.467104861404444,1,-8.0,32.0,loss,-1.0,2025,6,JAX,SEA,3.0,true,true,true,false,espn_archived_open,espn_archived_open,provider_labeled_open_close,true,espn_archived_close,,47.5,-105
moneyline,home,,-150,1.6666666666666665,0.6243220776505262,0.6000000000000001,0.5798319327731092,0.04449014487741698,0.040536796084210236,ESPN BET,2025_06_SF_TB,espn_archive,,401772749:58:open:moneyline,401772749,,3.7590096196289906,48.269642299248396,1,11.0,49.0,win,0.6666666666666665,2025,6,TB,SF,0.0502701080432173,true,true,true,false,espn_archived_open,espn_archived_open,provider_labeled_open_close,true,espn_archived_close,,,-190
spread,home,-2.5,-120,1.8333333333333335,0.5521161536572721,0.5454545454545454,0.5217391304347826,0.030377023222489474,0.012212948371665533,ESPN BET,2025_06_SF_TB,espn_archive,,401772749:58:open:spread,401772749,,3.7590096196289906,48.269642299248396,1,11.0,49.0,win,0.8333333333333335,2025,6,TB,SF,1.0,true,true,true,false,espn_archived_open,espn_archived_open,provider_labeled_open_close,true,espn_archived_close,,-3.5,-105
total,over,46.5,-115,1.8695652173913042,0.5737031676953873,0.5348837209302326,0.5108342361863489,0.06286893150903838,0.07257548743050668,ESPN BET,2025_06_SF_TB,espn_archive,,401772749:58:open:total,401772749,,3.7590096196289906,48.269642299248396,1,11.0,49.0,win,0.8695652173913042,2025,6,TB,SF,0.0,true,true,true,false,espn_archived_open,espn_archived_open,provider_labeled_open_close,true,espn_archived_close,,46.5,-110
moneyline,away,,220,3.2,0.3868230679093849,0.3125,0.299837925445705,0.08698514246367994,0.23783381731003184,ESPN BET,2025_06_TEN_LV,espn_archive,,401772859:58:open:moneyline,401772859,,3.365622844159084,44.74619653859441,1,10.0,30.0,loss,-1.0,2025,6,LV,TEN,0.05730493169715217,true,true,true,false,espn_archived_open,espn_archived_open,provider_labeled_open_close,true,espn_archived_close,,,170
spread,away,5.5,-105,1.9523809523809523,0.5482513125577421,0.5121951219512195,0.4891657638136511,0.05908554874409094,0.0703954197555916,ESPN BET,2025_06_TEN_LV,espn_archive,,401772859:58:open:spread,401772859,,3.365622844159084,44.74619653859441,1,10.0,30.0,loss,-1.0,2025,6,LV,TEN,1.0,true,true,true,false,espn_archived_open,espn_archived_open,provider_labeled_open_close,true,espn_archived_close,,4.5,-120
total,over,41.5,-115,1.8695652173913042,0.6169118727753767,0.5348837209302326,0.5108342361863489,0.1060776365890278,0.1533569795365739,ESPN BET,2025_06_TEN_LV,espn_archive,,401772859:58:open:total,401772859,,3.365622844159084,44.74619653859441,1,10.0,30.0,loss,-1.0,2025,6,LV,TEN,0.0,true,true,true,false,espn_archived_open,espn_archived_open,provider_labeled_open_close,true,espn_archived_close,,41.5,-105
moneyline,home,,-165,1.606060606060606,0.6184109850863905,0.6226415094339623,0.5990922844175491,0.019318700668841338,-0.006794478497615386,ESPN BET,2025_07_ATL_SF,espn_archive,,401772924:58:open:moneyline,401772924,,3.4968183726765716,42.422397007625705,1,10.0,30.0,win,0.606060606060606,2025,7,SF,ATL,-0.13155981688508156,true,true,true,false,espn_archived_open,espn_archived_open,provider_labeled_open_close,true,espn_archived_close,,,105
spread,home,-3.5,105,2.05,0.5157228752761154,0.48780487804878053,0.4675324675324676,0.0481904077436478,0.05723189431603637,ESPN BET,2025_07_ATL_SF,espn_archive,,401772924:58:open:spread,401772924,,3.4968183726765716,42.422397007625705,1,10.0,30.0,win,1.0499999999999998,2025,7,SF,ATL,-5.0,true,true,true,false,espn_archived_open,espn_archived_open,provider_labeled_open_close,true,espn_archived_close,,1.5,-105
total,under,44.5,-105,1.9523809523809523,0.5457615793378107,0.5121951219512195,0.4891657638136511,0.05659581552415954,0.06553451204048755,ESPN BET,2025_07_ATL_SF,espn_archive,,401772924:58:open:total,401772924,,3.4968183726765716,42.422397007625705,1,10.0,30.0,win,0.9523809523809523,2025,7,SF,ATL,-2.0,true,true,true,false,espn_archived_open,espn_archived_open,provider_labeled_open_close,true,espn_archived_close,,46.5,-105
moneyline,home,,-120,1.8333333333333335,0.5758964410477305,0.5454545454545454,0.5217391304347826,0.05415731061294793,0.05581014192083944,ESPN BET,2025_07_CAR_NYJ,espn_archive,,401772860:58:open:moneyline,401772860,,2.028015429664073,46.94251246603452,1,-7.0,19.0,loss,-1.0,2025,7,NYJ,CAR,-0.03257336662113147,true,true,true,false,espn_archived_open,espn_archived_open,provider_labeled_open_close,true,espn_archived_close,,,-105
spread,home,-1.5,-105,1.9523809523809523,0.5315507336484997,0.5121951219512195,0.4891657638136511,0.042384969834848574,0.037789527599451755,ESPN BET,2025_07_CAR_NYJ,espn_archive,,401772860:58:open:spread,401772860,,2.028015429664073,46.94251246603452,1,-7.0,19.0,loss,-1.0,2025,7,NYJ,CAR,0.0,true,true,true,false,espn_archived_open,espn_archived_open,provider_labeled_open_close,true,espn_archived_close,,-1.5,105
total,over,44.5,-105,1.9523809523809523,0.589583813036567,0.5121951219512195,0.4891657638136511,0.10041804922291592,0.1510922064047262,ESPN BET,2025_07_CAR_NYJ,espn_archive,,401772860:58:open:total,401772860,,2.028015429664073,46.94251246603452,1,-7.0,19.0,loss,-1.0,2025,7,NYJ,CAR,-5.0,true,true,true,false,espn_archived_open,espn_archived_open,provider_labeled_open_close,true,espn_archived_close,,39.5,-115
moneyline,home,,270,3.7,0.5428581476181961,0.27027027027027023,0.2591283863368669,0.28372976128132915,1.0085751461873254,ESPN BET,2025_07_GB_ARI,espn_archive,,401772863:58:open:moneyline,401772863,,0.9084796197696967,44.430624673289714,1,-4.0,50.0,loss,-1.0,2025,7,ARI,GB,0.008047186182217114,true,true,true,false,espn_archived_open,espn_archived_open,provider_labeled_open_close,true,espn_archived_close,,,260
spread,home,6.5,-105,1.9523809523809523,0.7237443732632709,0.5121951219512195,0.4891657638136511,0.23457860944961978,0.4130247287521003,ESPN BET,2025_07_GB_ARI,espn_archive,,401772863:58:open:spread,401772863,,0.9084796197696967,44.430624673289714,1,-4.0,50.0,win,0.9523809523809523,2025,7,ARI,GB,0.0,true,true,true,false,espn_archived_open,espn_archived_open,provider_labeled_open_close,true,espn_archived_close,,6.5,-110
total,over,43.5,-120,1.8333333333333335,0.5446959467118622,0.5454545454545454,0.5217391304347826,0.022956816277079573,-0.0013907643615859167,ESPN BET,2025_07_GB_ARI,espn_archive,,401772863:58:open:total,401772863,,0.9084796197696967,44.430624673289714,1,-4.0,50.0,win,0.8333333333333335,2025,7,ARI,GB,1.0,true,true,true,false,espn_archived_open,espn_archived_open,provider_labeled_open_close,true,espn_archived_close,,44.5,-105
moneyline,home,,-155,1.6451612903225805,0.6063079792364372,0.607843137254902,0.5882115462252726,0.018096433011164592,-0.0025255825465065884,ESPN BET,2025_07_HOU_SEA,espn_archive,,401772826:58:open:moneyline,401772826,,3.074488008106197,41.49146651440475,1,8.0,46.0,win,0.6451612903225805,2025,7,SEA,HOU,0.0,true,true,true,false,espn_archived_open,espn_archived_open,provider_labeled_open_close,true,espn_archived_close,,,-155
spread,away,2.5,110,2.1,0.46706654852648405,0.47619047619047616,0.4572564612326044,0.009810087293879666,-0.019160248094383436,ESPN BET,2025_07_HOU_SEA,espn_archive,,401772826:58:open:spread,401772826,,3.074488008106197,41.49146651440475,1,8.0,46.0,loss,-1.0,2025,7,SEA,HOU,-1.0,true,true,true,false,espn_archived_open,espn_archived_open,provider_labeled_open_close,true,espn_archived_close,,3.5,-125
total,over,42.5,100,2.0,0.4863564315508381,0.5,0.4782608695652174,0.00809556198562067,-0.02728713689832385,ESPN BET,2025_07_HOU_SEA,espn_archive,,401772826:58:open:total,401772826,,3.074488008106197,41.49146651440475,1,8.0,46.0,win,1.0,2025,7,SEA,HOU,-1.0,true,true,true,false,espn_archived_open,espn_archived_open,provider_labeled_open_close,true,espn_archived_close,,41.5,-105
moneyline,home,,-115,1.8695652173913042,0.5127539486820506,0.5348837209302326,0.5108342361863489,0.0019197124957016642,-0.04137305246399248,ESPN BET,2025_07_IND_LAC,espn_archive,,401772756:58:open:moneyline,401772756,,-0.102703544810133,47.32282741860846,1,-14.0,62.0,loss,-1.0,2025,7,LAC,IND,0.051209559434089,true,true,true,false,espn_archived_open,espn_archived_open,provider_labeled_open_close,true,espn_archived_close,,,-140
spread,away,1.5,-120,1.8333333333333335,0.5319859865871057,0.5454545454545454,0.5217391304347826,0.010246856152323125,-0.02469235792363944,ESPN BET,2025_07_IND_LAC,espn_archive,,401772756:58:open:spread,401772756,,-0.102703544810133,47.32282741860846,1,-14.0,62.0,win,0.8333333333333335,2025,7,LAC,IND,-1.0,true,true,true,false,espn_archived_open,espn_archived_open,provider_labeled_open_close,true,espn_archived_close,,2.5,100
total,under,48.5,-115,1.8695652173913042,0.5187212536929328,0.5348837209302326,0.5108342361863489,0.007887017506583827,-0.030216786574082333,ESPN BET,2025_07_IND_LAC,espn_archive,,401772756:58:open:total,401772756,,-0.102703544810133,47.32282741860846,1,-14.0,62.0,loss,-1.0,2025,7,LAC,IND,0.0,true,true,true,false,espn_archived_open,espn_archived_open,provider_labeled_open_close,true,espn_archived_close,,48.5,-110
moneyline,home,,150,2.5,0.5611278820159745,0.4,0.3859649122807018,0.17516296973527273,0.40281970503993625,ESPN BET,2025_07_LA_JAX,espn_archive,,401772635:58:open:moneyline,401772635,,1.5258176486390873,43.15723447477593,1,-28.0,42.0,loss,-1.0,2025,7,JAX,LA,0.0,true,true,true,false,espn_archived_open,espn_archived_open,provider_labeled_open_close,true,espn_archived_close,,,150
spread,home,3.5,-125,1.8,0.6611917871589921,0.5555555555555556,0.5324675324675325,0.12872425469145954,0.1901452168861857,ESPN BET,2025_07_LA_JAX,espn_archive,,401772635:58:open:spread,401772635,,1.5258176486390873,43.15723447477593,1,-28.0,42.0,loss,-1.0,2025,7,JAX,LA,0.0,true,true,true,false,espn_archived_open,espn_archived_open,provider_labeled_open_close,true,espn_archived_close,,3.5,-120
total,under,45.5,-105,1.9523809523809523,0.5536899035581958,0.5121951219512195,0.4891657638136511,0.06452413974454468,0.08101362123266798,ESPN BET,2025_07_LA_JAX,espn_archive,,401772635:58:open:total,401772635,,1.5258176486390873,43.15723447477593,1,-28.0,42.0,win,0.9523809523809523,2025,7,JAX,LA,2.0,true,true,true,false,espn_archived_open,espn_archived_open,provider_labeled_open_close,true,espn_archived_close,,43.5,-110
moneyline,away,,400,5.0,0.2321458731920355,0.2,0.1891891891891892,0.0429566840028463,0.16072936596017762,ESPN BET,2025_07_LV_KC,espn_archive,,401772753:58:open:moneyline,401772753,,9.250061852563721,43.7216557652759,1,31.0,31.0,loss,-1.0,2025,7,KC,LV,-0.05338672005338674,true,true,true,false,espn_archived_open,espn_archived_open,provider_labeled_open_close,true,espn_archived_close,,,600
spread,away,10.5,-115,1.8695652173913042,0.5214795557049762,0.5348837209302326,0.5108342361863489,0.010645319518627239,-0.025059961073305437,ESPN BET,2025_07_LV_KC,espn_archive,,401772753:58:open:spread,401772753,,9.250061852563721,43.7216557652759,1,31.0,31.0,loss,-1.0,2025,7,KC,LV,-3.0,true,true,true,false,espn_archived_open,espn_archived_open,provider_labeled_open_close,true,espn_archived_close,,13.5,-110
total,under,45.5,-110,1.9090909090909092,0.5367919923648423,0.5238095238095238,0.5,0.03679199236484232,0.024784712696517275,ESPN BET,2025_07_LV_KC,espn_archive,,401772753:58:open:total,401772753,,9.250061852563721,43.7216557652759,1,31.0,31.0,win,0.9090909090909092,2025,7,KC,LV,0.0,true,true,true,false,espn_archived_open,espn_archived_open,provider_labeled_open_close,true,espn_archived_close,,45.5,-120
moneyline,away,,115,2.15,0.4632084240523644,0.46511627906976744,0.447405997144217,0.01580242690814737,-0.004101888287416533,ESPN BET,2025_07_MIA_CLE,espn_archive,,401772754:58:open:moneyline,401772754,,0.7042304316258736,43.13282719357126,1,25.0,37.0,loss,-1.0,2025,7,CLE,MIA,-0.009449792764654963,true,true,true,false,espn_archived_open,espn_archived_open,provider_labeled_open_close,true,espn_archived_close,,,120
spread,away,2.5,-110,1.9090909090909092,0.5377271320079655,0.5238095238095238,0.5,0.037727132007965514,0.026569979287934142,ESPN BET,2025_07_MIA_CLE,espn_archive,,401772754:58:open:spread,401772754,,0.7042304316258736,43.13282719357126,1,25.0,37.0,loss,-1.0,2025,7,CLE,MIA,0.0,true,true,true,false,espn_archived_open,espn_archived_open,provider_labeled_open_close,true,espn_archived_close,,2.5,-115
total,over,40.5,-110,1.9090909090909092,0.5951644140754232,0.5238095238095238,0.5,0.0951644140754232,0.13622297232580793,ESPN BET,2025_07_MIA_CLE,espn_archive,,401772754:58:open:total,401772754,,0.7042304316258736,43.13282719357126,1,25.0,37.0,loss,-1.0,2025,7,CLE,MIA,-5.0,true,true,true,false,espn_archived_open,espn_archived_open,provider_labeled_open_close,true,espn_archived_close,,35.5,100
moneyline,home,,260,3.6,0.45253951967092576,0.2777777777777778,0.267175572519084,0.18536394715184173,0.6291422708153327,ESPN BET,2025_07_NE_TEN,espn_archive,,401772755:58:open:moneyline,401772755,,-2.1237135814604216,43.583187906415276,1,-18.0,44.0,loss,-1.0,2025,7,TEN,NE,0.024235470425701233,true,true,true,false,espn_archived_open,espn_archived_open,provider_labeled_open_close,true,espn_archived_close,,,230
spread,home,6.5,-105,1.9523809523809523,0.6432339628340903,0.5121951219512195,0.4891657638136511,0.15406819902043917,0.25583773696179524,ESPN BET,2025_07_NE_TEN,espn_archive,,401772755:58:open:spread,401772755,,-2.1237135814604216,43.583187906415276,1,-18.0,44.0,loss,-1.0,2025,7,TEN,NE,0.0,true,true,true,false,espn_archived_open,espn_archived_open,provider_labeled_open_close,true,espn_archived_close,,6.5,-115
total,over,41.5,-115,1.8695652173913042,0.5789986074655264,0.5348837209302326,0.5108342361863489,0.06816437127917752,0.08247565743554941,ESPN BET,2025_07_NE_TEN,espn_archive,,401772755:58:open:total,401772755,,-2.1237135814604216,43.583187906415276,1,-18.0,44.0,win,0.8695652173913042,2025,7,TEN,NE,0.0,true,true,true,false,espn_archived_open,espn_archived_open,provider_labeled_open_close,true,espn_archived_close,,41.5,-105
moneyline,home,,-250,1.4,0.6898735994828277,0.7142857142857143,0.6888888888888889,0.0009847105939387868,-0.034176960724041305,ESPN BET,2025_07_NO_CHI,espn_archive,,401772861:58:open:moneyline,401772861,,6.091956880517429,46.83052704294499,1,12.0,40.0,win,0.3999999999999999,2025,7,CHI,NO,-0.04603174603174598,true,true,true,false,espn_archived_open,espn_archived_open,provider_labeled_open_close,true,espn_archived_close,,,-200
spread,home,-5.5,-115,1.8695652173913042,0.5334531081990946,0.5348837209302326,0.5108342361863489,0.022618872012745705,-0.0026746238016926993,ESPN BET,2025_07_NO_CHI,espn_archive,,401772861:58:open:spread,401772861,,6.091956880517429,46.83052704294499,1,12.0,40.0,win,0.8695652173913042,2025,7,CHI,NO,-2.0,true,true,true,false,espn_archived_open,espn_archived_open,provider_labeled_open_close,true,espn_archived_close,,-3.5,-115
total,over,45.5,-115,1.8695652173913042,0.5566491026425529,0.5348837209302326,0.5108342361863489,0.04581486645620392,0.04069180059259869,ESPN BET,2025_07_NO_CHI,espn_archive,,401772861:58:open:total,401772861,,6.091956880517429,46.83052704294499,1,12.0,40.0,loss,-1.0,2025,7,CHI,NO,-2.0,true,true,true,false,espn_archived_open,espn_archived_open,provider_labeled_open_close,true,espn_archived_close,,43.5,-105
moneyline,away,,300,4.0,0.2537522746468246,0.25,0.23809523809523808,0.015657036551586512,0.015009098587298375,ESPN BET,2025_07_NYG_DEN,espn_archive,,401772757:58:open:moneyline,401772757,,8.326980153166666,40.60350871257902,1,1.0,65.0,loss,-1.0,2025,7,DEN,NYG,0.0065530799475753965,true,true,true,false,espn_archived_open,espn_archived_open,provider_labeled_open_close,true,espn_archived_close,,,290
spread,home,-7.5,-110,1.9090909090909092,0.5404385827870204,0.5238095238095238,0.5,0.040438582787020394,0.03174638532067542,ESPN BET,2025_07_NYG_DEN,espn_archive,,401772757:58:open:spread,401772757,,8.326980153166666,40.60350871257902,1,1.0,65.0,loss,-1.0,2025,7,DEN,NYG,0.0,true,true,true,false,espn_archived_open,espn_archived_open,provider_labeled_open_close,true,espn_archived_close,,-7.5,-110
total,under,42.5,-110,1.9090909090909092,0.5403356680058115,0.5238095238095238,0.5,0.040335668005811454,0.03154991164745824,ESPN BET,2025_07_NYG_DEN,espn_archive,,401772757:58:open:total,401772757,,8.326980153166666,40.60350871257902,1,1.0,65.0,loss,-1.0,2025,7,DEN,NYG,2.0,true,true,true,false,espn_archived_open,espn_archived_open,provider_labeled_open_close,true,espn_archived_close,,40.5,-105
moneyline,home,,105,2.05,0.6339978200048237,0.48780487804878053,0.4675324675324676,0.16646535247235617,0.29969553100988855,ESPN BET,2025_07_PHI_MIN,espn_archive,,401772862:58:open:moneyline,401772862,,4.046771415907035,45.81441673193592,1,-6.0,50.0,loss,-1.0,2025,7,MIN,PHI,-0.029576263152905513,true,true,true,false,espn_archived_open,espn_archived_open,provider_labeled_open_close,true,espn_archived_close,,,120
spread,home,1.5,-110,1.9090909090909092,0.6753368969368652,0.5238095238095238,0.5,0.17533689693686516,0.28927953051583355,ESPN BET,2025_07_PHI_MIN,espn_archive,,401772862:58:open:spread,401772862,,4.046771415907035,45.81441673193592,1,-6.0,50.0,loss,-1.0,2025,7,MIN,PHI,-1.0,true,true,true,false,espn_archived_open,espn_archived_open,provider_labeled_open_close,true,espn_archived_close,,2.5,-110
total,over,43.5,-110,1.9090909090909092,0.5858173463844755,0.5238095238095238,0.5,0.08581734638447547,0.11837857037036237,ESPN BET,2025_07_PHI_MIN,espn_archive,,401772862:58:open:total,401772862,,4.046771415907035,45.81441673193592,1,-6.0,50.0,win,0.9090909090909092,2025,7,MIN,PHI,1.0,true,true,true,false,espn_archived_open,espn_archived_open,provider_labeled_open_close,true,espn_archived_close,,44.5,-110
moneyline,home,,210,3.1,0.4729401281955983,0.3225806451612903,0.31111111111111106,0.16182901708448721,0.46611439740635463,ESPN BET,2025_07_PIT_CIN,espn_archive,,401772941:58:open:moneyline,401772941,,-1.4372255494747925,47.51709403245344,1,2.0,64.0,win,2.1,2025,7,CIN,PIT,0.009643605870021055,true,true,true,false,espn_archived_open,espn_archived_open,provider_labeled_open_close,true,espn_archived_close,,,200
spread,home,5.5,-110,1.9090909090909092,0.6344482266559042,0.5238095238095238,0.5,0.13444822665590417,0.21121934179763535,ESPN BET,2025_07_PIT_CIN,espn_archive,,401772941:58:open:spread,401772941,,-1.4372255494747925,47.51709403245344,1,2.0,64.0,win,0.9090909090909092,2025,7,CIN,PIT,0.0,true,true,true,false,espn_archived_open,espn_archived_open,provider_labeled_open_close,true,espn_archived_close,,5.5,-110
total,over,42.5,-105,1.9523809523809523,0.6631041515114826,0.5121951219512195,0.4891657638136511,0.1739383876978315,0.2946319148557517,ESPN BET,2025_07_PIT_CIN,espn_archive,,401772941:58:open:total,401772941,,-1.4372255494747925,47.51709403245344,1,2.0,64.0,win,0.9523809523809523,2025,7,CIN,PIT,2.0,true,true,true,false,espn_archived_open,espn_archived_open,provider_labeled_open_close,true,espn_archived_close,,44.5,-115
moneyline,away,,210,3.1,0.3150970905939148,0.3225806451612903,0.31111111111111106,0.003985979482803714,-0.02319901915886413,ESPN BET,2025_07_TB_DET,espn_archive,,401772816:58:open:moneyline,401772816,,5.904339305270234,53.929596651833215,1,15.0,33.0,loss,-1.0,2025,7,DET,TB,-0.027680878552971522,true,true,true,false,espn_archived_open,espn_archived_open,provider_labeled_open_close,true,espn_archived_close,,,240
spread,home,-5.5,-115,1.8695652173913042,0.52786913694508,0.5348837209302326,0.5108342361863489,0.017034900758731042,-0.013114222233111428,ESPN BET,2025_07_TB_DET,espn_archive,,401772816:58:open:spread,401772816,,5.904339305270234,53.929596651833215,1,15.0,33.0,win,0.8695652173913042,2025,7,DET,TB,1.0,true,true,true,false,espn_archived_open,espn_archived_open,provider_labeled_open_close,true,espn_archived_close,,-6.5,-110
total,over,53.5,-105,1.9523809523809523,0.5296641097601692,0.5121951219512195,0.4891657638136511,0.04049834594651808,0.034106119055568485,ESPN BET,2025_07_TB_DET,espn_archive,,401772816:58:open:total,401772816,,5.904339305270234,53.929596651833215,1,15.0,33.0,loss,-1.0,2025,7,DET,TB,1.0,true,true,true,false,espn_archived_open,espn_archived_open,provider_labeled_open_close,true,espn_archived_close,,54.5,100
moneyline,home,,120,2.2,0.5106475409386235,0.45454545454545453,0.43795620437956206,0.07269133655906146,0.12342459006497175,ESPN BET,2025_07_WAS_DAL,espn_archive,,401772864:58:open:moneyline,401772864,,-0.17329812233034403,53.16619569948926,1,22.0,66.0,win,1.2000000000000002,2025,7,DAL,WAS,0.10478733438783361,true,true,true,false,espn_archived_open,espn_archived_open,provider_labeled_open_close,true,espn_archived_close,,,-130
spread,home,2.5,-110,1.9090909090909092,0.584631257212537,0.5238095238095238,0.5,0.08463125721253695,0.11611421831484336,ESPN BET,2025_07_WAS_DAL,espn_archive,,401772864:58:open:spread,401772864,,-0.17329812233034403,53.16619569948926,1,22.0,66.0,win,0.9090909090909092,2025,7,DAL,WAS,5.0,true,true,true,false,espn_archived_open,espn_archived_open,provider_labeled_open_close,true,espn_archived_close,,-2.5,-105
total,over,53.5,-110,1.9090909090909092,0.5066862695408259,0.5238095238095238,0.5,0.006686269540825851,-0.032689849058423315,ESPN BET,2025_07_WAS_DAL,espn_archive,,401772864:58:open:total,401772864,,-0.17329812233034403,53.16619569948926,1,22.0,66.0,win,0.9090909090909092,2025,7,DAL,WAS,1.0,true,true,true,false,espn_archived_open,espn_archived_open,provider_labeled_open_close,true,espn_archived_close,,54.5,-120
moneyline,home,,300,4.0,0.5038078645580357,0.25,0.23809523809523808,0.26571262646279764,1.015231458232143,ESPN BET,2025_08_BUF_CAR,espn_archive,,401772865:58:open:moneyline,401772865,,-0.4013893510957516,47.53826864412879,1,-31.0,49.0,loss,-1.0,2025,8,CAR,BUF,0.0,true,true,true,false,espn_archived_open,espn_archived_open,provider_labeled_open_close,true,espn_archived_close,,,300
spread,home,7.5,-115,1.8695652173913042,0.715384295006601,0.5348837209302326,0.5108342361863489,0.204550058820252,0.33745759501234085,ESPN BET,2025_08_BUF_CAR,espn_archive,,401772865:58:open:spread,401772865,,-0.4013893510957516,47.53826864412879,1,-31.0,49.0,loss,-1.0,2025,8,CAR,BUF,0.0,true,true,true,false,espn_archived_open,espn_archived_open,provider_labeled_open_close,true,espn_archived_close,,7.5,-125
total,over,47.5,-110,1.9090909090909092,0.5172501269859376,0.5238095238095238,0.5,0.01725012698593764,-0.012522484845028048,ESPN BET,2025_08_BUF_CAR,espn_archive,,401772865:58:open:total,401772865,,-0.4013893510957516,47.53826864412879,1,-31.0,49.0,win,0.9090909090909092,2025,8,CAR,BUF,1.0,true,true,true,false,espn_archived_open,espn_archived_open,provider_labeled_open_close,true,espn_archived_close,,48.5,-110
moneyline,away,,250,3.5,0.4262110112595996,0.2857142857142857,0.27586206896551724,0.15034894229408235,0.49173853940859846,ESPN BET,2025_08_CHI_BAL,espn_archive,,401772759:58:open:moneyline,401772759,,1.9637606780709724,51.86445125241937,1,14.0,46.0,loss,-1.0,2025,8,BAL,CHI,0.15302195729268842,true,true,true,false,espn_archived_open,espn_archived_open,provider_labeled_open_close,true,espn_archived_close,,,125
spread,away,6.5,-115,1.8695652173913042,0.6175266435162265,0.5348837209302326,0.5108342361863489,0.10669240732987761,0.1545063335303365,ESPN BET,2025_08_CHI_BAL,espn_archive,,401772759:58:open:spread,401772759,,1.9637606780709724,51.86445125241937,1,14.0,46.0,loss,-1.0,2025,8,BAL,CHI,4.0,true,true,true,false,espn_archived_open,espn_archived_open,provider_labeled_open_close,true,espn_archived_close,,2.5,100
total,over,50.5,100,2.0,0.5569691790519853,0.5,0.4782608695652174,0.07870830948676788,0.11393835810397057,ESPN BET,2025_08_CHI_BAL,espn_archive,,401772759:58:open:total,401772759,,1.9637606780709724,51.86445125241937,1,14.0,46.0,loss,-1.0,2025,8,BAL,CHI,-6.0,true,true,true,false,espn_archived_open,espn_archived_open,provider_labeled_open_close,true,espn_archived_close,,44.5,-115
moneyline,away,,290,3.9,0.26131545504115095,0.25641025641025644,0.24464831804281348,0.016667136998337467,0.019130274660488666,ESPN BET,2025_08_CLE_NE,espn_archive,,401772868:58:open:moneyline,401772868,,8.03820866419948,40.386001446176515,1,19.0,45.0,loss,-1.0,2025,8,NE,CLE,0.022527254476270547,true,true,true,false,espn_archived_open,espn_archived_open,provider_labeled_open_close,true,espn_archived_close,,,260
spread,home,-7.5,100,2.0,0.5317447480356394,0.5,0.4782608695652174,0.05348387847042202,0.06348949607127885,ESPN BET,2025_08_CLE_NE,espn_archive,,401772868:58:open:spread,401772868,,8.03820866419948,40.386001446176515,1,19.0,45.0,win,1.0,2025,8,NE,CLE,-1.0,true,true,true,false,espn_archived_open,espn_archived_open,provider_labeled_open_close,true,espn_archived_close,,-6.5,-120
total,over,40.5,-105,1.9523809523809523,0.5126712123275241,0.5121951219512195,0.4891657638136511,0.023505448513872984,0.0009295097823089904,ESPN BET,2025_08_CLE_NE,espn_archive,,401772868:58:open:total,401772868,,8.03820866419948,40.386001446176515,1,19.0,45.0,win,0.9523809523809523,2025,8,NE,CLE,0.0,true,true,true,false,espn_archived_open,espn_archived_open,provider_labeled_open_close,true,espn_archived_close,,40.5,-105
moneyline,home,,-150,1.6666666666666665,0.6708856826172784,0.6000000000000001,0.5798319327731092,0.09105374984416925,0.11814280436213065,ESPN BET,2025_08_DAL_DEN,espn_archive,,401772762:58:open:moneyline,401772762,,5.39898272932615,50.2263119411377,1,20.0,68.0,win,0.6666666666666665,2025,8,DEN,DAL,0.07087229257900352,true,true,true,false,espn_archived_open,espn_archived_open,provider_labeled_open_close,true,espn_archived_close,,,-210
spread,home,-2.5,-130,1.7692307692307692,0.6009527159354561,0.5652173913043479,0.5427435387673957,0.0582091771680604,0.06322403588580694,ESPN BET,2025_08_DAL_DEN,espn_archive,,401772762:58:open:spread,401772762,,5.39898272932615,50.2263119411377,1,20.0,68.0,win,0.7692307692307692,2025,8,DEN,DAL,2.0,true,true,true,false,espn_archived_open,espn_archived_open,provider_labeled_open_close,true,espn_archived_close,,-4.5,-105
total,over,48.5,-110,1.9090909090909092,0.5677250151820601,0.5238095238095238,0.5,0.06772501518206009,0.08383866534756934,ESPN BET,2025_08_DAL_DEN,espn_archive,,401772762:58:open:total,401772762,,5.39898272932615,50.2263119411377,1,20.0,68.0,win,0.9090909090909092,2025,8,DEN,DAL,3.0,true,true,true,false,espn_archived_open,espn_archived_open,provider_labeled_open_close,true,espn_archived_close,,51.5,-115
moneyline,home,,160,2.6,0.5386720265313316,0.3846153846153846,0.36989795918367335,0.16877406734765826,0.4005472689814622,ESPN BET,2025_08_GB_PIT,espn_archive,,401772925:58:open:moneyline,401772925,,0.7718272410087721,46.76478555565922,1,-10.0,60.0,loss,-1.0,2025,8,PIT,GB,0.050270108043217354,true,true,true,false,espn_archived_open,espn_archived_open,provider_labeled_open_close,true,espn_archived_close,,,130
spread,home,3.5,-110,1.9090909090909092,0.6399231798057422,0.5238095238095238,0.5,0.1399231798057422,0.2216715250836898,ESPN BET,2025_08_GB_PIT,espn_archive,,401772925:58:open:spread,401772925,,0.7718272410087721,46.76478555565922,1,-10.0,60.0,loss,-1.0,2025,8,PIT,GB,1.0,true,true,true,false,espn_archived_open,espn_archived_open,provider_labeled_open_close,true,espn_archived_close,,2.5,100
total,over,46.5,-110,1.9090909090909092,0.5240574583679032,0.5238095238095238,0.5,0.024057458367903184,0.0004733296114516339,ESPN BET,2025_08_GB_PIT,espn_archive,,401772925:58:open:total,401772925,,0.7718272410087721,46.76478555565922,1,-10.0,60.0,win,0.9090909090909092,2025,8,PIT,GB,-1.0,true,true,true,false,espn_archived_open,espn_archived_open,provider_labeled_open_close,true,espn_archived_close,,45.5,-110
moneyline,away,,300,4.0,0.29761453501781954,0.25,0.23809523809523808,0.059519296922581455,0.19045814007127815,ESPN BET,2025_08_MIA_ATL,espn_archive,,401772760:58:open:moneyline,401772760,,6.590559412966119,44.173335765078136,1,-24.0,44.0,win,3.0,2025,8,ATL,MIA,0.02103314824162883,true,true,true,false,espn_archived_open,espn_archived_open,provider_labeled_open_close,true,espn_archived_close,,,270
spread,away,7.5,-115,1.8695652173913042,0.511314470914954,0.5348837209302326,0.5108342361863489,0.00048023472860503347,-0.0440642500285644,ESPN BET,2025_08_MIA_ATL,espn_archive,,401772760:58:open:spread,401772760,,6.590559412966119,44.173335765078136,1,-24.0,44.0,win,0.8695652173913042,2025,8,ATL,MIA,1.0,true,true,true,false,espn_archived_open,espn_archived_open,provider_labeled_open_close,true,espn_archived_close,,6.5,100
total,under,45.5,-115,1.8695652173913042,0.5238051446526298,0.5348837209302326,0.5108342361863489,0.012970908466280906,-0.020712120866822503,ESPN BET,2025_08_MIA_ATL,espn_archive,,401772760:58:open:total,401772760,,6.590559412966119,44.173335765078136,1,-24.0,44.0,win,0.8695652173913042,2025,8,ATL,MIA,2.0,true,true,true,false,espn_archived_open,espn_archived_open,provider_labeled_open_close,true,espn_archived_close,,43.5,100
moneyline,home,,-135,1.7407407407407407,0.5542247633975658,0.574468085106383,0.552594002855783,0.0016307605417827942,-0.03523837482645964,ESPN BET,2025_08_MIN_LAC,espn_archive,,401772942:58:open:moneyline,401772942,,1.297887914211394,44.85957311729569,1,27.0,47.0,win,0.7407407407407407,2025,8,LAC,MIN,0.05410665264312453,true,true,true,false,espn_archived_open,espn_archived_open,provider_labeled_open_close,true,espn_archived_close,,,-170
spread,away,2.5,-110,1.9090909090909092,0.5200199622510389,0.5238095238095238,0.5,0.02001996225103886,-0.007234617520743947,ESPN BET,2025_08_MIN_LAC,espn_archive,,401772942:58:open:spread,401772942,,1.297887914211394,44.85957311729569,1,27.0,47.0,loss,-1.0,2025,8,LAC,MIN,-1.0,true,true,true,false,espn_archived_open,espn_archived_open,provider_labeled_open_close,true,espn_archived_close,,3.5,-115
total,over,43.5,-110,1.9090909090909092,0.5568238772704551,0.5238095238095238,0.5,0.056823877270455125,0.06302740206177804,ESPN BET,2025_08_MIN_LAC,espn_archive,,401772942:58:open:total,401772942,,1.297887914211394,44.85957311729569,1,27.0,47.0,win,0.9090909090909092,2025,8,LAC,MIN,1.0,true,true,true,false,espn_archived_open,espn_archived_open,provider_labeled_open_close,true,espn_archived_close,,44.5,-105
moneyline,away,,290,3.9,0.2848491719101023,0.25641025641025644,0.24464831804281348,0.040200853867288805,0.11091177044939893,ESPN BET,2025_08_NYG_PHI,espn_archive,,401772867:58:open:moneyline,401772867,,7.089390604872747,45.98757808091264,1,18.0,58.0,loss,-1.0,2025,8,PHI,NYG,-0.01737559077008624,true,true,true,false,espn_archived_open,espn_archived_open,provider_labeled_open_close,true,espn_archived_close,,,320
spread,home,-7.5,100,2.0,0.5035334095307443,0.5,0.4782608695652174,0.02527253996552692,0.0070668190614886495,ESPN BET,2025_08_NYG_PHI,espn_archive,,401772867:58:open:spread,401772867,,7.089390604872747,45.98757808091264,1,18.0,58.0,win,1.0,2025,8,PHI,NYG,0.0,true,true,true,false,espn_archived_open,espn_archived_open,provider_labeled_open_close,true,espn_archived_close,,-7.5,100
total,over,43.5,-105,1.9523809523809523,0.5901802908984016,0.5121951219512195,0.4891657638136511,0.1010145270847505,0.15225675842068886,ESPN BET,2025_08_NYG_PHI,espn_archive,,401772867:58:open:total,401772867,,7.089390604872747,45.98757808091264,1,18.0,58.0,win,0.9523809523809523,2025,8,PHI,NYG,0.0,true,true,true,false,espn_archived_open,espn_archived_open,provider_labeled_open_close,true,espn_archived_close,,43.5,100
moneyline,away,,180,2.8,0.38126695602042204,0.35714285714285715,0.34351145038167935,0.03775550563874269,0.06754747685718154,ESPN BET,2025_08_NYJ_CIN,espn_archive,,401772758:58:open:moneyline,401772758,,3.520023465893697,47.27024483042926,1,-1.0,77.0,win,1.7999999999999998,2025,8,CIN,NYJ,-0.03240033927056829,true,true,true,false,espn_archived_open,espn_archived_open,provider_labeled_open_close,true,espn_archived_close,,,210
spread,away,4.5,-110,1.9090909090909092,0.5134132076076712,0.5238095238095238,0.5,0.013413207607671174,-0.019847512748991325,ESPN BET,2025_08_NYJ_CIN,espn_archive,,401772758:58:open:spread,401772758,,3.520023465893697,47.27024483042926,1,-1.0,77.0,win,0.9090909090909092,2025,8,CIN,NYJ,-1.0,true,true,true,false,espn_archived_open,espn_archived_open,provider_labeled_open_close,true,espn_archived_close,,5.5,-110
total,over,46.5,-110,1.9090909090909092,0.5392194077279671,0.5238095238095238,0.5,0.03921940772796706,0.029418869298846184,ESPN BET,2025_08_NYJ_CIN,espn_archive,,401772758:58:open:total,401772758,,3.520023465893697,47.27024483042926,1,-1.0,77.0,win,0.9090909090909092,2025,8,CIN,NYJ,-3.0,true,true,true,false,espn_archived_open,espn_archived_open,provider_labeled_open_close,true,espn_archived_close,,43.5,-110
moneyline,home,,-125,1.8,0.6748978844586953,0.5555555555555556,0.5324675324675325,0.14243035199116272,0.2148161920256515,ESPN BET,2025_08_SF_HOU,espn_archive,,401772866:58:open:moneyline,401772866,,5.5479855857472025,39.67517745895431,1,11.0,41.0,win,0.8,2025,8,HOU,SF,0.0666247519500166,true,true,true,false,espn_archived_open,espn_archived_open,provider_labeled_open_close,true,espn_archived_close,,,-165
spread,home,-1.5,-105,1.9523809523809523,0.6336554912524917,0.5121951219512195,0.4891657638136511,0.14448972743884053,0.2371369114929598,ESPN BET,2025_08_SF_HOU,espn_archive,,401772866:58:open:spread,401772866,,5.5479855857472025,39.67517745895431,1,11.0,41.0,win,0.9523809523809523,2025,8,HOU,SF,2.0,true,true,true,false,espn_archived_open,espn_archived_open,provider_labeled_open_close,true,espn_archived_close,,-3.5,110
total,under,43.5,-110,1.9090909090909092,0.5979894685840316,0.5238095238095238,0.5,0.09798946858403157,0.14161625820587842,ESPN BET,2025_08_SF_HOU,espn_archive,,401772866:58:open:total,401772866,,5.5479855857472025,39.67517745895431,1,11.0,41.0,win,0.9090909090909092,2025,8,HOU,SF,2.0,true,true,true,false,espn_archived_open,espn_archived_open,provider_labeled_open_close,true,espn_archived_close,,41.5,-115
moneyline,home,,225,3.25,0.4551804907016057,0.3076923076923077,0.29556650246305427,0.15961398823855144,0.4793365947802186,ESPN BET,2025_08_TB_NO,espn_archive,,401772869:58:open:moneyline,401772869,,-2.038091689758808,47.798795823509046,1,-20.0,26.0,loss,-1.0,2025,8,NO,TB,0.05372927218483309,true,true,true,false,espn_archived_open,espn_archived_open,provider_labeled_open_close,true,espn_archived_close,,,175
spread,home,5.5,100,2.0,0.6170791633668353,0.5,0.4782608695652174,0.13881829380161792,0.23415832673367065,ESPN BET,2025_08_TB_NO,espn_archive,,401772869:58:open:spread,401772869,,-2.038091689758808,47.798795823509046,1,-20.0,26.0,loss,-1.0,2025,8,NO,TB,2.0,true,true,true,false,espn_archived_open,espn_archived_open,provider_labeled_open_close,true,espn_archived_close,,3.5,-105
total,over,48.5,100,2.0,0.49500275152843864,0.5,0.4782608695652174,0.01674188196322124,-0.00999449694312271,ESPN BET,2025_08_TB_NO,espn_archive,,401772869:58:open:total,401772869,,-2.038091689758808,47.798795823509046,1,-20.0,26.0,loss,-1.0,2025,8,NO,TB,-3.0,true,true,true,false,espn_archived_open,espn_archived_open,provider_labeled_open_close,true,espn_archived_close,,45.5,-105
moneyline,away,,800,9.0,0.147593276082298,0.1111111111111111,0.10559006211180123,0.042003213970496764,0.328339484740682,ESPN BET,2025_08_TEN_IND,espn_archive,,401772761:58:open:moneyline,401772761,,13.499538424581083,48.17556479521797,1,24.0,52.0,loss,-1.0,2025,8,IND,TEN,0.006350236395661443,true,true,true,false,espn_archived_open,espn_archived_open,provider_labeled_open_close,true,espn_archived_close,,,750
spread,home,-14.5,100,2.0,0.4859773445591874,0.5,0.4782608695652174,0.007716474993969991,-0.028045310881625207,ESPN BET,2025_08_TEN_IND,espn_archive,,401772761:58:open:spread,401772761,,13.499538424581083,48.17556479521797,1,24.0,52.0,win,1.0,2025,8,IND,TEN,0.0,true,true,true,false,espn_archived_open,espn_archived_open,provider_labeled_open_close,true,espn_archived_close,,-14.5,-110
total,over,45.5,-105,1.9523809523809523,0.5956831168845218,0.5121951219512195,0.4891657638136511,0.10651735307087068,0.16300037106025678,ESPN BET,2025_08_TEN_IND,espn_archive,,401772761:58:open:total,401772761,,13.499538424581083,48.17556479521797,1,24.0,52.0,win,0.9523809523809523,2025,8,IND,TEN,2.0,true,true,true,false,espn_archived_open,espn_archived_open,provider_labeled_open_close,true,espn_archived_close,,47.5,-115
moneyline,away,,400,5.0,0.31391531496916747,0.2,0.1891891891891892,0.12472612577997827,0.5695765748458372,ESPN BET,2025_08_WAS_KC,espn_archive,,401772817:58:open:moneyline,401772817,,5.967506529440257,46.88844063358258,1,21.0,35.0,loss,-1.0,2025,8,KC,WAS,0.0,true,true,true,false,espn_archived_open,espn_archived_open,provider_labeled_open_close,true,espn_archived_close,,,400
spread,away,9.5,100,2.0,0.5886576279138196,0.5,0.4782608695652174,0.11039675834860219,0.17731525582763918,ESPN BET,2025_08_WAS_KC,espn_archive,,401772817:58:open:spread,401772817,,5.967506529440257,46.88844063358258,1,21.0,35.0,loss,-1.0,2025,8,KC,WAS,-2.0,true,true,true,false,espn_archived_open,espn_archived_open,provider_labeled_open_close,true,espn_archived_close,,11.5,-125
total,under,48.5,-110,1.9090909090909092,0.5323570530099968,0.5238095238095238,0.5,0.032357053009996806,0.016318010291812124,ESPN BET,2025_08_WAS_KC,espn_archive,,401772817:58:open:total,401772817,,5.967506529440257,46.88844063358258,1,21.0,35.0,win,0.9090909090909092,2025,8,KC,WAS,0.0,true,true,true,false,espn_archived_open,espn_archived_open,provider_labeled_open_close,true,espn_archived_close,,48.5,-115
moneyline,home,,-150,1.6666666666666665,0.5962877077098802,0.6000000000000001,0.5798319327731092,0.016455774936770973,-0.00618715381686652,ESPN BET,2025_09_ARI_DAL,espn_archive,,401772818:58:open:moneyline,401772818,,2.753491951943335,52.598278774207685,1,-10.0,44.0,loss,-1.0,2025,9,DAL,ARI,0.04355756177594916,true,true,true,false,espn_archived_open,espn_archived_open,provider_labeled_open_close,true,espn_archived_close,,,-185
spread,home,-2.5,-120,1.8333333333333335,0.5233057181115626,0.5454545454545454,0.5217391304347826,0.0015665876767799736,-0.04060618346213518,ESPN BET,2025_09_ARI_DAL,espn_archive,,401772818:58:open:spread,401772818,,2.753491951943335,52.598278774207685,1,-10.0,44.0,loss,-1.0,2025,9,DAL,ARI,1.0,true,true,true,false,espn_archived_open,espn_archived_open,provider_labeled_open_close,true,espn_archived_close,,-3.5,-105
total,over,52.5,-115,1.8695652173913042,0.5208469910240991,0.5348837209302326,0.5108342361863489,0.010012754837750215,-0.026242581998423442,ESPN BET,2025_09_ARI_DAL,espn_archive,,401772818:58:open:total,401772818,,2.753491951943335,52.598278774207685,1,-10.0,44.0,loss,-1.0,2025,9,DAL,ARI,1.0,true,true,true,false,espn_archived_open,espn_archived_open,provider_labeled_open_close,true,espn_archived_close,,53.5,-105
moneyline,home,,-250,1.4,0.7256506228106452,0.7142857142857143,0.6888888888888889,0.0367617339217563,0.01591087193490326,ESPN BET,2025_09_ATL_NE,espn_archive,,401772763:58:open:moneyline,401772763,,7.5560498503860245,42.64505464849717,1,1.0,47.0,win,0.3999999999999999,2025,9,NE,ATL,-0.009643605870020888,true,true,true,false,espn_archived_open,espn_archived_open,provider_labeled_open_close,true,espn_archived_close,,,-240
spread,home,-5.5,-110,1.9090909090909092,0.5761508424853816,0.5238095238095238,0.5,0.07615084248538162,0.09992433565391035,ESPN BET,2025_09_ATL_NE,espn_archive,,401772763:58:open:spread,401772763,,7.5560498503860245,42.64505464849717,1,1.0,47.0,loss,-1.0,2025,9,NE,ATL,0.0,true,true,true,false,espn_archived_open,espn_archived_open,provider_labeled_open_close,true,espn_archived_close,,-5.5,-105
total,under,45.5,-110,1.9090909090909092,0.5677310309942593,0.5238095238095238,0.5,0.06773103099425926,0.08385015007994956,ESPN BET,2025_09_ATL_NE,espn_archive,,401772763:58:open:total,401772763,,7.5560498503860245,42.64505464849717,1,1.0,47.0,loss,-1.0,2025,9,NE,ATL,0.0,true,true,true,false,espn_archived_open,espn_archived_open,provider_labeled_open_close,true,espn_archived_close,,45.5,-105
moneyline,home,,280,3.8,0.5760868645016879,0.2631578947368421,0.25164113785557984,0.32444572664610805,1.189130085106414,ESPN BET,2025_09_BAL_MIA,espn_archive,,401772943:58:open:moneyline,401772943,,2.0538459444782298,51.80591198061457,1,-22.0,34.0,loss,-1.0,2025,9,MIA,BAL,-0.04474458613144189,true,true,true,false,espn_archived_open,espn_archived_open,provider_labeled_open_close,true,espn_archived_close,,,360
spread,home,7.5,-120,1.8333333333333335,0.772705384048116,0.5454545454545454,0.5217391304347826,0.25096625361333336,0.4166265374215461,ESPN BET,2025_09_BAL_MIA,espn_archive,,401772943:58:open:spread,401772943,,2.0538459444782298,51.80591198061457,1,-22.0,34.0,loss,-1.0,2025,9,MIA,BAL,0.0,true,true,true,false,espn_archived_open,espn_archived_open,provider_labeled_open_close,true,espn_archived_close,,7.5,-105
total,over,49.5,-110,1.9090909090909092,0.5866319802311103,0.5238095238095238,0.5,0.0866319802311103,0.11993378044121061,ESPN BET,2025_09_BAL_MIA,espn_archive,,401772943:58:open:total,401772943,,2.0538459444782298,51.80591198061457,1,-22.0,34.0,loss,-1.0,2025,9,MIA,BAL,2.0,true,true,true,false,espn_archived_open,espn_archived_open,provider_labeled_open_close,true,espn_archived_close,,51.5,-105
moneyline,away,,500,6.0,0.21331774390770708,0.16666666666666666,0.15789473684210525,0.055423007065601826,0.2799064634462425,ESPN BET,2025_09_CAR_GB,espn_archive,,401772872:58:open:moneyline,401772872,,10.19033735113192,45.729882810508116,1,-3.0,29.0,win,5.0,2025,9,GB,CAR,-0.022092267706302793,true,true,true,false,espn_archived_open,espn_archived_open,provider_labeled_open_close,true,espn_archived_close,,,600
spread,away,11.5,-110,1.9090909090909092,0.5228897424081996,0.5238095238095238,0.5,0.02288974240819963,-0.0017559463116187946,ESPN BET,2025_09_CAR_GB,espn_archive,,401772872:58:open:spread,401772872,,10.19033735113192,45.729882810508116,1,-3.0,29.0,win,0.9090909090909092,2025,9,GB,CAR,-2.0,true,true,true,false,espn_archived_open,espn_archived_open,provider_labeled_open_close,true,espn_archived_close,,13.5,-115
total,over,42.5,-115,1.8695652173913042,0.613564563464481,0.5348837209302326,0.5108342361863489,0.10273032727813203,0.147098966477073,ESPN BET,2025_09_CAR_GB,espn_archive,,401772872:58:open:total,401772872,,10.19033735113192,45.729882810508116,1,-3.0,29.0,loss,-1.0,2025,9,GB,CAR,1.0,true,true,true,false,espn_archived_open,espn_archived_open,provider_labeled_open_close,true,espn_archived_close,,43.5,-115
moneyline,home,,110,2.1,0.5309715095112258,0.47619047619047616,0.4572564612326044,0.07371504827862146,0.11504016997357436,ESPN BET,2025_09_CHI_CIN,espn_archive,,401772765:58:open:moneyline,401772765,,0.5133462569641907,50.83508413754636,1,-5.0,89.0,loss,-1.0,2025,9,CIN,CHI,-0.056348745650153576,true,true,true,false,espn_archived_open,espn_archived_open,provider_labeled_open_close,true,espn_archived_close,,,140
spread,home,2.5,-115,1.8695652173913042,0.6037285613241241,0.5348837209302326,0.5108342361863489,0.09289432513777518,0.12870991899727535,ESPN BET,2025_09_CHI_CIN,espn_archive,,401772765:58:open:spread,401772765,,0.5133462569641907,50.83508413754636,1,-5.0,89.0,loss,-1.0,2025,9,CIN,CHI,0.0,true,true,true,false,espn_archived_open,espn_archived_open,provider_labeled_open_close,true,espn_archived_close,,2.5,105
total,over,51.5,-105,1.9523809523809523,0.4978780911396824,0.5121951219512195,0.4891657638136511,0.008712327326031277,-0.02795229825109624,ESPN BET,2025_09_CHI_CIN,espn_archive,,401772765:58:open:total,401772765,,0.5133462569641907,50.83508413754636,1,-5.0,89.0,win,0.9523809523809523,2025,9,CIN,CHI,0.0,true,true,true,false,espn_archived_open,espn_archived_open,provider_labeled_open_close,true,espn_archived_close,,51.5,-110
moneyline,home,,105,2.05,0.6110753630212272,0.48780487804878053,0.4675324675324676,0.14354289548875965,0.2527044941935157,ESPN BET,2025_09_DEN_HOU,espn_archive,,401772870:58:open:moneyline,401772870,,3.27121372930511,40.16459816347303,1,-3.0,33.0,loss,-1.0,2025,9,HOU,DEN,0.0850615353233154,true,true,true,false,espn_archived_open,espn_archived_open,provider_labeled_open_close,true,espn_archived_close,,,-135
spread,home,1.5,-115,1.8695652173913042,0.6529516205643433,0.5348837209302326,0.5108342361863489,0.14211738437799437,0.22073563844638078,ESPN BET,2025_09_DEN_HOU,espn_archive,,401772870:58:open:spread,401772870,,3.27121372930511,40.16459816347303,1,-3.0,33.0,loss,-1.0,2025,9,HOU,DEN,4.0,true,true,true,false,espn_archived_open,espn_archived_open,provider_labeled_open_close,true,espn_archived_close,,-2.5,100
total,over,38.5,-110,1.9090909090909092,0.567687458046932,0.5238095238095238,0.5,0.06768745804693199,0.08376696536232475,ESPN BET,2025_09_DEN_HOU,espn_archive,,401772870:58:open:total,401772870,,3.27121372930511,40.16459816347303,1,-3.0,33.0,loss,-1.0,2025,9,HOU,DEN,3.0,true,true,true,false,espn_archived_open,espn_archived_open,provider_labeled_open_close,true,espn_archived_close,,41.5,-110
moneyline,home,,125,2.25,0.4474805769452712,0.4444444444444444,0.42888402625820565,0.01859655068706556,0.006831298126860119,ESPN BET,2025_09_IND_PIT,espn_archive,,401772766:58:open:moneyline,401772766,,-2.3164429200603642,51.25796873867735,1,7.0,47.0,win,1.25,2025,9,PIT,IND,-0.03558468175711316,true,true,true,false,espn_archived_open,espn_archived_open,provider_labeled_open_close,true,espn_archived_close,,,145
spread,home,2.5,100,2.0,0.5212410226760473,0.5,0.4782608695652174,0.04298015311082992,0.042482045352094655,ESPN BET,2025_09_IND_PIT,espn_archive,,401772766:58:open:spread,401772766,,-2.3164429200603642,51.25796873867735,1,7.0,47.0,win,1.0,2025,9,PIT,IND,-1.0,true,true,true,false,espn_archived_open,espn_archived_open,provider_labeled_open_close,true,espn_archived_close,,3.5,-130
total,over,48.5,-105,1.9523809523809523,0.599868346484989,0.5121951219512195,0.4891657638136511,0.11070258267133787,0.17117153361354998,ESPN BET,2025_09_IND_PIT,espn_archive,,401772766:58:open:total,401772766,,-2.3164429200603642,51.25796873867735,1,7.0,47.0,loss,-1.0,2025,9,PIT,IND,3.0,true,true,true,false,espn_archived_open,espn_archived_open,provider_labeled_open_close,true,espn_archived_close,,51.5,-115
moneyline,home,,145,2.45,0.5089137158655295,0.4081632653061224,0.3932993445010925,0.11561437136443697,0.24683860387054724,ESPN BET,2025_09_JAX_LV,espn_archive,,401772873:58:open:moneyline,401772873,,-0.23365376378124125,42.516070804592594,1,-1.0,59.0,loss,-1.0,2025,9,LV,JAX,0.06395711673151189,true,true,true,false,espn_archived_open,espn_archived_open,provider_labeled_open_close,true,espn_archived_close,,,110
spread,home,3.5,-125,1.8,0.6109370432564489,0.5555555555555556,0.5324675324675325,0.0784695107889164,0.09968667786160812,ESPN BET,2025_09_JAX_LV,espn_archive,,401772873:58:open:spread,401772873,,-0.23365376378124125,42.516070804592594,1,-1.0,59.0,win,0.8,2025,9,LV,JAX,2.0,true,true,true,false,espn_archived_open,espn_archived_open,provider_labeled_open_close,true,espn_archived_close,,1.5,-115
total,under,43.5,-105,1.9523809523809523,0.5117251433061627,0.5121951219512195,0.4891657638136511,0.022559379492511578,-0.0009175773546347132,ESPN BET,2025_09_JAX_LV,espn_archive,,401772873:58:open:total,401772873,,-0.23365376378124125,42.516070804592594,1,-1.0,59.0,loss,-1.0,2025,9,LV,JAX,-1.0,true,true,true,false,espn_archived_open,espn_archived_open,provider_labeled_open_close,true,espn_archived_close,,44.5,-105
moneyline,home,,110,2.1,0.580302640798428,0.47619047619047616,0.4572564612326044,0.12304617956582359,0.21863554567669885,ESPN BET,2025_09_KC_BUF,espn_archive,,401772768:58:open:moneyline,401772768,,2.199221222394911,46.70938474142174,1,7.0,49.0,win,1.1,2025,9,BUF,KC,-0.014403356549668345,true,true,true,false,espn_archived_open,espn_archived_open,provider_labeled_open_close,true,espn_archived_close,,,119
spread,home,1.5,-110,1.9090909090909092,0.6231811630875419,0.5238095238095238,0.5,0.1231811630875419,0.1897094931671255,ESPN BET,2025_09_KC_BUF,espn_archive,,401772768:58:open:spread,401772768,,2.199221222394911,46.70938474142174,1,7.0,49.0,win,0.9090909090909092,2025,9,BUF,KC,-1.0,true,true,true,false,espn_archived_open,espn_archived_open,provider_labeled_open_close,true,espn_archived_close,,2.5,-104
total,under,51.5,-105,1.9523809523809523,0.6242588844004614,0.5121951219512195,0.4891657638136511,0.13509312058681028,0.2187911552580437,ESPN BET,2025_09_KC_BUF,espn_archive,,401772768:58:open:total,401772768,,2.199221222394911,46.70938474142174,1,7.0,49.0,win,0.9523809523809523,2025,9,BUF,KC,-2.0,true,true,true,false,espn_archived_open,espn_archived_open,provider_labeled_open_close,true,espn_archived_close,,53.5,-110
moneyline,home,,360,4.6,0.3974222845540091,0.2173913043478261,0.20689655172413796,0.19052573282987112,0.8281425089484415,ESPN BET,2025_09_LAC_TEN,espn_archive,,401772764:58:open:moneyline,401772764,,-4.0433341245135885,43.88916522980473,1,-7.0,47.0,loss,-1.0,2025,9,TEN,LAC,-0.026716371543957784,true,true,true,false,espn_archived_open,espn_archived_open,provider_labeled_open_close,true,espn_archived_close,,,425
spread,home,8.5,-110,1.9090909090909092,0.6443041210452682,0.5238095238095238,0.5,0.14430412104526824,0.2300351401773304,ESPN BET,2025_09_LAC_TEN,espn_archive,,401772764:58:open:spread,401772764,,-4.0433341245135885,43.88916522980473,1,-7.0,47.0,win,0.9090909090909092,2025,9,TEN,LAC,-1.0,true,true,true,false,espn_archived_open,espn_archived_open,provider_labeled_open_close,true,espn_archived_close,,9.5,-105
total,over,43.5,-110,1.9090909090909092,0.5295873754928324,0.5238095238095238,0.5,0.029587375492832413,0.011030444122680061,ESPN BET,2025_09_LAC_TEN,espn_archive,,401772764:58:open:total,401772764,,-4.0433341245135885,43.88916522980473,1,-7.0,47.0,win,0.9090909090909092,2025,9,TEN,LAC,1.0,true,true,true,false,espn_archived_open,espn_archived_open,provider_labeled_open_close,true,espn_archived_close,,44.5,-110
moneyline,away,,380,4.8,0.2454297866144013,0.20833333333333334,0.19756838905775076,0.04786139755665053,0.1780629757491261,ESPN BET,2025_09_MIN_DET,espn_archive,,401772871:58:open:moneyline,401772871,,8.759938468093676,48.84772682778127,1,-3.0,51.0,win,3.8,2025,9,DET,MIN,-0.00837919986856156,true,true,true,false,espn_archived_open,espn_archived_open,provider_labeled_open_close,true,espn_archived_close,,,400
spread,home,-8.5,-105,1.9523809523809523,0.523496008721298,0.5121951219512195,0.4891657638136511,0.034330244907646856,0.022063636074915127,ESPN BET,2025_09_MIN_DET,espn_archive,,401772871:58:open:spread,401772871,,8.759938468093676,48.84772682778127,1,-3.0,51.0,loss,-1.0,2025,9,DET,MIN,1.0,true,true,true,false,espn_archived_open,espn_archived_open,provider_labeled_open_close,true,espn_archived_close,,-9.5,-110
total,over,47.5,-110,1.9090909090909092,0.5582663929971688,0.5238095238095238,0.5,0.05826639299716885,0.06578129572186775,ESPN BET,2025_09_MIN_DET,espn_archive,,401772871:58:open:total,401772871,,8.759938468093676,48.84772682778127,1,-3.0,51.0,win,0.9090909090909092,2025,9,DET,MIN,0.0,true,true,true,false,espn_archived_open,espn_archived_open,provider_labeled_open_close,true,espn_archived_close,,47.5,-115
moneyline,away,,700,8.0,0.1776999239208702,0.125,0.11926605504587155,0.05843386887499864,0.42159939136696156,ESPN BET,2025_09_NO_LA,espn_archive,,401772874:58:open:moneyline,401772874,,11.933529899512807,41.98098082201043,1,24.0,44.0,loss,-1.0,2025,9,LA,NO,-0.013675992934070319,true,true,true,false,espn_archived_open,espn_archived_open,provider_labeled_open_close,true,espn_archived_close,,,800
spread,away,13.5,-105,1.9523809523809523,0.5304662451820029,0.5121951219512195,0.4891657638136511,0.041300481368351794,0.03567219297438662,ESPN BET,2025_09_NO_LA,espn_archive,,401772874:58:open:spread,401772874,,11.933529899512807,41.98098082201043,1,24.0,44.0,loss,-1.0,2025,9,LA,NO,-1.0,true,true,true,false,espn_archived_open,espn_archived_open,provider_labeled_open_close,true,espn_archived_close,,14.5,-110
total,under,44.5,-115,1.8695652173913042,0.5577425043148918,0.5348837209302326,0.5108342361863489,0.046908268128542874,0.04273598632784115,ESPN BET,2025_09_NO_LA,espn_archive,,401772874:58:open:total,401772874,,11.933529899512807,41.98098082201043,1,24.0,44.0,win,0.8695652173913042,2025,9,LA,NO,-1.0,true,true,true,false,espn_archived_open,espn_archived_open,provider_labeled_open_close,true,espn_archived_close,,45.5,-110
moneyline,home,,135,2.35,0.5147574041317744,0.425531914893617,0.4117884537747275,0.1029689503570469,0.20967989970966983,ESPN BET,2025_09_SEA_WAS,espn_archive,,401772926:58:open:moneyline,401772926,,-0.03593775552428369,48.140820504685166,1,-24.0,52.0,loss,-1.0,2025,9,WAS,SEA,0.010361606044106908,true,true,true,false,espn_archived_open,espn_archived_open,provider_labeled_open_close,true,espn_archived_close,,,130
spread,home,3.5,-130,1.7692307692307692,0.6165440486530619,0.5652173913043479,0.5427435387673957,0.07380050988566622,0.09080870146310938,ESPN BET,2025_09_SEA_WAS,espn_archive,,401772926:58:open:spread,401772926,,-0.03593775552428369,48.140820504685166,1,-24.0,52.0,loss,-1.0,2025,9,WAS,SEA,1.0,true,true,true,false,espn_archived_open,espn_archived_open,provider_labeled_open_close,true,espn_archived_close,,2.5,103
total,over,45.5,-105,1.9523809523809523,0.5964485486580093,0.5121951219512195,0.4891657638136511,0.10728278484435821,0.16449478547516105,ESPN BET,2025_09_SEA_WAS,espn_archive,,401772926:58:open:total,401772926,,-0.03593775552428369,48.140820504685166,1,-24.0,52.0,win,0.9523809523809523,2025,9,WAS,SEA,2.0,true,true,true,false,espn_archived_open,espn_archived_open,provider_labeled_open_close,true,espn_archived_close,,47.5,-105
moneyline,home,,135,2.35,0.5357801324404354,0.425531914893617,0.4117884537747275,0.12399167866570793,0.25908331123502326,ESPN BET,2025_09_SF_NYG,espn_archive,,401772767:58:open:moneyline,401772767,,0.6765411361381055,44.65645101788968,1,-10.0,58.0,loss,-1.0,2025,9,NYG,SF,0.02616775060483456,true,true,true,false,espn_archived_open,espn_archived_open,provider_labeled_open_close,true,espn_archived_close,,,120
spread,home,2.5,100,2.0,0.6083825421556301,0.5,0.4782608695652174,0.13012167259041274,0.2167650843112603,ESPN BET,2025_09_SF_NYG,espn_archive,,401772767:58:open:spread,401772767,,0.6765411361381055,44.65645101788968,1,-10.0,58.0,loss,-1.0,2025,9,NYG,SF,0.0,true,true,true,false,espn_archived_open,espn_archived_open,provider_labeled_open_close,true,espn_archived_close,,2.5,-105
total,under,46.5,-115,1.8695652173913042,0.5375527953746437,0.5348837209302326,0.5108342361863489,0.0267185591882948,0.004990008743898988,ESPN BET,2025_09_SF_NYG,espn_archive,,401772767:58:open:total,401772767,,0.6765411361381055,44.65645101788968,1,-10.0,58.0,loss,-1.0,2025,9,NYG,SF,-1.0,true,true,true,false,espn_archived_open,espn_archived_open,provider_labeled_open_close,true,espn_archived_close,,47.5,-110
moneyline,away,,225,3.25,0.2974526582690926,0.3076923076923077,0.29556650246305427,0.0018861558060383476,-0.03327886062544905,ESPN BET,2025_10_ARI_SEA,espn_archive,,401772773:58:open:moneyline,401772773,,6.776029723152689,45.76959172541261,1,22.0,66.0,loss,-1.0,2025,10,SEA,ARI,-0.04152493202425517,true,true,true,false,espn_archived_open,espn_archived_open,provider_labeled_open_close,true,espn_archived_close,,,280
spread,home,-6.5,-110,1.9090909090909092,0.5196598368971406,0.5238095238095238,0.5,0.01965983689714057,-0.007922129560004376,ESPN BET,2025_10_ARI_SEA,espn_archive,,401772773:58:open:spread,401772773,,6.776029723152689,45.76959172541261,1,22.0,66.0,win,0.9090909090909092,2025,10,SEA,ARI,1.0,true,true,true,false,espn_archived_open,espn_archived_open,provider_labeled_open_close,true,espn_archived_close,,-7.5,100
total,over,44.5,-110,1.9090909090909092,0.55689271692352,0.5238095238095238,0.5,0.05689271692352005,0.06315882321762922,ESPN BET,2025_10_ARI_SEA,espn_archive,,401772773:58:open:total,401772773,,6.776029723152689,45.76959172541261,1,22.0,66.0,win,0.9090909090909092,2025,10,SEA,ARI,0.0,true,true,true,false,espn_archived_open,espn_archived_open,provider_labeled_open_close,true,espn_archived_close,,44.5,-107
moneyline,home,,-320,1.3125,0.7722254327200602,0.7619047619047619,0.7328244274809161,0.03940100523914403,0.013545880445078984,ESPN BET,2025_10_ATL_IND,espn_archive,,401772636:58:open:moneyline,401772636,,9.665408762844862,47.24451755347083,1,6.0,56.0,win,0.3125,2025,10,IND,ATL,-0.03266235292662112,true,true,true,false,espn_archived_open,espn_archived_open,provider_labeled_open_close,true,espn_archived_close,,,-270
spread,home,-6.5,-110,1.9090909090909092,0.604015480581043,0.5238095238095238,0.5,0.10401548058104304,0.15312046292744586,ESPN BET,2025_10_ATL_IND,espn_archive,,401772636:58:open:spread,401772636,,9.665408762844862,47.24451755347083,1,6.0,56.0,loss,-1.0,2025,10,IND,ATL,-1.0,true,true,true,false,espn_archived_open,espn_archived_open,provider_labeled_open_close,true,espn_archived_close,,-5.5,-115
total,under,48.5,-110,1.9090909090909092,0.518863428433884,0.5238095238095238,0.5,0.018863428433884,-0.009442545717130546,ESPN BET,2025_10_ATL_IND,espn_archive,,401772636:58:open:total,401772636,,9.665408762844862,47.24451755347083,1,6.0,56.0,loss,-1.0,2025,10,IND,ATL,0.0,true,true,true,false,espn_archived_open,espn_archived_open,provider_labeled_open_close,true,espn_archived_close,,48.5,-115
moneyline,home,,170,2.7,0.5923761178683911,0.37037037037037035,0.35714285714285715,0.2352332607255339,0.5994155182446559,ESPN BET,2025_10_BAL_MIN,espn_archive,,401772876:58:open:moneyline,401772876,,2.75996069708437,49.283518679845,1,-8.0,46.0,loss,-1.0,2025,10,MIN,BAL,-0.029924215596005388,true,true,true,false,espn_archived_open,espn_archived_open,provider_labeled_open_close,true,espn_archived_close,,,195
spread,home,4.5,-115,1.8695652173913042,0.7148668341441322,0.5348837209302326,0.5108342361863489,0.20403259795778328,0.3364901681825079,ESPN BET,2025_10_BAL_MIN,espn_archive,,401772876:58:open:spread,401772876,,2.75996069708437,49.283518679845,1,-8.0,46.0,loss,-1.0,2025,10,MIN,BAL,0.0,true,true,true,false,espn_archived_open,espn_archived_open,provider_labeled_open_close,true,espn_archived_close,,4.5,-110
total,over,45.5,-115,1.8695652173913042,0.6303015806334655,0.5348837209302326,0.5108342361863489,0.1194673444471166,0.17838991161908768,ESPN BET,2025_10_BAL_MIN,espn_archive,,401772876:58:open:total,401772876,,2.75996069708437,49.283518679845,1,-8.0,46.0,win,0.8695652173913042,2025,10,MIN,BAL,4.0,true,true,true,false,espn_archived_open,espn_archived_open,provider_labeled_open_close,true,espn_archived_close,,49.5,-105
moneyline,home,,380,4.8,0.3795866150462617,0.20833333333333334,0.19756838905775076,0.18201822598851092,0.8220157522220559,ESPN BET,2025_10_BUF_MIA,espn_archive,,401772771:58:open:moneyline,401772771,,-4.518611059290144,49.11477318975455,1,17.0,43.0,win,3.8,2025,10,MIA,BUF,0.009328162666387196,true,true,true,false,espn_archived_open,espn_archived_open,provider_labeled_open_close,true,espn_archived_close,,,360
spread,home,9.5,-110,1.9090909090909092,0.6548838237848464,0.5238095238095238,0.5,0.15488382378484644,0.25023275449834337,ESPN BET,2025_10_BUF_MIA,espn_archive,,401772771:58:open:spread,401772771,,-4.518611059290144,49.11477318975455,1,17.0,43.0,win,0.9090909090909092,2025,10,MIA,BUF,1.0,true,true,true,false,espn_archived_open,espn_archived_open,provider_labeled_open_close,true,espn_archived_close,,8.5,-120
total,over,48.5,-110,1.9090909090909092,0.5373345145966069,0.5238095238095238,0.5,0.03733451459660686,0.025820436957158632,ESPN BET,2025_10_BUF_MIA,espn_archive,,401772771:58:open:total,401772771,,-4.518611059290144,49.11477318975455,1,17.0,43.0,loss,-1.0,2025,10,MIA,BUF,2.0,true,true,true,false,espn_archived_open,espn_archived_open,provider_labeled_open_close,true,espn_archived_close,,50.5,-105
moneyline,home,,-125,1.8,0.6056111675947373,0.5555555555555556,0.5324675324675325,0.07314363512720479,0.09010010167052718,ESPN BET,2025_10_CLE_NYJ,espn_archive,,401772769:58:open:moneyline,401772769,,3.2212366620127533,41.702685775735915,1,7.0,47.0,win,0.8,2025,10,NYJ,CLE,-0.07521107123492815,true,true,true,false,espn_archived_open,espn_archived_open,provider_labeled_open_close,true,espn_archived_close,,,110
spread,home,-1.5,-110,1.9090909090909092,0.5622064020087134,0.5238095238095238,0.5,0.06220640200871341,0.07330313110754383,ESPN BET,2025_10_CLE_NYJ,espn_archive,,401772769:58:open:spread,401772769,,3.2212366620127533,41.702685775735915,1,7.0,47.0,win,0.9090909090909092,2025,10,NYJ,CLE,-4.0,true,true,true,false,espn_archived_open,espn_archived_open,provider_labeled_open_close,true,espn_archived_close,,2.5,-115
total,over,37.5,-110,1.9090909090909092,0.642167489911791,0.5238095238095238,0.5,0.14216748991179096,0.22595611710432828,ESPN BET,2025_10_CLE_NYJ,espn_archive,,401772769:58:open:total,401772769,,3.2212366620127533,41.702685775735915,1,7.0,47.0,win,0.9090909090909092,2025,10,NYJ,CLE,0.0,true,true,true,false,espn_archived_open,espn_archived_open,provider_labeled_open_close,true,espn_archived_close,,37.5,100
moneyline,home,,150,2.5,0.40787914454849905,0.4,0.3859649122807018,0.021914232267797262,0.019697861371247516,ESPN BET,2025_10_DET_WAS,espn_archive,,401772878:58:open:moneyline,401772878,,-3.5274909141289754,50.62573903453691,1,-22.0,66.0,loss,-1.0,2025,10,WAS,DET,-0.15869218500797455,true,true,true,false,espn_archived_open,espn_archived_open,provider_labeled_open_close,true,espn_archived_close,,,325
spread,away,-3.5,100,2.0,0.489320777235531,0.5,0.4782608695652174,0.011059907670313618,-0.021358445528937953,ESPN BET,2025_10_DET_WAS,espn_archive,,401772878:58:open:spread,401772878,,-3.5274909141289754,50.62573903453691,1,-22.0,66.0,win,1.0,2025,10,WAS,DET,4.0,true,true,true,false,espn_archived_open,espn_archived_open,provider_labeled_open_close,true,espn_archived_close,,-7.5,-112
total,under,51.5,-110,1.9090909090909092,0.5074024166967603,0.5238095238095238,0.5,0.007402416696760339,-0.031322659033457545,ESPN BET,2025_10_DET_WAS,espn_archive,,401772878:58:open:total,401772878,,-3.5274909141289754,50.62573903453691,1,-22.0,66.0,loss,-1.0,2025,10,WAS,DET,3.0,true,true,true,false,espn_archived_open,espn_archived_open,provider_labeled_open_close,true,espn_archived_close,,48.5,-107
moneyline,home,,-125,1.8,0.7070356775766589,0.5555555555555556,0.5324675324675325,0.17456814510912633,0.27266421963798604,ESPN BET,2025_10_JAX_HOU,espn_archive,,401772770:58:open:moneyline,401772770,,6.951238233725938,41.179609087104126,1,7.0,65.0,win,0.8,2025,10,HOU,JAX,0.010276006299863139,true,true,true,false,espn_archived_open,espn_archived_open,provider_labeled_open_close,true,espn_archived_close,,,-130
spread,home,-1.5,-110,1.9090909090909092,0.6676425455765029,0.5238095238095238,0.5,0.16764254557650293,0.27459031428241465,ESPN BET,2025_10_JAX_HOU,espn_archive,,401772770:58:open:spread,401772770,,6.951238233725938,41.179609087104126,1,7.0,65.0,win,0.9090909090909092,2025,10,HOU,JAX,1.0,true,true,true,false,espn_archived_open,espn_archived_open,provider_labeled_open_close,true,espn_archived_close,,-2.5,-105
total,over,39.5,-110,1.9090909090909092,0.5690720197143273,0.5238095238095238,0.5,0.0690720197143273,0.08641021945462479,ESPN BET,2025_10_JAX_HOU,espn_archive,,401772770:58:open:total,401772770,,6.951238233725938,41.179609087104126,1,7.0,65.0,win,0.9090909090909092,2025,10,HOU,JAX,-1.0,true,true,true,false,espn_archived_open,espn_archived_open,provider_labeled_open_close,true,espn_archived_close,,38.5,-110
moneyline,home,,145,2.45,0.4817735222247562,0.4081632653061224,0.3932993445010925,0.08847417772366373,0.18034512945065284,ESPN BET,2025_10_LA_SF,espn_archive,,401772879:58:open:moneyline,401772879,,-1.0039562961475887,43.231353785454914,1,-16.0,68.0,loss,-1.0,2025,10,SF,LA,-0.08218823338998144,true,true,true,false,espn_archived_open,espn_archived_open,provider_labeled_open_close,true,espn_archived_close,,,210
spread,home,3.5,-120,1.8333333333333335,0.5847549905411837,0.5454545454545454,0.5217391304347826,0.06301586010640114,0.07205081599217023,ESPN BET,2025_10_LA_SF,espn_archive,,401772879:58:open:spread,401772879,,-1.0039562961475887,43.231353785454914,1,-16.0,68.0,loss,-1.0,2025,10,SF,LA,-3.0,true,true,true,false,espn_archived_open,espn_archived_open,provider_labeled_open_close,true,espn_archived_close,,6.5,-120
total,under,48.5,-110,1.9090909090909092,0.6367946032509113,0.5238095238095238,0.5,0.1367946032509113,0.21569878802446718,ESPN BET,2025_10_LA_SF,espn_archive,,401772879:58:open:total,401772879,,-1.0039562961475887,43.231353785454914,1,-16.0,68.0,loss,-1.0,2025,10,SF,LA,-1.0,true,true,true,false,espn_archived_open,espn_archived_open,provider_labeled_open_close,true,espn_archived_close,,49.5,-115
moneyline,away,,400,5.0,0.1959590585153691,0.2,0.1891891891891892,0.0067698693261799,-0.0202047074231545,ESPN BET,2025_10_LV_DEN,espn_archive,,401772944:58:open:moneyline,401772944,,11.146756789584177,42.223278063429674,1,3.0,17.0,loss,-1.0,2025,10,DEN,LV,0.02820211515863688,true,true,true,false,espn_archived_open,espn_archived_open,provider_labeled_open_close,true,espn_archived_close,,,340
spread,home,-10.5,100,2.0,0.5306149872590974,0.5,0.4782608695652174,0.05235411769387999,0.061229974518194785,ESPN BET,2025_10_LV_DEN,espn_archive,,401772944:58:open:spread,401772944,,11.146756789584177,42.223278063429674,1,3.0,17.0,loss,-1.0,2025,10,DEN,LV,-1.0,true,true,true,false,espn_archived_open,espn_archived_open,provider_labeled_open_close,true,espn_archived_close,,-9.5,-103
total,over,42.5,-110,1.9090909090909092,0.5105706464304847,0.5238095238095238,0.5,0.010570646430484665,-0.025274220450892892,ESPN BET,2025_10_LV_DEN,espn_archive,,401772944:58:open:total,401772944,,11.146756789584177,42.223278063429674,1,3.0,17.0,loss,-1.0,2025,10,DEN,LV,-1.0,true,true,true,false,espn_archived_open,espn_archived_open,provider_labeled_open_close,true,espn_archived_close,,41.5,-112
moneyline,home,,-135,1.7407407407407407,0.6110500202619356,0.574468085106383,0.552594002855783,0.05845601740615258,0.06367966490040633,ESPN BET,2025_10_NE_TB,espn_archive,,401772772:58:open:moneyline,401772772,,3.411997220825352,47.15435445349195,1,-5.0,51.0,loss,-1.0,2025,10,TB,NE,0.035617543369489635,true,true,true,false,espn_archived_open,espn_archived_open,provider_labeled_open_close,true,espn_archived_close,,,-155
spread,home,-2.5,-110,1.9090909090909092,0.5384392453118301,0.5238095238095238,0.5,0.03843924531183007,0.027929468322584805,ESPN BET,2025_10_NE_TB,espn_archive,,401772772:58:open:spread,401772772,,3.411997220825352,47.15435445349195,1,-5.0,51.0,loss,-1.0,2025,10,TB,NE,0.0,true,true,true,false,espn_archived_open,espn_archived_open,provider_labeled_open_close,true,espn_archived_close,,-2.5,-130
total,under,48.5,-110,1.9090909090909092,0.5215721589246659,0.5238095238095238,0.5,0.021572158924665907,-0.0042713329620014395,ESPN BET,2025_10_NE_TB,espn_archive,,401772772:58:open:total,401772772,,3.411997220825352,47.15435445349195,1,-5.0,51.0,loss,-1.0,2025,10,TB,NE,0.0,true,true,true,false,espn_archived_open,espn_archived_open,provider_labeled_open_close,true,espn_archived_close,,48.5,-115
moneyline,away,,200,3.0,0.344181696603171,0.3333333333333333,0.3207547169811321,0.02342697962203888,0.032545089809512984,ESPN BET,2025_10_NO_CAR,espn_archive,,401772877:58:open:moneyline,401772877,,5.015574215624085,42.07026449527667,1,-10.0,24.0,win,2.0,2025,10,CAR,NO,-0.009643605870021055,true,true,true,false,espn_archived_open,espn_archived_open,provider_labeled_open_close,true,espn_archived_close,,,210
spread,away,5.5,-110,1.9090909090909092,0.5028494037880423,0.5238095238095238,0.5,0.002849403788042326,-0.04001477458646463,ESPN BET,2025_10_NO_CAR,espn_archive,,401772877:58:open:spread,401772877,,5.015574215624085,42.07026449527667,1,-10.0,24.0,win,0.9090909090909092,2025,10,CAR,NO,0.0,true,true,true,false,espn_archived_open,espn_archived_open,provider_labeled_open_close,true,espn_archived_close,,5.5,-115
total,over,40.5,-110,1.9090909090909092,0.5658299325793993,0.5238095238095238,0.5,0.06582993257939929,0.08022078037885327,ESPN BET,2025_10_NO_CAR,espn_archive,,401772877:58:open:total,401772877,,5.015574215624085,42.07026449527667,1,-10.0,24.0,loss,-1.0,2025,10,CAR,NO,-2.0,true,true,true,false,espn_archived_open,espn_archived_open,provider_labeled_open_close,true,espn_archived_close,,38.5,-105
moneyline,home,,-185,1.5405405405405406,0.6419284263018998,0.6491228070175439,0.6233894945490583,0.018538931752841492,-0.011083235156532645,ESPN BET,2025_10_NYG_CHI,espn_archive,,401772875:58:open:moneyline,401772875,,4.510885451175927,49.78555530108059,1,4.0,44.0,win,0.5405405405405406,2025,10,CHI,NYG,0.04412968703661935,true,true,true,false,espn_archived_open,espn_archived_open,provider_labeled_open_close,true,espn_archived_close,,,-225
spread,home,-3.5,-110,1.9090909090909092,0.5413526835359599,0.5238095238095238,0.5,0.04135268353595989,0.03349148675046898,ESPN BET,2025_10_NYG_CHI,espn_archive,,401772875:58:open:spread,401772875,,4.510885451175927,49.78555530108059,1,4.0,44.0,win,0.9090909090909092,2025,10,CHI,NYG,1.0,true,true,true,false,espn_archived_open,espn_archived_open,provider_labeled_open_close,true,espn_archived_close,,-4.5,-120
total,over,48.5,-110,1.9090909090909092,0.5573679889549221,0.5238095238095238,0.5,0.05736798895492212,0.06406616073212401,ESPN BET,2025_10_NYG_CHI,espn_archive,,401772875:58:open:total,401772875,,4.510885451175927,49.78555530108059,1,4.0,44.0,loss,-1.0,2025,10,CHI,NYG,-4.0,true,true,true,false,espn_archived_open,espn_archived_open,provider_labeled_open_close,true,espn_archived_close,,44.5,-110
moneyline,home,,-140,1.7142857142857144,0.5907263860700317,0.5833333333333333,0.5620437956204379,0.02868259044959376,0.012673804691482937,ESPN BET,2025_10_PHI_GB,espn_archive,,401772630:58:open:moneyline,401772630,,2.7027320182547356,46.880112084890314,1,-3.0,17.0,loss,-1.0,2025,10,GB,PHI,-0.05526872786976034,true,true,true,false,espn_archived_open,espn_archived_open,provider_labeled_open_close,true,espn_archived_close,,,-110
spread,home,-2.5,-115,1.8695652173913042,0.5174918340939697,0.5348837209302326,0.5108342361863489,0.006657597907620771,-0.03251526669388283,ESPN BET,2025_10_PHI_GB,espn_archive,,401772630:58:open:spread,401772630,,2.7027320182547356,46.880112084890314,1,-3.0,17.0,loss,-1.0,2025,10,GB,PHI,-1.0,true,true,true,false,espn_archived_open,espn_archived_open,provider_labeled_open_close,true,espn_archived_close,,-1.5,100
total,over,45.5,-110,1.9090909090909092,0.5601814447466682,0.5238095238095238,0.5,0.0601814447466682,0.06943730360727574,ESPN BET,2025_10_PHI_GB,espn_archive,,401772630:58:open:total,401772630,,2.7027320182547356,46.880112084890314,1,-3.0,17.0,loss,-1.0,2025,10,GB,PHI,-1.0,true,true,true,false,espn_archived_open,espn_archived_open,provider_labeled_open_close,true,espn_archived_close,,44.5,-110
moneyline,home,,-170,1.5882352941176472,0.6155936063343033,0.6296296296296295,0.6067006554989075,0.008892950835395763,-0.022292507586694765,ESPN BET,2025_10_PIT_LAC,espn_archive,,401772927:58:open:moneyline,401772927,,3.571942005536151,46.51578493988191,1,15.0,35.0,win,0.5882352941176472,2025,10,LAC,PIT,0.020777396966770945,true,true,true,false,espn_archived_open,espn_archived_open,provider_labeled_open_close,true,espn_archived_close,,,-186
spread,home,-3.5,-105,1.9523809523809523,0.5136220776251215,0.5121951219512195,0.4891657638136511,0.024456313811470343,0.002785961077617971,ESPN BET,2025_10_PIT_LAC,espn_archive,,401772927:58:open:spread,401772927,,3.571942005536151,46.51578493988191,1,15.0,35.0,win,0.9523809523809523,2025,10,LAC,PIT,0.0,true,true,true,false,espn_archived_open,espn_archived_open,provider_labeled_open_close,true,espn_archived_close,,-3.5,-102
total,over,45.5,-110,1.9090909090909092,0.549325763023787,0.5238095238095238,0.5,0.049325763023786995,0.04871282031813884,ESPN BET,2025_10_PIT_LAC,espn_archive,,401772927:58:open:total,401772927,,3.571942005536151,46.51578493988191,1,15.0,35.0,loss,-1.0,2025,10,LAC,PIT,0.0,true,true,true,false,espn_archived_open,espn_archived_open,provider_labeled_open_close,true,espn_archived_close,,45.5,-107
moneyline,home,,380,4.8,0.42287547265429126,0.20833333333333334,0.19756838905775076,0.2253070835965405,1.0298022687405979,ESPN BET,2025_11_BAL_CLE,espn_archive,,401772777:58:open:moneyline,401772777,,-2.946739165134634,45.206011480743854,1,-7.0,39.0,loss,-1.0,2025,11,CLE,BAL,0.029704338214976478,true,true,true,false,espn_archived_open,espn_archived_open,provider_labeled_open_close,true,espn_archived_close,,,320
spread,home,9.5,-115,1.8695652173913042,0.6957483372613631,0.5348837209302326,0.5108342361863489,0.18491410107501416,0.30074689140167865,ESPN BET,2025_11_BAL_CLE,espn_archive,,401772777:58:open:spread,401772777,,-2.946739165134634,45.206011480743854,1,-7.0,39.0,win,0.8695652173913042,2025,11,CLE,BAL,2.0,true,true,true,false,espn_archived_open,espn_archived_open,provider_labeled_open_close,true,espn_archived_close,,7.5,-122
total,over,41.5,-110,1.9090909090909092,0.6270414494382782,0.5238095238095238,0.5,0.12704144943827822,0.19707913074580397,ESPN BET,2025_11_BAL_CLE,espn_archive,,401772777:58:open:total,401772777,,-2.946739165134634,45.206011480743854,1,-7.0,39.0,loss,-1.0,2025,11,CLE,BAL,-4.0,true,true,true,false,espn_archived_open,espn_archived_open,provider_labeled_open_close,true,espn_archived_close,,37.5,-110
moneyline,away,,170,2.7,0.3692337243466096,0.37037037037037035,0.35714285714285715,0.012090867203752464,-0.003068944264153939,ESPN BET,2025_11_CAR_ATL,espn_archive,,401772882:58:open:moneyline,401772882,,4.156229010780773,41.20369825432171,1,-3.0,57.0,win,1.7000000000000002,2025,11,ATL,CAR,-0.024662038728534896,true,true,true,false,espn_archived_open,espn_archived_open,provider_labeled_open_close,true,espn_archived_close,,,190
spread,home,-4.5,-105,1.9523809523809523,0.4996431207133144,0.5121951219512195,0.4891657638136511,0.010477356899663282,-0.02450628813114808,ESPN BET,2025_11_CAR_ATL,espn_archive,,401772882:58:open:spread,401772882,,4.156229010780773,41.20369825432171,1,-3.0,57.0,loss,-1.0,2025,11,ATL,CAR,0.0,true,true,true,false,espn_archived_open,espn_archived_open,provider_labeled_open_close,true,espn_archived_close,,-4.5,-110
total,under,42.5,-110,1.9090909090909092,0.5202460108961813,0.5238095238095238,0.5,0.020246010896181277,-0.006803070107290199,ESPN BET,2025_11_CAR_ATL,espn_archive,,401772882:58:open:total,401772882,,4.156229010780773,41.20369825432171,1,-3.0,57.0,loss,-1.0,2025,11,ATL,CAR,1.0,true,true,true,false,espn_archived_open,espn_archived_open,provider_labeled_open_close,true,espn_archived_close,,41.5,-110
moneyline,home,,-150,1.6666666666666665,0.6196581308428264,0.6000000000000001,0.5798319327731092,0.03982619806971721,0.032763551404710656,ESPN BET,2025_11_CHI_MIN,espn_archive,,401772880:58:open:moneyline,401772880,,3.762379461865766,47.96959547266407,1,-2.0,36.0,loss,-1.0,2025,11,MIN,CHI,0.008379613452163426,true,true,true,false,espn_archived_open,espn_archived_open,provider_labeled_open_close,true,espn_archived_close,,,-155
spread,home,-2.5,-120,1.8333333333333335,0.547201970109215,0.5454545454545454,0.5217391304347826,0.025462839674432414,0.003203611866894329,ESPN BET,2025_11_CHI_MIN,espn_archive,,401772880:58:open:spread,401772880,,3.762379461865766,47.96959547266407,1,-2.0,36.0,loss,-1.0,2025,11,MIN,CHI,0.5,true,true,true,false,espn_archived_open,espn_archived_open,provider_labeled_open_close,true,espn_archived_close,,-3.0,-105
total,over,45.5,-115,1.8695652173913042,0.591493730626683,0.5348837209302326,0.5108342361863489,0.08065949444033405,0.10583610508466812,ESPN BET,2025_11_CHI_MIN,espn_archive,,401772880:58:open:total,401772880,,3.762379461865766,47.96959547266407,1,-2.0,36.0,loss,-1.0,2025,11,MIN,CHI,2.0,true,true,true,false,espn_archived_open,espn_archived_open,provider_labeled_open_close,true,espn_archived_close,,47.5,-110
moneyline,home,,-230,1.434782608695652,0.6986943550860207,0.696969696969697,0.6727813584531482,0.025912996632872498,0.002474509471247055,ESPN BET,2025_11_CIN_PIT,espn_archive,,401772774:58:open:moneyline,401772774,,6.6666822063371995,52.73900844842723,1,22.0,46.0,win,0.4347826086956521,2025,11,PIT,CIN,0.02187513009647013,true,true,true,false,espn_archived_open,espn_archived_open,provider_labeled_open_close,true,espn_archived_close,,,-260
spread,home,-5.5,100,2.0,0.5443804729588807,0.5,0.4782608695652174,0.0661196033936633,0.0887609459177614,ESPN BET,2025_11_CIN_PIT,espn_archive,,401772774:58:open:spread,401772774,,6.6666822063371995,52.73900844842723,1,22.0,46.0,win,1.0,2025,11,PIT,CIN,0.0,true,true,true,false,espn_archived_open,espn_archived_open,provider_labeled_open_close,true,espn_archived_close,,-5.5,-115
total,over,50.5,-105,1.9523809523809523,0.5847702744608992,0.5121951219512195,0.4891657638136511,0.09560451064724812,0.1416943453760413,ESPN BET,2025_11_CIN_PIT,espn_archive,,401772774:58:open:total,401772774,,6.6666822063371995,52.73900844842723,1,22.0,46.0,loss,-1.0,2025,11,PIT,CIN,-3.0,true,true,true,false,espn_archived_open,espn_archived_open,provider_labeled_open_close,true,espn_archived_close,,47.5,-110
moneyline,home,,145,2.45,0.49736348961604615,0.4081632653061224,0.3932993445010925,0.10406414511495365,0.21854054955931312,ESPN BET,2025_11_DAL_LV,espn_archive,,401772819:58:open:moneyline,401772819,,-0.4205802589477692,50.00661308645411,1,-17.0,49.0,loss,-1.0,2025,11,LV,DAL,-0.033798243987519516,true,true,true,false,espn_archived_open,espn_archived_open,provider_labeled_open_close,true,espn_archived_close,,,170
spread,home,3.5,-115,1.8695652173913042,0.6001649820964035,0.5348837209302326,0.5108342361863489,0.08933074591005452,0.12204757522371068,ESPN BET,2025_11_DAL_LV,espn_archive,,401772819:58:open:spread,401772819,,-0.4205802589477692,50.00661308645411,1,-17.0,49.0,loss,-1.0,2025,11,LV,DAL,0.0,true,true,true,false,espn_archived_open,espn_archived_open,provider_labeled_open_close,true,espn_archived_close,,3.5,-110
total,over,49.5,-110,1.9090909090909092,0.5335960112648492,0.5238095238095238,0.5,0.033596011264849235,0.018683294232894054,ESPN BET,2025_11_DAL_LV,espn_archive,,401772819:58:open:total,401772819,,-0.4205802589477692,50.00661308645411,1,-17.0,49.0,loss,-1.0,2025,11,LV,DAL,-1.0,true,true,true,false,espn_archived_open,espn_archived_open,provider_labeled_open_close,true,espn_archived_close,,48.5,-107
moneyline,away,,100,2.0,0.504630931196943,0.5,0.4782608695652174,0.026370061631725616,0.009261862393886044,ESPN BET,2025_11_DET_PHI,espn_archive,,401772928:58:open:moneyline,401772928,,-0.4877820242786228,49.578965083000995,1,7.0,25.0,loss,-1.0,2025,11,PHI,DET,-0.04798198510306606,true,true,true,false,espn_archived_open,espn_archived_open,provider_labeled_open_close,true,espn_archived_close,,,125
spread,away,1.5,-120,1.8333333333333335,0.5490260258660595,0.5454545454545454,0.5217391304347826,0.027286895431276936,0.00654771408777588,ESPN BET,2025_11_DET_PHI,espn_archive,,401772928:58:open:spread,401772928,,-0.4877820242786228,49.578965083000995,1,7.0,25.0,loss,-1.0,2025,11,PHI,DET,-1.0,true,true,true,false,espn_archived_open,espn_archived_open,provider_labeled_open_close,true,espn_archived_close,,2.5,100
total,over,47.5,-115,1.8695652173913042,0.5800889664774853,0.5348837209302326,0.5108342361863489,0.06925473029113638,0.08451415471877688,ESPN BET,2025_11_DET_PHI,espn_archive,,401772928:58:open:total,401772928,,-0.4877820242786228,49.578965083000995,1,7.0,25.0,loss,-1.0,2025,11,PHI,DET,-2.0,true,true,true,false,espn_archived_open,espn_archived_open,provider_labeled_open_close,true,espn_archived_close,,45.5,-109
moneyline,home,,340,4.4,0.42874614872982464,0.22727272727272727,0.21739130434782608,0.21135484438199856,0.8864830544112285,ESPN BET,2025_11_GB_NYG,espn_archive,,401772883:58:open:moneyline,401772883,,-2.7454430749255003,45.076594040799634,1,-7.0,47.0,loss,-1.0,2025,11,NYG,GB,0.020703933747412,true,true,true,false,espn_archived_open,espn_archived_open,provider_labeled_open_close,true,espn_archived_close,,,300
spread,home,7.5,-105,1.9523809523809523,0.6474318597925708,0.5121951219512195,0.4891657638136511,0.15826609597891966,0.26403363102359045,ESPN BET,2025_11_GB_NYG,espn_archive,,401772883:58:open:spread,401772883,,-2.7454430749255003,45.076594040799634,1,-7.0,47.0,win,0.9523809523809523,2025,11,NYG,GB,0.0,true,true,true,false,espn_archived_open,espn_archived_open,provider_labeled_open_close,true,espn_archived_close,,7.5,-110
total,over,44.5,100,2.0,0.535679904663063,0.5,0.4782608695652174,0.05741903509784563,0.07135980932612607,ESPN BET,2025_11_GB_NYG,espn_archive,,401772883:58:open:total,401772883,,-2.7454430749255003,45.076594040799634,1,-7.0,47.0,win,1.0,2025,11,NYG,GB,-2.0,true,true,true,false,espn_archived_open,espn_archived_open,provider_labeled_open_close,true,espn_archived_close,,42.5,-105
moneyline,home,,360,4.6,0.3082585857102508,0.2173913043478261,0.20689655172413796,0.10136203398611282,0.41798949426715337,ESPN BET,2025_11_HOU_TEN,espn_archive,,401772881:58:open:moneyline,401772881,,-7.063268805834561,41.079048549561236,1,-3.0,29.0,loss,-1.0,2025,11,TEN,HOU,0.11385816525699416,true,true,true,false,espn_archived_open,espn_archived_open,provider_labeled_open_close,true,espn_archived_close,,,200
spread,home,7.5,-105,1.9523809523809523,0.5227955101156949,0.5121951219512195,0.4891657638136511,0.033629746302043795,0.020695995940166245,ESPN BET,2025_11_HOU_TEN,espn_archive,,401772881:58:open:spread,401772881,,-7.063268805834561,41.079048549561236,1,-3.0,29.0,win,0.9523809523809523,2025,11,TEN,HOU,2.0,true,true,true,false,espn_archived_open,espn_archived_open,provider_labeled_open_close,true,espn_archived_close,,5.5,-110
total,over,38.5,-105,1.9523809523809523,0.5946758912200064,0.5121951219512195,0.4891657638136511,0.10551012740635529,0.1610338828581077,ESPN BET,2025_11_HOU_TEN,espn_archive,,401772881:58:open:total,401772881,,-7.063268805834561,41.079048549561236,1,-3.0,29.0,loss,-1.0,2025,11,TEN,HOU,-1.0,true,true,true,false,espn_archived_open,espn_archived_open,provider_labeled_open_close,true,espn_archived_close,,37.5,100
moneyline,home,,150,2.5,0.546326665219238,0.4,0.3859649122807018,0.16036175293853622,0.365816663048095,ESPN BET,2025_11_KC_DEN,espn_archive,,401772778:58:open:moneyline,401772778,,1.2326831601952613,41.00432355558145,1,3.0,41.0,win,1.5,2025,11,DEN,KC,-0.053484093866379534,true,true,true,false,espn_archived_open,espn_archived_open,provider_labeled_open_close,true,espn_archived_close,,,190
spread,home,3.5,-115,1.8695652173913042,0.6468273272197854,0.5348837209302326,0.5108342361863489,0.1359930910334365,0.20928587262829446,ESPN BET,2025_11_KC_DEN,espn_archive,,401772778:58:open:spread,401772778,,1.2326831601952613,41.00432355558145,1,3.0,41.0,win,0.8695652173913042,2025,11,DEN,KC,-1.0,true,true,true,false,espn_archived_open,espn_archived_open,provider_labeled_open_close,true,espn_archived_close,,4.5,-115
total,under,44.5,-110,1.9090909090909092,0.5853343712719394,0.5238095238095238,0.5,0.08533437127193944,0.11745652697370268,ESPN BET,2025_11_KC_DEN,espn_archive,,401772778:58:open:total,401772778,,1.2326831601952613,41.00432355558145,1,3.0,41.0,win,0.9090909090909092,2025,11,DEN,KC,-1.0,true,true,true,false,espn_archived_open,espn_archived_open,provider_labeled_open_close,true,espn_archived_close,,45.5,-107
moneyline,home,,110,2.1,0.5004947838943985,0.47619047619047616,0.4572564612326044,0.043238322661794115,0.051039046178236847,ESPN BET,2025_11_LAC_JAX,espn_archive,,401772775:58:open:moneyline,401772775,,-0.3150755169083759,46.018157544434544,1,29.0,41.0,win,1.1,2025,11,JAX,LAC,-0.02837243497439873,true,true,true,false,espn_archived_open,espn_archived_open,provider_labeled_open_close,true,espn_archived_close,,,125
spread,home,1.5,-110,1.9090909090909092,0.5449184976196066,0.5238095238095238,0.5,0.044918497619606645,0.04029895000106731,ESPN BET,2025_11_LAC_JAX,espn_archive,,401772775:58:open:spread,401772775,,-0.3150755169083759,46.018157544434544,1,29.0,41.0,win,0.9090909090909092,2025,11,JAX,LAC,-1.0,true,true,true,false,espn_archived_open,espn_archived_open,provider_labeled_open_close,true,espn_archived_close,,2.5,-105
total,over,44.5,-110,1.9090909090909092,0.563599848590385,0.5238095238095238,0.5,0.06359984859038503,0.07596334730891696,ESPN BET,2025_11_LAC_JAX,espn_archive,,401772775:58:open:total,401772775,,-0.3150755169083759,46.018157544434544,1,29.0,41.0,loss,-1.0,2025,11,JAX,LAC,-2.0,true,true,true,false,espn_archived_open,espn_archived_open,provider_labeled_open_close,true,espn_archived_close,,42.5,-120
moneyline,away,,500,6.0,0.26947424503253803,0.16666666666666666,0.15789473684210525,0.11157950819043277,0.6168454701952282,ESPN BET,2025_11_NYJ_NE,espn_archive,,401772945:58:open:moneyline,401772945,,7.92691018985461,46.76870065439472,1,13.0,41.0,loss,-1.0,2025,11,NE,NYJ,-0.0386286817962337,true,true,true,false,espn_archived_open,espn_archived_open,provider_labeled_open_close,true,espn_archived_close,,,700
spread,away,10.5,-115,1.8695652173913042,0.5662146642688988,0.5348837209302326,0.5108342361863489,0.05538042808254984,0.05857524189402796,ESPN BET,2025_11_NYJ_NE,espn_archive,,401772945:58:open:spread,401772945,,7.92691018985461,46.76870065439472,1,13.0,41.0,loss,-1.0,2025,11,NE,NYJ,-2.0,true,true,true,false,espn_archived_open,espn_archived_open,provider_labeled_open_close,true,espn_archived_close,,12.5,-102
total,over,44.5,-110,1.9090909090909092,0.5856374778961712,0.5238095238095238,0.5,0.08563747789617115,0.11803518507450872,ESPN BET,2025_11_NYJ_NE,espn_archive,,401772945:58:open:total,401772945,,7.92691018985461,46.76870065439472,1,13.0,41.0,loss,-1.0,2025,11,NE,NYJ,-2.0,true,true,true,false,espn_archived_open,espn_archived_open,provider_labeled_open_close,true,espn_archived_close,,42.5,-111
moneyline,home,,-135,1.7407407407407407,0.5835443376890153,0.574468085106383,0.552594002855783,0.030950334833232285,0.015799402643841276,ESPN BET,2025_11_SEA_LA,espn_archive,,401772884:58:open:moneyline,401772884,,2.5040462486792734,47.16687791455611,1,2.0,40.0,win,0.7407407407407407,2025,11,LA,SEA,0.05803357387348862,true,true,true,false,espn_archived_open,espn_archived_open,provider_labeled_open_close,true,espn_archived_close,,,-172
spread,home,-2.5,-110,1.9090909090909092,0.5099650784339929,0.5238095238095238,0.5,0.009965078433992858,-0.026430304807831817,ESPN BET,2025_11_SEA_LA,espn_archive,,401772884:58:open:spread,401772884,,2.5040462486792734,47.16687791455611,1,2.0,40.0,loss,-1.0,2025,11,LA,SEA,1.0,true,true,true,false,espn_archived_open,espn_archived_open,provider_labeled_open_close,true,espn_archived_close,,-3.5,104
total,under,48.5,-115,1.8695652173913042,0.5213451035853252,0.5348837209302326,0.5108342361863489,0.01051086739897622,-0.025311328079609563,ESPN BET,2025_11_SEA_LA,espn_archive,,401772884:58:open:total,401772884,,2.5040462486792734,47.16687791455611,1,2.0,40.0,win,0.8695652173913042,2025,11,LA,SEA,-1.0,true,true,true,false,espn_archived_open,espn_archived_open,provider_labeled_open_close,true,espn_archived_close,,49.5,-110
moneyline,home,,135,2.35,0.5703313502515588,0.425531914893617,0.4117884537747275,0.15854289647683129,0.3402786730911631,ESPN BET,2025_11_SF_ARI,espn_archive,,401772885:58:open:moneyline,401772885,,2.050369305761894,45.90432033681985,1,-19.0,63.0,loss,-1.0,2025,11,ARI,SF,-0.06827700339304815,true,true,true,false,espn_archived_open,espn_archived_open,provider_labeled_open_close,true,espn_archived_close,,,180
spread,home,2.5,100,2.0,0.6417743659416705,0.5,0.4782608695652174,0.16351349637645307,0.28354873188334095,ESPN BET,2025_11_SF_ARI,espn_archive,,401772885:58:open:spread,401772885,,2.050369305761894,45.90432033681985,1,-19.0,63.0,loss,-1.0,2025,11,ARI,SF,-1.0,true,true,true,false,espn_archived_open,espn_archived_open,provider_labeled_open_close,true,espn_archived_close,,3.5,103
total,under,47.5,100,2.0,0.5291772882419454,0.5,0.4782608695652174,0.050916418676728026,0.05835457648389086,ESPN BET,2025_11_SF_ARI,espn_archive,,401772885:58:open:total,401772885,,2.050369305761894,45.90432033681985,1,-19.0,63.0,loss,-1.0,2025,11,ARI,SF,-1.0,true,true,true,false,espn_archived_open,espn_archived_open,provider_labeled_open_close,true,espn_archived_close,,48.5,-105
moneyline,away,,220,3.2,0.3874605945196723,0.3125,0.299837925445705,0.08762266907396732,0.23987390246295148,ESPN BET,2025_11_TB_BUF,espn_archive,,401772776:58:open:moneyline,401772776,,3.511835238744535,50.15554954616631,1,12.0,76.0,loss,-1.0,2025,11,BUF,TB,0.032642892968617276,true,true,true,false,espn_archived_open,espn_archived_open,provider_labeled_open_close,true,espn_archived_close,,,190
spread,away,5.5,-110,1.9090909090909092,0.5490372993533299,0.5238095238095238,0.5,0.0490372993533299,0.04816211694726613,ESPN BET,2025_11_TB_BUF,espn_archive,,401772776:58:open:spread,401772776,,3.511835238744535,50.15554954616631,1,12.0,76.0,loss,-1.0,2025,11,BUF,TB,-1.0,true,true,true,false,espn_archived_open,espn_archived_open,provider_labeled_open_close,true,espn_archived_close,,6.5,-115
total,over,50.5,-110,1.9090909090909092,0.5081962905596875,0.5238095238095238,0.5,0.008196290559687514,-0.029807081658778323,ESPN BET,2025_11_TB_BUF,espn_archive,,401772776:58:open:total,401772776,,3.511835238744535,50.15554954616631,1,12.0,76.0,win,0.9090909090909092,2025,11,BUF,TB,-6.0,true,true,true,false,espn_archived_open,espn_archived_open,provider_labeled_open_close,true,espn_archived_close,,44.5,-115
moneyline,home,,-135,1.7407407407407407,0.5808443521240736,0.574468085106383,0.552594002855783,0.02825034926829062,0.011099427771535497,ESPN BET,2025_11_WAS_MIA,espn_archive,,401772631:58:open:moneyline,401772631,,2.411094347524969,48.22810722424295,1,3.0,29.0,win,0.7407407407407407,2025,11,MIA,WAS,0.0,true,true,true,false,espn_archived_open,espn_archived_open,provider_labeled_open_close,true,espn_archived_close,,,-135
spread,home,-2.5,-105,1.9523809523809523,0.5072069696110063,0.5121951219512195,0.4891657638136511,0.018041205797355186,-0.0097387736166068,ESPN BET,2025_11_WAS_MIA,espn_archive,,401772631:58:open:spread,401772631,,2.411094347524969,48.22810722424295,1,3.0,29.0,win,0.9523809523809523,2025,11,MIA,WAS,0.0,true,true,true,false,espn_archived_open,espn_archived_open,provider_labeled_open_close,true,espn_archived_close,,-2.5,-105
total,over,47.5,100,2.0,0.5401882379232353,0.5,0.4782608695652174,0.06192736835801793,0.08037647584647067,ESPN BET,2025_11_WAS_MIA,espn_archive,,401772631:58:open:total,401772631,,2.411094347524969,48.22810722424295,1,3.0,29.0,loss,-1.0,2025,11,MIA,WAS,-1.0,true,true,true,false,espn_archived_open,espn_archived_open,provider_labeled_open_close,true,espn_archived_close,,46.5,-120
moneyline,home,,130,2.3,0.5192706332664405,0.4347826086956522,0.4201680672268907,0.09910256603954981,0.194322456512813,ESPN BET,2025_12_ATL_NO,espn_archive,,401772889:58:open:moneyline,401772889,,0.30525408027769174,41.20338603031983,1,-14.0,34.0,loss,-1.0,2025,12,NO,ATL,0.11229946524064183,true,true,true,false,espn_archived_open,espn_archived_open,provider_labeled_open_close,true,espn_archived_close,,,-125
spread,home,3.0,-120,1.8333333333333335,0.6072061805283953,0.5454545454545454,0.5217391304347826,0.08546705009361266,0.11321133096872482,ESPN BET,2025_12_ATL_NO,espn_archive,,401772889:58:open:spread,401772889,,0.30525408027769174,41.20338603031983,1,-14.0,34.0,loss,-1.0,2025,12,NO,ATL,4.5,true,true,true,false,espn_archived_open,espn_archived_open,provider_labeled_open_close,true,espn_archived_close,,-1.5,-110
total,over,40.5,-110,1.9090909090909092,0.5374122903621081,0.5238095238095238,0.5,0.037412290362108136,0.025968917964024563,ESPN BET,2025_12_ATL_NO,espn_archive,,401772889:58:open:total,401772889,,0.30525408027769174,41.20338603031983,1,-14.0,34.0,loss,-1.0,2025,12,NO,ATL,0.0,true,true,true,false,espn_archived_open,espn_archived_open,provider_labeled_open_close,true,espn_archived_close,,40.5,-115
moneyline,home,,160,2.6,0.5829907673421656,0.3846153846153846,0.36989795918367335,0.21309280815849224,0.5157759950896306,ESPN BET,2025_12_BUF_HOU,espn_archive,,401772946:58:open:moneyline,401772946,,2.4672373553289937,45.759003484741655,1,4.0,42.0,win,1.6,2025,12,HOU,BUF,-0.05403620592205738,true,true,true,false,espn_archived_open,espn_archived_open,provider_labeled_open_close,true,espn_archived_close,,,205
spread,home,3.5,-110,1.9090909090909092,0.6810221891493932,0.5238095238095238,0.5,0.18102218914939316,0.30013327019429603,ESPN BET,2025_12_BUF_HOU,espn_archive,,401772946:58:open:spread,401772946,,2.4672373553289937,45.759003484741655,1,4.0,42.0,win,0.9090909090909092,2025,12,HOU,BUF,-1.0,true,true,true,false,espn_archived_open,espn_archived_open,provider_labeled_open_close,true,espn_archived_close,,4.5,-105
total,over,44.5,-110,1.9090909090909092,0.5539067378332494,0.5238095238095238,0.5,0.053906737833249396,0.05745831768165788,ESPN BET,2025_12_BUF_HOU,espn_archive,,401772946:58:open:total,401772946,,2.4672373553289937,45.759003484741655,1,4.0,42.0,loss,-1.0,2025,12,HOU,BUF,0.0,true,true,true,false,espn_archived_open,espn_archived_open,provider_labeled_open_close,true,espn_archived_close,,44.5,-102
moneyline,away,,280,3.8,0.28980628983948553,0.2631578947368421,0.25164113785557984,0.03816515198390569,0.10126390139004493,ESPN BET,2025_12_CAR_SF,espn_archive,,401772820:58:open:moneyline,401772820,,7.085479099989286,44.61714796280811,1,11.0,29.0,loss,-1.0,2025,12,SF,CAR,-0.009535874697685076,true,true,true,false,espn_archived_open,espn_archived_open,provider_labeled_open_close,true,espn_archived_close,,,300
spread,home,-6.5,-115,1.8695652173913042,0.5275929780611064,0.5348837209302326,0.5108342361863489,0.016758741874757455,-0.013630519277062048,ESPN BET,2025_12_CAR_SF,espn_archive,,401772820:58:open:spread,401772820,,7.085479099989286,44.61714796280811,2,11.0,29.0,win,0.8695652173913042,2025,12,SF,CAR,1.0,true,true,true,false,espn_archived_open,espn_archived_open,provider_labeled_open_close,true,espn_archived_close,,-7.5,-102
total,under,49.5,-105,1.9523809523809523,0.6272390110105742,0.5121951219512195,0.5,0.12723901101057422,0.22460949768731164,DraftKings,2025_12_CAR_SF,espn_archive,,401772820:100:open:total,401772820,,7.085479099989286,44.61714796280811,2,11.0,29.0,win,0.9523809523809523,2025,12,SF,CAR,1.0,true,true,true,false,espn_archived_open,espn_archived_open,provider_labeled_open_close,true,espn_archived_close,,48.5,-115
moneyline,away,,130,2.3,0.43824114841850226,0.4347826086956522,0.4201680672268907,0.01807308119161155,0.007954641362555082,ESPN BET,2025_12_CLE_LV,espn_archive,,401772784:58:open:moneyline,401772784,,1.74150700899213,38.62940290565758,1,-14.0,34.0,win,1.2999999999999998,2025,12,LV,CLE,-0.0192603516444399,true,true,true,false,espn_archived_open,espn_archived_open,provider_labeled_open_close,true,espn_archived_close,,,140
spread,away,3.0,-120,1.8333333333333335,0.5272232250384785,0.5454545454545454,0.5217391304347826,0.0054840946036959215,-0.03342408742945602,ESPN BET,2025_12_CLE_LV,espn_archive,,401772784:58:open:spread,401772784,,1.74150700899213,38.62940290565758,1,-14.0,34.0,win,0.8333333333333335,2025,12,LV,CLE,-0.5,true,true,true,false,espn_archived_open,espn_archived_open,provider_labeled_open_close,true,espn_archived_close,,3.5,-125
total,over,37.5,-110,1.9090909090909092,0.5500665915866434,0.5238095238095238,0.5,0.050066591586643394,0.05012712939268282,ESPN BET,2025_12_CLE_LV,espn_archive,,401772784:58:open:total,401772784,,1.74150700899213,38.62940290565758,1,-14.0,34.0,loss,-1.0,2025,12,LV,CLE,-1.0,true,true,true,false,espn_archived_open,espn_archived_open,provider_labeled_open_close,true,espn_archived_close,,36.5,100
moneyline,away,,150,2.5,0.425198047503369,0.4,0.3859649122807018,0.03923313522266719,0.06299511875842256,ESPN BET,2025_12_IND_KC,espn_archive,,401772779:58:open:moneyline,401772779,,2.1864753964738206,48.61624809595094,1,3.0,43.0,loss,-1.0,2025,12,KC,IND,-0.058746270733850026,true,true,true,false,espn_archived_open,espn_archived_open,provider_labeled_open_close,true,espn_archived_close,,,195
spread,away,3.5,-110,1.9090909090909092,0.5288564054839362,0.5238095238095238,0.5,0.0288564054839362,0.009634955923878197,ESPN BET,2025_12_IND_KC,espn_archive,,401772779:58:open:spread,401772779,,2.1864753964738206,48.61624809595094,1,3.0,43.0,win,0.9090909090909092,2025,12,KC,IND,-1.0,true,true,true,false,espn_archived_open,espn_archived_open,provider_labeled_open_close,true,espn_archived_close,,4.5,-111
total,under,50.5,-110,1.9090909090909092,0.5397827522328443,0.5238095238095238,0.5,0.03978275223284433,0.030494345171793835,ESPN BET,2025_12_IND_KC,espn_archive,,401772779:58:open:total,401772779,,2.1864753964738206,48.61624809595094,1,3.0,43.0,win,0.9090909090909092,2025,12,KC,IND,1.0,true,true,true,false,espn_archived_open,espn_archived_open,provider_labeled_open_close,true,espn_archived_close,,49.5,-103
moneyline,home,,115,2.15,0.5406260522556439,0.46511627906976744,0.447405997144217,0.09322005511142684,0.1623460123496343,ESPN BET,2025_12_JAX_ARI,espn_archive,,401772783:58:open:moneyline,401772783,,1.0251838521966938,47.47192366285623,1,-3.0,51.0,loss,-1.0,2025,12,ARI,JAX,0.009850464088387356,true,true,true,false,espn_archived_open,espn_archived_open,provider_labeled_open_close,true,espn_archived_close,,,110
spread,home,2.5,-110,1.9090909090909092,0.6134972153421023,0.5238095238095238,0.5,0.11349721534210233,0.1712219565621953,ESPN BET,2025_12_JAX_ARI,espn_archive,,401772783:58:open:spread,401772783,,1.0251838521966938,47.47192366285623,1,-3.0,51.0,loss,-1.0,2025,12,ARI,JAX,1.0,true,true,true,false,espn_archived_open,espn_archived_open,provider_labeled_open_close,true,espn_archived_close,,1.5,-105
total,over,47.5,-110,1.9090909090909092,0.515603677177327,0.5238095238095238,0.5,0.015603677177327024,-0.015665707206921065,ESPN BET,2025_12_JAX_ARI,espn_archive,,401772783:58:open:total,401772783,,1.0251838521966938,47.47192366285623,1,-3.0,51.0,win,0.9090909090909092,2025,12,ARI,JAX,-1.0,true,true,true,false,espn_archived_open,espn_archived_open,provider_labeled_open_close,true,espn_archived_close,,46.5,-120
moneyline,away,,210,3.1,0.33986227443124695,0.3225806451612903,0.31111111111111106,0.028751163320135886,0.05357305073686547,ESPN BET,2025_12_MIN_GB,espn_archive,,401772887:58:open:moneyline,401772887,,5.193238837483705,43.390538330278595,1,17.0,29.0,loss,-1.0,2025,12,GB,MIN,-0.027680878552971522,true,true,true,false,espn_archived_open,espn_archived_open,provider_labeled_open_close,true,espn_archived_close,,,240
spread,away,6.0,-110,1.9090909090909092,0.5138023085605349,0.5238095238095238,0.5,0.013802308560534882,-0.01910468365716067,ESPN BET,2025_12_MIN_GB,espn_archive,,401772887:58:open:spread,401772887,,5.193238837483705,43.390538330278595,1,17.0,29.0,loss,-1.0,2025,12,GB,MIN,-0.5,true,true,true,false,espn_archived_open,espn_archived_open,provider_labeled_open_close,true,espn_archived_close,,6.5,-115
total,over,42.5,-110,1.9090909090909092,0.5429768493558023,0.5238095238095238,0.5,0.04297684935580226,0.036592166951986194,ESPN BET,2025_12_MIN_GB,espn_archive,,401772887:58:open:total,401772887,,5.193238837483705,43.390538330278595,1,17.0,29.0,loss,-1.0,2025,12,GB,MIN,-1.0,true,true,true,false,espn_archived_open,espn_archived_open,provider_labeled_open_close,true,espn_archived_close,,41.5,100
moneyline,home,,225,3.25,0.3725359609372543,0.3076923076923077,0.29556650246305427,0.0769694584742,0.2107418730460764,ESPN BET,2025_12_NE_CIN,espn_archive,,401772781:58:open:moneyline,401772781,,-4.702764864357125,51.855911700161954,1,-6.0,46.0,loss,-1.0,2025,12,CIN,NE,-0.05747126436781619,true,true,true,false,espn_archived_open,espn_archived_open,provider_labeled_open_close,true,espn_archived_close,,,300
spread,home,5.5,-105,1.9523809523809523,0.5338740921198095,0.5121951219512195,0.4891657638136511,0.044708328306158396,0.04232560842438993,ESPN BET,2025_12_NE_CIN,espn_archive,,401772781:58:open:spread,401772781,,-4.702764864357125,51.855911700161954,1,-6.0,46.0,loss,-1.0,2025,12,CIN,NE,-2.0,true,true,true,false,espn_archived_open,espn_archived_open,provider_labeled_open_close,true,espn_archived_close,,7.5,-115
total,over,50.5,-105,1.9523809523809523,0.556774908722095,0.5121951219512195,0.4891657638136511,0.06760914490844389,0.0870367265526617,ESPN BET,2025_12_NE_CIN,espn_archive,,401772781:58:open:total,401772781,,-4.702764864357125,51.855911700161954,1,-6.0,46.0,loss,-1.0,2025,12,CIN,NE,0.0,true,true,true,false,espn_archived_open,espn_archived_open,provider_labeled_open_close,true,espn_archived_close,,50.5,-115
moneyline,away,,450,5.5,0.19729230104648865,0.18181818181818182,0.17204301075268816,0.02524929029380049,0.08510765575568757,ESPN BET,2025_12_NYG_DET,espn_archive,,401772888:58:open:moneyline,401772888,,11.073228946675073,49.969986503314125,1,7.0,61.0,loss,-1.0,2025,12,DET,NYG,-0.06010271224522548,true,true,true,false,espn_archived_open,espn_archived_open,provider_labeled_open_close,true,espn_archived_close,,,750
spread,away,11.5,-110,1.9090909090909092,0.5025000871408558,0.5238095238095238,0.5,0.002500087140855811,-0.04068165182200245,ESPN BET,2025_12_NYG_DET,espn_archive,,401772888:58:open:spread,401772888,,11.073228946675073,49.969986503314125,1,7.0,61.0,win,0.9090909090909092,2025,12,DET,NYG,-3.0,true,true,true,false,espn_archived_open,espn_archived_open,provider_labeled_open_close,true,espn_archived_close,,14.5,-120
total,over,50.5,-110,1.9090909090909092,0.5006073437324561,0.5238095238095238,0.5,0.0006073437324560782,-0.044295071056220214,ESPN BET,2025_12_NYG_DET,espn_archive,,401772888:58:open:total,401772888,,11.073228946675073,49.969986503314125,1,7.0,61.0,win,0.9090909090909092,2025,12,DET,NYG,0.0,true,true,true,false,espn_archived_open,espn_archived_open,provider_labeled_open_close,true,espn_archived_close,,50.5,-120
moneyline,away,,1200,13.0,0.2778421625651504,0.07692307692307693,0.07363420427553445,0.2042079582896159,2.611948113346955,ESPN BET,2025_12_NYJ_BAL,espn_archive,,401772782:58:open:moneyline,401772782,,7.559010805371674,49.4212662899873,1,13.0,33.0,loss,-1.0,2025,12,BAL,NYJ,0.03195585783626678,true,true,true,false,espn_archived_open,espn_archived_open,provider_labeled_open_close,true,espn_archived_close,,,800
spread,away,14.5,-110,1.9090909090909092,0.6886605685640697,0.5238095238095238,0.5,0.18866056856406965,0.31471563089504206,ESPN BET,2025_12_NYJ_BAL,espn_archive,,401772782:58:open:spread,401772782,,7.559010805371674,49.4212662899873,1,13.0,33.0,win,0.9090909090909092,2025,12,BAL,NYJ,0.0,true,true,true,false,espn_archived_open,espn_archived_open,provider_labeled_open_close,true,espn_archived_close,,14.5,-115
total,over,44.5,-115,1.8695652173913042,0.65905257787325,0.5348837209302326,0.5108342361863489,0.14821834168690107,0.23214177602390218,ESPN BET,2025_12_NYJ_BAL,espn_archive,,401772782:58:open:total,401772782,,7.559010805371674,49.4212662899873,1,13.0,33.0,loss,-1.0,2025,12,BAL,NYJ,0.0,true,true,true,false,espn_archived_open,espn_archived_open,provider_labeled_open_close,true,espn_archived_close,,44.5,-110
moneyline,home,,180,2.8,0.46845956861101967,0.35714285714285715,0.34351145038167935,0.12494811822934032,0.31168679211085504,ESPN BET,2025_12_PHI_DAL,espn_archive,,401772890:58:open:moneyline,401772890,,-1.4040014443926978,51.38367525323777,1,3.0,45.0,win,1.7999999999999998,2025,12,DAL,PHI,0.07665661684521136,true,true,true,false,espn_archived_open,espn_archived_open,provider_labeled_open_close,true,espn_archived_close,,,130
spread,home,4.0,-105,1.9523809523809523,0.5867344839352499,0.5121951219512195,0.4891657638136511,0.09756872012159873,0.14552923054024958,ESPN BET,2025_12_PHI_DAL,espn_archive,,401772890:58:open:spread,401772890,,-1.4040014443926978,51.38367525323777,1,3.0,45.0,win,0.9523809523809523,2025,12,DAL,PHI,1.5,true,true,true,false,espn_archived_open,espn_archived_open,provider_labeled_open_close,true,espn_archived_close,,2.5,-101
total,over,51.5,-110,1.9090909090909092,0.5129680831226072,0.5238095238095238,0.5,0.012968083122607221,-0.02069729585684077,ESPN BET,2025_12_PHI_DAL,espn_archive,,401772890:58:open:total,401772890,,-1.4040014443926978,51.38367525323777,1,3.0,45.0,loss,-1.0,2025,12,DAL,PHI,-3.0,true,true,true,false,espn_archived_open,espn_archived_open,provider_labeled_open_close,true,espn_archived_close,,48.5,-110
moneyline,away,,130,2.3,0.4546282843587073,0.4347826086956522,0.4201680672268907,0.03446021713181657,0.04564505402502661,ESPN BET,2025_12_PIT_CHI,espn_archive,,401772780:58:open:moneyline,401772780,,1.1856322090336064,48.16732640166423,1,3.0,59.0,loss,-1.0,2025,12,CHI,PIT,0.017788137152671357,true,true,true,false,espn_archived_open,espn_archived_open,provider_labeled_open_close,true,espn_archived_close,,,120
spread,away,3.0,-120,1.8333333333333335,0.5436943070126665,0.5454545454545454,0.5217391304347826,0.021955176577883928,-0.003227103810111265,ESPN BET,2025_12_PIT_CHI,espn_archive,,401772780:58:open:spread,401772780,,1.1856322090336064,48.16732640166423,1,3.0,59.0,push,0.0,2025,12,CHI,PIT,0.5,true,true,true,false,espn_archived_open,espn_archived_open,provider_labeled_open_close,true,espn_archived_close,,2.5,-105
total,over,45.5,-110,1.9090909090909092,0.5952362922790929,0.5238095238095238,0.5,0.09523629227909292,0.13636019435099556,ESPN BET,2025_12_PIT_CHI,espn_archive,,401772780:58:open:total,401772780,,1.1856322090336064,48.16732640166423,1,3.0,59.0,win,0.9090909090909092,2025,12,CHI,PIT,2.0,true,true,true,false,espn_archived_open,espn_archived_open,provider_labeled_open_close,true,espn_archived_close,,47.5,105
moneyline,home,,450,5.5,0.2579793062755724,0.18181818181818182,0.17204301075268816,0.08593629552288426,0.4188861845156482,ESPN BET,2025_12_SEA_TEN,espn_archive,,401772886:58:open:moneyline,401772886,,-9.053396587480403,45.3884367919174,1,-6.0,54.0,loss,-1.0,2025,12,TEN,SEA,0.008137169427492014,true,true,true,false,espn_archived_open,espn_archived_open,provider_labeled_open_close,true,espn_archived_close,,,425
spread,home,12.5,-110,1.9090909090909092,0.6112527705008163,0.5238095238095238,0.5,0.11125277050081628,0.16693710731974032,ESPN BET,2025_12_SEA_TEN,espn_archive,,401772886:58:open:spread,401772886,,-9.053396587480403,45.3884367919174,1,-6.0,54.0,win,0.9090909090909092,2025,12,TEN,SEA,1.0,true,true,true,false,espn_archived_open,espn_archived_open,provider_labeled_open_close,true,espn_archived_close,,11.5,-105
total,over,42.5,-110,1.9090909090909092,0.6016418624406841,0.5238095238095238,0.5,0.10164186244068407,0.14858901011403325,ESPN BET,2025_12_SEA_TEN,espn_archive,,401772886:58:open:total,401772886,,-9.053396587480403,45.3884367919174,1,-6.0,54.0,win,0.9090909090909092,2025,12,TEN,SEA,-1.0,true,true,true,false,espn_archived_open,espn_archived_open,provider_labeled_open_close,true,espn_archived_close,,41.5,-115
moneyline,away,,230,3.3,0.30441051891338167,0.30303030303030304,0.29141104294478526,0.012999475968596408,0.00455471241415939,ESPN BET,2025_12_TB_LA,espn_archive,,401772929:58:open:moneyline,401772929,,6.5196825377093575,48.00125500766136,1,27.0,41.0,loss,-1.0,2025,12,LA,TB,-0.04462992706495694,true,true,true,false,espn_archived_open,espn_archived_open,provider_labeled_open_close,true,espn_archived_close,,,290
spread,home,-6.5,-110,1.9090909090909092,0.5107808766917274,0.5238095238095238,0.5,0.010780876691727448,-0.02487287177033848,ESPN BET,2025_12_TB_LA,espn_archive,,401772929:58:open:spread,401772929,,6.5196825377093575,48.00125500766136,1,27.0,41.0,win,0.9090909090909092,2025,12,LA,TB,1.0,true,true,true,false,espn_archived_open,espn_archived_open,provider_labeled_open_close,true,espn_archived_close,,-7.5,104
total,under,49.5,-110,1.9090909090909092,0.5283192203790876,0.5238095238095238,0.5,0.02831922037908763,0.008609420723712846,ESPN BET,2025_12_TB_LA,espn_archive,,401772929:58:open:total,401772929,,6.5196825377093575,48.00125500766136,1,27.0,41.0,win,0.9090909090909092,2025,12,LA,TB,-1.0,true,true,true,false,espn_archived_open,espn_archived_open,provider_labeled_open_close,true,espn_archived_close,,50.5,-112
moneyline,away,,240,3.4,0.3583139327807816,0.29411764705882354,0.28343023255813954,0.07488370022264207,0.21826737145465747,ESPN BET,2025_13_ARI_TB,espn_archive,,401772895:58:open:moneyline,401772895,,4.485671235102714,49.58796963704212,1,3.0,37.0,loss,-1.0,2025,13,TB,ARI,0.06586554208974782,true,true,true,false,espn_archived_open,espn_archived_open,provider_labeled_open_close,true,espn_archived_close,,,175
spread,home,-3.0,-102,1.9803921568627452,0.554891699392392,0.504950495049505,0.4826358742837298,0.07225582510866224,0.09890316938493315,DraftKings,2025_13_ARI_TB,espn_archive,,401772895:100:open:spread,401772895,,4.485671235102714,49.58796963704212,2,3.0,37.0,push,0.0,2025,13,TB,ARI,1.5,true,true,true,false,espn_archived_open,espn_archived_open,provider_labeled_open_close,true,espn_archived_close,,-4.5,-112
total,over,44.5,-105,1.9523809523809523,0.6620092092977224,0.5121951219512195,0.4891657638136511,0.17284344548407132,0.29249417053364857,DraftKings,2025_13_ARI_TB,espn_archive,,401772895:100:open:total,401772895,,4.485671235102714,49.58796963704212,2,3.0,37.0,loss,-1.0,2025,13,TB,ARI,1.0,true,true,true,false,espn_archived_open,espn_archived_open,provider_labeled_open_close,true,espn_archived_close,,45.5,-108
moneyline,home,,125,2.25,0.523465511558943,0.4444444444444444,0.42888402625820565,0.0945814853007374,0.17779740100762176,ESPN BET,2025_13_ATL_NYJ,espn_archive,,401772893:58:open:moneyline,401772893,,0.4296939175961292,43.904893489292064,1,3.0,51.0,win,1.25,2025,13,NYJ,ATL,-0.01709557248347815,true,true,true,false,espn_archived_open,espn_archived_open,provider_labeled_open_close,true,espn_archived_close,,,135
spread,home,2.5,-110,1.9090909090909092,0.5972759714709865,0.5238095238095238,0.5,0.09727597147098654,0.14025412735370169,ESPN BET,2025_13_ATL_NYJ,espn_archive,,401772893:58:open:spread,401772893,,0.4296939175961292,43.904893489292064,2,3.0,51.0,win,0.9090909090909092,2025,13,NYJ,ATL,0.0,true,true,true,false,espn_archived_open,espn_archived_open,provider_labeled_open_close,true,espn_archived_close,,2.5,105
total,over,38.5,-115,1.8695652173913042,0.6706832063633096,0.5348837209302326,0.5108342361863489,0.15984897017696065,0.2538859945053178,DraftKings,2025_13_ATL_NYJ,espn_archive,,401772893:100:open:total,401772893,,0.4296939175961292,43.904893489292064,2,3.0,51.0,win,0.8695652173913042,2025,13,NYJ,ATL,0.0,true,true,true,false,espn_archived_open,espn_archived_open,provider_labeled_open_close,true,espn_archived_close,,38.5,-115
moneyline,home,,155,2.55,0.49979185677530746,0.3921568627450981,0.3766105054509415,0.12318135132436597,0.2744692347770339,ESPN BET,2025_13_BUF_PIT,espn_archive,,401772789:58:open:moneyline,401772789,,-0.36218721382992314,50.69313732682846,1,-19.0,33.0,loss,-1.0,2025,13,PIT,BUF,0.016688839050151005,true,true,true,false,espn_archived_open,espn_archived_open,provider_labeled_open_close,true,espn_archived_close,,,145
spread,home,3.0,-102,1.9803921568627452,0.5887837193308151,0.504950495049505,0.4826358742837298,0.1061478450470853,0.166022659851222,DraftKings,2025_13_BUF_PIT,espn_archive,,401772789:100:open:spread,401772789,,-0.36218721382992314,50.69313732682846,2,-19.0,33.0,loss,-1.0,2025,13,PIT,BUF,0.0,true,true,true,false,espn_archived_open,espn_archived_open,provider_labeled_open_close,true,espn_archived_close,,3.0,100
total,over,46.5,-115,1.8695652173913042,0.6370629990401608,0.5348837209302326,0.5108342361863489,0.1262287628538119,0.19103082429247453,ESPN BET,2025_13_BUF_PIT,espn_archive,,401772789:58:open:total,401772789,,-0.36218721382992314,50.69313732682846,2,-19.0,33.0,loss,-1.0,2025,13,PIT,BUF,-2.0,true,true,true,false,espn_archived_open,espn_archived_open,provider_labeled_open_close,true,espn_archived_close,,44.5,-110
moneyline,away,,260,3.6,0.3021144135867748,0.2777777777777778,0.267175572519084,0.034938841067690796,0.08761188891238936,ESPN BET,2025_13_CHI_PHI,espn_archive,,401772621:58:open:moneyline,401772621,,6.557693960334088,46.57790916952946,1,-9.0,39.0,win,2.6,2025,13,PHI,CHI,-0.022189706319057118,true,true,true,false,espn_archived_open,espn_archived_open,provider_labeled_open_close,true,espn_archived_close,,,295
spread,away,7.0,-110,1.9090909090909092,0.5026046849249757,0.5238095238095238,0.5,0.0026046849249756754,-0.040481965143228216,ESPN BET,2025_13_CHI_PHI,espn_archive,,401772621:58:open:spread,401772621,,6.557693960334088,46.57790916952946,2,-9.0,39.0,win,0.9090909090909092,2025,13,PHI,CHI,0.0,true,true,true,false,espn_archived_open,espn_archived_open,provider_labeled_open_close,true,espn_archived_close,,7.0,103
total,over,43.5,-115,1.8695652173913042,0.605150501657319,0.5348837209302326,0.5108342361863489,0.09431626547097005,0.1313683291854224,DraftKings,2025_13_CHI_PHI,espn_archive,,401772621:100:open:total,401772621,,6.557693960334088,46.57790916952946,2,-9.0,39.0,loss,-1.0,2025,13,PHI,CHI,0.0,true,true,true,false,espn_archived_open,espn_archived_open,provider_labeled_open_close,true,espn_archived_close,,43.5,-105
moneyline,away,,360,4.6,0.23284043070614602,0.2173913043478261,0.20689655172413796,0.025943878982008062,0.07106598124827168,ESPN BET,2025_13_CIN_BAL,espn_archive,,401772930:58:open:moneyline,401772930,,9.374398503555089,54.167462067403775,1,-18.0,46.0,win,3.5999999999999996,2025,13,BAL,CIN,0.02037617554858928,true,true,true,false,espn_archived_open,espn_archived_open,provider_labeled_open_close,true,espn_archived_close,,,325
spread,home,-6.5,-115,1.8695652173913042,0.5956705458929021,0.5348837209302326,0.5108342361863489,0.0848363097065532,0.11364493362586048,DraftKings,2025_13_CIN_BAL,espn_archive,,401772930:100:open:spread,401772930,,9.374398503555089,54.167462067403775,2,-18.0,46.0,loss,-1.0,2025,13,BAL,CIN,0.5,true,true,true,false,espn_archived_open,espn_archived_open,provider_labeled_open_close,true,espn_archived_close,,-7.0,-120
total,over,52.5,-105,1.9523809523809523,0.5637837021387795,0.5121951219512195,0.4891657638136511,0.07461793832512836,0.10072056131856955,ESPN BET,2025_13_CIN_BAL,espn_archive,,401772930:58:open:total,401772930,,9.374398503555089,54.167462067403775,2,-18.0,46.0,loss,-1.0,2025,13,BAL,CIN,0.0,true,true,true,false,espn_archived_open,espn_archived_open,provider_labeled_open_close,true,espn_archived_close,,52.5,-104
moneyline,home,,290,3.9,0.42829443085728136,0.25641025641025644,0.24464831804281348,0.18364611281446788,0.6703482803433973,ESPN BET,2025_13_DEN_WAS,espn_archive,,401772931:58:open:moneyline,401772931,,-2.7654556698897785,44.36020368532847,1,-1.0,53.0,loss,-1.0,2025,13,WAS,DEN,0.0487696042410882,true,true,true,false,espn_archived_open,espn_archived_open,provider_labeled_open_close,true,espn_archived_close,,,230
spread,home,6.5,100,2.0,0.6204450912269097,0.5,0.4782608695652174,0.1421842216616923,0.24089018245381943,ESPN BET,2025_13_DEN_WAS,espn_archive,,401772931:58:open:spread,401772931,,-2.7654556698897785,44.36020368532847,2,-1.0,53.0,win,1.0,2025,13,WAS,DEN,0.0,true,true,true,false,espn_archived_open,espn_archived_open,provider_labeled_open_close,true,espn_archived_close,,6.5,-114
total,over,44.5,100,2.0,0.5098043256658035,0.5,0.4782608695652174,0.031543456100586065,0.01960865133160694,ESPN BET,2025_13_DEN_WAS,espn_archive,,401772931:58:open:total,401772931,,-2.7654556698897785,44.36020368532847,1,-1.0,53.0,win,1.0,2025,13,WAS,DEN,-1.0,true,true,true,false,espn_archived_open,espn_archived_open,provider_labeled_open_close,true,espn_archived_close,,43.5,-103
moneyline,home,,-150,1.6666666666666665,0.6511717872512881,0.6000000000000001,0.5798319327731092,0.07133985447817892,0.0852863120854801,ESPN BET,2025_13_GB_DET,espn_archive,,401772891:58:open:moneyline,401772891,,4.8259866330051615,47.03382020118016,1,-7.0,55.0,loss,-1.0,2025,13,DET,GB,0.023768448724267977,true,true,true,false,espn_archived_open,espn_archived_open,provider_labeled_open_close,true,espn_archived_close,,,-166
spread,home,-3.0,-105,1.9523809523809523,0.564956068056855,0.5121951219512195,0.4891657638136511,0.07579030424320393,0.10300946620624085,ESPN BET,2025_13_GB_DET,espn_archive,,401772891:58:open:spread,401772891,,4.8259866330051615,47.03382020118016,1,-7.0,55.0,loss,-1.0,2025,13,DET,GB,0.0,true,true,true,false,espn_archived_open,espn_archived_open,provider_labeled_open_close,true,espn_archived_close,,-3.0,-108
total,under,49.5,-110,1.9090909090909092,0.5598052594387836,0.5238095238095238,0.5,0.059805259438783565,0.06871913165585952,ESPN BET,2025_13_GB_DET,espn_archive,,401772891:58:open:total,401772891,,4.8259866330051615,47.03382020118016,2,-7.0,55.0,loss,-1.0,2025,13,DET,GB,2.0,true,true,true,false,espn_archived_open,espn_archived_open,provider_labeled_open_close,true,espn_archived_close,,47.5,-102
moneyline,home,,-175,1.5714285714285714,0.6233643712891801,0.6363636363636364,0.6140350877192983,0.00932928356988183,-0.020427416545574117,ESPN BET,2025_13_HOU_IND,espn_archive,,401772787:58:open:moneyline,401772787,,3.836957722835347,45.532772833281726,1,-4.0,36.0,loss,-1.0,2025,13,IND,HOU,-0.007334432220390763,true,true,true,false,espn_archived_open,espn_archived_open,provider_labeled_open_close,true,espn_archived_close,,,-170
spread,home,-3.5,-105,1.9523809523809523,0.5206957889988644,0.5121951219512195,0.4891657638136511,0.03153002518521325,0.016596540426354167,ESPN BET,2025_13_HOU_IND,espn_archive,,401772787:58:open:spread,401772787,,3.836957722835347,45.532772833281726,2,-4.0,36.0,loss,-1.0,2025,13,IND,HOU,0.0,true,true,true,false,espn_archived_open,espn_archived_open,provider_labeled_open_close,true,espn_archived_close,,-3.5,100
total,under,46.5,-110,1.9090909090909092,0.5150300060249933,0.5238095238095238,0.5,0.01503000602499327,-0.016760897588649182,ESPN BET,2025_13_HOU_IND,espn_archive,,401772787:58:open:total,401772787,,3.836957722835347,45.532772833281726,1,-4.0,36.0,win,0.9090909090909092,2025,13,IND,HOU,3.0,true,true,true,false,espn_archived_open,espn_archived_open,provider_labeled_open_close,true,espn_archived_close,,43.5,100
moneyline,home,,300,4.0,0.3910734341357206,0.25,0.23809523809523808,0.15297819604048252,0.5642937365428824,ESPN BET,2025_13_JAX_TEN,espn_archive,,401772786:58:open:moneyline,401772786,,-4.043192165777683,45.53041822845094,1,-22.0,28.0,loss,-1.0,2025,13,TEN,JAX,0.05747126436781619,true,true,true,false,espn_archived_open,espn_archived_open,provider_labeled_open_close,true,espn_archived_close,,,225
spread,home,7.0,-110,1.9090909090909092,0.5980625892761974,0.5238095238095238,0.5,0.09806258927619738,0.14175585225455878,ESPN BET,2025_13_JAX_TEN,espn_archive,,401772786:58:open:spread,401772786,,-4.043192165777683,45.53041822845094,2,-22.0,28.0,loss,-1.0,2025,13,TEN,JAX,1.5,true,true,true,false,espn_archived_open,espn_archived_open,provider_labeled_open_close,true,espn_archived_close,,5.5,-105
total,over,41.5,-115,1.8695652173913042,0.6324597369604653,0.5348837209302326,0.5,0.1324597369604653,0.1824247256217395,DraftKings,2025_13_JAX_TEN,espn_archive,,401772786:100:open:total,401772786,,-4.043192165777683,45.53041822845094,2,-22.0,28.0,loss,-1.0,2025,13,TEN,JAX,1.0,true,true,true,false,espn_archived_open,espn_archived_open,provider_labeled_open_close,true,espn_archived_close,,42.5,-115
moneyline,home,,190,2.9,0.44097714473751204,0.3448275862068966,0.33248081841432225,0.10849632632318978,0.2788337197387849,ESPN BET,2025_13_KC_DAL,espn_archive,,401772694:58:open:moneyline,401772694,,-2.3356617308799024,50.83530051871422,1,3.0,59.0,win,1.9,2025,13,DAL,KC,0.04002705147025276,true,true,true,false,espn_archived_open,espn_archived_open,provider_labeled_open_close,true,espn_archived_close,,,160
spread,home,4.5,-110,1.9090909090909092,0.5749208245981776,0.5238095238095238,0.5,0.07492082459817762,0.09757611968743007,ESPN BET,2025_13_KC_DAL,espn_archive,,401772694:58:open:spread,401772694,,-2.3356617308799024,50.83530051871422,1,3.0,59.0,win,0.9090909090909092,2025,13,DAL,KC,1.0,true,true,true,false,espn_archived_open,espn_archived_open,provider_labeled_open_close,true,espn_archived_close,,3.5,-117
total,under,52.5,-115,1.8695652173913042,0.5359224966905644,0.5348837209302326,0.5108342361863489,0.02508826050421542,0.0019420590301855167,ESPN BET,2025_13_KC_DAL,espn_archive,,401772694:58:open:total,401772694,,-2.3356617308799024,50.83530051871422,2,3.0,59.0,loss,-1.0,2025,13,DAL,KC,0.0,true,true,true,false,espn_archived_open,espn_archived_open,provider_labeled_open_close,true,espn_archived_close,,52.5,-108
moneyline,home,,425,5.25,0.2996427071592943,0.19047619047619047,0.18018018018018017,0.11946252697911414,0.5731242125862952,ESPN BET,2025_13_LA_CAR,espn_archive,,401772894:58:open:moneyline,401772894,,-7.362837540014656,42.165911096054344,2,3.0,59.0,win,4.25,2025,13,CAR,LA,0.009009009009009028,true,true,true,false,espn_archived_open,espn_archived_open,provider_labeled_open_close,true,espn_archived_close,,,400
spread,home,10.5,-112,1.8928571428571428,0.603284713708975,0.5283018867924528,0.5043297540699689,0.09895495963900602,0.1419317795205597,DraftKings,2025_13_LA_CAR,espn_archive,,401772894:100:open:spread,401772894,,-7.362837540014656,42.165911096054344,2,3.0,59.0,win,0.8928571428571428,2025,13,CAR,LA,0.5,true,true,true,false,espn_archived_open,espn_archived_open,provider_labeled_open_close,true,espn_archived_close,,10.0,-110
total,under,45.5,-105,1.9523809523809523,0.5854216279494173,0.5121951219512195,0.49439461883408076,0.09102700911533657,0.14296603552029086,DraftKings,2025_13_LA_CAR,espn_archive,,401772894:100:open:total,401772894,,-7.362837540014656,42.165911096054344,2,3.0,59.0,loss,-1.0,2025,13,CAR,LA,1.0,true,true,true,false,espn_archived_open,espn_archived_open,provider_labeled_open_close,true,espn_archived_close,,44.5,-105
moneyline,away,,500,6.0,0.2424552534572052,0.16666666666666666,0.15789473684210525,0.08456051661509995,0.4547315207432312,ESPN BET,2025_13_LV_LAC,espn_archive,,401772788:58:open:moneyline,401772788,,8.959645728662839,41.50577753784563,1,17.0,45.0,loss,-1.0,2025,13,LAC,LV,0.031294452347083945,true,true,true,false,espn_archived_open,espn_archived_open,provider_labeled_open_close,true,espn_archived_close,,,400
spread,away,10.0,-115,1.8695652173913042,0.5204848545196369,0.5348837209302326,0.5108342361863489,0.009650618333287952,-0.026919619811113682,ESPN BET,2025_13_LV_LAC,espn_archive,,401772788:58:open:spread,401772788,,8.959645728662839,41.50577753784563,2,17.0,45.0,loss,-1.0,2025,13,LAC,LV,0.5,true,true,true,false,espn_archived_open,espn_archived_open,provider_labeled_open_close,true,espn_archived_close,,9.5,-110
total,over,41.5,-108,1.925925925925926,0.5141723523636288,0.5192307692307692,0.4956702459300312,0.01850210643359762,-0.009742136188566675,DraftKings,2025_13_LV_LAC,espn_archive,,401772788:100:open:total,401772788,,8.959645728662839,41.50577753784563,2,17.0,45.0,win,0.925925925925926,2025,13,LAC,LV,-1.0,true,true,true,false,espn_archived_open,espn_archived_open,provider_labeled_open_close,true,espn_archived_close,,40.5,-112
moneyline,away,,450,5.5,0.2505613079824287,0.18181818181818182,0.17204301075268816,0.07851829722974055,0.3780871939033579,ESPN BET,2025_13_MIN_SEA,espn_archive,,401772896:58:open:moneyline,401772896,,8.616858783213885,45.97439251612573,1,26.0,26.0,loss,-1.0,2025,13,SEA,MIN,-0.052776955706816606,true,true,true,false,espn_archived_open,espn_archived_open,provider_labeled_open_close,true,espn_archived_close,,,700
spread,away,10.5,-115,1.8695652173913042,0.5456040132270508,0.5348837209302326,0.5108342361863489,0.03476977704070183,0.020042285598399268,DraftKings,2025_13_MIN_SEA,espn_archive,,401772896:100:open:spread,401772896,,8.616858783213885,45.97439251612573,2,26.0,26.0,loss,-1.0,2025,13,SEA,MIN,-2.0,true,true,true,false,espn_archived_open,espn_archived_open,provider_labeled_open_close,true,espn_archived_close,,12.5,-110
total,over,41.5,-112,1.8928571428571428,0.6449727597699361,0.5283018867924528,0.5043297540699689,0.14064300569996713,0.22084129527880747,DraftKings,2025_13_MIN_SEA,espn_archive,,401772896:100:open:total,401772896,,8.616858783213885,45.97439251612573,2,26.0,26.0,loss,-1.0,2025,13,SEA,MIN,1.0,true,true,true,false,espn_archived_open,espn_archived_open,provider_labeled_open_close,true,espn_archived_close,,42.5,-110
moneyline,away,,220,3.2,0.3255105127357396,0.3125,0.299837925445705,0.025672587290034632,0.04163364075436671,ESPN BET,2025_13_NO_MIA,espn_archive,,401772892:58:open:moneyline,401772892,,5.677660295401601,41.1874074380893,1,4.0,38.0,loss,-1.0,2025,13,MIA,NO,0.00550558600467671,true,true,true,false,espn_archived_open,espn_archived_open,provider_labeled_open_close,true,espn_archived_close,,,215
spread,home,-5.5,-110,1.9090909090909092,0.5159358442923243,0.5238095238095238,0.5,0.015935844292324308,-0.015031569987380866,ESPN BET,2025_13_NO_MIA,espn_archive,,401772892:58:open:spread,401772892,,5.677660295401601,41.1874074380893,1,4.0,38.0,loss,-1.0,2025,13,MIA,NO,0.0,true,true,true,false,espn_archived_open,espn_archived_open,provider_labeled_open_close,true,espn_archived_close,,-5.5,-110
total,under,42.5,-105,1.9523809523809523,0.5253840304191686,0.5121951219512195,0.4891657638136511,0.03621826660551747,0.02574977367551967,ESPN BET,2025_13_NO_MIA,espn_archive,,401772892:58:open:total,401772892,,5.677660295401601,41.1874074380893,2,4.0,38.0,win,0.9523809523809523,2025,13,MIA,NO,1.0,true,true,true,false,espn_archived_open,espn_archived_open,provider_labeled_open_close,true,espn_archived_close,,41.5,-105
moneyline,away,,320,4.2,0.27095988593983356,0.23809523809523808,0.22849462365591394,0.042465262283919614,0.1380315209473011,DraftKings,2025_13_NYG_NE,espn_archive,,401772821:100:open:moneyline,401772821,,7.7791395043695495,47.24388620019245,1,18.0,48.0,loss,-1.0,2025,13,NE,NYG,0.02069280863010986,true,true,true,false,espn_archived_open,espn_archived_open,provider_labeled_open_close,true,espn_archived_close,,,285
spread,home,-7.0,-115,1.8695652173913042,0.533891007328456,0.5348837209302326,0.5108342361863489,0.023056771142107024,-0.0018559428207128859,DraftKings,2025_13_NYG_NE,espn_archive,,401772821:100:open:spread,401772821,,7.7791395043695495,47.24388620019245,1,18.0,48.0,win,0.8695652173913042,2025,13,NE,NYG,0.0,true,true,true,false,espn_archived_open,espn_archived_open,provider_labeled_open_close,true,espn_archived_close,,-7.0,-115
total,over,46.5,-112,1.8928571428571428,0.5362826599050301,0.5283018867924528,0.5043297540699689,0.03195290583506116,0.015106463391663993,DraftKings,2025_13_NYG_NE,espn_archive,,401772821:100:open:total,401772821,,7.7791395043695495,47.24388620019245,1,18.0,48.0,win,0.8928571428571428,2025,13,NE,NYG,0.0,true,true,true,false,espn_archived_open,espn_archived_open,provider_labeled_open_close,true,espn_archived_close,,46.5,-115
moneyline,home,,270,3.7,0.4339538164123752,0.27027027027027023,0.2591283863368669,0.17482543007550827,0.6056291207257882,ESPN BET,2025_13_SF_CLE,espn_archive,,401772785:58:open:moneyline,401772785,,-2.5733867511660726,41.565280656985166,2,-18.0,34.0,loss,-1.0,2025,13,CLE,SF,0.05198272477424415,true,true,true,false,espn_archived_open,espn_archived_open,provider_labeled_open_close,true,espn_archived_close,,,210
spread,home,6.5,-110,1.9090909090909092,0.6259142180380769,0.5238095238095238,0.5,0.1259142180380769,0.19492714352723772,ESPN BET,2025_13_SF_CLE,espn_archive,,401772785:58:open:spread,401772785,,-2.5733867511660726,41.565280656985166,2,-18.0,34.0,loss,-1.0,2025,13,CLE,SF,1.0,true,true,true,false,espn_archived_open,espn_archived_open,provider_labeled_open_close,true,espn_archived_close,,5.5,-110
total,over,39.5,-110,1.9090909090909092,0.5755429244700969,0.5238095238095238,0.5091659028414299,0.06637702162866699,0.09876376489745775,DraftKings,2025_13_SF_CLE,espn_archive,,401772785:100:open:total,401772785,,-2.5733867511660726,41.565280656985166,2,-18.0,34.0,loss,-1.0,2025,13,CLE,SF,-4.0,true,true,true,false,espn_archived_open,espn_archived_open,provider_labeled_open_close,true,espn_archived_close,,35.5,-108
moneyline,away,,260,3.6,0.3143578370833029,0.2777777777777778,0.26645768025078376,0.047900156832519136,0.13168821349989046,DraftKings,2025_14_CHI_GB,espn_archive,,401772897:100:open:moneyline,401772897,,6.1834441726614955,46.33611502980912,1,7.0,49.0,loss,-1.0,2025,14,GB,CHI,0.011463060871192587,true,true,true,false,espn_archived_open,espn_archived_open,provider_labeled_open_close,true,espn_archived_close,,,245
spread,home,-7.0,100,2.0,0.48345254111220703,0.5,0.4782608695652174,0.005191671546989629,-0.03309491777558593,DraftKings,2025_14_CHI_GB,espn_archive,,401772897:100:open:spread,401772897,,6.1834441726614955,46.33611502980912,1,7.0,49.0,push,0.0,2025,14,GB,CHI,-0.5,true,true,true,false,espn_archived_open,espn_archived_open,provider_labeled_open_close,true,espn_archived_close,,-6.5,-115
total,over,46.5,-110,1.9090909090909092,0.5067291132387346,0.5238095238095238,0.5,0.0067291132387345964,-0.03260805654423393,DraftKings,2025_14_CHI_GB,espn_archive,,401772897:100:open:total,401772897,,6.1834441726614955,46.33611502980912,1,7.0,49.0,win,0.9090909090909092,2025,14,GB,CHI,-2.0,true,true,true,false,espn_archived_open,espn_archived_open,provider_labeled_open_close,true,espn_archived_close,,44.5,-105
moneyline,home,,-340,1.2941176470588236,0.7899097271589145,0.7727272727272727,0.727216367017979,0.06269336014093552,0.022236117499771835,DraftKings,2025_14_CIN_BUF,espn_archive,,401772902:100:open:moneyline,401772902,,10.48420431460924,54.56600835969597,1,5.0,73.0,win,0.2941176470588236,2025,14,BUF,CIN,-0.01767279855324877,true,true,true,false,espn_archived_open,espn_archived_open,provider_labeled_open_close,true,espn_archived_close,,,-285
spread,home,-6.5,-110,1.9090909090909092,0.6249791261080483,0.5238095238095238,0.5,0.12497912610804829,0.19314196802445593,DraftKings,2025_14_CIN_BUF,espn_archive,,401772902:100:open:spread,401772902,,10.48420431460924,54.56600835969597,1,5.0,73.0,loss,-1.0,2025,14,BUF,CIN,-0.5,true,true,true,false,espn_archived_open,espn_archived_open,provider_labeled_open_close,true,espn_archived_close,,-6.0,-112
total,over,53.5,-110,1.9090909090909092,0.5436717551810057,0.5238095238095238,0.5,0.043671755181005745,0.03791880534555636,DraftKings,2025_14_CIN_BUF,espn_archive,,401772902:100:open:total,401772902,,10.48420431460924,54.56600835969597,1,5.0,73.0,win,0.9090909090909092,2025,14,BUF,CIN,1.0,true,true,true,false,espn_archived_open,espn_archived_open,provider_labeled_open_close,true,espn_archived_close,,54.5,-112
moneyline,home,,-218,1.4587155963302751,0.7151073783999601,0.6855345911949686,0.6574752261956053,0.0576321522043548,0.043138285922877495,DraftKings,2025_14_DAL_DET,espn_archive,,401772947:100:open:moneyline,401772947,,7.314488709694192,56.96469332479511,1,14.0,74.0,win,0.45871559633027514,2025,14,DET,DAL,-0.035008674334431555,true,true,true,false,espn_archived_open,espn_archived_open,provider_labeled_open_close,true,espn_archived_close,,,-185
spread,home,-3.5,-115,1.8695652173913042,0.6201424851166333,0.5348837209302326,0.5108342361863489,0.10930824893028435,0.15939682000066213,DraftKings,2025_14_DAL_DET,espn_archive,,401772947:100:open:spread,401772947,,7.314488709694192,56.96469332479511,1,14.0,74.0,win,0.8695652173913042,2025,14,DET,DAL,0.0,true,true,true,false,espn_archived_open,espn_archived_open,provider_labeled_open_close,true,espn_archived_close,,-3.5,-110
total,over,54.5,-115,1.8695652173913042,0.5852127701029601,0.5348837209302326,0.5052301255230126,0.07998264457994753,0.09409343975770801,DraftKings,2025_14_DAL_DET,espn_archive,,401772947:100:open:total,401772947,,7.314488709694192,56.96469332479511,1,14.0,74.0,win,0.8695652173913042,2025,14,DET,DAL,1.0,true,true,true,false,espn_archived_open,espn_archived_open,provider_labeled_open_close,true,espn_archived_close,,55.5,-110
moneyline,home,,350,4.5,0.3068169786490016,0.2222222222222222,0.2132564841498559,0.09356049449914569,0.38067640392050706,DraftKings,2025_14_DEN_LV,espn_archive,,401772794:100:open:moneyline,401772794,,-6.994959186246344,40.10325237618643,1,-7.0,41.0,loss,-1.0,2025,14,LV,DEN,-0.004618123974160421,true,true,true,false,espn_archived_open,espn_archived_open,provider_labeled_open_close,true,espn_archived_close,,,360
spread,home,7.5,-110,1.9090909090909092,0.5229800545921716,0.5238095238095238,0.5,0.02298005459217156,-0.0015835321422178472,DraftKings,2025_14_DEN_LV,espn_archive,,401772794:100:open:spread,401772794,,-6.994959186246344,40.10325237618643,1,-7.0,41.0,win,0.9090909090909092,2025,14,LV,DEN,-1.0,true,true,true,false,espn_archived_open,espn_archived_open,provider_labeled_open_close,true,espn_archived_close,,8.5,-110
total,under,40.5,-110,1.9090909090909092,0.5002816503780712,0.5238095238095238,0.5,0.0002816503780711521,-0.04491684927822781,DraftKings,2025_14_DEN_LV,espn_archive,,401772794:100:open:total,401772794,,-6.994959186246344,40.10325237618643,1,-7.0,41.0,loss,-1.0,2025,14,LV,DEN,0.0,true,true,true,false,espn_archived_open,espn_archived_open,provider_labeled_open_close,true,espn_archived_close,,40.5,-115
moneyline,away,,185,2.85,0.41765217754625583,0.3508771929824561,0.33635187580853815,0.08130030173771768,0.19030870600682914,DraftKings,2025_14_HOU_KC,espn_archive,,401772932:100:open:moneyline,401772932,,2.508531297051956,39.75070469646833,1,-10.0,30.0,win,1.85,2025,14,KC,HOU,0.006172897995856463,true,true,true,false,espn_archived_open,espn_archived_open,provider_labeled_open_close,true,espn_archived_close,,,180
spread,away,5.5,-110,1.9090909090909092,0.5810641726797352,0.5238095238095238,0.5,0.0810641726797352,0.10930432966131276,DraftKings,2025_14_HOU_KC,espn_archive,,401772932:100:open:spread,401772932,,2.508531297051956,39.75070469646833,1,-10.0,30.0,win,0.9090909090909092,2025,14,KC,HOU,1.0,true,true,true,false,espn_archived_open,espn_archived_open,provider_labeled_open_close,true,espn_archived_close,,4.5,-115
total,under,43.5,-110,1.9090909090909092,0.6001453157008895,0.5238095238095238,0.5056053811659194,0.09453993453497012,0.14573196633806185,DraftKings,2025_14_HOU_KC,espn_archive,,401772932:100:open:total,401772932,,2.508531297051956,39.75070469646833,1,-10.0,30.0,win,0.9090909090909092,2025,14,KC,HOU,2.0,true,true,true,false,espn_archived_open,espn_archived_open,provider_labeled_open_close,true,espn_archived_close,,41.5,-110
moneyline,home,,105,2.05,0.49855892254331635,0.48780487804878053,0.4675324675324676,0.031026455010848775,0.02204579121379835,DraftKings,2025_14_IND_JAX,espn_archive,,401772793:100:open:moneyline,401772793,,-0.3115407457299533,49.713713316518636,1,17.0,55.0,win,1.0499999999999998,2025,14,JAX,IND,-0.01897358224901652,true,true,true,false,espn_archived_open,espn_archived_open,provider_labeled_open_close,true,espn_archived_close,,,114
spread,home,2.5,100,2.0,0.5729528229845118,0.5,0.48837209302325585,0.08458072996125593,0.14590564596902356,DraftKings,2025_14_IND_JAX,espn_archive,,401772793:100:open:spread,401772793,,-0.3115407457299533,49.713713316518636,1,17.0,55.0,win,1.0,2025,14,JAX,IND,0.0,true,true,true,false,espn_archived_open,espn_archived_open,provider_labeled_open_close,true,espn_archived_close,,2.5,-108
total,over,49.5,-110,1.9090909090909092,0.5180920432051053,0.5238095238095238,0.5,0.018092043205105268,-0.010915190244799033,DraftKings,2025_14_IND_JAX,espn_archive,,401772793:100:open:total,401772793,,-0.3115407457299533,49.713713316518636,1,17.0,55.0,win,0.9090909090909092,2025,14,JAX,IND,-5.0,true,true,true,false,espn_archived_open,espn_archived_open,provider_labeled_open_close,true,espn_archived_close,,44.5,-115
moneyline,home,,360,4.6,0.36902106513327515,0.2173913043478261,0.20863836017569548,0.16038270495757967,0.6974968996130655,DraftKings,2025_14_LA_ARI,espn_archive,,401772901:100:open:moneyline,401772901,,-4.722458502586612,46.34990028780893,1,-28.0,62.0,loss,-1.0,2025,14,ARI,LA,-0.004414237292120676,true,true,true,false,espn_archived_open,espn_archived_open,provider_labeled_open_close,true,espn_archived_close,,,370
spread,home,7.5,-110,1.9090909090909092,0.5902080529021262,0.5238095238095238,0.5,0.09020805290212619,0.12676082826769552,DraftKings,2025_14_LA_ARI,espn_archive,,401772901:100:open:spread,401772901,,-4.722458502586612,46.34990028780893,1,-28.0,62.0,loss,-1.0,2025,14,ARI,LA,-2.0,true,true,true,false,espn_archived_open,espn_archived_open,provider_labeled_open_close,true,espn_archived_close,,9.5,-110
total,under,48.5,-110,1.9090909090909092,0.5529158564812164,0.5238095238095238,0.5,0.05291585648121644,0.05556663510050419,DraftKings,2025_14_LA_ARI,espn_archive,,401772901:100:open:total,401772901,,-4.722458502586612,46.34990028780893,1,-28.0,62.0,loss,-1.0,2025,14,ARI,LA,-1.0,true,true,true,false,espn_archived_open,espn_archived_open,provider_labeled_open_close,true,espn_archived_close,,49.5,-110
moneyline,home,,120,2.2,0.5300845154083966,0.45454545454545453,0.43235704323570434,0.09772747217269229,0.16618593389847258,DraftKings,2025_14_MIA_NYJ,espn_archive,,401772790:100:open:moneyline,401772790,,0.7430021219024958,44.67155001056656,1,-24.0,44.0,loss,-1.0,2025,14,NYJ,MIA,-0.00441667879616825,true,true,true,false,espn_archived_open,espn_archived_open,provider_labeled_open_close,true,espn_archived_close,,,124
spread,home,2.5,-105,1.9523809523809523,0.6037214134455912,0.5121951219512195,0.4891657638136511,0.11455564963194004,0.17869418815567784,DraftKings,2025_14_MIA_NYJ,espn_archive,,401772790:100:open:spread,401772790,,0.7430021219024958,44.67155001056656,1,-24.0,44.0,loss,-1.0,2025,14,NYJ,MIA,0.0,true,true,true,false,espn_archived_open,espn_archived_open,provider_labeled_open_close,true,espn_archived_close,,2.5,-105
total,over,41.5,-110,1.9090909090909092,0.6058789148066291,0.5238095238095238,0.5,0.10587891480662914,0.15667792826720106,DraftKings,2025_14_MIA_NYJ,espn_archive,,401772790:100:open:total,401772790,,0.7430021219024958,44.67155001056656,1,-24.0,44.0,win,0.9090909090909092,2025,14,NYJ,MIA,0.0,true,true,true,false,espn_archived_open,espn_archived_open,provider_labeled_open_close,true,espn_archived_close,,41.5,-108
moneyline,away,,350,4.5,0.26775350319357727,0.2222222222222222,0.2132564841498559,0.05449701904372137,0.20489076437109777,DraftKings,2025_14_NO_TB,espn_archive,,401772792:100:open:moneyline,401772792,,7.997838001994499,44.14063727871654,1,-4.0,44.0,win,3.5,2025,14,TB,NO,0.00991035963335346,true,true,true,false,espn_archived_open,espn_archived_open,provider_labeled_open_close,true,espn_archived_close,,,330
spread,away,8.5,-110,1.9090909090909092,0.5071444921991911,0.5238095238095238,0.5,0.00714449219919111,-0.03181506034699877,DraftKings,2025_14_NO_TB,espn_archive,,401772792:100:open:spread,401772792,,7.997838001994499,44.14063727871654,1,-4.0,44.0,win,0.9090909090909092,2025,14,TB,NO,1.0,true,true,true,false,espn_archived_open,espn_archived_open,provider_labeled_open_close,true,espn_archived_close,,7.5,-102
total,over,42.5,-118,1.847457627118644,0.5608228411153631,0.5412844036697247,0.5173641257162701,0.04345871539909296,0.03609643528092499,DraftKings,2025_14_NO_TB,espn_archive,,401772792:100:open:total,401772792,,7.997838001994499,44.14063727871654,1,-4.0,44.0,win,0.847457627118644,2025,14,TB,NO,-1.0,true,true,true,false,espn_archived_open,espn_archived_open,provider_labeled_open_close,true,espn_archived_close,,41.5,-115
moneyline,home,,114,2.1399999999999997,0.5304412531657852,0.4672897196261683,0.44855888528345106,0.0818823678823341,0.1351442817747801,DraftKings,2025_14_PHI_LAC,espn_archive,,401772822:100:open:moneyline,401772822,,0.7549587458321056,42.61092855756613,1,3.0,41.0,win,1.1399999999999997,2025,14,LAC,PHI,0.029701984281766347,true,true,true,false,espn_archived_open,espn_archived_open,provider_labeled_open_close,true,espn_archived_close,,,100
spread,home,1.5,-105,1.9523809523809523,0.5749083613806891,0.5121951219512195,0.4891657638136511,0.085742597567038,0.12244013412420252,DraftKings,2025_14_PHI_LAC,espn_archive,,401772822:100:open:spread,401772822,,0.7549587458321056,42.61092855756613,1,3.0,41.0,win,0.9523809523809523,2025,14,LAC,PHI,0.0,true,true,true,false,espn_archived_open,espn_archived_open,provider_labeled_open_close,true,espn_archived_close,,1.5,-115
total,over,42.5,-110,1.9090909090909092,0.5150000456751763,0.5238095238095238,0.5,0.015000045675176321,-0.01681809462011785,DraftKings,2025_14_PHI_LAC,espn_archive,,401772822:100:open:total,401772822,,0.7549587458321056,42.61092855756613,1,3.0,41.0,loss,-1.0,2025,14,LAC,PHI,-1.0,true,true,true,false,espn_archived_open,espn_archived_open,provider_labeled_open_close,true,espn_archived_close,,41.5,-115
moneyline,away,,260,3.6,0.4008019415459507,0.2777777777777778,0.26645768025078376,0.13434426129516697,0.4428869895654226,DraftKings,2025_14_PIT_BAL,espn_archive,,401772791:100:open:moneyline,401772791,,3.086749406343756,48.08194357311895,1,-5.0,49.0,win,2.6,2025,14,BAL,PIT,0.028509155488584126,true,true,true,false,espn_archived_open,espn_archived_open,provider_labeled_open_close,true,espn_archived_close,,,225
spread,away,7.0,-118,1.847457627118644,0.6078630263594278,0.5412844036697247,0.5173641257162701,0.09049890064315769,0.12300118429114626,DraftKings,2025_14_PIT_BAL,espn_archive,,401772791:100:open:spread,401772791,,3.086749406343756,48.08194357311895,1,-5.0,49.0,win,0.847457627118644,2025,14,BAL,PIT,1.5,true,true,true,false,espn_archived_open,espn_archived_open,provider_labeled_open_close,true,espn_archived_close,,5.5,100
total,over,45.5,-110,1.9090909090909092,0.5886588003090123,0.5238095238095238,0.5,0.0886588003090123,0.12380316422629623,DraftKings,2025_14_PIT_BAL,espn_archive,,401772791:100:open:total,401772791,,3.086749406343756,48.08194357311895,1,-5.0,49.0,win,0.9090909090909092,2025,14,BAL,PIT,-2.0,true,true,true,false,espn_archived_open,espn_archived_open,provider_labeled_open_close,true,espn_archived_close,,43.5,-115
moneyline,home,,320,4.2,0.34546186843887416,0.23809523809523808,0.22727272727272724,0.11818914116614693,0.45093984744327154,DraftKings,2025_14_SEA_ATL,espn_archive,,401772900:100:open:moneyline,401772900,,-5.56447881830055,45.63307237109337,1,-28.0,46.0,loss,-1.0,2025,14,ATL,SEA,0.021914705013296565,true,true,true,false,espn_archived_open,espn_archived_open,provider_labeled_open_close,true,espn_archived_close,,,285
spread,home,7.5,-110,1.9090909090909092,0.5654987282732034,0.5238095238095238,0.5,0.06549872827320335,0.07958848124884277,DraftKings,2025_14_SEA_ATL,espn_archive,,401772900:100:open:spread,401772900,,-5.56447881830055,45.63307237109337,1,-28.0,46.0,loss,-1.0,2025,14,ATL,SEA,0.5,true,true,true,false,espn_archived_open,espn_archived_open,provider_labeled_open_close,true,espn_archived_close,,7.0,-120
total,over,44.5,-110,1.9090909090909092,0.5456782579280044,0.5238095238095238,0.5,0.045678257928004395,0.04174940149891748,DraftKings,2025_14_SEA_ATL,espn_archive,,401772900:100:open:total,401772900,,-5.56447881830055,45.63307237109337,1,-28.0,46.0,win,0.9090909090909092,2025,14,ATL,SEA,0.0,true,true,true,false,espn_archived_open,espn_archived_open,provider_labeled_open_close,true,espn_archived_close,,44.5,-112
moneyline,away,,180,2.8,0.36052035727349674,0.35714285714285715,0.3425247738043946,0.017995583469102128,0.00945700036579078,DraftKings,2025_14_TEN_CLE,espn_archive,,401772898:100:open:moneyline,401772898,,4.497298404978778,39.07553944596202,1,-2.0,60.0,win,1.7999999999999998,2025,14,CLE,TEN,0.01274604739537244,true,true,true,false,espn_archived_open,espn_archived_open,provider_labeled_open_close,true,espn_archived_close,,,170
spread,home,-4.5,-110,1.9090909090909092,0.5077995471357144,0.5238095238095238,0.5,0.007799547135714402,-0.030564500922727,DraftKings,2025_14_TEN_CLE,espn_archive,,401772898:100:open:spread,401772898,,4.497298404978778,39.07553944596202,1,-2.0,60.0,loss,-1.0,2025,14,CLE,TEN,0.0,true,true,true,false,espn_archived_open,espn_archived_open,provider_labeled_open_close,true,espn_archived_close,,-4.5,100
total,over,34.5,-110,1.9090909090909092,0.646003620538111,0.5238095238095238,0.5,0.146003620538111,0.23327963920912098,DraftKings,2025_14_TEN_CLE,espn_archive,,401772898:100:open:total,401772898,,4.497298404978778,39.07553944596202,1,-2.0,60.0,win,0.9090909090909092,2025,14,CLE,TEN,-1.0,true,true,true,false,espn_archived_open,espn_archived_open,provider_labeled_open_close,true,espn_archived_close,,33.5,-108
moneyline,home,,-148,1.6756756756756757,0.5952522532186117,0.5967741935483871,0.5608443122255277,0.034407940993084085,-0.002550278390434424,DraftKings,2025_14_WAS_MIN,espn_archive,,401772899:100:open:moneyline,401772899,,2.9508228055330896,45.18418604711739,1,31.0,31.0,win,0.6756756756756757,2025,14,MIN,WAS,-0.05001007603917873,true,true,true,false,espn_archived_open,espn_archived_open,provider_labeled_open_close,true,espn_archived_close,,,-115
spread,home,-1.5,-105,1.9523809523809523,0.5511516208570764,0.5121951219512195,0.4891657638136511,0.06198585704342524,0.07605792643524434,DraftKings,2025_14_WAS_MIN,espn_archive,,401772899:100:open:spread,401772899,,2.9508228055330896,45.18418604711739,1,31.0,31.0,win,0.9523809523809523,2025,14,MIN,WAS,0.0,true,true,true,false,espn_archived_open,espn_archived_open,provider_labeled_open_close,true,espn_archived_close,,-1.5,-102
total,over,42.5,-110,1.9090909090909092,0.5916581832205317,0.5238095238095238,0.5,0.09165818322053165,0.12952925887556055,DraftKings,2025_14_WAS_MIN,espn_archive,,401772899:100:open:total,401772899,,2.9508228055330896,45.18418604711739,1,31.0,31.0,loss,-1.0,2025,14,MIN,WAS,1.0,true,true,true,false,espn_archived_open,espn_archived_open,provider_labeled_open_close,true,espn_archived_close,,43.5,-118
moneyline,away,,280,3.8,0.2602083638467366,0.2631578947368421,0.2522172949002217,0.007991068946514912,-0.011208217382400854,DraftKings,2025_15_ARI_HOU,espn_archive,,401772903:100:open:moneyline,401772903,,8.414877852635382,41.942266683804746,1,20.0,60.0,loss,-1.0,2025,15,HOU,ARI,-0.0793409908763767,true,true,true,false,espn_archived_open,espn_archived_open,provider_labeled_open_close,true,espn_archived_close,,,455
spread,home,-7.0,-115,1.8695652173913042,0.5474363634105224,0.5348837209302326,0.5108342361863489,0.03660212722417344,0.023467983767498257,DraftKings,2025_15_ARI_HOU,espn_archive,,401772903:100:open:spread,401772903,,8.414877852635382,41.942266683804746,1,20.0,60.0,win,0.8695652173913042,2025,15,HOU,ARI,3.5,true,true,true,false,espn_archived_open,espn_archived_open,provider_labeled_open_close,true,espn_archived_close,,-10.5,-110
total,under,42.5,-110,1.9090909090909092,0.5031210699525411,0.5238095238095238,0.5,0.0031210699525411334,-0.03949613918151229,DraftKings,2025_15_ARI_HOU,espn_archive,,401772903:100:open:total,401772903,,8.414877852635382,41.942266683804746,1,20.0,60.0,loss,-1.0,2025,15,HOU,ARI,0.0,true,true,true,false,espn_archived_open,espn_archived_open,provider_labeled_open_close,true,espn_archived_close,,42.5,-112
moneyline,away,,195,2.95,0.3485726445756401,0.3389830508474576,0.32496875300451883,0.02360389157112125,0.028289301498138242,DraftKings,2025_15_ATL_TB,espn_archive,,401772948:100:open:moneyline,401772948,,5.024947091662714,46.82309782638062,1,-1.0,57.0,win,1.9500000000000002,2025,15,TB,ATL,-0.03451232146924915,true,true,true,false,espn_archived_open,espn_archived_open,provider_labeled_open_close,true,espn_archived_close,,,230
spread,away,5.5,-110,1.9090909090909092,0.5088387582103769,0.5238095238095238,0.5,0.00883875821037694,-0.028580552507462165,DraftKings,2025_15_ATL_TB,espn_archive,,401772948:100:open:spread,401772948,,5.024947091662714,46.82309782638062,1,-1.0,57.0,win,0.9090909090909092,2025,15,TB,ATL,-0.5,true,true,true,false,espn_archived_open,espn_archived_open,provider_labeled_open_close,true,espn_archived_close,,6.0,-108
total,over,44.5,-110,1.9090909090909092,0.5832834192496854,0.5238095238095238,0.5,0.08328341924968541,0.11354107311303574,DraftKings,2025_15_ATL_TB,espn_archive,,401772948:100:open:total,401772948,,5.024947091662714,46.82309782638062,1,-1.0,57.0,win,0.9090909090909092,2025,15,TB,ATL,-1.0,true,true,true,false,espn_archived_open,espn_archived_open,provider_labeled_open_close,true,espn_archived_close,,43.5,-110
moneyline,home,,130,2.3,0.4528722985002621,0.4347826086956522,0.41700735895339325,0.03586493954686887,0.04160628655060283,DraftKings,2025_15_BAL_CIN,espn_archive,,401772796:100:open:moneyline,401772796,,-1.7620293674924703,54.201502623527844,1,-24.0,24.0,loss,-1.0,2025,15,CIN,BAL,-0.010377113112817138,true,true,true,false,espn_archived_open,espn_archived_open,provider_labeled_open_close,true,espn_archived_close,,,136
spread,home,3.0,-120,1.8333333333333335,0.5421915160779849,0.5454545454545454,0.5217391304347826,0.020452385643202287,-0.005982220523694348,DraftKings,2025_15_BAL_CIN,espn_archive,,401772796:100:open:spread,401772796,,-1.7620293674924703,54.201502623527844,1,-24.0,24.0,loss,-1.0,2025,15,CIN,BAL,0.5,true,true,true,false,espn_archived_open,espn_archived_open,provider_labeled_open_close,true,espn_archived_close,,2.5,105
total,over,51.5,-110,1.9090909090909092,0.5944284563380702,0.5238095238095238,0.5,0.09442845633807018,0.13481796209995212,DraftKings,2025_15_BAL_CIN,espn_archive,,401772796:100:open:total,401772796,,-1.7620293674924703,54.201502623527844,1,-24.0,24.0,loss,-1.0,2025,15,CIN,BAL,0.0,true,true,true,false,espn_archived_open,espn_archived_open,provider_labeled_open_close,true,espn_archived_close,,51.5,-110
moneyline,home,,-108,1.925925925925926,0.5302278934327038,0.5192307692307692,0.4956702459300312,0.03455764750267265,0.021179646611133363,DraftKings,2025_15_BUF_NE,espn_archive,,401772795:100:open:moneyline,401772795,,0.8353175603220038,49.47843294135995,1,-4.0,66.0,loss,-1.0,2025,15,NE,BUF,-0.05916230942209472,true,true,true,false,espn_archived_open,espn_archived_open,provider_labeled_open_close,true,espn_archived_close,,,120
spread,home,1.5,-122,1.819672131147541,0.5745713918932848,0.5495495495495495,0.5297606439313705,0.04481074796191431,0.04553154918286251,DraftKings,2025_15_BUF_NE,espn_archive,,401772795:100:open:spread,401772795,,0.8353175603220038,49.47843294135995,1,-4.0,66.0,loss,-1.0,2025,15,NE,BUF,-1.0,true,true,true,false,espn_archived_open,espn_archived_open,provider_labeled_open_close,true,espn_archived_close,,2.5,-110
total,over,48.5,-110,1.9090909090909092,0.5431958358534138,0.5238095238095238,0.5,0.0431958358534138,0.03701023208378995,DraftKings,2025_15_BUF_NE,espn_archive,,401772795:100:open:total,401772795,,0.8353175603220038,49.47843294135995,1,-4.0,66.0,win,0.9090909090909092,2025,15,NE,BUF,1.0,true,true,true,false,espn_archived_open,espn_archived_open,provider_labeled_open_close,true,espn_archived_close,,49.5,-115
moneyline,home,,124,2.24,0.5202377190474774,0.4464285714285714,0.4279403644395361,0.0922973546079413,0.16533249066634959,DraftKings,2025_15_CAR_NO,espn_archive,,401772908:100:open:moneyline,401772908,,0.49980234982335503,39.95797755550239,1,3.0,37.0,win,1.2400000000000002,2025,15,NO,CAR,0.0,true,true,true,false,espn_archived_open,espn_archived_open,provider_labeled_open_close,true,espn_archived_close,,,124
spread,home,2.5,-102,1.9803921568627452,0.5939509828447083,0.504950495049505,0.4826358742837298,0.11131510856097848,0.1762558679865791,DraftKings,2025_15_CAR_NO,espn_archive,,401772908:100:open:spread,401772908,,0.49980234982335503,39.95797755550239,1,3.0,37.0,win,0.9803921568627452,2025,15,NO,CAR,0.0,true,true,true,false,espn_archived_open,espn_archived_open,provider_labeled_open_close,true,espn_archived_close,,2.5,-105
total,over,39.5,-110,1.9090909090909092,0.5275377214133286,0.5238095238095238,0.5,0.027537721413328553,0.007117468152718187,DraftKings,2025_15_CAR_NO,espn_archive,,401772908:100:open:total,401772908,,0.49980234982335503,39.95797755550239,1,3.0,37.0,loss,-1.0,2025,15,NO,CAR,2.0,true,true,true,false,espn_archived_open,espn_archived_open,provider_labeled_open_close,true,espn_archived_close,,41.5,-112
moneyline,away,,280,3.8,0.3103874497830995,0.2631578947368421,0.2522172949002217,0.0581701548828778,0.17947230917577817,DraftKings,2025_15_CLE_CHI,espn_archive,,401772904:100:open:moneyline,401772904,,6.436610199108134,44.69049869162093,1,28.0,34.0,loss,-1.0,2025,15,CHI,CLE,-0.00940579330277766,true,true,true,false,espn_archived_open,espn_archived_open,provider_labeled_open_close,true,espn_archived_close,,,295
spread,away,7.0,-115,1.8695652173913042,0.5114735284949921,0.5348837209302326,0.5108342361863489,0.0006392923086431246,-0.0437668815093627,DraftKings,2025_15_CLE_CHI,espn_archive,,401772904:100:open:spread,401772904,,6.436610199108134,44.69049869162093,1,28.0,34.0,loss,-1.0,2025,15,CHI,CLE,-0.5,true,true,true,false,espn_archived_open,espn_archived_open,provider_labeled_open_close,true,espn_archived_close,,7.5,-112
total,over,40.5,-110,1.9090909090909092,0.6374653307303627,0.5238095238095238,0.5,0.1374653307303627,0.21697926775796517,DraftKings,2025_15_CLE_CHI,espn_archive,,401772904:100:open:total,401772904,,6.436610199108134,44.69049869162093,1,28.0,34.0,loss,-1.0,2025,15,CHI,CLE,-2.0,true,true,true,false,espn_archived_open,espn_archived_open,provider_labeled_open_close,true,espn_archived_close,,38.5,-105
moneyline,away,,170,2.7,0.3632662770115419,0.37037037037037035,0.35527082119976705,0.007995455811774854,-0.0191810520688368,DraftKings,2025_15_DET_LA,espn_archive,,401772909:100:open:moneyline,401772909,,4.497654201125229,51.12313816080942,1,7.0,75.0,loss,-1.0,2025,15,LA,DET,-0.03582637675532263,true,true,true,false,espn_archived_open,espn_archived_open,provider_labeled_open_close,true,espn_archived_close,,,200
spread,home,-4.5,-110,1.9090909090909092,0.5052641068507268,0.5238095238095238,0.5,0.0052641068507267574,-0.035404886921339807,DraftKings,2025_15_DET_LA,espn_archive,,401772909:100:open:spread,401772909,,4.497654201125229,51.12313816080942,1,7.0,75.0,win,0.9090909090909092,2025,15,LA,DET,1.0,true,true,true,false,espn_archived_open,espn_archived_open,provider_labeled_open_close,true,espn_archived_close,,-5.5,-115
total,over,50.5,-110,1.9090909090909092,0.5325124208027053,0.5238095238095238,0.5,0.03251242080270533,0.016614621532437424,DraftKings,2025_15_DET_LA,espn_archive,,401772909:100:open:total,401772909,,4.497654201125229,51.12313816080942,1,7.0,75.0,win,0.9090909090909092,2025,15,LA,DET,4.0,true,true,true,false,espn_archived_open,espn_archived_open,provider_labeled_open_close,true,espn_archived_close,,54.5,-115
moneyline,home,,105,2.05,0.5507759697079484,0.48780487804878053,0.4675324675324676,0.08324350217548082,0.12909073790129422,DraftKings,2025_15_GB_DEN,espn_archive,,401772800:100:open:moneyline,401772800,,1.5276654151402873,41.37132534623555,1,8.0,60.0,win,1.0499999999999998,2025,15,DEN,GB,0.00638094720581267,true,true,true,false,espn_archived_open,espn_archived_open,provider_labeled_open_close,true,espn_archived_close,,,102
spread,home,1.5,-110,1.9090909090909092,0.5947589468471581,0.5238095238095238,0.5,0.09475894684715813,0.13544889852639286,DraftKings,2025_15_GB_DEN,espn_archive,,401772800:100:open:spread,401772800,,1.5276654151402873,41.37132534623555,1,8.0,60.0,win,0.9090909090909092,2025,15,DEN,GB,0.0,true,true,true,false,espn_archived_open,espn_archived_open,provider_labeled_open_close,true,espn_archived_close,,1.5,-108
total,under,42.5,-110,1.9090909090909092,0.5203582048841561,0.5238095238095238,0.5,0.020358204884156073,-0.006588881584792872,DraftKings,2025_15_GB_DEN,espn_archive,,401772800:100:open:total,401772800,,1.5276654151402873,41.37132534623555,1,8.0,60.0,loss,-1.0,2025,15,DEN,GB,0.0,true,true,true,false,espn_archived_open,espn_archived_open,provider_labeled_open_close,true,espn_archived_close,,42.5,-112
moneyline,home,,-185,1.5405405405405406,0.6680641191201326,0.6491228070175439,0.6224665518611737,0.045597567258958915,0.029179859185069157,DraftKings,2025_15_IND_SEA,espn_archive,,401772799:100:open:moneyline,401772799,,5.631955587939526,50.57890153146356,1,2.0,34.0,win,0.5405405405405406,2025,15,SEA,IND,0.2452499835718971,true,true,true,false,espn_archived_open,espn_archived_open,provider_labeled_open_close,true,espn_archived_close,,,-950
spread,home,-3.5,-110,1.9090909090909092,0.5686018717116468,0.5238095238095238,0.5,0.06860187171164678,0.08551266417678027,DraftKings,2025_15_IND_SEA,espn_archive,,401772799:100:open:spread,401772799,,5.631955587939526,50.57890153146356,1,2.0,34.0,loss,-1.0,2025,15,SEA,IND,9.0,true,true,true,false,espn_archived_open,espn_archived_open,provider_labeled_open_close,true,espn_archived_close,,-12.5,-118
total,over,46.5,-110,1.9090909090909092,0.6342918881241115,0.5238095238095238,0.5,0.13429188812411152,0.21092087732784925,DraftKings,2025_15_IND_SEA,espn_archive,,401772799:100:open:total,401772799,,5.631955587939526,50.57890153146356,1,2.0,34.0,loss,-1.0,2025,15,SEA,IND,-5.0,true,true,true,false,espn_archived_open,espn_archived_open,provider_labeled_open_close,true,espn_archived_close,,41.5,-112
moneyline,away,,190,2.9,0.35569222924091815,0.3448275862068966,0.33099297893681046,0.02469925030410769,0.03150746479866262,DraftKings,2025_15_LAC_KC,espn_archive,,401772798:100:open:moneyline,401772798,,4.768495070299267,43.01300962361396,1,-3.0,29.0,win,1.9,2025,15,KC,LAC,-0.021785861990878508,true,true,true,false,espn_archived_open,espn_archived_open,provider_labeled_open_close,true,espn_archived_close,,,210
spread,away,5.5,-110,1.9090909090909092,0.516486316765559,0.5238095238095238,0.5,0.016486316765559006,-0.013980667993023665,DraftKings,2025_15_LAC_KC,espn_archive,,401772798:100:open:spread,401772798,,4.768495070299267,43.01300962361396,1,-3.0,29.0,win,0.9090909090909092,2025,15,KC,LAC,0.0,true,true,true,false,espn_archived_open,espn_archived_open,provider_labeled_open_close,true,espn_archived_close,,5.5,100
total,under,44.5,-110,1.9090909090909092,0.5311586455213816,0.5238095238095238,0.5,0.03115864552138159,0.014030141449910438,DraftKings,2025_15_LAC_KC,espn_archive,,401772798:100:open:total,401772798,,4.768495070299267,43.01300962361396,1,-3.0,29.0,win,0.9090909090909092,2025,15,KC,LAC,3.0,true,true,true,false,espn_archived_open,espn_archived_open,provider_labeled_open_close,true,espn_archived_close,,41.5,-108
moneyline,away,,625,7.25,0.20975096346685307,0.13793103448275862,0.1322834645669291,0.07746749889992396,0.5206944851346846,DraftKings,2025_15_LV_PHI,espn_archive,,401772906:100:open:moneyline,401772906,,10.615530530562651,40.18357948795114,1,31.0,31.0,loss,-1.0,2025,15,PHI,LV,0.0,true,true,true,false,espn_archived_open,espn_archived_open,provider_labeled_open_close,true,espn_archived_close,,,625
spread,away,12.5,-110,1.9090909090909092,0.5507533015402869,0.5238095238095238,0.5,0.0507533015402869,0.05143812112236601,DraftKings,2025_15_LV_PHI,espn_archive,,401772906:100:open:spread,401772906,,10.615530530562651,40.18357948795114,1,31.0,31.0,loss,-1.0,2025,15,PHI,LV,0.0,true,true,true,false,espn_archived_open,espn_archived_open,provider_labeled_open_close,true,espn_archived_close,,12.5,-108
total,over,40.5,-110,1.9090909090909092,0.5041679562265733,0.5238095238095238,0.5,0.004167956226573288,-0.03749753811290546,DraftKings,2025_15_LV_PHI,espn_archive,,401772906:100:open:total,401772906,,10.615530530562651,40.18357948795114,1,31.0,31.0,loss,-1.0,2025,15,PHI,LV,-4.0,true,true,true,false,espn_archived_open,espn_archived_open,provider_labeled_open_close,true,espn_archived_close,,36.5,-118
moneyline,home,,-166,1.6024096385542168,0.6065361457556366,0.6240601503759399,0.5996387718242023,0.006897373931434303,-0.02808063390964255,DraftKings,2025_15_MIA_PIT,espn_archive,,401772823:100:open:moneyline,401772823,,3.435459992853559,44.71394797335593,1,13.0,43.0,win,0.6024096385542168,2025,15,PIT,MIA,0.02282778003697139,true,true,true,false,espn_archived_open,espn_archived_open,provider_labeled_open_close,true,espn_archived_close,,,-185
spread,home,-3.0,-108,1.925925925925926,0.5183202373318812,0.5192307692307692,0.4956702459300312,0.022649991401849978,-0.001753616990451068,DraftKings,2025_15_MIA_PIT,espn_archive,,401772823:100:open:spread,401772823,,3.435459992853559,44.71394797335593,1,13.0,43.0,win,0.925925925925926,2025,15,PIT,MIA,0.0,true,true,true,false,espn_archived_open,espn_archived_open,provider_labeled_open_close,true,espn_archived_close,,-3.0,-120
total,over,43.5,-105,1.9523809523809523,0.5502608884830588,0.5121951219512195,0.4891657638136511,0.06109512466940764,0.07431887751454336,DraftKings,2025_15_MIA_PIT,espn_archive,,401772823:100:open:total,401772823,,3.435459992853559,44.71394797335593,1,13.0,43.0,loss,-1.0,2025,15,PIT,MIA,0.0,true,true,true,false,espn_archived_open,espn_archived_open,provider_labeled_open_close,true,espn_archived_close,,43.5,-105
moneyline,away,,330,4.3,0.4480985140603092,0.23255813953488372,0.22316684378320936,0.22493167027709984,0.9268236104593295,DraftKings,2025_15_MIN_DAL,espn_archive,,401772933:100:open:moneyline,401772933,,1.5657041229488087,50.66830017935683,1,-8.0,60.0,win,3.3,2025,15,DAL,MIN,0.08106320414344201,true,true,true,false,espn_archived_open,espn_archived_open,provider_labeled_open_close,true,espn_archived_close,,,215
spread,away,7.5,-115,1.8695652173913042,0.6665634169778791,0.5348837209302326,0.5108342361863489,0.1557291807915302,0.24618377956733917,DraftKings,2025_15_MIN_DAL,espn_archive,,401772933:100:open:spread,401772933,,1.5657041229488087,50.66830017935683,1,-8.0,60.0,win,0.8695652173913042,2025,15,DAL,MIN,2.0,true,true,true,false,espn_archived_open,espn_archived_open,provider_labeled_open_close,true,espn_archived_close,,5.5,-110
total,over,47.5,-110,1.9090909090909092,0.6080712289998853,0.5238095238095238,0.5,0.1080712289998853,0.1608632553634175,DraftKings,2025_15_MIN_DAL,espn_archive,,401772933:100:open:total,401772933,,1.5657041229488087,50.66830017935683,1,-8.0,60.0,win,0.9090909090909092,2025,15,DAL,MIN,0.0,true,true,true,false,espn_archived_open,espn_archived_open,provider_labeled_open_close,true,espn_archived_close,,47.5,-118
moneyline,away,,360,4.6,0.2368859264607177,0.2173913043478261,0.20863836017569548,0.02824756628502223,0.08967526171930129,DraftKings,2025_15_NYJ_JAX,espn_archive,,401772797:100:open:moneyline,401772797,,9.3996925396183,46.14663521769326,1,28.0,68.0,loss,-1.0,2025,15,JAX,NYJ,-0.08073138343150943,true,true,true,false,espn_archived_open,espn_archived_open,provider_labeled_open_close,true,espn_archived_close,,,650
spread,home,-9.5,-110,1.9090909090909092,0.502341451319521,0.5238095238095238,0.5,0.002341451319521015,-0.04098450202636894,DraftKings,2025_15_NYJ_JAX,espn_archive,,401772797:100:open:spread,401772797,,9.3996925396183,46.14663521769326,1,28.0,68.0,win,0.9090909090909092,2025,15,JAX,NYJ,4.0,true,true,true,false,espn_archived_open,espn_archived_open,provider_labeled_open_close,true,espn_archived_close,,-13.5,-115
total,over,43.5,-110,1.9090909090909092,0.5928169735769375,0.5238095238095238,0.5,0.09281697357693752,0.13174149501051713,DraftKings,2025_15_NYJ_JAX,espn_archive,,401772797:100:open:total,401772797,,9.3996925396183,46.14663521769326,1,28.0,68.0,win,0.9090909090909092,2025,15,JAX,NYJ,-3.0,true,true,true,false,espn_archived_open,espn_archived_open,provider_labeled_open_close,true,espn_archived_close,,40.5,-105
moneyline,away,,600,7.0,0.2091940624385502,0.14285714285714285,0.13698630136986303,0.07220776106868718,0.46435843706985147,DraftKings,2025_15_TEN_SF,espn_archive,,401772907:100:open:moneyline,401772907,,10.64140624503792,44.17938710006879,1,13.0,61.0,loss,-1.0,2025,15,SF,TEN,-0.00470283680293393,true,true,true,false,espn_archived_open,espn_archived_open,provider_labeled_open_close,true,espn_archived_close,,,625
spread,away,12.5,-110,1.9090909090909092,0.5499874328960728,0.5238095238095238,0.5,0.04998743289607277,0.049976008256138904,DraftKings,2025_15_TEN_SF,espn_archive,,401772907:100:open:spread,401772907,,10.64140624503792,44.17938710006879,1,13.0,61.0,loss,-1.0,2025,15,SF,TEN,0.0,true,true,true,false,espn_archived_open,espn_archived_open,provider_labeled_open_close,true,espn_archived_close,,12.5,-108
total,over,44.5,-105,1.9523809523809523,0.5040413269791743,0.5121951219512195,0.4891657638136511,0.014875563165523131,-0.015919313993040807,DraftKings,2025_15_TEN_SF,espn_archive,,401772907:100:open:total,401772907,,10.64140624503792,44.17938710006879,1,13.0,61.0,win,0.9523809523809523,2025,15,SF,TEN,0.0,true,true,true,false,espn_archived_open,espn_archived_open,provider_labeled_open_close,true,espn_archived_close,,44.5,-112
moneyline,home,,105,2.05,0.561565737389878,0.48780487804878053,0.4675324675324676,0.09403326985741045,0.15120976164924982,DraftKings,2025_15_WAS_NYG,espn_archive,,401772905:100:open:moneyline,401772905,,1.892938330834994,48.84636640419366,1,-8.0,50.0,loss,-1.0,2025,15,NYG,WAS,0.11546017351413906,true,true,true,false,espn_archived_open,espn_archived_open,provider_labeled_open_close,true,espn_archived_close,,,-155
spread,home,1.5,-110,1.9090909090909092,0.6053124516653119,0.5238095238095238,0.5,0.10531245166531189,0.15559649863377722,DraftKings,2025_15_WAS_NYG,espn_archive,,401772905:100:open:spread,401772905,,1.892938330834994,48.84636640419366,1,-8.0,50.0,loss,-1.0,2025,15,NYG,WAS,4.5,true,true,true,false,espn_archived_open,espn_archived_open,provider_labeled_open_close,true,espn_archived_close,,-3.0,-105
total,over,47.5,-110,1.9090909090909092,0.5542263774123264,0.5238095238095238,0.5,0.05422637741232639,0.05806853869625961,DraftKings,2025_15_WAS_NYG,espn_archive,,401772905:100:open:total,401772905,,1.892938330834994,48.84636640419366,1,-8.0,50.0,win,0.9090909090909092,2025,15,NYG,WAS,-2.0,true,true,true,false,espn_archived_open,espn_archived_open,provider_labeled_open_close,true,espn_archived_close,,45.5,-115
moneyline,home,,-118,1.847457627118644,0.5823731642758515,0.5412844036697247,0.5173641257162701,0.0650090385595814,0.07590974417064089,DraftKings,2025_16_ATL_ARI,espn_archive,,401772914:100:open:moneyline,401772914,,2.559085312733071,47.09455111028494,1,-7.0,45.0,loss,-1.0,2025,16,ARI,ATL,-0.08085618920833365,true,true,true,false,espn_archived_open,espn_archived_open,provider_labeled_open_close,true,espn_archived_close,,,120
spread,home,-1.5,-105,1.9523809523809523,0.5380663581849998,0.5121951219512195,0.4891657638136511,0.04890059437134869,0.05051050883738051,DraftKings,2025_16_ATL_ARI,espn_archive,,401772914:100:open:spread,401772914,,2.559085312733071,47.09455111028494,1,-7.0,45.0,loss,-1.0,2025,16,ARI,ATL,-4.0,true,true,true,false,espn_archived_open,espn_archived_open,provider_labeled_open_close,true,espn_archived_close,,2.5,-108
total,over,46.5,-110,1.9090909090909092,0.5332176480381203,0.5238095238095238,0.5,0.03321764803812033,0.017960964436411597,DraftKings,2025_16_ATL_ARI,espn_archive,,401772914:100:open:total,401772914,,2.559085312733071,47.09455111028494,1,-7.0,45.0,loss,-1.0,2025,16,ARI,ATL,2.0,true,true,true,false,espn_archived_open,espn_archived_open,provider_labeled_open_close,true,espn_archived_close,,48.5,-112
moneyline,home,,360,4.6,0.293557874836053,0.2173913043478261,0.20863836017569548,0.08491951466035752,0.3503662242458436,DraftKings,2025_16_BUF_CLE,espn_archive,,401772802:100:open:moneyline,401772802,,-7.462570233049451,46.49281860206216,1,-3.0,43.0,loss,-1.0,2025,16,CLE,BUF,-0.030973385556406163,true,true,true,false,espn_archived_open,espn_archived_open,provider_labeled_open_close,true,espn_archived_close,,,440
spread,home,8.5,-110,1.9090909090909092,0.5374218571987167,0.5238095238095238,0.5,0.03742185719871671,0.025987181924822966,DraftKings,2025_16_BUF_CLE,espn_archive,,401772802:100:open:spread,401772802,,-7.462570233049451,46.49281860206216,1,-3.0,43.0,win,0.9090909090909092,2025,16,CLE,BUF,-2.0,true,true,true,false,espn_archived_open,espn_archived_open,provider_labeled_open_close,true,espn_archived_close,,10.5,-110
total,over,42.5,-110,1.9090909090909092,0.6328804473671118,0.5238095238095238,0.5,0.1328804473671118,0.20822630860994074,DraftKings,2025_16_BUF_CLE,espn_archive,,401772802:100:open:total,401772802,,-7.462570233049451,46.49281860206216,1,-3.0,43.0,win,0.9090909090909092,2025,16,CLE,BUF,-1.0,true,true,true,false,espn_archived_open,espn_archived_open,provider_labeled_open_close,true,espn_archived_close,,41.5,-110
moneyline,home,,105,2.05,0.6536433925517026,0.48780487804878053,0.4675324675324676,0.18611092501923499,0.3399689547309901,DraftKings,2025_16_CIN_MIA,espn_archive,,401772934:100:open:moneyline,401772934,,5.0572952379158025,49.470543180234124,1,-24.0,66.0,loss,-1.0,2025,16,MIA,CIN,-0.11226164633270053,true,true,true,false,espn_archived_open,espn_archived_open,provider_labeled_open_close,true,espn_archived_close,,,170
spread,home,1.5,-110,1.9090909090909092,0.6941262542971601,0.5238095238095238,0.5,0.19412625429716013,0.325150121840033,DraftKings,2025_16_CIN_MIA,espn_archive,,401772934:100:open:spread,401772934,,5.0572952379158025,49.470543180234124,1,-24.0,66.0,loss,-1.0,2025,16,MIA,CIN,-2.0,true,true,true,false,espn_archived_open,espn_archived_open,provider_labeled_open_close,true,espn_archived_close,,3.5,-105
total,under,50.5,-105,1.9523809523809523,0.5155717804844742,0.5121951219512195,0.4891657638136511,0.02640601667082304,0.006592523803020889,DraftKings,2025_16_CIN_MIA,espn_archive,,401772934:100:open:total,401772934,,5.0572952379158025,49.470543180234124,1,-24.0,66.0,loss,-1.0,2025,16,MIA,CIN,2.0,true,true,true,false,espn_archived_open,espn_archived_open,provider_labeled_open_close,true,espn_archived_close,,48.5,-112
moneyline,home,,136,2.3600000000000003,0.49350789350208,0.42372881355932196,0.4066302458405761,0.08687764766150391,0.1646786286649089,DraftKings,2025_16_GB_CHI,espn_archive,,401772613:100:open:moneyline,401772613,,-0.4333427334525517,46.808435825802306,1,6.0,38.0,win,1.3600000000000003,2025,16,CHI,GB,0.110733879875694,true,true,true,false,espn_archived_open,espn_archived_open,provider_labeled_open_close,true,espn_archived_close,,,-118
spread,home,3.0,-110,1.9090909090909092,0.5825946748926069,0.5238095238095238,0.5,0.08259467489260686,0.1122261975222496,DraftKings,2025_16_GB_CHI,espn_archive,,401772613:100:open:spread,401772613,,-0.4333427334525517,46.808435825802306,1,6.0,38.0,win,0.9090909090909092,2025,16,CHI,GB,4.5,true,true,true,false,espn_archived_open,espn_archived_open,provider_labeled_open_close,true,espn_archived_close,,-1.5,-105
total,over,46.5,-110,1.9090909090909092,0.5246373184854631,0.5238095238095238,0.5,0.024637318485463133,0.0015803352904295576,DraftKings,2025_16_GB_CHI,espn_archive,,401772613:100:open:total,401772613,,-0.4333427334525517,46.808435825802306,1,6.0,38.0,loss,-1.0,2025,16,CHI,GB,-2.0,true,true,true,false,espn_archived_open,espn_archived_open,provider_labeled_open_close,true,espn_archived_close,,44.5,-105
moneyline,away,,124,2.24,0.4312045187960847,0.4464285714285714,0.4279403644395361,0.0032641543565485875,-0.034101877896770216,DraftKings,2025_16_JAX_DEN,espn_archive,,401772913:100:open:moneyline,401772913,,2.096561223064903,45.59126705327579,1,-14.0,54.0,win,1.2400000000000002,2025,16,DEN,JAX,-0.0371765988977954,true,true,true,false,espn_archived_open,espn_archived_open,provider_labeled_open_close,true,espn_archived_close,,,145
spread,away,2.5,100,2.0,0.505598219261999,0.5,0.4782608695652174,0.027337349696781588,0.011196438523997987,DraftKings,2025_16_JAX_DEN,espn_archive,,401772913:100:open:spread,401772913,,2.096561223064903,45.59126705327579,1,-14.0,54.0,win,1.0,2025,16,DEN,JAX,-1.0,true,true,true,false,espn_archived_open,espn_archived_open,provider_labeled_open_close,true,espn_archived_close,,3.5,-120
total,over,43.5,-110,1.9090909090909092,0.5777614154165264,0.5238095238095238,0.5,0.07776141541652637,0.1029990657951867,DraftKings,2025_16_JAX_DEN,espn_archive,,401772913:100:open:total,401772913,,2.096561223064903,45.59126705327579,1,-14.0,54.0,win,0.9090909090909092,2025,16,DEN,JAX,3.0,true,true,true,false,espn_archived_open,espn_archived_open,provider_labeled_open_close,true,espn_archived_close,,46.5,-112
moneyline,home,,470,5.7,0.29679040743847174,0.17543859649122806,0.16835016835016833,0.1284402390883034,0.6917053223992891,DraftKings,2025_16_KC_TEN,espn_archive,,401772803:100:open:moneyline,401772803,,-7.337581517997396,42.67006907655916,1,17.0,35.0,win,4.7,2025,16,TEN,KC,0.209183279788658,true,true,true,false,espn_archived_open,espn_archived_open,provider_labeled_open_close,true,espn_archived_close,,,154
spread,home,11.5,-110,1.9090909090909092,0.6285882839200395,0.5238095238095238,0.5,0.12858828392003951,0.20003217839280274,DraftKings,2025_16_KC_TEN,espn_archive,,401772803:100:open:spread,401772803,,-7.337581517997396,42.67006907655916,1,17.0,35.0,win,0.9090909090909092,2025,16,TEN,KC,8.0,true,true,true,false,espn_archived_open,espn_archived_open,provider_labeled_open_close,true,espn_archived_close,,3.5,-115
total,over,41.5,-110,1.9090909090909092,0.5504261885153985,0.5238095238095238,0.5,0.050426188515398485,0.05081363262030614,DraftKings,2025_16_KC_TEN,espn_archive,,401772803:100:open:total,401772803,,-7.337581517997396,42.67006907655916,1,17.0,35.0,loss,-1.0,2025,16,TEN,KC,-4.0,true,true,true,false,espn_archived_open,espn_archived_open,provider_labeled_open_close,true,espn_archived_close,,37.5,-110
moneyline,away,,105,2.05,0.49640165492484467,0.48780487804878053,0.4675324675324676,0.028869187392377094,0.017623392595931486,DraftKings,2025_16_LAC_DAL,espn_archive,,401772910:100:open:moneyline,401772910,,-0.0958060349002956,52.78240040518237,1,-17.0,51.0,win,1.0499999999999998,2025,16,DAL,LAC,0.015103406751262205,true,true,true,false,espn_archived_open,espn_archived_open,provider_labeled_open_close,true,espn_archived_close,,,-102
spread,away,1.5,-110,1.9090909090909092,0.5411713158795057,0.5238095238095238,0.5,0.04117131587950573,0.033145239406329186,DraftKings,2025_16_LAC_DAL,espn_archive,,401772910:100:open:spread,401772910,,-0.0958060349002956,52.78240040518237,1,-17.0,51.0,win,0.9090909090909092,2025,16,DAL,LAC,0.0,true,true,true,false,espn_archived_open,espn_archived_open,provider_labeled_open_close,true,espn_archived_close,,1.5,-115
total,over,48.5,-110,1.9090909090909092,0.6410691799482284,0.5238095238095238,0.5,0.14106917994822843,0.22385934353752712,DraftKings,2025_16_LAC_DAL,espn_archive,,401772910:100:open:total,401772910,,-0.0958060349002956,52.78240040518237,1,-17.0,51.0,win,0.9090909090909092,2025,16,DAL,LAC,2.0,true,true,true,false,espn_archived_open,espn_archived_open,provider_labeled_open_close,true,espn_archived_close,,50.5,-118
moneyline,home,,-112,1.8928571428571428,0.563654280033475,0.5283018867924528,0.5043297540699689,0.059324525963506014,0.06691703006336325,DraftKings,2025_16_LA_SEA,espn_archive,,401772949:100:open:moneyline,401772949,,1.9221785848365478,47.45924238504516,1,1.0,75.0,win,0.8928571428571428,2025,16,SEA,LA,0.038413784697426734,true,true,true,false,espn_archived_open,espn_archived_open,provider_labeled_open_close,true,espn_archived_close,,,-130
spread,home,-1.5,102,2.02,0.5190764638532653,0.49504950495049505,0.47391341473828025,0.04516304911498509,0.04853445698359593,DraftKings,2025_16_LA_SEA,espn_archive,,401772949:100:open:spread,401772949,,1.9221785848365478,47.45924238504516,1,1.0,75.0,loss,-1.0,2025,16,SEA,LA,0.0,true,true,true,false,espn_archived_open,espn_archived_open,provider_labeled_open_close,true,espn_archived_close,,-1.5,-112
total,over,47.5,-110,1.9090909090909092,0.5141502274032392,0.5238095238095238,0.5,0.014150227403239235,-0.01844047495745238,DraftKings,2025_16_LA_SEA,espn_archive,,401772949:100:open:total,401772949,,1.9221785848365478,47.45924238504516,1,1.0,75.0,win,0.9090909090909092,2025,16,SEA,LA,-5.0,true,true,true,false,espn_archived_open,espn_archived_open,provider_labeled_open_close,true,espn_archived_close,,42.5,-115
moneyline,home,,-700,1.1428571428571428,0.8649199234835441,0.875,0.84,0.024919923483544104,-0.011520087447378202,DraftKings,2025_16_LV_HOU,espn_archive,,401772805:100:open:moneyline,401772805,,14.498851476114595,37.8433359033443,1,2.0,44.0,win,0.1428571428571428,2025,16,HOU,LV,0.05885807504078322,true,true,true,false,espn_archived_open,espn_archived_open,provider_labeled_open_close,true,espn_archived_close,,,-1450
spread,home,-12.5,-110,1.9090909090909092,0.5659161512369082,0.5238095238095238,0.5,0.0659161512369082,0.08038537963409742,DraftKings,2025_16_LV_HOU,espn_archive,,401772805:100:open:spread,401772805,,14.498851476114595,37.8433359033443,1,2.0,44.0,loss,-1.0,2025,16,HOU,LV,2.0,true,true,true,false,espn_archived_open,espn_archived_open,provider_labeled_open_close,true,espn_archived_close,,-14.5,-102
total,over,37.5,-110,1.9090909090909092,0.5256846314860856,0.5238095238095238,0.5,0.025684631486085574,0.003579751018890631,DraftKings,2025_16_LV_HOU,espn_archive,,401772805:100:open:total,401772805,,14.498851476114595,37.8433359033443,1,2.0,44.0,win,0.9090909090909092,2025,16,HOU,LV,2.0,true,true,true,false,espn_archived_open,espn_archived_open,provider_labeled_open_close,true,espn_archived_close,,39.5,-110
moneyline,away,,-118,1.847457627118644,0.5468787464373079,0.5412844036697247,0.5173641257162701,0.029514620721037832,0.01033531121468756,DraftKings,2025_16_MIN_NYG,espn_archive,,401772911:100:open:moneyline,401772911,,-1.7878920158678504,45.05443442010191,1,-3.0,29.0,win,0.847457627118644,2025,16,NYG,MIN,0.05469550984419369,true,true,true,false,espn_archived_open,espn_archived_open,provider_labeled_open_close,true,espn_archived_close,,,-148
spread,away,-1.5,-105,1.9523809523809523,0.5021440786724194,0.5121951219512195,0.4891657638136511,0.01297831485876827,-0.019623465449085997,DraftKings,2025_16_MIN_NYG,espn_archive,,401772911:100:open:spread,401772911,,-1.7878920158678504,45.05443442010191,1,-3.0,29.0,win,0.9523809523809523,2025,16,NYG,MIN,1.0,true,true,true,false,espn_archived_open,espn_archived_open,provider_labeled_open_close,true,espn_archived_close,,-2.5,-118
total,over,43.5,-110,1.9090909090909092,0.5618684978191685,0.5238095238095238,0.5,0.06186849781916848,0.07265804129113995,DraftKings,2025_16_MIN_NYG,espn_archive,,401772911:100:open:total,401772911,,-1.7878920158678504,45.05443442010191,1,-3.0,29.0,loss,-1.0,2025,16,NYG,MIN,-2.0,true,true,true,false,espn_archived_open,espn_archived_open,provider_labeled_open_close,true,espn_archived_close,,41.5,-105
moneyline,away,,120,2.2,0.4651895894402631,0.45454545454545453,0.43650793650793646,0.028681652932326662,0.02341709676857895,DraftKings,2025_16_NE_BAL,espn_archive,,401772804:100:open:moneyline,401772804,,0.9497170728480384,46.89946857806491,1,-4.0,52.0,win,1.2000000000000002,2025,16,BAL,NE,-0.0812371153081694,true,true,true,false,espn_archived_open,espn_archived_open,provider_labeled_open_close,true,espn_archived_close,,,170
spread,away,2.5,-110,1.9090909090909092,0.5398174030227271,0.5238095238095238,0.5,0.03981740302272707,0.030560496679751692,DraftKings,2025_16_NE_BAL,espn_archive,,401772804:100:open:spread,401772804,,0.9497170728480384,46.89946857806491,1,-4.0,52.0,win,0.9090909090909092,2025,16,BAL,NE,-1.0,true,true,true,false,espn_archived_open,espn_archived_open,provider_labeled_open_close,true,espn_archived_close,,3.5,-102
total,under,48.5,-110,1.9090909090909092,0.5327104885542124,0.5238095238095238,0.5,0.032710488554212436,0.01699275087622376,DraftKings,2025_16_NE_BAL,espn_archive,,401772804:100:open:total,401772804,,0.9497170728480384,46.89946857806491,1,-4.0,52.0,loss,-1.0,2025,16,BAL,NE,1.0,true,true,true,false,espn_archived_open,espn_archived_open,provider_labeled_open_close,true,espn_archived_close,,47.5,-105
moneyline,away,,160,2.6,0.39144147056699596,0.3846153846153846,0.3690596562184024,0.022381814348593543,0.01774782347418946,DraftKings,2025_16_NYJ_NO,espn_archive,,401772801:100:open:moneyline,401772801,,3.4611234312303516,42.5126209330343,1,23.0,35.0,loss,-1.0,2025,16,NO,NYJ,-0.10260197596761866,true,true,true,false,espn_archived_open,espn_archived_open,provider_labeled_open_close,true,espn_archived_close,,,260
spread,home,-3.5,-110,1.9090909090909092,0.5053001658047792,0.5238095238095238,0.5,0.005300165804779211,-0.03533604709996696,DraftKings,2025_16_NYJ_NO,espn_archive,,401772801:100:open:spread,401772801,,3.4611234312303516,42.5126209330343,1,23.0,35.0,win,0.9090909090909092,2025,16,NO,NYJ,3.5,true,true,true,false,espn_archived_open,espn_archived_open,provider_labeled_open_close,true,espn_archived_close,,-7.0,-108
total,over,40.5,-110,1.9090909090909092,0.5754403572863903,0.5238095238095238,0.5,0.07544035728639031,0.09856795481947245,DraftKings,2025_16_NYJ_NO,espn_archive,,401772801:100:open:total,401772801,,3.4611234312303516,42.5126209330343,1,23.0,35.0,loss,-1.0,2025,16,NO,NYJ,-1.0,true,true,true,false,espn_archived_open,espn_archived_open,provider_labeled_open_close,true,espn_archived_close,,39.5,-115
moneyline,home,,210,3.1,0.3988601411389857,0.3225806451612903,0.30920711694593195,0.08965302419305377,0.23646643753085583,DraftKings,2025_16_PHI_WAS,espn_archive,,401772612:100:open:moneyline,401772612,,-3.6363781740668593,44.0592906005575,1,-11.0,47.0,loss,-1.0,2025,16,WAS,PHI,-0.06920711694593196,true,true,true,false,espn_archived_open,espn_archived_open,provider_labeled_open_close,true,espn_archived_close,,,300
spread,home,5.5,-110,1.9090909090909092,0.561925432641823,0.5238095238095238,0.5,0.06192543264182304,0.07276673504348041,DraftKings,2025_16_PHI_WAS,espn_archive,,401772612:100:open:spread,401772612,,-3.6363781740668593,44.0592906005575,1,-11.0,47.0,loss,-1.0,2025,16,WAS,PHI,-1.5,true,true,true,false,espn_archived_open,espn_archived_open,provider_labeled_open_close,true,espn_archived_close,,7.0,100
total,under,45.5,-110,1.9090909090909092,0.5279187529632081,0.5238095238095238,0.5,0.027918752963208116,0.00784489202067018,DraftKings,2025_16_PHI_WAS,espn_archive,,401772612:100:open:total,401772612,,-3.6363781740668593,44.0592906005575,1,-11.0,47.0,loss,-1.0,2025,16,WAS,PHI,2.0,true,true,true,false,espn_archived_open,espn_archived_open,provider_labeled_open_close,true,espn_archived_close,,43.5,-110
moneyline,away,,230,3.3,0.30393102927217075,0.30303030303030304,0.2904564315352697,0.013474597736901073,0.002972396598163396,DraftKings,2025_16_PIT_DET,espn_archive,,401772806:100:open:moneyline,401772806,,6.631317822311061,51.80253113710873,1,-5.0,53.0,win,2.3,2025,16,DET,PIT,-0.06728958775206031,true,true,true,false,espn_archived_open,espn_archived_open,provider_labeled_open_close,true,espn_archived_close,,,330
spread,home,-6.5,-110,1.9090909090909092,0.510387173375995,0.5238095238095238,0.5,0.01038717337599504,-0.025624487191282186,DraftKings,2025_16_PIT_DET,espn_archive,,401772806:100:open:spread,401772806,,6.631317822311061,51.80253113710873,1,-5.0,53.0,loss,-1.0,2025,16,DET,PIT,1.0,true,true,true,false,espn_archived_open,espn_archived_open,provider_labeled_open_close,true,espn_archived_close,,-7.5,-115
total,over,49.5,-110,1.9090909090909092,0.583982812849537,0.5238095238095238,0.5,0.08398281284953701,0.11487627907638887,DraftKings,2025_16_PIT_DET,espn_archive,,401772806:100:open:total,401772806,,6.631317822311061,51.80253113710873,1,-5.0,53.0,win,0.9090909090909092,2025,16,DET,PIT,3.0,true,true,true,false,espn_archived_open,espn_archived_open,provider_labeled_open_close,true,espn_archived_close,,52.5,-110
moneyline,home,,195,2.95,0.6169009775797982,0.3389830508474576,0.32496875300451883,0.2919322245752794,0.8198578838604049,DraftKings,2025_16_SF_IND,espn_archive,,401772824:100:open:moneyline,401772824,,3.7518709736278915,48.88874524422148,1,-21.0,75.0,loss,-1.0,2025,16,IND,SF,0.011383122804019319,true,true,true,false,espn_archived_open,espn_archived_open,provider_labeled_open_close,true,espn_archived_close,,,185
spread,home,5.5,-110,1.9090909090909092,0.7609937888104916,0.5238095238095238,0.5,0.2609937888104916,0.4528063240927569,DraftKings,2025_16_SF_IND,espn_archive,,401772824:100:open:spread,401772824,,3.7518709736278915,48.88874524422148,1,-21.0,75.0,loss,-1.0,2025,16,IND,SF,1.0,true,true,true,false,espn_archived_open,espn_archived_open,provider_labeled_open_close,true,espn_archived_close,,4.5,-115
total,over,45.5,-110,1.9090909090909092,0.6156066548918042,0.5238095238095238,0.5,0.11560665489180422,0.17524906842980803,DraftKings,2025_16_SF_IND,espn_archive,,401772824:100:open:total,401772824,,3.7518709736278915,48.88874524422148,1,-21.0,75.0,win,0.9090909090909092,2025,16,IND,SF,1.0,true,true,true,false,espn_archived_open,espn_archived_open,provider_labeled_open_close,true,espn_archived_close,,46.5,-102
moneyline,home,,105,2.05,0.48554671327067433,0.48780487804878053,0.4675324675324676,0.018014245738206758,-0.004629237795117702,DraftKings,2025_16_TB_CAR,espn_archive,,401772912:100:open:moneyline,401772912,,-0.6997403377982536,45.74222006741367,1,3.0,43.0,win,1.0499999999999998,2025,16,CAR,TB,-0.05052510857907433,true,true,true,false,espn_archived_open,espn_archived_open,provider_labeled_open_close,true,espn_archived_close,,,130
spread,home,1.5,-110,1.9090909090909092,0.5303572598429231,0.5238095238095238,0.5,0.030357259842923145,0.012500223336489702,DraftKings,2025_16_TB_CAR,espn_archive,,401772912:100:open:spread,401772912,,-0.6997403377982536,45.74222006741367,1,3.0,43.0,win,0.9090909090909092,2025,16,CAR,TB,-1.5,true,true,true,false,espn_archived_open,espn_archived_open,provider_labeled_open_close,true,espn_archived_close,,3.0,-115
total,over,45.5,-110,1.9090909090909092,0.5226497942780741,0.5238095238095238,0.5,0.02264979427807412,-0.0022140291054948413,DraftKings,2025_16_TB_CAR,espn_archive,,401772912:100:open:total,401772912,,-0.6997403377982536,45.74222006741367,1,3.0,43.0,loss,-1.0,2025,16,CAR,TB,-1.0,true,true,true,false,espn_archived_open,espn_archived_open,provider_labeled_open_close,true,espn_archived_close,,44.5,-112
moneyline,away,,195,2.95,0.46448919122886534,0.3389830508474576,0.32496875300451883,0.1395204382243465,0.37024311412515276,DraftKings,2025_17_ARI_CIN,espn_archive,,401772954:100:open:moneyline,401772954,,1.0781372606064181,53.114914246154335,1,23.0,51.0,loss,-1.0,2025,17,CIN,ARI,-0.0690377681015713,true,true,true,false,espn_archived_open,espn_archived_open,provider_labeled_open_close,true,espn_archived_close,,,275
spread,away,5.5,-110,1.9090909090909092,0.6262748664503998,0.5238095238095238,0.5,0.12627486645039976,0.1956156541325813,DraftKings,2025_17_ARI_CIN,espn_archive,,401772954:100:open:spread,401772954,,1.0781372606064181,53.114914246154335,1,23.0,51.0,loss,-1.0,2025,17,CIN,ARI,-1.5,true,true,true,false,espn_archived_open,espn_archived_open,provider_labeled_open_close,true,espn_archived_close,,7.0,-110
total,over,51.5,-110,1.9090909090909092,0.5651362732201124,0.5238095238095238,0.5,0.0651362732201124,0.07889652160203275,DraftKings,2025_17_ARI_CIN,espn_archive,,401772954:100:open:total,401772954,,1.0781372606064181,53.114914246154335,1,23.0,51.0,loss,-1.0,2025,17,CIN,ARI,2.0,true,true,true,false,espn_archived_open,espn_archived_open,provider_labeled_open_close,true,espn_archived_close,,53.5,-112
moneyline,home,,-142,1.704225352112676,0.6230574199642925,0.5867768595041323,0.5634920634920635,0.05956535647222905,0.06183025092506189,DraftKings,2025_17_BAL_GB,espn_archive,,401772953:100:open:moneyline,401772953,,4.079952964056158,45.337618665243596,1,-17.0,65.0,loss,-1.0,2025,17,GB,BAL,0.0,true,true,true,false,espn_archived_open,espn_archived_open,provider_labeled_open_close,true,espn_archived_close,,,-142
spread,home,-2.5,-110,1.9090909090909092,0.5503880304003395,0.5238095238095238,0.5,0.050388030400339456,0.05074078530973902,DraftKings,2025_17_BAL_GB,espn_archive,,401772953:100:open:spread,401772953,,4.079952964056158,45.337618665243596,1,-17.0,65.0,loss,-1.0,2025,17,GB,BAL,0.0,true,true,true,false,espn_archived_open,espn_archived_open,provider_labeled_open_close,true,espn_archived_close,,-2.5,-112
total,under,46.5,-110,1.9090909090909092,0.5182337878067422,0.5238095238095238,0.5,0.01823378780674223,-0.010644586914401177,DraftKings,2025_17_BAL_GB,espn_archive,,401772953:100:open:total,401772953,,4.079952964056158,45.337618665243596,1,-17.0,65.0,loss,-1.0,2025,17,GB,BAL,9.0,true,true,true,false,espn_archived_open,espn_archived_open,provider_labeled_open_close,true,espn_archived_close,,37.5,-112
moneyline,home,,-162,1.617283950617284,0.6348147387858452,0.6183206106870228,0.593369754159424,0.04144498462642121,0.026675688653650775,DraftKings,2025_17_CHI_SF,espn_archive,,401772935:100:open:moneyline,401772935,,4.4961594940767675,48.84005581737887,1,4.0,80.0,win,0.617283950617284,2025,17,SF,CHI,0.07027837003203785,true,true,true,false,espn_archived_open,espn_archived_open,provider_labeled_open_close,true,espn_archived_close,,,-225
spread,home,-3.0,-110,1.9090909090909092,0.5479081703464691,0.5238095238095238,0.5,0.0479081703464691,0.04600650702507747,DraftKings,2025_17_CHI_SF,espn_archive,,401772935:100:open:spread,401772935,,4.4961594940767675,48.84005581737887,1,4.0,80.0,win,0.9090909090909092,2025,17,SF,CHI,1.5,true,true,true,false,espn_archived_open,espn_archived_open,provider_labeled_open_close,true,espn_archived_close,,-4.5,-105
total,under,50.5,-110,1.9090909090909092,0.5331912878143849,0.5238095238095238,0.5,0.03319128781438485,0.017910640372916564,DraftKings,2025_17_CHI_SF,espn_archive,,401772935:100:open:total,401772935,,4.4961594940767675,48.84005581737887,1,4.0,80.0,loss,-1.0,2025,17,SF,CHI,-1.0,true,true,true,false,espn_archived_open,espn_archived_open,provider_labeled_open_close,true,espn_archived_close,,51.5,-112
moneyline,home,,136,2.3600000000000003,0.5224665041020395,0.42372881355932196,0.4066302458405761,0.11583625826146343,0.23302094968081355,DraftKings,2025_17_DAL_WAS,espn_archive,,401772710:100:open:moneyline,401772710,,0.639547041216904,55.612219204782775,1,-7.0,53.0,loss,-1.0,2025,17,WAS,DAL,-0.2147873455384613,true,true,true,false,espn_archived_open,espn_archived_open,provider_labeled_open_close,true,espn_archived_close,,,400
spread,home,3.0,-110,1.9090909090909092,0.6104912367262668,0.5238095238095238,0.5,0.11049123672626682,0.16548327011378205,DraftKings,2025_17_DAL_WAS,espn_archive,,401772710:100:open:spread,401772710,,0.639547041216904,55.612219204782775,1,-7.0,53.0,loss,-1.0,2025,17,WAS,DAL,-5.5,true,true,true,false,espn_archived_open,espn_archived_open,provider_labeled_open_close,true,espn_archived_close,,8.5,100
total,over,51.5,-115,1.8695652173913042,0.6378010665801623,0.5348837209302326,0.5108342361863489,0.1269668303938134,0.19241068969334685,DraftKings,2025_17_DAL_WAS,espn_archive,,401772710:100:open:total,401772710,,0.639547041216904,55.612219204782775,1,-7.0,53.0,win,0.8695652173913042,2025,17,WAS,DAL,-1.0,true,true,true,false,espn_archived_open,espn_archived_open,provider_labeled_open_close,true,espn_archived_close,,50.5,-112
moneyline,home,,185,2.85,0.5574247776676349,0.3508771929824561,0.33635187580853815,0.22107290185909673,0.5886606163527595,DraftKings,2025_17_DEN_KC,espn_archive,,401772622:100:open:moneyline,401772622,,1.8180953769577215,41.61464106528033,1,-7.0,33.0,loss,-1.0,2025,17,KC,DEN,-0.2233083975476686,true,true,true,false,espn_archived_open,espn_archived_open,provider_labeled_open_close,true,espn_archived_close,,,750
spread,home,5.5,-110,1.9090909090909092,0.7107498854061715,0.5238095238095238,0.5,0.21074988540617146,0.3568861448663274,DraftKings,2025_17_DEN_KC,espn_archive,,401772622:100:open:spread,401772622,,1.8180953769577215,41.61464106528033,1,-7.0,33.0,loss,-1.0,2025,17,KC,DEN,-8.0,true,true,true,false,espn_archived_open,espn_archived_open,provider_labeled_open_close,true,espn_archived_close,,13.5,-110
total,over,39.5,-110,1.9090909090909092,0.5799405061933167,0.5238095238095238,0.5,0.07994050619331672,0.10715914818724115,DraftKings,2025_17_DEN_KC,espn_archive,,401772622:100:open:total,401772622,,1.8180953769577215,41.61464106528033,1,-7.0,33.0,loss,-1.0,2025,17,KC,DEN,-2.0,true,true,true,false,espn_archived_open,espn_archived_open,provider_labeled_open_close,true,espn_archived_close,,37.5,-118
moneyline,home,,150,2.5,0.44339926926414897,0.4,0.38356164383561653,0.05983762542853244,0.10849817316037247,DraftKings,2025_17_DET_MIN,espn_archive,,401772711:100:open:moneyline,401772711,,-2.0186098738337463,48.38628418510702,1,13.0,33.0,win,1.5,2025,17,MIN,DET,-0.13437421154959273,true,true,true,false,espn_archived_open,espn_archived_open,provider_labeled_open_close,true,espn_archived_close,,,285
spread,home,3.5,-115,1.8695652173913042,0.5474708756217472,0.5348837209302326,0.5108342361863489,0.0366366394353983,0.023532506597179426,DraftKings,2025_17_DET_MIN,espn_archive,,401772711:100:open:spread,401772711,,-2.0186098738337463,48.38628418510702,1,13.0,33.0,win,0.8695652173913042,2025,17,MIN,DET,-4.0,true,true,true,false,espn_archived_open,espn_archived_open,provider_labeled_open_close,true,espn_archived_close,,7.5,-120
total,over,48.5,-110,1.9090909090909092,0.5133493656330178,0.5238095238095238,0.5,0.013349365633017807,-0.0199693928824205,DraftKings,2025_17_DET_MIN,espn_archive,,401772711:100:open:total,401772711,,-2.0186098738337463,48.38628418510702,1,13.0,33.0,loss,-1.0,2025,17,MIN,DET,-3.0,true,true,true,false,espn_archived_open,espn_archived_open,provider_labeled_open_close,true,espn_archived_close,,45.5,-105
moneyline,home,,105,2.05,0.4744181577751866,0.48780487804878053,0.4675324675324676,0.006885690242719011,-0.027442776560867577,DraftKings,2025_17_HOU_LAC,espn_archive,,401772951:100:open:moneyline,401772951,,-0.9726358104391579,40.035817941677806,1,-4.0,36.0,loss,-1.0,2025,17,LAC,HOU,0.04983165818380253,true,true,true,false,espn_archived_open,espn_archived_open,provider_labeled_open_close,true,espn_archived_close,,,-118
spread,home,1.5,-110,1.9090909090909092,0.519125593812229,0.5238095238095238,0.5,0.019125593812229003,-0.008942048176653672,DraftKings,2025_17_HOU_LAC,espn_archive,,401772951:100:open:spread,401772951,,-0.9726358104391579,40.035817941677806,1,-4.0,36.0,loss,-1.0,2025,17,LAC,HOU,3.0,true,true,true,false,espn_archived_open,espn_archived_open,provider_labeled_open_close,true,espn_archived_close,,-1.5,-105
total,over,39.5,-110,1.9090909090909092,0.5328823297539832,0.5238095238095238,0.5,0.0328823297539832,0.017320811348513487,DraftKings,2025_17_HOU_LAC,espn_archive,,401772951:100:open:total,401772951,,-0.9726358104391579,40.035817941677806,1,-4.0,36.0,loss,-1.0,2025,17,LAC,HOU,1.0,true,true,true,false,espn_archived_open,espn_archived_open,provider_labeled_open_close,true,espn_archived_close,,40.5,-115
moneyline,home,,195,2.95,0.5346896614335903,0.3389830508474576,0.32496875300451883,0.20972090842907148,0.5773345012290916,DraftKings,2025_17_JAX_IND,espn_archive,,401772915:100:open:moneyline,401772915,,1.0504948283035205,51.36206816267828,1,-6.0,40.0,loss,-1.0,2025,17,IND,JAX,0.006024225932291627,true,true,true,false,espn_archived_open,espn_archived_open,provider_labeled_open_close,true,espn_archived_close,,,190
spread,home,5.5,-110,1.9090909090909092,0.6908275519100537,0.5238095238095238,0.5,0.19082755191005374,0.3188525991010118,DraftKings,2025_17_JAX_IND,espn_archive,,401772915:100:open:spread,401772915,,1.0504948283035205,51.36206816267828,1,-6.0,40.0,loss,-1.0,2025,17,IND,JAX,1.0,true,true,true,false,espn_archived_open,espn_archived_open,provider_labeled_open_close,true,espn_archived_close,,4.5,-112
total,over,44.5,-110,1.9090909090909092,0.7123423362219139,0.5238095238095238,0.5,0.2123423362219139,0.35992627824183576,DraftKings,2025_17_JAX_IND,espn_archive,,401772915:100:open:total,401772915,,1.0504948283035205,51.36206816267828,1,-6.0,40.0,loss,-1.0,2025,17,IND,JAX,4.0,true,true,true,false,espn_archived_open,espn_archived_open,provider_labeled_open_close,true,espn_archived_close,,48.5,-112
moneyline,home,,350,4.5,0.2827327644169195,0.2222222222222222,0.2132564841498559,0.06947628026706362,0.27229743987613775,DraftKings,2025_17_LA_ATL,espn_archive,,401772825:100:open:moneyline,401772825,,-7.802919397497718,47.599524548182515,1,3.0,51.0,win,3.5,2025,17,ATL,LA,0.02955501744758815,true,true,true,false,espn_archived_open,espn_archived_open,provider_labeled_open_close,true,espn_archived_close,,,295
spread,home,8.5,-110,1.9090909090909092,0.5241793098941836,0.5238095238095238,0.5,0.024179309894183598,0.0007059552525323642,DraftKings,2025_17_LA_ATL,espn_archive,,401772825:100:open:spread,401772825,,-7.802919397497718,47.599524548182515,1,3.0,51.0,win,0.9090909090909092,2025,17,ATL,LA,1.0,true,true,true,false,espn_archived_open,espn_archived_open,provider_labeled_open_close,true,espn_archived_close,,7.5,-118
total,under,48.5,-110,1.9090909090909092,0.5103488279128174,0.5238095238095238,0.5,0.010348827912817438,-0.025697692166439356,DraftKings,2025_17_LA_ATL,espn_archive,,401772825:100:open:total,401772825,,-7.802919397497718,47.599524548182515,1,3.0,51.0,loss,-1.0,2025,17,ATL,LA,0.0,true,true,true,false,espn_archived_open,espn_archived_open,provider_labeled_open_close,true,espn_archived_close,,48.5,-105
moneyline,home,,380,4.8,0.3024611811291028,0.20833333333333334,0.19999999999999998,0.10246118112910282,0.4518136694196935,DraftKings,2025_17_NE_NYJ,espn_archive,,401772808:100:open:moneyline,401772808,,-7.034942578308282,46.71333800502403,1,-32.0,52.0,loss,-1.0,2025,17,NYJ,NE,-0.07209302325581393,true,true,true,false,espn_archived_open,espn_archived_open,provider_labeled_open_close,true,espn_archived_close,,,650
spread,home,9.5,-110,1.9090909090909092,0.5764440336197417,0.5238095238095238,0.5,0.07644403361974172,0.10048406418314326,DraftKings,2025_17_NE_NYJ,espn_archive,,401772808:100:open:spread,401772808,,-7.034942578308282,46.71333800502403,1,-32.0,52.0,loss,-1.0,2025,17,NYJ,NE,-3.0,true,true,true,false,espn_archived_open,espn_archived_open,provider_labeled_open_close,true,espn_archived_close,,12.5,100
total,over,44.5,-110,1.9090909090909092,0.5828517295563448,0.5238095238095238,0.5,0.08285172955634479,0.11271693824393103,DraftKings,2025_17_NE_NYJ,espn_archive,,401772808:100:open:total,401772808,,-7.034942578308282,46.71333800502403,1,-32.0,52.0,win,0.9090909090909092,2025,17,NYJ,NE,-2.0,true,true,true,false,espn_archived_open,espn_archived_open,provider_labeled_open_close,true,espn_archived_close,,42.5,-108
moneyline,home,,105,2.05,0.509724561530422,0.48780487804878053,0.4675324675324676,0.04219209399795443,0.04493535113736491,DraftKings,2025_17_NO_TEN,espn_archive,,401772809:100:open:moneyline,401772809,,0.21190771403836806,40.32475379854454,1,-8.0,60.0,loss,-1.0,2025,17,TEN,NO,0.03246753246753242,true,true,true,false,espn_archived_open,espn_archived_open,provider_labeled_open_close,true,espn_archived_close,,,-110
spread,home,1.5,-110,1.9090909090909092,0.5542891955657513,0.5238095238095238,0.5,0.05428919556575129,0.05818846426188884,DraftKings,2025_17_NO_TEN,espn_archive,,401772809:100:open:spread,401772809,,0.21190771403836806,40.32475379854454,1,-8.0,60.0,loss,-1.0,2025,17,TEN,NO,0.0,true,true,true,false,espn_archived_open,espn_archived_open,provider_labeled_open_close,true,espn_archived_close,,1.5,-122
total,over,39.5,-110,1.9090909090909092,0.5415487078529237,0.5238095238095238,0.5,0.04154870785292375,0.03386571499194546,DraftKings,2025_17_NO_TEN,espn_archive,,401772809:100:open:total,401772809,,0.21190771403836806,40.32475379854454,1,-8.0,60.0,win,0.9090909090909092,2025,17,TEN,NO,-1.0,true,true,true,false,espn_archived_open,espn_archived_open,provider_labeled_open_close,true,espn_archived_close,,38.5,-115
moneyline,home,,136,2.3600000000000003,0.4799058173644215,0.42372881355932196,0.4066302458405761,0.0732755715238454,0.13257772898003495,DraftKings,2025_17_NYG_LV,espn_archive,,401772950:100:open:moneyline,401772950,,-0.7883156621210574,43.749462609103674,1,-24.0,44.0,loss,-1.0,2025,17,LV,NYG,0.0,true,true,true,false,espn_archived_open,espn_archived_open,provider_labeled_open_close,true,espn_archived_close,,,136
spread,home,3.0,-110,1.9090909090909092,0.5690140860314091,0.5238095238095238,0.5,0.06901408603140913,0.08629961878723558,DraftKings,2025_17_NYG_LV,espn_archive,,401772950:100:open:spread,401772950,,-0.7883156621210574,43.749462609103674,1,-24.0,44.0,loss,-1.0,2025,17,LV,NYG,0.0,true,true,true,false,espn_archived_open,espn_archived_open,provider_labeled_open_close,true,espn_archived_close,,3.0,-118
total,over,43.5,-110,1.9090909090909092,0.5242779320928651,0.5238095238095238,0.5,0.024277932092865107,0.0008942339954698397,DraftKings,2025_17_NYG_LV,espn_archive,,401772950:100:open:total,401772950,,-0.7883156621210574,43.749462609103674,1,-24.0,44.0,win,0.9090909090909092,2025,17,LV,NYG,-3.0,true,true,true,false,espn_archived_open,espn_archived_open,provider_labeled_open_close,true,espn_archived_close,,40.5,-110
moneyline,away,,136,2.3600000000000003,0.41693181555378267,0.42372881355932196,0.4066302458405761,0.01030156971320656,-0.01604091529307272,DraftKings,2025_17_PHI_BUF,espn_archive,,401772917:100:open:moneyline,401772917,,2.6917316419915807,47.61179662422103,1,-1.0,25.0,win,1.3600000000000003,2025,17,BUF,PHI,-0.010387216782753894,true,true,true,false,espn_archived_open,espn_archived_open,provider_labeled_open_close,true,espn_archived_close,,,142
spread,away,3.0,-110,1.9090909090909092,0.5057867290545831,0.5238095238095238,0.5,0.005786729054583106,-0.034407153623068565,DraftKings,2025_17_PHI_BUF,espn_archive,,401772917:100:open:spread,401772917,,2.6917316419915807,47.61179662422103,1,-1.0,25.0,win,0.9090909090909092,2025,17,BUF,PHI,-0.5,true,true,true,false,espn_archived_open,espn_archived_open,provider_labeled_open_close,true,espn_archived_close,,3.5,-118
total,over,46.5,-110,1.9090909090909092,0.5501388024453806,0.5238095238095238,0.5,0.050138802445380604,0.0502649864866358,DraftKings,2025_17_PHI_BUF,espn_archive,,401772917:100:open:total,401772917,,2.6917316419915807,47.61179662422103,1,-1.0,25.0,loss,-1.0,2025,17,BUF,PHI,-1.0,true,true,true,false,espn_archived_open,espn_archived_open,provider_labeled_open_close,true,espn_archived_close,,45.5,-105
moneyline,home,,154,2.54,0.3792735178993031,0.39370078740157477,0.37753344813882633,0.0017400697604767479,-0.036645264535770106,DraftKings,2025_17_PIT_CLE,espn_archive,,401772807:100:open:moneyline,401772807,,-4.2263636621651415,41.747617989568674,1,7.0,19.0,win,1.54,2025,17,CLE,PIT,-0.022262626939059282,true,true,true,false,espn_archived_open,espn_archived_open,provider_labeled_open_close,true,espn_archived_close,,,170
spread,away,-3.5,-115,1.8695652173913042,0.5182488133160248,0.5348837209302326,0.5108342361863489,0.007414577129675859,-0.031100044670040683,DraftKings,2025_17_PIT_CLE,espn_archive,,401772807:100:open:spread,401772807,,-4.2263636621651415,41.747617989568674,1,7.0,19.0,loss,-1.0,2025,17,CLE,PIT,0.0,true,true,true,false,espn_archived_open,espn_archived_open,provider_labeled_open_close,true,espn_archived_close,,-3.5,-115
total,over,35.5,-110,1.9090909090909092,0.6963183323634142,0.5238095238095238,0.5,0.19631833236341423,0.3293349981483362,DraftKings,2025_17_PIT_CLE,espn_archive,,401772807:100:open:total,401772807,,-4.2263636621651415,41.747617989568674,1,7.0,19.0,loss,-1.0,2025,17,CLE,PIT,-1.0,true,true,true,false,espn_archived_open,espn_archived_open,provider_labeled_open_close,true,espn_archived_close,,34.5,-110
moneyline,home,,320,4.2,0.27747347050624027,0.23809523809523808,0.22849462365591394,0.04897884685032633,0.16538857612620927,DraftKings,2025_17_SEA_CAR,espn_archive,,401772952:100:open:moneyline,401772952,,-8.011893738337921,44.41115192523334,1,-17.0,37.0,loss,-1.0,2025,17,CAR,SEA,0.0494261174660624,true,true,true,false,espn_archived_open,espn_archived_open,provider_labeled_open_close,true,espn_archived_close,,,245
spread,away,-7.5,-110,1.9090909090909092,0.5118576100118881,0.5238095238095238,0.5,0.01185761001188812,-0.022817289977304478,DraftKings,2025_17_SEA_CAR,espn_archive,,401772952:100:open:spread,401772952,,-8.011893738337921,44.41115192523334,1,-17.0,37.0,win,0.9090909090909092,2025,17,CAR,SEA,-1.0,true,true,true,false,espn_archived_open,espn_archived_open,provider_labeled_open_close,true,espn_archived_close,,-6.5,-118
total,over,42.5,-115,1.8695652173913042,0.5739246175561865,0.5348837209302326,0.5108342361863489,0.06309038136983758,0.072989502387653,DraftKings,2025_17_SEA_CAR,espn_archive,,401772952:100:open:total,401772952,,-8.011893738337921,44.41115192523334,1,-17.0,37.0,loss,-1.0,2025,17,CAR,SEA,0.0,true,true,true,false,espn_archived_open,espn_archived_open,provider_labeled_open_close,true,espn_archived_close,,42.5,-115
moneyline,home,,130,2.3,0.48238454470362546,0.4347826086956522,0.41700735895339325,0.06537718575023221,0.10948445281833852,DraftKings,2025_17_TB_MIA,espn_archive,,401772916:100:open:moneyline,401772916,,-0.7051039131200874,47.33514239744778,1,3.0,37.0,win,1.2999999999999998,2025,17,MIA,TB,-0.11277731102674188,true,true,true,false,espn_archived_open,espn_archived_open,provider_labeled_open_close,true,espn_archived_close,,,215
spread,home,3.0,-115,1.8695652173913042,0.5714570278222735,0.5348837209302326,0.5108342361863489,0.060622791635924544,0.06837618245033728,DraftKings,2025_17_TB_MIA,espn_archive,,401772916:100:open:spread,401772916,,-0.7051039131200874,47.33514239744778,1,3.0,37.0,win,0.8695652173913042,2025,17,MIA,TB,-2.5,true,true,true,false,espn_archived_open,espn_archived_open,provider_labeled_open_close,true,espn_archived_close,,5.5,-102
total,over,46.5,-110,1.9090909090909092,0.5418599621825891,0.5238095238095238,0.5,0.04185996218258914,0.03445992780312479,DraftKings,2025_17_TB_MIA,espn_archive,,401772916:100:open:total,401772916,,-0.7051039131200874,47.33514239744778,1,3.0,37.0,loss,-1.0,2025,17,MIA,TB,-2.0,true,true,true,false,espn_archived_open,espn_archived_open,provider_labeled_open_close,true,espn_archived_close,,44.5,-102
moneyline,home,,-470,1.2127659574468086,0.8211630020735678,0.8245614035087718,0.7913616398243044,0.02980136224926344,-0.004121465570353866,DraftKings,2025_18_ARI_LA,espn_archive,,401772955:100:open:moneyline,401772955,,12.264118141101893,49.8620463959554,1,17.0,57.0,win,0.2127659574468086,2025,18,LA,ARI,0.102020713116872,true,true,true,false,espn_archived_open,espn_archived_open,provider_labeled_open_close,true,espn_archived_close,,,-1350
spread,home,-8.5,-110,1.9090909090909092,0.6120157872578622,0.5238095238095238,0.5,0.11201578725786221,0.16839377567410052,DraftKings,2025_18_ARI_LA,espn_archive,,401772955:100:open:spread,401772955,,12.264118141101893,49.8620463959554,1,17.0,57.0,win,0.9090909090909092,2025,18,LA,ARI,6.0,true,true,true,false,espn_archived_open,espn_archived_open,provider_labeled_open_close,true,espn_archived_close,,-14.5,-105
total,over,45.5,-110,1.9090909090909092,0.6432316168004417,0.5238095238095238,0.5,0.14323161680044172,0.22798763207357053,DraftKings,2025_18_ARI_LA,espn_archive,,401772955:100:open:total,401772955,,12.264118141101893,49.8620463959554,1,17.0,57.0,win,0.9090909090909092,2025,18,LA,ARI,4.0,true,true,true,false,espn_archived_open,espn_archived_open,provider_labeled_open_close,true,espn_archived_close,,49.5,-112
moneyline,home,,136,2.3600000000000003,0.5192660700696687,0.42372881355932196,0.4066302458405761,0.11263582422909263,0.2254679253644183,DraftKings,2025_18_BAL_PIT,espn_archive,,401772960:100:open:moneyline,401772960,,0.6026574076413382,47.07080724389556,1,2.0,50.0,win,1.3600000000000003,2025,18,PIT,BAL,-0.05135942464080906,true,true,true,false,espn_archived_open,espn_archived_open,provider_labeled_open_close,true,espn_archived_close,,,170
spread,home,3.0,-110,1.9090909090909092,0.6073851728214474,0.5238095238095238,0.5,0.10738517282144744,0.15955351175003596,DraftKings,2025_18_BAL_PIT,espn_archive,,401772960:100:open:spread,401772960,,0.6026574076413382,47.07080724389556,1,2.0,50.0,win,0.9090909090909092,2025,18,PIT,BAL,-1.5,true,true,true,false,espn_archived_open,espn_archived_open,provider_labeled_open_close,true,espn_archived_close,,4.5,-115
total,over,43.5,-110,1.9090909090909092,0.6207696514023751,0.5238095238095238,0.5,0.12076965140237506,0.18510569813180688,DraftKings,2025_18_BAL_PIT,espn_archive,,401772960:100:open:total,401772960,,0.6026574076413382,47.07080724389556,1,2.0,50.0,win,0.9090909090909092,2025,18,PIT,BAL,-2.0,true,true,true,false,espn_archived_open,espn_archived_open,provider_labeled_open_close,true,espn_archived_close,,41.5,-110
moneyline,home,,-192,1.5208333333333335,0.638039176378523,0.6575342465753424,0.6309403437815976,0.007098832596925453,-0.029648752590996086,DraftKings,2025_18_CAR_TB,espn_archive,,401772969:100:open:moneyline,401772969,,4.682666107351807,44.66048719640855,1,2.0,30.0,win,0.5208333333333335,2025,18,TB,CAR,-0.04794770273499094,true,true,true,false,espn_archived_open,espn_archived_open,provider_labeled_open_close,true,espn_archived_close,,,-155
spread,home,-3.5,-110,1.9090909090909092,0.5365148726195472,0.5238095238095238,0.5,0.03651487261954722,0.0242556659100448,DraftKings,2025_18_CAR_TB,espn_archive,,401772969:100:open:spread,401772969,,4.682666107351807,44.66048719640855,1,2.0,30.0,loss,-1.0,2025,18,TB,CAR,-0.5,true,true,true,false,espn_archived_open,espn_archived_open,provider_labeled_open_close,true,espn_archived_close,,-3.0,-108
total,over,45.5,-105,1.9523809523809523,0.49012888296609847,0.5121951219512195,0.4891657638136511,0.0009631191524473448,-0.04308170468523631,DraftKings,2025_18_CAR_TB,espn_archive,,401772969:100:open:total,401772969,,4.682666107351807,44.66048719640855,1,2.0,30.0,loss,-1.0,2025,18,TB,CAR,-3.0,true,true,true,false,espn_archived_open,espn_archived_open,provider_labeled_open_close,true,espn_archived_close,,42.5,-115
moneyline,away,,260,3.6,0.37578985200801385,0.2777777777777778,0.26645768025078376,0.10933217175723009,0.35284346722884985,DraftKings,2025_18_CLE_CIN,espn_archive,,401772964:100:open:moneyline,401772964,,4.192046661181113,46.192723504909836,1,-2.0,38.0,win,2.6,2025,18,CIN,CLE,-0.04836398073543641,true,true,true,false,espn_archived_open,espn_archived_open,provider_labeled_open_close,true,espn_archived_close,,,340
spread,away,7.0,-115,1.8695652173913042,0.581828374541854,0.5348837209302326,0.5108342361863489,0.07099413835550505,0.08776609153477044,DraftKings,2025_18_CLE_CIN,espn_archive,,401772964:100:open:spread,401772964,,4.192046661181113,46.192723504909836,1,-2.0,38.0,win,0.8695652173913042,2025,18,CIN,CLE,-1.5,true,true,true,false,espn_archived_open,espn_archived_open,provider_labeled_open_close,true,espn_archived_close,,8.5,-105
total,over,44.5,-110,1.9090909090909092,0.5659288432084513,0.5238095238095238,0.5,0.06592884320845127,0.08040960976158873,DraftKings,2025_18_CLE_CIN,espn_archive,,401772964:100:open:total,401772964,,4.192046661181113,46.192723504909836,1,-2.0,38.0,loss,-1.0,2025,18,CIN,CLE,3.0,true,true,true,false,espn_archived_open,espn_archived_open,provider_labeled_open_close,true,espn_archived_close,,47.5,-102
moneyline,home,,180,2.8,0.5179242618272208,0.35714285714285715,0.3425247738043946,0.17539948802282623,0.4501879331162182,DraftKings,2025_18_DAL_NYG,espn_archive,,401772963:100:open:moneyline,401772963,,0.5576026194705079,55.349687523576144,1,17.0,51.0,win,1.7999999999999998,2025,18,NYG,DAL,0.05783645437140311,true,true,true,false,espn_archived_open,espn_archived_open,provider_labeled_open_close,true,espn_archived_close,,,140
spread,home,4.5,-110,1.9090909090909092,0.6484883717623346,0.5238095238095238,0.5,0.14848837176233465,0.2380232551826389,DraftKings,2025_18_DAL_NYG,espn_archive,,401772963:100:open:spread,401772963,,0.5576026194705079,55.349687523576144,1,17.0,51.0,win,0.9090909090909092,2025,18,NYG,DAL,1.5,true,true,true,false,espn_archived_open,espn_archived_open,provider_labeled_open_close,true,espn_archived_close,,3.0,-105
total,over,52.5,-110,1.9090909090909092,0.5999345574571033,0.5238095238095238,0.5,0.09993455745710333,0.14532960969083364,DraftKings,2025_18_DAL_NYG,espn_archive,,401772963:100:open:total,401772963,,0.5576026194705079,55.349687523576144,1,17.0,51.0,loss,-1.0,2025,18,NYG,DAL,-2.0,true,true,true,false,espn_archived_open,espn_archived_open,provider_labeled_open_close,true,espn_archived_close,,50.5,-105
moneyline,away,,-120,1.8333333333333335,0.530514214680006,0.5454545454545454,0.5217391304347826,0.008775084245223441,-0.027390606419988806,DraftKings,2025_18_DET_CHI,espn_archive,,401772965:100:open:moneyline,401772965,,-1.068282852741067,54.14565204685944,1,-3.0,35.0,win,0.8333333333333335,2025,18,CHI,DET,-0.12549610137696038,true,true,true,false,espn_archived_open,espn_archived_open,provider_labeled_open_close,true,espn_archived_close,,,142
spread,home,1.5,-115,1.8695652173913042,0.5141741500696442,0.5348837209302326,0.5108342361863489,0.0033399138832952424,-0.03871789334805664,DraftKings,2025_18_DET_CHI,espn_archive,,401772965:100:open:spread,401772965,,-1.068282852741067,54.14565204685944,1,-3.0,35.0,loss,-1.0,2025,18,CHI,DET,4.5,true,true,true,false,espn_archived_open,espn_archived_open,provider_labeled_open_close,true,espn_archived_close,,-3.0,-112
total,over,50.5,-110,1.9090909090909092,0.6229132968107308,0.5238095238095238,0.5,0.12291329681073082,0.18919811209321336,DraftKings,2025_18_DET_CHI,espn_archive,,401772965:100:open:total,401772965,,-1.068282852741067,54.14565204685944,1,-3.0,35.0,loss,-1.0,2025,18,CHI,DET,1.0,true,true,true,false,espn_archived_open,espn_archived_open,provider_labeled_open_close,true,espn_archived_close,,51.5,-108
moneyline,away,,260,3.6,0.48306940047688407,0.2777777777777778,0.26645768025078376,0.2166117202261003,0.7390498417167828,DraftKings,2025_18_GB_MIN,espn_archive,,401772968:100:open:moneyline,401772968,,0.524242181177268,41.28568842861321,1,13.0,19.0,loss,-1.0,2025,18,MIN,GB,-0.1129588089189553,true,true,true,false,espn_archived_open,espn_archived_open,provider_labeled_open_close,true,espn_archived_close,,,525
spread,away,6.5,-110,1.9090909090909092,0.6712300694655327,0.5238095238095238,0.5,0.17123006946553265,0.28143922352510775,DraftKings,2025_18_GB_MIN,espn_archive,,401772968:100:open:spread,401772968,,0.524242181177268,41.28568842861321,1,13.0,19.0,loss,-1.0,2025,18,MIN,GB,-7.0,true,true,true,false,espn_archived_open,espn_archived_open,provider_labeled_open_close,true,espn_archived_close,,13.5,-115
total,over,37.5,-110,1.9090909090909092,0.6269139032631085,0.5238095238095238,0.5,0.12691390326310847,0.19683563350229805,DraftKings,2025_18_GB_MIN,espn_archive,,401772968:100:open:total,401772968,,0.524242181177268,41.28568842861321,1,13.0,19.0,loss,-1.0,2025,18,MIN,GB,0.0,true,true,true,false,espn_archived_open,espn_archived_open,provider_labeled_open_close,true,espn_archived_close,,37.5,-102
moneyline,away,,350,4.5,0.3832426874659739,0.2222222222222222,0.2132564841498559,0.169986203316118,0.7245920935968826,DraftKings,2025_18_IND_HOU,espn_archive,,401772962:100:open:moneyline,401772962,,3.9300228607166297,44.757822665521985,1,8.0,68.0,loss,-1.0,2025,18,HOU,IND,-0.01754941344278521,true,true,true,false,espn_archived_open,espn_archived_open,provider_labeled_open_close,true,espn_archived_close,,,390
spread,away,9.5,-110,1.9090909090909092,0.6601919811144008,0.5238095238095238,0.5,0.1601919811144008,0.2603665094002199,DraftKings,2025_18_IND_HOU,espn_archive,,401772962:100:open:spread,401772962,,3.9300228607166297,44.757822665521985,1,8.0,68.0,win,0.9090909090909092,2025,18,HOU,IND,0.0,true,true,true,false,espn_archived_open,espn_archived_open,provider_labeled_open_close,true,espn_archived_close,,9.5,-110
total,over,40.5,-110,1.9090909090909092,0.6402991957827122,0.5238095238095238,0.5,0.14029919578271222,0.2223893737669962,DraftKings,2025_18_IND_HOU,espn_archive,,401772962:100:open:total,401772962,,3.9300228607166297,44.757822665521985,1,8.0,68.0,win,0.9090909090909092,2025,18,HOU,IND,-3.0,true,true,true,false,espn_archived_open,espn_archived_open,provider_labeled_open_close,true,espn_archived_close,,37.5,-112
moneyline,away,,-245,1.4081632653061225,0.7145892197541249,0.7101449275362319,0.6805555555555556,0.03403366419856935,0.006258289041522813,DraftKings,2025_18_KC_LV,espn_archive,,401772957:100:open:moneyline,401772957,,-7.628706942946362,39.47648115636788,1,2.0,26.0,loss,-1.0,2025,18,LV,KC,-0.023080329359950302,true,true,true,false,espn_archived_open,espn_archived_open,provider_labeled_open_close,true,espn_archived_close,,,-218
spread,away,-5.5,-110,1.9090909090909092,0.5619090318617531,0.5238095238095238,0.5,0.06190903186175312,0.07273542446334691,DraftKings,2025_18_KC_LV,espn_archive,,401772957:100:open:spread,401772957,,-7.628706942946362,39.47648115636788,1,2.0,26.0,loss,-1.0,2025,18,LV,KC,-2.0,true,true,true,false,espn_archived_open,espn_archived_open,provider_labeled_open_close,true,espn_archived_close,,-3.5,-102
total,over,35.5,-110,1.9090909090909092,0.6323425088289938,0.5238095238095238,0.5,0.1323425088289938,0.20719933503716992,DraftKings,2025_18_KC_LV,espn_archive,,401772957:100:open:total,401772957,,-7.628706942946362,39.47648115636788,1,2.0,26.0,loss,-1.0,2025,18,LV,KC,0.0,true,true,true,false,espn_archived_open,espn_archived_open,provider_labeled_open_close,true,espn_archived_close,,35.5,-115
moneyline,away,,370,4.7,0.41280888349120437,0.2127659574468085,0.2042241228835748,0.20858476060762957,0.9402017524086606,DraftKings,2025_18_LAC_DEN,espn_archive,,401772956:100:open:moneyline,401772956,,2.9043710075476525,42.702297827848994,1,16.0,22.0,loss,-1.0,2025,18,DEN,LAC,-0.11248100361751977,true,true,true,false,espn_archived_open,espn_archived_open,provider_labeled_open_close,true,espn_archived_close,,,950
spread,away,10.0,-110,1.9090909090909092,0.700904422677497,0.5238095238095238,0.5,0.20090442267749697,0.3380902614752215,DraftKings,2025_18_LAC_DEN,espn_archive,,401772956:100:open:spread,401772956,,2.9043710075476525,42.702297827848994,1,16.0,22.0,loss,-1.0,2025,18,DEN,LAC,-5.5,true,true,true,false,espn_archived_open,espn_archived_open,provider_labeled_open_close,true,espn_archived_close,,15.5,-108
total,over,38.5,-110,1.9090909090909092,0.6387335664971068,0.5238095238095238,0.5,0.13873356649710678,0.21940044513084023,DraftKings,2025_18_LAC_DEN,espn_archive,,401772956:100:open:total,401772956,,2.9043710075476525,42.702297827848994,1,16.0,22.0,loss,-1.0,2025,18,DEN,LAC,-1.0,true,true,true,false,espn_archived_open,espn_archived_open,provider_labeled_open_close,true,espn_archived_close,,37.5,-115
moneyline,away,,455,5.55,0.2726519599501722,0.1801801801801802,0.17287630402384502,0.0997756559263272,0.5132183777234558,DraftKings,2025_18_MIA_NE,espn_archive,,401772958:100:open:moneyline,401772958,,8.049182744393715,45.623195799250496,1,28.0,48.0,loss,-1.0,2025,18,NE,MIA,-0.0662586569650215,true,true,true,false,espn_archived_open,espn_archived_open,provider_labeled_open_close,true,espn_archived_close,,,800
spread,away,10.5,-110,1.9090909090909092,0.5713779125526494,0.5238095238095238,0.5,0.07137791255264936,0.09081237850960333,DraftKings,2025_18_MIA_NE,espn_archive,,401772958:100:open:spread,401772958,,8.049182744393715,45.623195799250496,1,28.0,48.0,loss,-1.0,2025,18,NE,MIA,-4.0,true,true,true,false,espn_archived_open,espn_archived_open,provider_labeled_open_close,true,espn_archived_close,,14.5,-108
total,under,46.5,-110,1.9090909090909092,0.5109914911261759,0.5238095238095238,0.5,0.010991491126175923,-0.02447078966820959,DraftKings,2025_18_MIA_NE,espn_archive,,401772958:100:open:total,401772958,,8.049182744393715,45.623195799250496,1,28.0,48.0,loss,-1.0,2025,18,NE,MIA,3.0,true,true,true,false,espn_archived_open,espn_archived_open,provider_labeled_open_close,true,espn_archived_close,,43.5,-102
moneyline,home,,-155,1.6451612903225805,0.5979903994518618,0.607843137254902,0.5829926410466066,0.01499775840525519,-0.01620934283725961,DraftKings,2025_18_NO_ATL,espn_archive,,401772966:100:open:moneyline,401772966,,3.2766774569256327,41.610479804134826,1,2.0,36.0,win,0.6451612903225805,2025,18,ATL,NO,0.04794770273499094,true,true,true,false,espn_archived_open,espn_archived_open,provider_labeled_open_close,true,espn_archived_close,,,-192
spread,home,-3.0,100,2.0,0.5095538499645802,0.5,0.4782608695652174,0.03129298039936279,0.019107699929160393,DraftKings,2025_18_NO_ATL,espn_archive,,401772966:100:open:spread,401772966,,3.2766774569256327,41.610479804134826,1,2.0,36.0,loss,-1.0,2025,18,ATL,NO,0.5,true,true,true,false,espn_archived_open,espn_archived_open,provider_labeled_open_close,true,espn_archived_close,,-3.5,-120
total,under,42.5,-110,1.9090909090909092,0.5113735081513234,0.5238095238095238,0.5,0.01137350815132343,-0.023741484438382532,DraftKings,2025_18_NO_ATL,espn_archive,,401772966:100:open:total,401772966,,3.2766774569256327,41.610479804134826,1,2.0,36.0,win,0.9090909090909092,2025,18,ATL,NO,-1.0,true,true,true,false,espn_archived_open,espn_archived_open,provider_labeled_open_close,true,espn_archived_close,,43.5,-105
moneyline,away,,550,6.5,0.1681463983720577,0.15384615384615385,0.1475409836065574,0.02060541476550029,0.092951589418375,DraftKings,2025_18_NYJ_BUF,espn_archive,,401772967:100:open:moneyline,401772967,,12.822235022297253,50.266907963269915,1,27.0,43.0,loss,-1.0,2025,18,BUF,NYJ,0.0,true,true,true,false,espn_archived_open,espn_archived_open,provider_labeled_open_close,true,espn_archived_close,,,550
spread,home,-12.5,-110,1.9090909090909092,0.5109116606694895,0.5238095238095238,0.5,0.010911660669489454,-0.024623193267338306,DraftKings,2025_18_NYJ_BUF,espn_archive,,401772967:100:open:spread,401772967,,12.822235022297253,50.266907963269915,1,27.0,43.0,win,0.9090909090909092,2025,18,BUF,NYJ,1.0,true,true,true,false,espn_archived_open,espn_archived_open,provider_labeled_open_close,true,espn_archived_close,,-13.5,-105
total,over,39.5,-115,1.8695652173913042,0.8022307696749577,0.5348837209302326,0.5108342361863489,0.2913965334886087,0.4998227433053555,DraftKings,2025_18_NYJ_BUF,espn_archive,,401772967:100:open:total,401772967,,12.822235022297253,50.266907963269915,1,27.0,43.0,win,0.8695652173913042,2025,18,BUF,NYJ,0.0,true,true,true,false,espn_archived_open,espn_archived_open,provider_labeled_open_close,true,espn_archived_close,,39.5,-105
moneyline,away,,-112,1.8928571428571428,0.5679956967434985,0.5283018867924528,0.5043297540699689,0.06366594267352954,0.07513471169305075,DraftKings,2025_18_SEA_SF,espn_archive,,401772961:100:open:moneyline,401772961,,-2.335611291754038,49.00201585332212,1,-10.0,16.0,win,0.8928571428571428,2025,18,SF,SEA,0.0786628869766377,true,true,true,false,espn_archived_open,espn_archived_open,provider_labeled_open_close,true,espn_archived_close,,,-155
spread,away,-1.5,105,2.05,0.5235933640466831,0.48780487804878053,0.4675324675324676,0.05606089651421553,0.0733663962957003,DraftKings,2025_18_SEA_SF,espn_archive,,401772961:100:open:spread,401772961,,-2.335611291754038,49.00201585332212,1,-10.0,16.0,win,1.0499999999999998,2025,18,SF,SEA,1.0,true,true,true,false,espn_archived_open,espn_archived_open,provider_labeled_open_close,true,espn_archived_close,,-2.5,-120
total,over,49.5,-110,1.9090909090909092,0.5003921956314474,0.5238095238095238,0.5,0.00039219563144743397,-0.04470580833996396,DraftKings,2025_18_SEA_SF,espn_archive,,401772961:100:open:total,401772961,,-2.335611291754038,49.00201585332212,1,-10.0,16.0,loss,-1.0,2025,18,SF,SEA,-1.0,true,true,true,false,espn_archived_open,espn_archived_open,provider_labeled_open_close,true,espn_archived_close,,48.5,-110
moneyline,away,,425,5.25,0.19289478207558597,0.19047619047619047,0.18274111675126903,0.01015366532431694,0.012697605896826225,DraftKings,2025_18_TEN_JAX,espn_archive,,401772970:100:open:moneyline,401772970,,11.561241137884167,46.71411621390888,1,34.0,48.0,loss,-1.0,2025,18,JAX,TEN,-0.04068504198491388,true,true,true,false,espn_archived_open,espn_archived_open,provider_labeled_open_close,true,espn_archived_close,,,575
spread,home,-10.0,-110,1.9090909090909092,0.5477383812717784,0.5238095238095238,0.5,0.04773838127177843,0.0456823642461226,DraftKings,2025_18_TEN_JAX,espn_archive,,401772970:100:open:spread,401772970,,11.561241137884167,46.71411621390888,1,34.0,48.0,win,0.9090909090909092,2025,18,JAX,TEN,3.5,true,true,true,false,espn_archived_open,espn_archived_open,provider_labeled_open_close,true,espn_archived_close,,-13.5,-105
total,over,45.5,-110,1.9090909090909092,0.5517021640019161,0.5238095238095238,0.5,0.05170216400191607,0.05324958582183981,DraftKings,2025_18_TEN_JAX,espn_archive,,401772970:100:open:total,401772970,,11.561241137884167,46.71411621390888,1,34.0,48.0,win,0.9090909090909092,2025,18,JAX,TEN,1.0,true,true,true,false,espn_archived_open,espn_archived_open,provider_labeled_open_close,true,espn_archived_close,,46.5,-108
moneyline,away,,275,3.75,0.2587332345311205,0.26666666666666666,0.2559309849029475,0.0028022496281729925,-0.029750370508298096,DraftKings,2025_18_WAS_PHI,espn_archive,,401772959:100:open:moneyline,401772959,,8.6171214392906,43.505579076721126,1,-7.0,41.0,win,2.75,2025,18,PHI,WAS,0.127630658932669,true,true,true,false,espn_archived_open,espn_archived_open,provider_labeled_open_close,true,espn_archived_close,,,150
spread,home,-7.5,-108,1.925925925925926,0.5345684789542756,0.5192307692307692,0.4956702459300312,0.038898233024244444,0.02953929280082712,DraftKings,2025_18_WAS_PHI,espn_archive,,401772959:100:open:spread,401772959,,8.6171214392906,43.505579076721126,1,-7.0,41.0,loss,-1.0,2025,18,PHI,WAS,-4.5,true,true,true,false,espn_archived_open,espn_archived_open,provider_labeled_open_close,true,espn_archived_close,,-3.0,-118
total,over,42.5,-110,1.9090909090909092,0.5454813917475978,0.5238095238095238,0.5,0.0454813917475978,0.04137356606359588,DraftKings,2025_18_WAS_PHI,espn_archive,,401772959:100:open:total,401772959,,8.6171214392906,43.505579076721126,1,-7.0,41.0,loss,-1.0,2025,18,PHI,WAS,-4.0,true,true,true,false,espn_archived_open,espn_archived_open,provider_labeled_open_close,true,espn_archived_close,,38.5,-112
