version,first_observed_at_utc,game_id,season,week,kickoff_utc,team,player_id,player_name,position,market,synthetic_line,probability_over,probability_under,residual_sample_count,probability_basis,book_price,book,quoted_at,model_betting_ev,is_bet_recommendation
,,2026_05_BAL_ATL,2026,5,2026-10-12T00:20:00+00:00,ATL,00-0032392,A.Hooper,TE,receiving_yards,24.5,0.220603,0.779397,1027,POSITION_2024_EMPIRICAL,,,,,False
,,2026_05_BAL_ATL,2026,5,2026-10-12T00:20:00+00:00,ATL,00-0032392,A.Hooper,TE,receiving_yards,39.5,0.094266,0.905734,1027,POSITION_2024_EMPIRICAL,,,,,False
,,2026_05_BAL_ATL,2026,5,2026-10-12T00:20:00+00:00,ATL,00-0032392,A.Hooper,TE,receiving_yards,49.5,0.05345,0.94655,1027,POSITION_2024_EMPIRICAL,,,,,False
,,2026_05_BAL_ATL,2026,5,2026-10-12T00:20:00+00:00,ATL,00-0032392,A.Hooper,TE,receiving_yards,64.5,0.016521,0.983479,1027,POSITION_2024_EMPIRICAL,,,,,False
,,2026_05_BAL_ATL,2026,5,2026-10-12T00:20:00+00:00,ATL,00-0032392,A.Hooper,TE,receiving_yards,79.5,0.01,0.99,1027,POSITION_2024_EMPIRICAL,,,,,False
,,2026_05_BAL_ATL,2026,5,2026-10-12T00:20:00+00:00,ATL,00-0032392,A.Hooper,TE,receiving_yards,99.5,0.01,0.99,1027,POSITION_2024_EMPIRICAL,,,,,False
,,2026_05_BAL_ATL,2026,5,2026-10-12T00:20:00+00:00,ATL,00-0032392,A.Hooper,TE,receiving_yards,124.5,0.01,0.99,1027,POSITION_2024_EMPIRICAL,,,,,False
,,2026_05_BAL_ATL,2026,5,2026-10-12T00:20:00+00:00,ATL,00-0032392,A.Hooper,TE,receptions,1.5,0.419981,0.580019,1029,POSITION_2024_EMPIRICAL,,,,,False
,,2026_05_BAL_ATL,2026,5,2026-10-12T00:20:00+00:00,ATL,00-0032392,A.Hooper,TE,receptions,2.5,0.213385,0.786615,1029,POSITION_2024_EMPIRICAL,,,,,False
,,2026_05_BAL_ATL,2026,5,2026-10-12T00:20:00+00:00,ATL,00-0032392,A.Hooper,TE,receptions,3.5,0.109602,0.890398,1029,POSITION_2024_EMPIRICAL,,,,,False
,,2026_05_BAL_ATL,2026,5,2026-10-12T00:20:00+00:00,ATL,00-0032392,A.Hooper,TE,receptions,4.5,0.056256,0.943744,1029,POSITION_2024_EMPIRICAL,,,,,False
,,2026_05_BAL_ATL,2026,5,2026-10-12T00:20:00+00:00,ATL,00-0032392,A.Hooper,TE,receptions,5.5,0.024248,0.975752,1029,POSITION_2024_EMPIRICAL,,,,,False
,,2026_05_BAL_ATL,2026,5,2026-10-12T00:20:00+00:00,ATL,00-0032392,A.Hooper,TE,receptions,6.5,0.01,0.99,1029,POSITION_2024_EMPIRICAL,,,,,False
,,2026_05_BAL_ATL,2026,5,2026-10-12T00:20:00+00:00,ATL,00-0032392,A.Hooper,TE,receptions,7.5,0.01,0.99,1029,POSITION_2024_EMPIRICAL,,,,,False
,,2026_05_BAL_ATL,2026,5,2026-10-12T00:20:00+00:00,ATL,00-0035208,O.Zaccheaus,WR,receiving_yards,24.5,0.141783,0.858217,1860,POSITION_2024_EMPIRICAL,,,,,False
,,2026_05_BAL_ATL,2026,5,2026-10-12T00:20:00+00:00,ATL,00-0035208,O.Zaccheaus,WR,receiving_yards,39.5,0.070354,0.929646,1860,POSITION_2024_EMPIRICAL,,,,,False
,,2026_05_BAL_ATL,2026,5,2026-10-12T00:20:00+00:00,ATL,00-0035208,O.Zaccheaus,WR,receiving_yards,49.5,0.040816,0.959184,1860,POSITION_2024_EMPIRICAL,,,,,False
,,2026_05_BAL_ATL,2026,5,2026-10-12T00:20:00+00:00,ATL,00-0035208,O.Zaccheaus,WR,receiving_yards,64.5,0.021482,0.978518,1860,POSITION_2024_EMPIRICAL,,,,,False
,,2026_05_BAL_ATL,2026,5,2026-10-12T00:20:00+00:00,ATL,00-0035208,O.Zaccheaus,WR,receiving_yards,79.5,0.012352,0.987648,1860,POSITION_2024_EMPIRICAL,,,,,False
,,2026_05_BAL_ATL,2026,5,2026-10-12T00:20:00+00:00,ATL,00-0035208,O.Zaccheaus,WR,receiving_yards,99.5,0.01,0.99,1860,POSITION_2024_EMPIRICAL,,,,,False
,,2026_05_BAL_ATL,2026,5,2026-10-12T00:20:00+00:00,ATL,00-0035208,O.Zaccheaus,WR,receiving_yards,124.5,0.01,0.99,1860,POSITION_2024_EMPIRICAL,,,,,False
,,2026_05_BAL_ATL,2026,5,2026-10-12T00:20:00+00:00,ATL,00-0035208,O.Zaccheaus,WR,receptions,1.5,0.277837,0.722163,1866,POSITION_2024_EMPIRICAL,,,,,False
,,2026_05_BAL_ATL,2026,5,2026-10-12T00:20:00+00:00,ATL,00-0035208,O.Zaccheaus,WR,receptions,2.5,0.144004,0.855996,1866,POSITION_2024_EMPIRICAL,,,,,False
,,2026_05_BAL_ATL,2026,5,2026-10-12T00:20:00+00:00,ATL,00-0035208,O.Zaccheaus,WR,receptions,3.5,0.066381,0.933619,1866,POSITION_2024_EMPIRICAL,,,,,False
,,2026_05_BAL_ATL,2026,5,2026-10-12T00:20:00+00:00,ATL,00-0035208,O.Zaccheaus,WR,receptions,4.5,0.028373,0.971627,1866,POSITION_2024_EMPIRICAL,,,,,False
,,2026_05_BAL_ATL,2026,5,2026-10-12T00:20:00+00:00,ATL,00-0035208,O.Zaccheaus,WR,receptions,5.5,0.01,0.99,1866,POSITION_2024_EMPIRICAL,,,,,False
,,2026_05_BAL_ATL,2026,5,2026-10-12T00:20:00+00:00,ATL,00-0035208,O.Zaccheaus,WR,receptions,6.5,0.01,0.99,1866,POSITION_2024_EMPIRICAL,,,,,False
,,2026_05_BAL_ATL,2026,5,2026-10-12T00:20:00+00:00,ATL,00-0035208,O.Zaccheaus,WR,receptions,7.5,0.01,0.99,1866,POSITION_2024_EMPIRICAL,,,,,False
,,2026_05_BAL_ATL,2026,5,2026-10-12T00:20:00+00:00,ATL,00-0036463,C.Blair,WR,receiving_yards,24.5,0.130505,0.869495,1860,POSITION_2024_EMPIRICAL,,,,,False
,,2026_05_BAL_ATL,2026,5,2026-10-12T00:20:00+00:00,ATL,00-0036463,C.Blair,WR,receiving_yards,39.5,0.060687,0.939313,1860,POSITION_2024_EMPIRICAL,,,,,False
,,2026_05_BAL_ATL,2026,5,2026-10-12T00:20:00+00:00,ATL,00-0036463,C.Blair,WR,receiving_yards,49.5,0.03652,0.96348,1860,POSITION_2024_EMPIRICAL,,,,,False
,,2026_05_BAL_ATL,2026,5,2026-10-12T00:20:00+00:00,ATL,00-0036463,C.Blair,WR,receiving_yards,64.5,0.019334,0.980666,1860,POSITION_2024_EMPIRICAL,,,,,False
,,2026_05_BAL_ATL,2026,5,2026-10-12T00:20:00+00:00,ATL,00-0036463,C.Blair,WR,receiving_yards,79.5,0.012352,0.987648,1860,POSITION_2024_EMPIRICAL,,,,,False
,,2026_05_BAL_ATL,2026,5,2026-10-12T00:20:00+00:00,ATL,00-0036463,C.Blair,WR,receiving_yards,99.5,0.01,0.99,1860,POSITION_2024_EMPIRICAL,,,,,False
,,2026_05_BAL_ATL,2026,5,2026-10-12T00:20:00+00:00,ATL,00-0036463,C.Blair,WR,receiving_yards,124.5,0.01,0.99,1860,POSITION_2024_EMPIRICAL,,,,,False
,,2026_05_BAL_ATL,2026,5,2026-10-12T00:20:00+00:00,ATL,00-0036463,C.Blair,WR,receptions,1.5,0.171306,0.828694,1866,POSITION_2024_EMPIRICAL,,,,,False
,,2026_05_BAL_ATL,2026,5,2026-10-12T00:20:00+00:00,ATL,00-0036463,C.Blair,WR,receptions,2.5,0.08137,0.91863,1866,POSITION_2024_EMPIRICAL,,,,,False
,,2026_05_BAL_ATL,2026,5,2026-10-12T00:20:00+00:00,ATL,00-0036463,C.Blair,WR,receptions,3.5,0.035867,0.964133,1866,POSITION_2024_EMPIRICAL,,,,,False
,,2026_05_BAL_ATL,2026,5,2026-10-12T00:20:00+00:00,ATL,00-0036463,C.Blair,WR,receptions,4.5,0.011777,0.988223,1866,POSITION_2024_EMPIRICAL,,,,,False
,,2026_05_BAL_ATL,2026,5,2026-10-12T00:20:00+00:00,ATL,00-0036463,C.Blair,WR,receptions,5.5,0.01,0.99,1866,POSITION_2024_EMPIRICAL,,,,,False
,,2026_05_BAL_ATL,2026,5,2026-10-12T00:20:00+00:00,ATL,00-0036463,C.Blair,WR,receptions,6.5,0.01,0.99,1866,POSITION_2024_EMPIRICAL,,,,,False
,,2026_05_BAL_ATL,2026,5,2026-10-12T00:20:00+00:00,ATL,00-0036463,C.Blair,WR,receptions,7.5,0.01,0.99,1866,POSITION_2024_EMPIRICAL,,,,,False
,,2026_05_BAL_ATL,2026,5,2026-10-12T00:20:00+00:00,ATL,00-0036970,K.Pitts,TE,receiving_yards,24.5,0.252672,0.747328,1027,POSITION_2024_EMPIRICAL,,,,,False
,,2026_05_BAL_ATL,2026,5,2026-10-12T00:20:00+00:00,ATL,00-0036970,K.Pitts,TE,receiving_yards,39.5,0.110787,0.889213,1027,POSITION_2024_EMPIRICAL,,,,,False
,,2026_05_BAL_ATL,2026,5,2026-10-12T00:20:00+00:00,ATL,00-0036970,K.Pitts,TE,receiving_yards,49.5,0.071914,0.928086,1027,POSITION_2024_EMPIRICAL,,,,,False
,,2026_05_BAL_ATL,2026,5,2026-10-12T00:20:00+00:00,ATL,00-0036970,K.Pitts,TE,receiving_yards,64.5,0.020408,0.979592,1027,POSITION_2024_EMPIRICAL,,,,,False
,,2026_05_BAL_ATL,2026,5,2026-10-12T00:20:00+00:00,ATL,00-0036970,K.Pitts,TE,receiving_yards,79.5,0.01,0.99,1027,POSITION_2024_EMPIRICAL,,,,,False
,,2026_05_BAL_ATL,2026,5,2026-10-12T00:20:00+00:00,ATL,00-0036970,K.Pitts,TE,receiving_yards,99.5,0.01,0.99,1027,POSITION_2024_EMPIRICAL,,,,,False
,,2026_05_BAL_ATL,2026,5,2026-10-12T00:20:00+00:00,ATL,00-0036970,K.Pitts,TE,receiving_yards,124.5,0.01,0.99,1027,POSITION_2024_EMPIRICAL,,,,,False
,,2026_05_BAL_ATL,2026,5,2026-10-12T00:20:00+00:00,ATL,00-0036970,K.Pitts,TE,receptions,1.5,0.317168,0.682832,1029,POSITION_2024_EMPIRICAL,,,,,False
,,2026_05_BAL_ATL,2026,5,2026-10-12T00:20:00+00:00,ATL,00-0036970,K.Pitts,TE,receptions,2.5,0.164888,0.835112,1029,POSITION_2024_EMPIRICAL,,,,,False
,,2026_05_BAL_ATL,2026,5,2026-10-12T00:20:00+00:00,ATL,00-0036970,K.Pitts,TE,receptions,3.5,0.083414,0.916586,1029,POSITION_2024_EMPIRICAL,,,,,False
,,2026_05_BAL_ATL,2026,5,2026-10-12T00:20:00+00:00,ATL,00-0036970,K.Pitts,TE,receptions,4.5,0.041707,0.958293,1029,POSITION_2024_EMPIRICAL,,,,,False
,,2026_05_BAL_ATL,2026,5,2026-10-12T00:20:00+00:00,ATL,00-0036970,K.Pitts,TE,receptions,5.5,0.017459,0.982541,1029,POSITION_2024_EMPIRICAL,,,,,False
,,2026_05_BAL_ATL,2026,5,2026-10-12T00:20:00+00:00,ATL,00-0036970,K.Pitts,TE,receptions,6.5,0.01,0.99,1029,POSITION_2024_EMPIRICAL,,,,,False
,,2026_05_BAL_ATL,2026,5,2026-10-12T00:20:00+00:00,ATL,00-0036970,K.Pitts,TE,receptions,7.5,0.01,0.99,1029,POSITION_2024_EMPIRICAL,,,,,False
,,2026_05_BAL_ATL,2026,5,2026-10-12T00:20:00+00:00,ATL,00-0037238,D.London,WR,receiving_yards,24.5,0.886681,0.113319,1860,POSITION_2024_EMPIRICAL,,,,,False
,,2026_05_BAL_ATL,2026,5,2026-10-12T00:20:00+00:00,ATL,00-0037238,D.London,WR,receiving_yards,39.5,0.813104,0.186896,1860,POSITION_2024_EMPIRICAL,,,,,False
,,2026_05_BAL_ATL,2026,5,2026-10-12T00:20:00+00:00,ATL,00-0037238,D.London,WR,receiving_yards,49.5,0.746509,0.253491,1860,POSITION_2024_EMPIRICAL,,,,,False
,,2026_05_BAL_ATL,2026,5,2026-10-12T00:20:00+00:00,ATL,00-0037238,D.London,WR,receiving_yards,64.5,0.628894,0.371106,1860,POSITION_2024_EMPIRICAL,,,,,False
,,2026_05_BAL_ATL,2026,5,2026-10-12T00:20:00+00:00,ATL,00-0037238,D.London,WR,receiving_yards,79.5,0.488185,0.511815,1860,POSITION_2024_EMPIRICAL,,,,,False
,,2026_05_BAL_ATL,2026,5,2026-10-12T00:20:00+00:00,ATL,00-0037238,D.London,WR,receiving_yards,99.5,0.336198,0.663802,1860,POSITION_2024_EMPIRICAL,,,,,False
,,2026_05_BAL_ATL,2026,5,2026-10-12T00:20:00+00:00,ATL,00-0037238,D.London,WR,receiving_yards,124.5,0.214286,0.785714,1860,POSITION_2024_EMPIRICAL,,,,,False
,,2026_05_BAL_ATL,2026,5,2026-10-12T00:20:00+00:00,ATL,00-0037238,D.London,WR,receptions,1.5,0.874197,0.125803,1866,POSITION_2024_EMPIRICAL,,,,,False
,,2026_05_BAL_ATL,2026,5,2026-10-12T00:20:00+00:00,ATL,00-0037238,D.London,WR,receptions,2.5,0.793362,0.206638,1866,POSITION_2024_EMPIRICAL,,,,,False
,,2026_05_BAL_ATL,2026,5,2026-10-12T00:20:00+00:00,ATL,00-0037238,D.London,WR,receptions,3.5,0.657923,0.342077,1866,POSITION_2024_EMPIRICAL,,,,,False
,,2026_05_BAL_ATL,2026,5,2026-10-12T00:20:00+00:00,ATL,00-0037238,D.London,WR,receptions,4.5,0.465203,0.534797,1866,POSITION_2024_EMPIRICAL,,,,,False
,,2026_05_BAL_ATL,2026,5,2026-10-12T00:20:00+00:00,ATL,00-0037238,D.London,WR,receptions,5.5,0.32227,0.67773,1866,POSITION_2024_EMPIRICAL,,,,,False
,,2026_05_BAL_ATL,2026,5,2026-10-12T00:20:00+00:00,ATL,00-0037238,D.London,WR,receptions,6.5,0.228051,0.771949,1866,POSITION_2024_EMPIRICAL,,,,,False
,,2026_05_BAL_ATL,2026,5,2026-10-12T00:20:00+00:00,ATL,00-0037238,D.London,WR,receptions,7.5,0.148822,0.851178,1866,POSITION_2024_EMPIRICAL,,,,,False
,,2026_05_BAL_ATL,2026,5,2026-10-12T00:20:00+00:00,ATL,00-0037741,J.Dotson,WR,receiving_yards,24.5,0.359291,0.640709,1860,POSITION_2024_EMPIRICAL,,,,,False
,,2026_05_BAL_ATL,2026,5,2026-10-12T00:20:00+00:00,ATL,00-0037741,J.Dotson,WR,receiving_yards,39.5,0.17884,0.82116,1860,POSITION_2024_EMPIRICAL,,,,,False
,,2026_05_BAL_ATL,2026,5,2026-10-12T00:20:00+00:00,ATL,00-0037741,J.Dotson,WR,receiving_yards,49.5,0.116004,0.883996,1860,POSITION_2024_EMPIRICAL,,,,,False
,,2026_05_BAL_ATL,2026,5,2026-10-12T00:20:00+00:00,ATL,00-0037741,J.Dotson,WR,receiving_yards,64.5,0.055317,0.944683,1860,POSITION_2024_EMPIRICAL,,,,,False
,,2026_05_BAL_ATL,2026,5,2026-10-12T00:20:00+00:00,ATL,00-0037741,J.Dotson,WR,receiving_yards,79.5,0.025242,0.974758,1860,POSITION_2024_EMPIRICAL,,,,,False
,,2026_05_BAL_ATL,2026,5,2026-10-12T00:20:00+00:00,ATL,00-0037741,J.Dotson,WR,receiving_yards,99.5,0.012352,0.987648,1860,POSITION_2024_EMPIRICAL,,,,,False
,,2026_05_BAL_ATL,2026,5,2026-10-12T00:20:00+00:00,ATL,00-0037741,J.Dotson,WR,receiving_yards,124.5,0.01,0.99,1860,POSITION_2024_EMPIRICAL,,,,,False
,,2026_05_BAL_ATL,2026,5,2026-10-12T00:20:00+00:00,ATL,00-0037741,J.Dotson,WR,receptions,1.5,0.366702,0.633298,1866,POSITION_2024_EMPIRICAL,,,,,False
,,2026_05_BAL_ATL,2026,5,2026-10-12T00:20:00+00:00,ATL,00-0037741,J.Dotson,WR,receptions,2.5,0.198073,0.801927,1866,POSITION_2024_EMPIRICAL,,,,,False
,,2026_05_BAL_ATL,2026,5,2026-10-12T00:20:00+00:00,ATL,00-0037741,J.Dotson,WR,receptions,3.5,0.095824,0.904176,1866,POSITION_2024_EMPIRICAL,,,,,False
,,2026_05_BAL_ATL,2026,5,2026-10-12T00:20:00+00:00,ATL,00-0037741,J.Dotson,WR,receptions,4.5,0.043897,0.956103,1866,POSITION_2024_EMPIRICAL,,,,,False
,,2026_05_BAL_ATL,2026,5,2026-10-12T00:20:00+00:00,ATL,00-0037741,J.Dotson,WR,receptions,5.5,0.015525,0.984475,1866,POSITION_2024_EMPIRICAL,,,,,False
,,2026_05_BAL_ATL,2026,5,2026-10-12T00:20:00+00:00,ATL,00-0037741,J.Dotson,WR,receptions,6.5,0.01,0.99,1866,POSITION_2024_EMPIRICAL,,,,,False
,,2026_05_BAL_ATL,2026,5,2026-10-12T00:20:00+00:00,ATL,00-0037741,J.Dotson,WR,receptions,7.5,0.01,0.99,1866,POSITION_2024_EMPIRICAL,,,,,False
,,2026_05_BAL_ATL,2026,5,2026-10-12T00:20:00+00:00,ATL,00-0037746,Br.Robinson,RB,receiving_yards,24.5,0.085227,0.914773,1054,POSITION_2024_EMPIRICAL,,,,,False
,,2026_05_BAL_ATL,2026,5,2026-10-12T00:20:00+00:00,ATL,00-0037746,Br.Robinson,RB,receiving_yards,39.5,0.035038,0.964962,1054,POSITION_2024_EMPIRICAL,,,,,False
,,2026_05_BAL_ATL,2026,5,2026-10-12T00:20:00+00:00,ATL,00-0037746,Br.Robinson,RB,receiving_yards,49.5,0.02178,0.97822,1054,POSITION_2024_EMPIRICAL,,,,,False
,,2026_05_BAL_ATL,2026,5,2026-10-12T00:20:00+00:00,ATL,00-0037746,Br.Robinson,RB,receiving_yards,64.5,0.01,0.99,1054,POSITION_2024_EMPIRICAL,,,,,False
,,2026_05_BAL_ATL,2026,5,2026-10-12T00:20:00+00:00,ATL,00-0037746,Br.Robinson,RB,receiving_yards,79.5,0.01,0.99,1054,POSITION_2024_EMPIRICAL,,,,,False
,,2026_05_BAL_ATL,2026,5,2026-10-12T00:20:00+00:00,ATL,00-0037746,Br.Robinson,RB,receiving_yards,99.5,0.01,0.99,1054,POSITION_2024_EMPIRICAL,,,,,False
,,2026_05_BAL_ATL,2026,5,2026-10-12T00:20:00+00:00,ATL,00-0037746,Br.Robinson,RB,receiving_yards,124.5,0.01,0.99,1054,POSITION_2024_EMPIRICAL,,,,,False
,,2026_05_BAL_ATL,2026,5,2026-10-12T00:20:00+00:00,ATL,00-0037746,Br.Robinson,RB,receptions,1.5,0.211645,0.788355,1080,POSITION_2024_EMPIRICAL,,,,,False
,,2026_05_BAL_ATL,2026,5,2026-10-12T00:20:00+00:00,ATL,00-0037746,Br.Robinson,RB,receptions,2.5,0.093346,0.906654,1080,POSITION_2024_EMPIRICAL,,,,,False
,,2026_05_BAL_ATL,2026,5,2026-10-12T00:20:00+00:00,ATL,00-0037746,Br.Robinson,RB,receptions,3.5,0.042514,0.957486,1080,POSITION_2024_EMPIRICAL,,,,,False
,,2026_05_BAL_ATL,2026,5,2026-10-12T00:20:00+00:00,ATL,00-0037746,Br.Robinson,RB,receptions,4.5,0.01756,0.98244,1080,POSITION_2024_EMPIRICAL,,,,,False
,,2026_05_BAL_ATL,2026,5,2026-10-12T00:20:00+00:00,ATL,00-0037746,Br.Robinson,RB,receptions,5.5,0.011091,0.988909,1080,POSITION_2024_EMPIRICAL,,,,,False
,,2026_05_BAL_ATL,2026,5,2026-10-12T00:20:00+00:00,ATL,00-0037746,Br.Robinson,RB,receptions,6.5,0.01,0.99,1080,POSITION_2024_EMPIRICAL,,,,,False
,,2026_05_BAL_ATL,2026,5,2026-10-12T00:20:00+00:00,ATL,00-0037746,Br.Robinson,RB,receptions,7.5,0.01,0.99,1080,POSITION_2024_EMPIRICAL,,,,,False
,,2026_05_BAL_ATL,2026,5,2026-10-12T00:20:00+00:00,ATL,00-0037746,Br.Robinson,RB,rushing_yards,19.5,0.812709,0.187291,1194,POSITION_2024_EMPIRICAL,,,,,False
,,2026_05_BAL_ATL,2026,5,2026-10-12T00:20:00+00:00,ATL,00-0037746,Br.Robinson,RB,rushing_yards,34.5,0.607023,0.392977,1194,POSITION_2024_EMPIRICAL,,,,,False
,,2026_05_BAL_ATL,2026,5,2026-10-12T00:20:00+00:00,ATL,00-0037746,Br.Robinson,RB,rushing_yards,49.5,0.352843,0.647157,1194,POSITION_2024_EMPIRICAL,,,,,False
,,2026_05_BAL_ATL,2026,5,2026-10-12T00:20:00+00:00,ATL,00-0037746,Br.Robinson,RB,rushing_yards,64.5,0.217391,0.782609,1194,POSITION_2024_EMPIRICAL,,,,,False
,,2026_05_BAL_ATL,2026,5,2026-10-12T00:20:00+00:00,ATL,00-0037746,Br.Robinson,RB,rushing_yards,79.5,0.12709,0.87291,1194,POSITION_2024_EMPIRICAL,,,,,False
,,2026_05_BAL_ATL,2026,5,2026-10-12T00:20:00+00:00,ATL,00-0037746,Br.Robinson,RB,rushing_yards,99.5,0.056856,0.943144,1194,POSITION_2024_EMPIRICAL,,,,,False
,,2026_05_BAL_ATL,2026,5,2026-10-12T00:20:00+00:00,ATL,00-0037746,Br.Robinson,RB,rushing_yards,124.5,0.022575,0.977425,1194,POSITION_2024_EMPIRICAL,,,,,False
,,2026_05_BAL_ATL,2026,5,2026-10-12T00:20:00+00:00,ATL,00-0038542,Bi.Robinson,RB,receiving_yards,24.5,0.563447,0.436553,1054,POSITION_2024_EMPIRICAL,,,,,False
,,2026_05_BAL_ATL,2026,5,2026-10-12T00:20:00+00:00,ATL,00-0038542,Bi.Robinson,RB,receiving_yards,39.5,0.170455,0.829545,1054,POSITION_2024_EMPIRICAL,,,,,False
,,2026_05_BAL_ATL,2026,5,2026-10-12T00:20:00+00:00,ATL,00-0038542,Bi.Robinson,RB,receiving_yards,49.5,0.085227,0.914773,1054,POSITION_2024_EMPIRICAL,,,,,False
,,2026_05_BAL_ATL,2026,5,2026-10-12T00:20:00+00:00,ATL,00-0038542,Bi.Robinson,RB,receiving_yards,64.5,0.035038,0.964962,1054,POSITION_2024_EMPIRICAL,,,,,False
,,2026_05_BAL_ATL,2026,5,2026-10-12T00:20:00+00:00,ATL,00-0038542,Bi.Robinson,RB,receiving_yards,79.5,0.016098,0.983902,1054,POSITION_2024_EMPIRICAL,,,,,False
,,2026_05_BAL_ATL,2026,5,2026-10-12T00:20:00+00:00,ATL,00-0038542,Bi.Robinson,RB,receiving_yards,99.5,0.01,0.99,1054,POSITION_2024_EMPIRICAL,,,,,False
,,2026_05_BAL_ATL,2026,5,2026-10-12T00:20:00+00:00,ATL,00-0038542,Bi.Robinson,RB,receiving_yards,124.5,0.01,0.99,1054,POSITION_2024_EMPIRICAL,,,,,False
,,2026_05_BAL_ATL,2026,5,2026-10-12T00:20:00+00:00,ATL,00-0038542,Bi.Robinson,RB,receptions,1.5,0.847505,0.152495,1080,POSITION_2024_EMPIRICAL,,,,,False
,,2026_05_BAL_ATL,2026,5,2026-10-12T00:20:00+00:00,ATL,00-0038542,Bi.Robinson,RB,receptions,2.5,0.634011,0.365989,1080,POSITION_2024_EMPIRICAL,,,,,False
,,2026_05_BAL_ATL,2026,5,2026-10-12T00:20:00+00:00,ATL,00-0038542,Bi.Robinson,RB,receptions,3.5,0.330869,0.669131,1080,POSITION_2024_EMPIRICAL,,,,,False
,,2026_05_BAL_ATL,2026,5,2026-10-12T00:20:00+00:00,ATL,00-0038542,Bi.Robinson,RB,receptions,4.5,0.211645,0.788355,1080,POSITION_2024_EMPIRICAL,,,,,False
,,2026_05_BAL_ATL,2026,5,2026-10-12T00:20:00+00:00,ATL,00-0038542,Bi.Robinson,RB,receptions,5.5,0.11183,0.88817,1080,POSITION_2024_EMPIRICAL,,,,,False
,,2026_05_BAL_ATL,2026,5,2026-10-12T00:20:00+00:00,ATL,00-0038542,Bi.Robinson,RB,receptions,6.5,0.066543,0.933457,1080,POSITION_2024_EMPIRICAL,,,,,False
,,2026_05_BAL_ATL,2026,5,2026-10-12T00:20:00+00:00,ATL,00-0038542,Bi.Robinson,RB,receptions,7.5,0.026802,0.973198,1080,POSITION_2024_EMPIRICAL,,,,,False
,,2026_05_BAL_ATL,2026,5,2026-10-12T00:20:00+00:00,ATL,00-0038542,Bi.Robinson,RB,rushing_yards,19.5,0.943144,0.056856,1194,POSITION_2024_EMPIRICAL,,,,,False
,,2026_05_BAL_ATL,2026,5,2026-10-12T00:20:00+00:00,ATL,00-0038542,Bi.Robinson,RB,rushing_yards,34.5,0.902174,0.097826,1194,POSITION_2024_EMPIRICAL,,,,,False
,,2026_05_BAL_ATL,2026,5,2026-10-12T00:20:00+00:00,ATL,00-0038542,Bi.Robinson,RB,rushing_yards,49.5,0.848662,0.151338,1194,POSITION_2024_EMPIRICAL,,,,,False
,,2026_05_BAL_ATL,2026,5,2026-10-12T00:20:00+00:00,ATL,00-0038542,Bi.Robinson,RB,rushing_yards,64.5,0.781773,0.218227,1194,POSITION_2024_EMPIRICAL,,,,,False
,,2026_05_BAL_ATL,2026,5,2026-10-12T00:20:00+00:00,ATL,00-0038542,Bi.Robinson,RB,rushing_yards,79.5,0.689799,0.310201,1194,POSITION_2024_EMPIRICAL,,,,,False
,,2026_05_BAL_ATL,2026,5,2026-10-12T00:20:00+00:00,ATL,00-0038542,Bi.Robinson,RB,rushing_yards,99.5,0.542642,0.457358,1194,POSITION_2024_EMPIRICAL,,,,,False
,,2026_05_BAL_ATL,2026,5,2026-10-12T00:20:00+00:00,ATL,00-0038542,Bi.Robinson,RB,rushing_yards,124.5,0.359532,0.640468,1194,POSITION_2024_EMPIRICAL,,,,,False
,,2026_05_BAL_ATL,2026,5,2026-10-12T00:20:00+00:00,ATL,00-0041044,Z.Branch,WR,receiving_yards,24.5,0.171321,0.828679,1860,POSITION_2024_EMPIRICAL,,,,,False
,,2026_05_BAL_ATL,2026,5,2026-10-12T00:20:00+00:00,ATL,00-0041044,Z.Branch,WR,receiving_yards,39.5,0.084855,0.915145,1860,POSITION_2024_EMPIRICAL,,,,,False
,,2026_05_BAL_ATL,2026,5,2026-10-12T00:20:00+00:00,ATL,00-0041044,Z.Branch,WR,receiving_yards,49.5,0.052632,0.947368,1860,POSITION_2024_EMPIRICAL,,,,,False
,,2026_05_BAL_ATL,2026,5,2026-10-12T00:20:00+00:00,ATL,00-0041044,Z.Branch,WR,receiving_yards,64.5,0.023631,0.976369,1860,POSITION_2024_EMPIRICAL,,,,,False
,,2026_05_BAL_ATL,2026,5,2026-10-12T00:20:00+00:00,ATL,00-0041044,Z.Branch,WR,receiving_yards,79.5,0.013963,0.986037,1860,POSITION_2024_EMPIRICAL,,,,,False
,,2026_05_BAL_ATL,2026,5,2026-10-12T00:20:00+00:00,ATL,00-0041044,Z.Branch,WR,receiving_yards,99.5,0.01,0.99,1860,POSITION_2024_EMPIRICAL,,,,,False
,,2026_05_BAL_ATL,2026,5,2026-10-12T00:20:00+00:00,ATL,00-0041044,Z.Branch,WR,receiving_yards,124.5,0.01,0.99,1860,POSITION_2024_EMPIRICAL,,,,,False
,,2026_05_BAL_ATL,2026,5,2026-10-12T00:20:00+00:00,ATL,00-0041044,Z.Branch,WR,receptions,1.5,0.325482,0.674518,1866,POSITION_2024_EMPIRICAL,,,,,False
,,2026_05_BAL_ATL,2026,5,2026-10-12T00:20:00+00:00,ATL,00-0041044,Z.Branch,WR,receptions,2.5,0.171306,0.828694,1866,POSITION_2024_EMPIRICAL,,,,,False
,,2026_05_BAL_ATL,2026,5,2026-10-12T00:20:00+00:00,ATL,00-0041044,Z.Branch,WR,receptions,3.5,0.08137,0.91863,1866,POSITION_2024_EMPIRICAL,,,,,False
,,2026_05_BAL_ATL,2026,5,2026-10-12T00:20:00+00:00,ATL,00-0041044,Z.Branch,WR,receptions,4.5,0.035867,0.964133,1866,POSITION_2024_EMPIRICAL,,,,,False
,,2026_05_BAL_ATL,2026,5,2026-10-12T00:20:00+00:00,ATL,00-0041044,Z.Branch,WR,receptions,5.5,0.011777,0.988223,1866,POSITION_2024_EMPIRICAL,,,,,False
,,2026_05_BAL_ATL,2026,5,2026-10-12T00:20:00+00:00,ATL,00-0041044,Z.Branch,WR,receptions,6.5,0.01,0.99,1866,POSITION_2024_EMPIRICAL,,,,,False
,,2026_05_BAL_ATL,2026,5,2026-10-12T00:20:00+00:00,ATL,00-0041044,Z.Branch,WR,receptions,7.5,0.01,0.99,1866,POSITION_2024_EMPIRICAL,,,,,False
,,2026_05_BAL_ATL,2026,5,2026-10-12T00:20:00+00:00,BAL,00-0032398,C.Moore,WR,receiving_yards,24.5,0.323308,0.676692,1860,POSITION_2024_EMPIRICAL,,,,,False
,,2026_05_BAL_ATL,2026,5,2026-10-12T00:20:00+00:00,BAL,00-0032398,C.Moore,WR,receiving_yards,39.5,0.155209,0.844791,1860,POSITION_2024_EMPIRICAL,,,,,False
,,2026_05_BAL_ATL,2026,5,2026-10-12T00:20:00+00:00,BAL,00-0032398,C.Moore,WR,receiving_yards,49.5,0.100967,0.899033,1860,POSITION_2024_EMPIRICAL,,,,,False
,,2026_05_BAL_ATL,2026,5,2026-10-12T00:20:00+00:00,BAL,00-0032398,C.Moore,WR,receiving_yards,64.5,0.047261,0.952739,1860,POSITION_2024_EMPIRICAL,,,,,False
,,2026_05_BAL_ATL,2026,5,2026-10-12T00:20:00+00:00,BAL,00-0032398,C.Moore,WR,receiving_yards,79.5,0.022556,0.977444,1860,POSITION_2024_EMPIRICAL,,,,,False
,,2026_05_BAL_ATL,2026,5,2026-10-12T00:20:00+00:00,BAL,00-0032398,C.Moore,WR,receiving_yards,99.5,0.011278,0.988722,1860,POSITION_2024_EMPIRICAL,,,,,False
,,2026_05_BAL_ATL,2026,5,2026-10-12T00:20:00+00:00,BAL,00-0032398,C.Moore,WR,receiving_yards,124.5,0.01,0.99,1860,POSITION_2024_EMPIRICAL,,,,,False
,,2026_05_BAL_ATL,2026,5,2026-10-12T00:20:00+00:00,BAL,00-0032398,C.Moore,WR,receptions,1.5,0.277837,0.722163,1866,POSITION_2024_EMPIRICAL,,,,,False
,,2026_05_BAL_ATL,2026,5,2026-10-12T00:20:00+00:00,BAL,00-0032398,C.Moore,WR,receptions,2.5,0.144004,0.855996,1866,POSITION_2024_EMPIRICAL,,,,,False
,,2026_05_BAL_ATL,2026,5,2026-10-12T00:20:00+00:00,BAL,00-0032398,C.Moore,WR,receptions,3.5,0.066381,0.933619,1866,POSITION_2024_EMPIRICAL,,,,,False
,,2026_05_BAL_ATL,2026,5,2026-10-12T00:20:00+00:00,BAL,00-0032398,C.Moore,WR,receptions,4.5,0.028373,0.971627,1866,POSITION_2024_EMPIRICAL,,,,,False
,,2026_05_BAL_ATL,2026,5,2026-10-12T00:20:00+00:00,BAL,00-0032398,C.Moore,WR,receptions,5.5,0.01,0.99,1866,POSITION_2024_EMPIRICAL,,,,,False
,,2026_05_BAL_ATL,2026,5,2026-10-12T00:20:00+00:00,BAL,00-0032398,C.Moore,WR,receptions,6.5,0.01,0.99,1866,POSITION_2024_EMPIRICAL,,,,,False
,,2026_05_BAL_ATL,2026,5,2026-10-12T00:20:00+00:00,BAL,00-0032398,C.Moore,WR,receptions,7.5,0.01,0.99,1866,POSITION_2024_EMPIRICAL,,,,,False
,,2026_05_BAL_ATL,2026,5,2026-10-12T00:20:00+00:00,BAL,00-0032764,D.Henry,RB,receiving_yards,24.5,0.128788,0.871212,1054,POSITION_2024_EMPIRICAL,,,,,False
,,2026_05_BAL_ATL,2026,5,2026-10-12T00:20:00+00:00,BAL,00-0032764,D.Henry,RB,receiving_yards,39.5,0.049242,0.950758,1054,POSITION_2024_EMPIRICAL,,,,,False
,,2026_05_BAL_ATL,2026,5,2026-10-12T00:20:00+00:00,BAL,00-0032764,D.Henry,RB,receiving_yards,49.5,0.030303,0.969697,1054,POSITION_2024_EMPIRICAL,,,,,False
,,2026_05_BAL_ATL,2026,5,2026-10-12T00:20:00+00:00,BAL,00-0032764,D.Henry,RB,receiving_yards,64.5,0.012311,0.987689,1054,POSITION_2024_EMPIRICAL,,,,,False
,,2026_05_BAL_ATL,2026,5,2026-10-12T00:20:00+00:00,BAL,00-0032764,D.Henry,RB,receiving_yards,79.5,0.01,0.99,1054,POSITION_2024_EMPIRICAL,,,,,False
,,2026_05_BAL_ATL,2026,5,2026-10-12T00:20:00+00:00,BAL,00-0032764,D.Henry,RB,receiving_yards,99.5,0.01,0.99,1054,POSITION_2024_EMPIRICAL,,,,,False
,,2026_05_BAL_ATL,2026,5,2026-10-12T00:20:00+00:00,BAL,00-0032764,D.Henry,RB,receiving_yards,124.5,0.01,0.99,1054,POSITION_2024_EMPIRICAL,,,,,False
,,2026_05_BAL_ATL,2026,5,2026-10-12T00:20:00+00:00,BAL,00-0032764,D.Henry,RB,receptions,1.5,0.408503,0.591497,1080,POSITION_2024_EMPIRICAL,,,,,False
,,2026_05_BAL_ATL,2026,5,2026-10-12T00:20:00+00:00,BAL,00-0032764,D.Henry,RB,receptions,2.5,0.211645,0.788355,1080,POSITION_2024_EMPIRICAL,,,,,False
,,2026_05_BAL_ATL,2026,5,2026-10-12T00:20:00+00:00,BAL,00-0032764,D.Henry,RB,receptions,3.5,0.093346,0.906654,1080,POSITION_2024_EMPIRICAL,,,,,False
,,2026_05_BAL_ATL,2026,5,2026-10-12T00:20:00+00:00,BAL,00-0032764,D.Henry,RB,receptions,4.5,0.042514,0.957486,1080,POSITION_2024_EMPIRICAL,,,,,False
,,2026_05_BAL_ATL,2026,5,2026-10-12T00:20:00+00:00,BAL,00-0032764,D.Henry,RB,receptions,5.5,0.01756,0.98244,1080,POSITION_2024_EMPIRICAL,,,,,False
,,2026_05_BAL_ATL,2026,5,2026-10-12T00:20:00+00:00,BAL,00-0032764,D.Henry,RB,receptions,6.5,0.011091,0.988909,1080,POSITION_2024_EMPIRICAL,,,,,False
,,2026_05_BAL_ATL,2026,5,2026-10-12T00:20:00+00:00,BAL,00-0032764,D.Henry,RB,receptions,7.5,0.01,0.99,1080,POSITION_2024_EMPIRICAL,,,,,False
,,2026_05_BAL_ATL,2026,5,2026-10-12T00:20:00+00:00,BAL,00-0032764,D.Henry,RB,rushing_yards,19.5,0.921405,0.078595,1194,POSITION_2024_EMPIRICAL,,,,,False
,,2026_05_BAL_ATL,2026,5,2026-10-12T00:20:00+00:00,BAL,00-0032764,D.Henry,RB,rushing_yards,34.5,0.855351,0.144649,1194,POSITION_2024_EMPIRICAL,,,,,False
,,2026_05_BAL_ATL,2026,5,2026-10-12T00:20:00+00:00,BAL,00-0032764,D.Henry,RB,rushing_yards,49.5,0.770067,0.229933,1194,POSITION_2024_EMPIRICAL,,,,,False
,,2026_05_BAL_ATL,2026,5,2026-10-12T00:20:00+00:00,BAL,00-0032764,D.Henry,RB,rushing_yards,64.5,0.646321,0.353679,1194,POSITION_2024_EMPIRICAL,,,,,False
,,2026_05_BAL_ATL,2026,5,2026-10-12T00:20:00+00:00,BAL,00-0032764,D.Henry,RB,rushing_yards,79.5,0.494983,0.505017,1194,POSITION_2024_EMPIRICAL,,,,,False
,,2026_05_BAL_ATL,2026,5,2026-10-12T00:20:00+00:00,BAL,00-0032764,D.Henry,RB,rushing_yards,99.5,0.322742,0.677258,1194,POSITION_2024_EMPIRICAL,,,,,False
,,2026_05_BAL_ATL,2026,5,2026-10-12T00:20:00+00:00,BAL,00-0032764,D.Henry,RB,rushing_yards,124.5,0.204849,0.795151,1194,POSITION_2024_EMPIRICAL,,,,,False
,,2026_05_BAL_ATL,2026,5,2026-10-12T00:20:00+00:00,BAL,00-0034753,M.Andrews,TE,receiving_yards,24.5,0.708455,0.291545,1027,POSITION_2024_EMPIRICAL,,,,,False
,,2026_05_BAL_ATL,2026,5,2026-10-12T00:20:00+00:00,BAL,00-0034753,M.Andrews,TE,receiving_yards,39.5,0.325559,0.674441,1027,POSITION_2024_EMPIRICAL,,,,,False
,,2026_05_BAL_ATL,2026,5,2026-10-12T00:20:00+00:00,BAL,00-0034753,M.Andrews,TE,receiving_yards,49.5,0.227405,0.772595,1027,POSITION_2024_EMPIRICAL,,,,,False
,,2026_05_BAL_ATL,2026,5,2026-10-12T00:20:00+00:00,BAL,00-0034753,M.Andrews,TE,receiving_yards,64.5,0.108844,0.891156,1027,POSITION_2024_EMPIRICAL,,,,,False
,,2026_05_BAL_ATL,2026,5,2026-10-12T00:20:00+00:00,BAL,00-0034753,M.Andrews,TE,receiving_yards,79.5,0.058309,0.941691,1027,POSITION_2024_EMPIRICAL,,,,,False
,,2026_05_BAL_ATL,2026,5,2026-10-12T00:20:00+00:00,BAL,00-0034753,M.Andrews,TE,receiving_yards,99.5,0.014577,0.985423,1027,POSITION_2024_EMPIRICAL,,,,,False
,,2026_05_BAL_ATL,2026,5,2026-10-12T00:20:00+00:00,BAL,00-0034753,M.Andrews,TE,receiving_yards,124.5,0.01,0.99,1027,POSITION_2024_EMPIRICAL,,,,,False
,,2026_05_BAL_ATL,2026,5,2026-10-12T00:20:00+00:00,BAL,00-0034753,M.Andrews,TE,receptions,1.5,0.890398,0.109602,1029,POSITION_2024_EMPIRICAL,,,,,False
,,2026_05_BAL_ATL,2026,5,2026-10-12T00:20:00+00:00,BAL,00-0034753,M.Andrews,TE,receptions,2.5,0.774976,0.225024,1029,POSITION_2024_EMPIRICAL,,,,,False
,,2026_05_BAL_ATL,2026,5,2026-10-12T00:20:00+00:00,BAL,00-0034753,M.Andrews,TE,receptions,3.5,0.554801,0.445199,1029,POSITION_2024_EMPIRICAL,,,,,False
,,2026_05_BAL_ATL,2026,5,2026-10-12T00:20:00+00:00,BAL,00-0034753,M.Andrews,TE,receptions,4.5,0.368574,0.631426,1029,POSITION_2024_EMPIRICAL,,,,,False
,,2026_05_BAL_ATL,2026,5,2026-10-12T00:20:00+00:00,BAL,00-0034753,M.Andrews,TE,receptions,5.5,0.246363,0.753637,1029,POSITION_2024_EMPIRICAL,,,,,False
,,2026_05_BAL_ATL,2026,5,2026-10-12T00:20:00+00:00,BAL,00-0034753,M.Andrews,TE,receptions,6.5,0.164888,0.835112,1029,POSITION_2024_EMPIRICAL,,,,,False
,,2026_05_BAL_ATL,2026,5,2026-10-12T00:20:00+00:00,BAL,00-0034753,M.Andrews,TE,receptions,7.5,0.105723,0.894277,1029,POSITION_2024_EMPIRICAL,,,,,False
,,2026_05_BAL_ATL,2026,5,2026-10-12T00:20:00+00:00,BAL,00-0034796,L.Jackson,QB,passing_yards,149.5,0.67603,0.32397,532,POSITION_2024_EMPIRICAL,,,,,False
,,2026_05_BAL_ATL,2026,5,2026-10-12T00:20:00+00:00,BAL,00-0034796,L.Jackson,QB,passing_yards,174.5,0.606742,0.393258,532,POSITION_2024_EMPIRICAL,,,,,False
,,2026_05_BAL_ATL,2026,5,2026-10-12T00:20:00+00:00,BAL,00-0034796,L.Jackson,QB,passing_yards,199.5,0.513109,0.486891,532,POSITION_2024_EMPIRICAL,,,,,False
,,2026_05_BAL_ATL,2026,5,2026-10-12T00:20:00+00:00,BAL,00-0034796,L.Jackson,QB,passing_yards,224.5,0.359551,0.640449,532,POSITION_2024_EMPIRICAL,,,,,False
,,2026_05_BAL_ATL,2026,5,2026-10-12T00:20:00+00:00,BAL,00-0034796,L.Jackson,QB,passing_yards,249.5,0.273408,0.726592,532,POSITION_2024_EMPIRICAL,,,,,False
,,2026_05_BAL_ATL,2026,5,2026-10-12T00:20:00+00:00,BAL,00-0034796,L.Jackson,QB,passing_yards,274.5,0.20412,0.79588,532,POSITION_2024_EMPIRICAL,,,,,False
,,2026_05_BAL_ATL,2026,5,2026-10-12T00:20:00+00:00,BAL,00-0034796,L.Jackson,QB,passing_yards,299.5,0.155431,0.844569,532,POSITION_2024_EMPIRICAL,,,,,False
,,2026_05_BAL_ATL,2026,5,2026-10-12T00:20:00+00:00,BAL,00-0034796,L.Jackson,QB,rushing_yards,19.5,0.78882,0.21118,481,POSITION_2024_EMPIRICAL,,,,,False
,,2026_05_BAL_ATL,2026,5,2026-10-12T00:20:00+00:00,BAL,00-0034796,L.Jackson,QB,rushing_yards,34.5,0.418219,0.581781,481,POSITION_2024_EMPIRICAL,,,,,False
,,2026_05_BAL_ATL,2026,5,2026-10-12T00:20:00+00:00,BAL,00-0034796,L.Jackson,QB,rushing_yards,49.5,0.182195,0.817805,481,POSITION_2024_EMPIRICAL,,,,,False
,,2026_05_BAL_ATL,2026,5,2026-10-12T00:20:00+00:00,BAL,00-0034796,L.Jackson,QB,rushing_yards,64.5,0.093168,0.906832,481,POSITION_2024_EMPIRICAL,,,,,False
,,2026_05_BAL_ATL,2026,5,2026-10-12T00:20:00+00:00,BAL,00-0034796,L.Jackson,QB,rushing_yards,79.5,0.037267,0.962733,481,POSITION_2024_EMPIRICAL,,,,,False
,,2026_05_BAL_ATL,2026,5,2026-10-12T00:20:00+00:00,BAL,00-0034796,L.Jackson,QB,rushing_yards,99.5,0.01,0.99,481,POSITION_2024_EMPIRICAL,,,,,False
,,2026_05_BAL_ATL,2026,5,2026-10-12T00:20:00+00:00,BAL,00-0034796,L.Jackson,QB,rushing_yards,124.5,0.01,0.99,481,POSITION_2024_EMPIRICAL,,,,,False
,,2026_05_BAL_ATL,2026,5,2026-10-12T00:20:00+00:00,BAL,00-0034798,D.Smythe,TE,receiving_yards,24.5,0.107872,0.892128,1027,POSITION_2024_EMPIRICAL,,,,,False
,,2026_05_BAL_ATL,2026,5,2026-10-12T00:20:00+00:00,BAL,00-0034798,D.Smythe,TE,receiving_yards,39.5,0.045675,0.954325,1027,POSITION_2024_EMPIRICAL,,,,,False
,,2026_05_BAL_ATL,2026,5,2026-10-12T00:20:00+00:00,BAL,00-0034798,D.Smythe,TE,receiving_yards,49.5,0.020408,0.979592,1027,POSITION_2024_EMPIRICAL,,,,,False
,,2026_05_BAL_ATL,2026,5,2026-10-12T00:20:00+00:00,BAL,00-0034798,D.Smythe,TE,receiving_yards,64.5,0.01,0.99,1027,POSITION_2024_EMPIRICAL,,,,,False
,,2026_05_BAL_ATL,2026,5,2026-10-12T00:20:00+00:00,BAL,00-0034798,D.Smythe,TE,receiving_yards,79.5,0.01,0.99,1027,POSITION_2024_EMPIRICAL,,,,,False
,,2026_05_BAL_ATL,2026,5,2026-10-12T00:20:00+00:00,BAL,00-0034798,D.Smythe,TE,receiving_yards,99.5,0.01,0.99,1027,POSITION_2024_EMPIRICAL,,,,,False
,,2026_05_BAL_ATL,2026,5,2026-10-12T00:20:00+00:00,BAL,00-0034798,D.Smythe,TE,receiving_yards,124.5,0.01,0.99,1027,POSITION_2024_EMPIRICAL,,,,,False
,,2026_05_BAL_ATL,2026,5,2026-10-12T00:20:00+00:00,BAL,00-0034798,D.Smythe,TE,receptions,1.5,0.169738,0.830262,1029,POSITION_2024_EMPIRICAL,,,,,False
,,2026_05_BAL_ATL,2026,5,2026-10-12T00:20:00+00:00,BAL,00-0034798,D.Smythe,TE,receptions,2.5,0.090204,0.909796,1029,POSITION_2024_EMPIRICAL,,,,,False
,,2026_05_BAL_ATL,2026,5,2026-10-12T00:20:00+00:00,BAL,00-0034798,D.Smythe,TE,receptions,3.5,0.044617,0.955383,1029,POSITION_2024_EMPIRICAL,,,,,False
,,2026_05_BAL_ATL,2026,5,2026-10-12T00:20:00+00:00,BAL,00-0034798,D.Smythe,TE,receptions,4.5,0.017459,0.982541,1029,POSITION_2024_EMPIRICAL,,,,,False
,,2026_05_BAL_ATL,2026,5,2026-10-12T00:20:00+00:00,BAL,00-0034798,D.Smythe,TE,receptions,5.5,0.01,0.99,1029,POSITION_2024_EMPIRICAL,,,,,False
,,2026_05_BAL_ATL,2026,5,2026-10-12T00:20:00+00:00,BAL,00-0034798,D.Smythe,TE,receptions,6.5,0.01,0.99,1029,POSITION_2024_EMPIRICAL,,,,,False
,,2026_05_BAL_ATL,2026,5,2026-10-12T00:20:00+00:00,BAL,00-0034798,D.Smythe,TE,receptions,7.5,0.01,0.99,1029,POSITION_2024_EMPIRICAL,,,,,False
,,2026_05_BAL_ATL,2026,5,2026-10-12T00:20:00+00:00,BAL,00-0034975,J.Hill,RB,receiving_yards,24.5,0.128788,0.871212,1054,POSITION_2024_EMPIRICAL,,,,,False
,,2026_05_BAL_ATL,2026,5,2026-10-12T00:20:00+00:00,BAL,00-0034975,J.Hill,RB,receiving_yards,39.5,0.049242,0.950758,1054,POSITION_2024_EMPIRICAL,,,,,False
,,2026_05_BAL_ATL,2026,5,2026-10-12T00:20:00+00:00,BAL,00-0034975,J.Hill,RB,receiving_yards,49.5,0.030303,0.969697,1054,POSITION_2024_EMPIRICAL,,,,,False
,,2026_05_BAL_ATL,2026,5,2026-10-12T00:20:00+00:00,BAL,00-0034975,J.Hill,RB,receiving_yards,64.5,0.012311,0.987689,1054,POSITION_2024_EMPIRICAL,,,,,False
,,2026_05_BAL_ATL,2026,5,2026-10-12T00:20:00+00:00,BAL,00-0034975,J.Hill,RB,receiving_yards,79.5,0.01,0.99,1054,POSITION_2024_EMPIRICAL,,,,,False
,,2026_05_BAL_ATL,2026,5,2026-10-12T00:20:00+00:00,BAL,00-0034975,J.Hill,RB,receiving_yards,99.5,0.01,0.99,1054,POSITION_2024_EMPIRICAL,,,,,False
,,2026_05_BAL_ATL,2026,5,2026-10-12T00:20:00+00:00,BAL,00-0034975,J.Hill,RB,receiving_yards,124.5,0.01,0.99,1054,POSITION_2024_EMPIRICAL,,,,,False
,,2026_05_BAL_ATL,2026,5,2026-10-12T00:20:00+00:00,BAL,00-0034975,J.Hill,RB,receptions,1.5,0.298521,0.701479,1080,POSITION_2024_EMPIRICAL,,,,,False
,,2026_05_BAL_ATL,2026,5,2026-10-12T00:20:00+00:00,BAL,00-0034975,J.Hill,RB,receptions,2.5,0.14695,0.85305,1080,POSITION_2024_EMPIRICAL,,,,,False
,,2026_05_BAL_ATL,2026,5,2026-10-12T00:20:00+00:00,BAL,00-0034975,J.Hill,RB,receptions,3.5,0.067468,0.932532,1080,POSITION_2024_EMPIRICAL,,,,,False
,,2026_05_BAL_ATL,2026,5,2026-10-12T00:20:00+00:00,BAL,00-0034975,J.Hill,RB,receptions,4.5,0.021257,0.978743,1080,POSITION_2024_EMPIRICAL,,,,,False
,,2026_05_BAL_ATL,2026,5,2026-10-12T00:20:00+00:00,BAL,00-0034975,J.Hill,RB,receptions,5.5,0.012015,0.987985,1080,POSITION_2024_EMPIRICAL,,,,,False
,,2026_05_BAL_ATL,2026,5,2026-10-12T00:20:00+00:00,BAL,00-0034975,J.Hill,RB,receptions,6.5,0.01,0.99,1080,POSITION_2024_EMPIRICAL,,,,,False
,,2026_05_BAL_ATL,2026,5,2026-10-12T00:20:00+00:00,BAL,00-0034975,J.Hill,RB,receptions,7.5,0.01,0.99,1080,POSITION_2024_EMPIRICAL,,,,,False
,,2026_05_BAL_ATL,2026,5,2026-10-12T00:20:00+00:00,BAL,00-0034975,J.Hill,RB,rushing_yards,19.5,0.293478,0.706522,1194,POSITION_2024_EMPIRICAL,,,,,False
,,2026_05_BAL_ATL,2026,5,2026-10-12T00:20:00+00:00,BAL,00-0034975,J.Hill,RB,rushing_yards,34.5,0.136288,0.863712,1194,POSITION_2024_EMPIRICAL,,,,,False
,,2026_05_BAL_ATL,2026,5,2026-10-12T00:20:00+00:00,BAL,00-0034975,J.Hill,RB,rushing_yards,49.5,0.058528,0.941472,1194,POSITION_2024_EMPIRICAL,,,,,False
,,2026_05_BAL_ATL,2026,5,2026-10-12T00:20:00+00:00,BAL,00-0034975,J.Hill,RB,rushing_yards,64.5,0.02592,0.97408,1194,POSITION_2024_EMPIRICAL,,,,,False
,,2026_05_BAL_ATL,2026,5,2026-10-12T00:20:00+00:00,BAL,00-0034975,J.Hill,RB,rushing_yards,79.5,0.012542,0.987458,1194,POSITION_2024_EMPIRICAL,,,,,False
,,2026_05_BAL_ATL,2026,5,2026-10-12T00:20:00+00:00,BAL,00-0034975,J.Hill,RB,rushing_yards,99.5,0.01,0.99,1194,POSITION_2024_EMPIRICAL,,,,,False
,,2026_05_BAL_ATL,2026,5,2026-10-12T00:20:00+00:00,BAL,00-0034975,J.Hill,RB,rushing_yards,124.5,0.01,0.99,1194,POSITION_2024_EMPIRICAL,,,,,False
,,2026_05_BAL_ATL,2026,5,2026-10-12T00:20:00+00:00,BAL,00-0036550,R.Bateman,WR,receiving_yards,24.5,0.692266,0.307734,1860,POSITION_2024_EMPIRICAL,,,,,False
,,2026_05_BAL_ATL,2026,5,2026-10-12T00:20:00+00:00,BAL,00-0036550,R.Bateman,WR,receiving_yards,39.5,0.426423,0.573577,1860,POSITION_2024_EMPIRICAL,,,,,False
,,2026_05_BAL_ATL,2026,5,2026-10-12T00:20:00+00:00,BAL,00-0036550,R.Bateman,WR,receiving_yards,49.5,0.302363,0.697637,1860,POSITION_2024_EMPIRICAL,,,,,False
,,2026_05_BAL_ATL,2026,5,2026-10-12T00:20:00+00:00,BAL,00-0036550,R.Bateman,WR,receiving_yards,64.5,0.172932,0.827068,1860,POSITION_2024_EMPIRICAL,,,,,False
,,2026_05_BAL_ATL,2026,5,2026-10-12T00:20:00+00:00,BAL,00-0036550,R.Bateman,WR,receiving_yards,79.5,0.103652,0.896348,1860,POSITION_2024_EMPIRICAL,,,,,False
,,2026_05_BAL_ATL,2026,5,2026-10-12T00:20:00+00:00,BAL,00-0036550,R.Bateman,WR,receiving_yards,99.5,0.048335,0.951665,1860,POSITION_2024_EMPIRICAL,,,,,False
,,2026_05_BAL_ATL,2026,5,2026-10-12T00:20:00+00:00,BAL,00-0036550,R.Bateman,WR,receiving_yards,124.5,0.020408,0.979592,1860,POSITION_2024_EMPIRICAL,,,,,False
,,2026_05_BAL_ATL,2026,5,2026-10-12T00:20:00+00:00,BAL,00-0036550,R.Bateman,WR,receptions,1.5,0.740899,0.259101,1866,POSITION_2024_EMPIRICAL,,,,,False
,,2026_05_BAL_ATL,2026,5,2026-10-12T00:20:00+00:00,BAL,00-0036550,R.Bateman,WR,receptions,2.5,0.444325,0.555675,1866,POSITION_2024_EMPIRICAL,,,,,False
,,2026_05_BAL_ATL,2026,5,2026-10-12T00:20:00+00:00,BAL,00-0036550,R.Bateman,WR,receptions,3.5,0.253212,0.746788,1866,POSITION_2024_EMPIRICAL,,,,,False
,,2026_05_BAL_ATL,2026,5,2026-10-12T00:20:00+00:00,BAL,00-0036550,R.Bateman,WR,receptions,4.5,0.132762,0.867238,1866,POSITION_2024_EMPIRICAL,,,,,False
,,2026_05_BAL_ATL,2026,5,2026-10-12T00:20:00+00:00,BAL,00-0036550,R.Bateman,WR,receptions,5.5,0.06531,0.93469,1866,POSITION_2024_EMPIRICAL,,,,,False
,,2026_05_BAL_ATL,2026,5,2026-10-12T00:20:00+00:00,BAL,00-0036550,R.Bateman,WR,receptions,6.5,0.029979,0.970021,1866,POSITION_2024_EMPIRICAL,,,,,False
,,2026_05_BAL_ATL,2026,5,2026-10-12T00:20:00+00:00,BAL,00-0036550,R.Bateman,WR,receptions,7.5,0.01,0.99,1866,POSITION_2024_EMPIRICAL,,,,,False
,,2026_05_BAL_ATL,2026,5,2026-10-12T00:20:00+00:00,BAL,00-0039064,Z.Flowers,WR,receiving_yards,24.5,0.907089,0.092911,1860,POSITION_2024_EMPIRICAL,,,,,False
,,2026_05_BAL_ATL,2026,5,2026-10-12T00:20:00+00:00,BAL,00-0039064,Z.Flowers,WR,receiving_yards,39.5,0.868421,0.131579,1860,POSITION_2024_EMPIRICAL,,,,,False
,,2026_05_BAL_ATL,2026,5,2026-10-12T00:20:00+00:00,BAL,00-0039064,Z.Flowers,WR,receiving_yards,49.5,0.822234,0.177766,1860,POSITION_2024_EMPIRICAL,,,,,False
,,2026_05_BAL_ATL,2026,5,2026-10-12T00:20:00+00:00,BAL,00-0039064,Z.Flowers,WR,receiving_yards,64.5,0.74275,0.25725,1860,POSITION_2024_EMPIRICAL,,,,,False
,,2026_05_BAL_ATL,2026,5,2026-10-12T00:20:00+00:00,BAL,00-0039064,Z.Flowers,WR,receiving_yards,79.5,0.657358,0.342642,1860,POSITION_2024_EMPIRICAL,,,,,False
,,2026_05_BAL_ATL,2026,5,2026-10-12T00:20:00+00:00,BAL,00-0039064,Z.Flowers,WR,receiving_yards,99.5,0.506445,0.493555,1860,POSITION_2024_EMPIRICAL,,,,,False
,,2026_05_BAL_ATL,2026,5,2026-10-12T00:20:00+00:00,BAL,00-0039064,Z.Flowers,WR,receiving_yards,124.5,0.342642,0.657358,1860,POSITION_2024_EMPIRICAL,,,,,False
,,2026_05_BAL_ATL,2026,5,2026-10-12T00:20:00+00:00,BAL,00-0039064,Z.Flowers,WR,receptions,1.5,0.905246,0.094754,1866,POSITION_2024_EMPIRICAL,,,,,False
,,2026_05_BAL_ATL,2026,5,2026-10-12T00:20:00+00:00,BAL,00-0039064,Z.Flowers,WR,receptions,2.5,0.8394,0.1606,1866,POSITION_2024_EMPIRICAL,,,,,False
,,2026_05_BAL_ATL,2026,5,2026-10-12T00:20:00+00:00,BAL,00-0039064,Z.Flowers,WR,receptions,3.5,0.749465,0.250535,1866,POSITION_2024_EMPIRICAL,,,,,False
,,2026_05_BAL_ATL,2026,5,2026-10-12T00:20:00+00:00,BAL,00-0039064,Z.Flowers,WR,receptions,4.5,0.619914,0.380086,1866,POSITION_2024_EMPIRICAL,,,,,False
,,2026_05_BAL_ATL,2026,5,2026-10-12T00:20:00+00:00,BAL,00-0039064,Z.Flowers,WR,receptions,5.5,0.445931,0.554069,1866,POSITION_2024_EMPIRICAL,,,,,False
,,2026_05_BAL_ATL,2026,5,2026-10-12T00:20:00+00:00,BAL,00-0039064,Z.Flowers,WR,receptions,6.5,0.334582,0.665418,1866,POSITION_2024_EMPIRICAL,,,,,False
,,2026_05_BAL_ATL,2026,5,2026-10-12T00:20:00+00:00,BAL,00-0039064,Z.Flowers,WR,receptions,7.5,0.249465,0.750535,1866,POSITION_2024_EMPIRICAL,,,,,False
,,2026_05_BAL_ATL,2026,5,2026-10-12T00:20:00+00:00,BAL,00-0039064,Z.Flowers,WR,rushing_yards,19.5,0.040268,0.959732,445,POSITION_2024_EMPIRICAL,,,,,False
,,2026_05_BAL_ATL,2026,5,2026-10-12T00:20:00+00:00,BAL,00-0039064,Z.Flowers,WR,rushing_yards,34.5,0.01,0.99,445,POSITION_2024_EMPIRICAL,,,,,False
,,2026_05_BAL_ATL,2026,5,2026-10-12T00:20:00+00:00,BAL,00-0039064,Z.Flowers,WR,rushing_yards,49.5,0.01,0.99,445,POSITION_2024_EMPIRICAL,,,,,False
,,2026_05_BAL_ATL,2026,5,2026-10-12T00:20:00+00:00,BAL,00-0039064,Z.Flowers,WR,rushing_yards,64.5,0.01,0.99,445,POSITION_2024_EMPIRICAL,,,,,False
,,2026_05_BAL_ATL,2026,5,2026-10-12T00:20:00+00:00,BAL,00-0039064,Z.Flowers,WR,rushing_yards,79.5,0.01,0.99,445,POSITION_2024_EMPIRICAL,,,,,False
,,2026_05_BAL_ATL,2026,5,2026-10-12T00:20:00+00:00,BAL,00-0039064,Z.Flowers,WR,rushing_yards,99.5,0.01,0.99,445,POSITION_2024_EMPIRICAL,,,,,False
,,2026_05_BAL_ATL,2026,5,2026-10-12T00:20:00+00:00,BAL,00-0039064,Z.Flowers,WR,rushing_yards,124.5,0.01,0.99,445,POSITION_2024_EMPIRICAL,,,,,False
,,2026_05_BAL_ATL,2026,5,2026-10-12T00:20:00+00:00,BAL,00-0039792,D.Walker,WR,receiving_yards,24.5,0.338883,0.661117,1860,POSITION_2024_EMPIRICAL,,,,,False
,,2026_05_BAL_ATL,2026,5,2026-10-12T00:20:00+00:00,BAL,00-0039792,D.Walker,WR,receiving_yards,39.5,0.163802,0.836198,1860,POSITION_2024_EMPIRICAL,,,,,False
,,2026_05_BAL_ATL,2026,5,2026-10-12T00:20:00+00:00,BAL,00-0039792,D.Walker,WR,receiving_yards,49.5,0.104726,0.895274,1860,POSITION_2024_EMPIRICAL,,,,,False
,,2026_05_BAL_ATL,2026,5,2026-10-12T00:20:00+00:00,BAL,00-0039792,D.Walker,WR,receiving_yards,64.5,0.049946,0.950054,1860,POSITION_2024_EMPIRICAL,,,,,False
,,2026_05_BAL_ATL,2026,5,2026-10-12T00:20:00+00:00,BAL,00-0039792,D.Walker,WR,receiving_yards,79.5,0.023093,0.976907,1860,POSITION_2024_EMPIRICAL,,,,,False
,,2026_05_BAL_ATL,2026,5,2026-10-12T00:20:00+00:00,BAL,00-0039792,D.Walker,WR,receiving_yards,99.5,0.012352,0.987648,1860,POSITION_2024_EMPIRICAL,,,,,False
,,2026_05_BAL_ATL,2026,5,2026-10-12T00:20:00+00:00,BAL,00-0039792,D.Walker,WR,receiving_yards,124.5,0.01,0.99,1860,POSITION_2024_EMPIRICAL,,,,,False
,,2026_05_BAL_ATL,2026,5,2026-10-12T00:20:00+00:00,BAL,00-0039792,D.Walker,WR,receptions,1.5,0.231799,0.768201,1866,POSITION_2024_EMPIRICAL,,,,,False
,,2026_05_BAL_ATL,2026,5,2026-10-12T00:20:00+00:00,BAL,00-0039792,D.Walker,WR,receptions,2.5,0.109208,0.890792,1866,POSITION_2024_EMPIRICAL,,,,,False
,,2026_05_BAL_ATL,2026,5,2026-10-12T00:20:00+00:00,BAL,00-0039792,D.Walker,WR,receptions,3.5,0.052998,0.947002,1866,POSITION_2024_EMPIRICAL,,,,,False
,,2026_05_BAL_ATL,2026,5,2026-10-12T00:20:00+00:00,BAL,00-0039792,D.Walker,WR,receptions,4.5,0.020343,0.979657,1866,POSITION_2024_EMPIRICAL,,,,,False
,,2026_05_BAL_ATL,2026,5,2026-10-12T00:20:00+00:00,BAL,00-0039792,D.Walker,WR,receptions,5.5,0.01,0.99,1866,POSITION_2024_EMPIRICAL,,,,,False
,,2026_05_BAL_ATL,2026,5,2026-10-12T00:20:00+00:00,BAL,00-0039792,D.Walker,WR,receptions,6.5,0.01,0.99,1866,POSITION_2024_EMPIRICAL,,,,,False
,,2026_05_BAL_ATL,2026,5,2026-10-12T00:20:00+00:00,BAL,00-0039792,D.Walker,WR,receptions,7.5,0.01,0.99,1866,POSITION_2024_EMPIRICAL,,,,,False
,,2026_05_BAL_ATL,2026,5,2026-10-12T00:20:00+00:00,BAL,00-0040075,L.Wester,WR,receiving_yards,24.5,0.165414,0.834586,1860,POSITION_2024_EMPIRICAL,,,,,False
,,2026_05_BAL_ATL,2026,5,2026-10-12T00:20:00+00:00,BAL,00-0040075,L.Wester,WR,receiving_yards,39.5,0.081096,0.918904,1860,POSITION_2024_EMPIRICAL,,,,,False
,,2026_05_BAL_ATL,2026,5,2026-10-12T00:20:00+00:00,BAL,00-0040075,L.Wester,WR,receiving_yards,49.5,0.050483,0.949517,1860,POSITION_2024_EMPIRICAL,,,,,False
,,2026_05_BAL_ATL,2026,5,2026-10-12T00:20:00+00:00,BAL,00-0040075,L.Wester,WR,receiving_yards,64.5,0.023093,0.976907,1860,POSITION_2024_EMPIRICAL,,,,,False
,,2026_05_BAL_ATL,2026,5,2026-10-12T00:20:00+00:00,BAL,00-0040075,L.Wester,WR,receiving_yards,79.5,0.013426,0.986574,1860,POSITION_2024_EMPIRICAL,,,,,False
,,2026_05_BAL_ATL,2026,5,2026-10-12T00:20:00+00:00,BAL,00-0040075,L.Wester,WR,receiving_yards,99.5,0.01,0.99,1860,POSITION_2024_EMPIRICAL,,,,,False
,,2026_05_BAL_ATL,2026,5,2026-10-12T00:20:00+00:00,BAL,00-0040075,L.Wester,WR,receiving_yards,124.5,0.01,0.99,1860,POSITION_2024_EMPIRICAL,,,,,False
,,2026_05_BAL_ATL,2026,5,2026-10-12T00:20:00+00:00,BAL,00-0040075,L.Wester,WR,receptions,1.5,0.239829,0.760171,1866,POSITION_2024_EMPIRICAL,,,,,False
,,2026_05_BAL_ATL,2026,5,2026-10-12T00:20:00+00:00,BAL,00-0040075,L.Wester,WR,receptions,2.5,0.114561,0.885439,1866,POSITION_2024_EMPIRICAL,,,,,False
,,2026_05_BAL_ATL,2026,5,2026-10-12T00:20:00+00:00,BAL,00-0040075,L.Wester,WR,receptions,3.5,0.05621,0.94379,1866,POSITION_2024_EMPIRICAL,,,,,False
,,2026_05_BAL_ATL,2026,5,2026-10-12T00:20:00+00:00,BAL,00-0040075,L.Wester,WR,receptions,4.5,0.021949,0.978051,1866,POSITION_2024_EMPIRICAL,,,,,False
,,2026_05_BAL_ATL,2026,5,2026-10-12T00:20:00+00:00,BAL,00-0040075,L.Wester,WR,receptions,5.5,0.01,0.99,1866,POSITION_2024_EMPIRICAL,,,,,False
,,2026_05_BAL_ATL,2026,5,2026-10-12T00:20:00+00:00,BAL,00-0040075,L.Wester,WR,receptions,6.5,0.01,0.99,1866,POSITION_2024_EMPIRICAL,,,,,False
,,2026_05_BAL_ATL,2026,5,2026-10-12T00:20:00+00:00,BAL,00-0040075,L.Wester,WR,receptions,7.5,0.01,0.99,1866,POSITION_2024_EMPIRICAL,,,,,False
,,2026_05_BAL_ATL,2026,5,2026-10-12T00:20:00+00:00,BAL,00-0040879,M.Hibner,TE,receiving_yards,24.5,0.336249,0.663751,1027,POSITION_2024_EMPIRICAL,,,,,False
,,2026_05_BAL_ATL,2026,5,2026-10-12T00:20:00+00:00,BAL,00-0040879,M.Hibner,TE,receiving_yards,39.5,0.156463,0.843537,1027,POSITION_2024_EMPIRICAL,,,,,False
,,2026_05_BAL_ATL,2026,5,2026-10-12T00:20:00+00:00,BAL,00-0040879,M.Hibner,TE,receiving_yards,49.5,0.094266,0.905734,1027,POSITION_2024_EMPIRICAL,,,,,False
,,2026_05_BAL_ATL,2026,5,2026-10-12T00:20:00+00:00,BAL,00-0040879,M.Hibner,TE,receiving_yards,64.5,0.034985,0.965015,1027,POSITION_2024_EMPIRICAL,,,,,False
,,2026_05_BAL_ATL,2026,5,2026-10-12T00:20:00+00:00,BAL,00-0040879,M.Hibner,TE,receiving_yards,79.5,0.011662,0.988338,1027,POSITION_2024_EMPIRICAL,,,,,False
,,2026_05_BAL_ATL,2026,5,2026-10-12T00:20:00+00:00,BAL,00-0040879,M.Hibner,TE,receiving_yards,99.5,0.01,0.99,1027,POSITION_2024_EMPIRICAL,,,,,False
,,2026_05_BAL_ATL,2026,5,2026-10-12T00:20:00+00:00,BAL,00-0040879,M.Hibner,TE,receiving_yards,124.5,0.01,0.99,1027,POSITION_2024_EMPIRICAL,,,,,False
,,2026_05_BAL_ATL,2026,5,2026-10-12T00:20:00+00:00,BAL,00-0040879,M.Hibner,TE,receptions,1.5,0.419981,0.580019,1029,POSITION_2024_EMPIRICAL,,,,,False
,,2026_05_BAL_ATL,2026,5,2026-10-12T00:20:00+00:00,BAL,00-0040879,M.Hibner,TE,receptions,2.5,0.213385,0.786615,1029,POSITION_2024_EMPIRICAL,,,,,False
,,2026_05_BAL_ATL,2026,5,2026-10-12T00:20:00+00:00,BAL,00-0040879,M.Hibner,TE,receptions,3.5,0.109602,0.890398,1029,POSITION_2024_EMPIRICAL,,,,,False
,,2026_05_BAL_ATL,2026,5,2026-10-12T00:20:00+00:00,BAL,00-0040879,M.Hibner,TE,receptions,4.5,0.056256,0.943744,1029,POSITION_2024_EMPIRICAL,,,,,False
,,2026_05_BAL_ATL,2026,5,2026-10-12T00:20:00+00:00,BAL,00-0040879,M.Hibner,TE,receptions,5.5,0.024248,0.975752,1029,POSITION_2024_EMPIRICAL,,,,,False
,,2026_05_BAL_ATL,2026,5,2026-10-12T00:20:00+00:00,BAL,00-0040879,M.Hibner,TE,receptions,6.5,0.01,0.99,1029,POSITION_2024_EMPIRICAL,,,,,False
,,2026_05_BAL_ATL,2026,5,2026-10-12T00:20:00+00:00,BAL,00-0040879,M.Hibner,TE,receptions,7.5,0.01,0.99,1029,POSITION_2024_EMPIRICAL,,,,,False
,,2026_05_BUF_LA,2026,5,2026-10-13T00:15:00+00:00,BUF,00-0034827,D.Moore,WR,receiving_yards,24.5,0.708915,0.291085,1860,POSITION_2024_EMPIRICAL,,,,,False
,,2026_05_BUF_LA,2026,5,2026-10-13T00:15:00+00:00,BUF,00-0034827,D.Moore,WR,receiving_yards,39.5,0.45435,0.54565,1860,POSITION_2024_EMPIRICAL,,,,,False
,,2026_05_BUF_LA,2026,5,2026-10-13T00:15:00+00:00,BUF,00-0034827,D.Moore,WR,receiving_yards,49.5,0.321697,0.678303,1860,POSITION_2024_EMPIRICAL,,,,,False
,,2026_05_BUF_LA,2026,5,2026-10-13T00:15:00+00:00,BUF,00-0034827,D.Moore,WR,receiving_yards,64.5,0.188507,0.811493,1860,POSITION_2024_EMPIRICAL,,,,,False
,,2026_05_BUF_LA,2026,5,2026-10-13T00:15:00+00:00,BUF,00-0034827,D.Moore,WR,receiving_yards,79.5,0.116004,0.883996,1860,POSITION_2024_EMPIRICAL,,,,,False
,,2026_05_BUF_LA,2026,5,2026-10-13T00:15:00+00:00,BUF,00-0034827,D.Moore,WR,receiving_yards,99.5,0.055854,0.944146,1860,POSITION_2024_EMPIRICAL,,,,,False
,,2026_05_BUF_LA,2026,5,2026-10-13T00:15:00+00:00,BUF,00-0034827,D.Moore,WR,receiving_yards,124.5,0.022019,0.977981,1860,POSITION_2024_EMPIRICAL,,,,,False
,,2026_05_BUF_LA,2026,5,2026-10-13T00:15:00+00:00,BUF,00-0034827,D.Moore,WR,receptions,1.5,0.767131,0.232869,1866,POSITION_2024_EMPIRICAL,,,,,False
,,2026_05_BUF_LA,2026,5,2026-10-13T00:15:00+00:00,BUF,00-0034827,D.Moore,WR,receptions,2.5,0.520878,0.479122,1866,POSITION_2024_EMPIRICAL,,,,,False
,,2026_05_BUF_LA,2026,5,2026-10-13T00:15:00+00:00,BUF,00-0034827,D.Moore,WR,receptions,3.5,0.296039,0.703961,1866,POSITION_2024_EMPIRICAL,,,,,False
,,2026_05_BUF_LA,2026,5,2026-10-13T00:15:00+00:00,BUF,00-0034827,D.Moore,WR,receptions,4.5,0.16863,0.83137,1866,POSITION_2024_EMPIRICAL,,,,,False
,,2026_05_BUF_LA,2026,5,2026-10-13T00:15:00+00:00,BUF,00-0034827,D.Moore,WR,receptions,5.5,0.084582,0.915418,1866,POSITION_2024_EMPIRICAL,,,,,False
,,2026_05_BUF_LA,2026,5,2026-10-13T00:15:00+00:00,BUF,00-0034827,D.Moore,WR,receptions,6.5,0.043897,0.956103,1866,POSITION_2024_EMPIRICAL,,,,,False
,,2026_05_BUF_LA,2026,5,2026-10-13T00:15:00+00:00,BUF,00-0034827,D.Moore,WR,receptions,7.5,0.018201,0.981799,1866,POSITION_2024_EMPIRICAL,,,,,False
,,2026_05_BUF_LA,2026,5,2026-10-13T00:15:00+00:00,BUF,00-0034827,D.Moore,WR,rushing_yards,19.5,0.013423,0.986577,445,POSITION_2024_EMPIRICAL,,,,,False
,,2026_05_BUF_LA,2026,5,2026-10-13T00:15:00+00:00,BUF,00-0034827,D.Moore,WR,rushing_yards,34.5,0.01,0.99,445,POSITION_2024_EMPIRICAL,,,,,False
,,2026_05_BUF_LA,2026,5,2026-10-13T00:15:00+00:00,BUF,00-0034827,D.Moore,WR,rushing_yards,49.5,0.01,0.99,445,POSITION_2024_EMPIRICAL,,,,,False
,,2026_05_BUF_LA,2026,5,2026-10-13T00:15:00+00:00,BUF,00-0034827,D.Moore,WR,rushing_yards,64.5,0.01,0.99,445,POSITION_2024_EMPIRICAL,,,,,False
,,2026_05_BUF_LA,2026,5,2026-10-13T00:15:00+00:00,BUF,00-0034827,D.Moore,WR,rushing_yards,79.5,0.01,0.99,445,POSITION_2024_EMPIRICAL,,,,,False
,,2026_05_BUF_LA,2026,5,2026-10-13T00:15:00+00:00,BUF,00-0034827,D.Moore,WR,rushing_yards,99.5,0.01,0.99,445,POSITION_2024_EMPIRICAL,,,,,False
,,2026_05_BUF_LA,2026,5,2026-10-13T00:15:00+00:00,BUF,00-0034827,D.Moore,WR,rushing_yards,124.5,0.01,0.99,445,POSITION_2024_EMPIRICAL,,,,,False
,,2026_05_BUF_LA,2026,5,2026-10-13T00:15:00+00:00,BUF,00-0034857,J.Allen,QB,passing_yards,149.5,0.734082,0.265918,532,POSITION_2024_EMPIRICAL,,,,,False
,,2026_05_BUF_LA,2026,5,2026-10-13T00:15:00+00:00,BUF,00-0034857,J.Allen,QB,passing_yards,174.5,0.659176,0.340824,532,POSITION_2024_EMPIRICAL,,,,,False
,,2026_05_BUF_LA,2026,5,2026-10-13T00:15:00+00:00,BUF,00-0034857,J.Allen,QB,passing_yards,199.5,0.582397,0.417603,532,POSITION_2024_EMPIRICAL,,,,,False
,,2026_05_BUF_LA,2026,5,2026-10-13T00:15:00+00:00,BUF,00-0034857,J.Allen,QB,passing_yards,224.5,0.492509,0.507491,532,POSITION_2024_EMPIRICAL,,,,,False
,,2026_05_BUF_LA,2026,5,2026-10-13T00:15:00+00:00,BUF,00-0034857,J.Allen,QB,passing_yards,249.5,0.348315,0.651685,532,POSITION_2024_EMPIRICAL,,,,,False
,,2026_05_BUF_LA,2026,5,2026-10-13T00:15:00+00:00,BUF,00-0034857,J.Allen,QB,passing_yards,274.5,0.273408,0.726592,532,POSITION_2024_EMPIRICAL,,,,,False
,,2026_05_BUF_LA,2026,5,2026-10-13T00:15:00+00:00,BUF,00-0034857,J.Allen,QB,passing_yards,299.5,0.207865,0.792135,532,POSITION_2024_EMPIRICAL,,,,,False
,,2026_05_BUF_LA,2026,5,2026-10-13T00:15:00+00:00,BUF,00-0034857,J.Allen,QB,rushing_yards,19.5,0.691511,0.308489,481,POSITION_2024_EMPIRICAL,,,,,False
,,2026_05_BUF_LA,2026,5,2026-10-13T00:15:00+00:00,BUF,00-0034857,J.Allen,QB,rushing_yards,34.5,0.244306,0.755694,481,POSITION_2024_EMPIRICAL,,,,,False
,,2026_05_BUF_LA,2026,5,2026-10-13T00:15:00+00:00,BUF,00-0034857,J.Allen,QB,rushing_yards,49.5,0.118012,0.881988,481,POSITION_2024_EMPIRICAL,,,,,False
,,2026_05_BUF_LA,2026,5,2026-10-13T00:15:00+00:00,BUF,00-0034857,J.Allen,QB,rushing_yards,64.5,0.043478,0.956522,481,POSITION_2024_EMPIRICAL,,,,,False
,,2026_05_BUF_LA,2026,5,2026-10-13T00:15:00+00:00,BUF,00-0034857,J.Allen,QB,rushing_yards,79.5,0.016563,0.983437,481,POSITION_2024_EMPIRICAL,,,,,False
,,2026_05_BUF_LA,2026,5,2026-10-13T00:15:00+00:00,BUF,00-0034857,J.Allen,QB,rushing_yards,99.5,0.01,0.99,481,POSITION_2024_EMPIRICAL,,,,,False
,,2026_05_BUF_LA,2026,5,2026-10-13T00:15:00+00:00,BUF,00-0034857,J.Allen,QB,rushing_yards,124.5,0.01,0.99,481,POSITION_2024_EMPIRICAL,,,,,False
,,2026_05_BUF_LA,2026,5,2026-10-13T00:15:00+00:00,BUF,00-0035689,D.Knox,TE,receiving_yards,24.5,0.150632,0.849368,1027,POSITION_2024_EMPIRICAL,,,,,False
,,2026_05_BUF_LA,2026,5,2026-10-13T00:15:00+00:00,BUF,00-0035689,D.Knox,TE,receiving_yards,39.5,0.075802,0.924198,1027,POSITION_2024_EMPIRICAL,,,,,False
,,2026_05_BUF_LA,2026,5,2026-10-13T00:15:00+00:00,BUF,00-0035689,D.Knox,TE,receiving_yards,49.5,0.03207,0.96793,1027,POSITION_2024_EMPIRICAL,,,,,False
,,2026_05_BUF_LA,2026,5,2026-10-13T00:15:00+00:00,BUF,00-0035689,D.Knox,TE,receiving_yards,64.5,0.011662,0.988338,1027,POSITION_2024_EMPIRICAL,,,,,False
,,2026_05_BUF_LA,2026,5,2026-10-13T00:15:00+00:00,BUF,00-0035689,D.Knox,TE,receiving_yards,79.5,0.01,0.99,1027,POSITION_2024_EMPIRICAL,,,,,False
,,2026_05_BUF_LA,2026,5,2026-10-13T00:15:00+00:00,BUF,00-0035689,D.Knox,TE,receiving_yards,99.5,0.01,0.99,1027,POSITION_2024_EMPIRICAL,,,,,False
,,2026_05_BUF_LA,2026,5,2026-10-13T00:15:00+00:00,BUF,00-0035689,D.Knox,TE,receiving_yards,124.5,0.01,0.99,1027,POSITION_2024_EMPIRICAL,,,,,False
,,2026_05_BUF_LA,2026,5,2026-10-13T00:15:00+00:00,BUF,00-0035689,D.Knox,TE,receptions,1.5,0.368574,0.631426,1029,POSITION_2024_EMPIRICAL,,,,,False
,,2026_05_BUF_LA,2026,5,2026-10-13T00:15:00+00:00,BUF,00-0035689,D.Knox,TE,receptions,2.5,0.192047,0.807953,1029,POSITION_2024_EMPIRICAL,,,,,False
,,2026_05_BUF_LA,2026,5,2026-10-13T00:15:00+00:00,BUF,00-0035689,D.Knox,TE,receptions,3.5,0.095053,0.904947,1029,POSITION_2024_EMPIRICAL,,,,,False
,,2026_05_BUF_LA,2026,5,2026-10-13T00:15:00+00:00,BUF,00-0035689,D.Knox,TE,receptions,4.5,0.048497,0.951503,1029,POSITION_2024_EMPIRICAL,,,,,False
,,2026_05_BUF_LA,2026,5,2026-10-13T00:15:00+00:00,BUF,00-0035689,D.Knox,TE,receptions,5.5,0.020369,0.979631,1029,POSITION_2024_EMPIRICAL,,,,,False
,,2026_05_BUF_LA,2026,5,2026-10-13T00:15:00+00:00,BUF,00-0035689,D.Knox,TE,receptions,6.5,0.01,0.99,1029,POSITION_2024_EMPIRICAL,,,,,False
,,2026_05_BUF_LA,2026,5,2026-10-13T00:15:00+00:00,BUF,00-0035689,D.Knox,TE,receptions,7.5,0.01,0.99,1029,POSITION_2024_EMPIRICAL,,,,,False
,,2026_05_BUF_LA,2026,5,2026-10-13T00:15:00+00:00,BUF,00-0036988,J.Palmer,WR,receiving_yards,24.5,0.416756,0.583244,1860,POSITION_2024_EMPIRICAL,,,,,False
,,2026_05_BUF_LA,2026,5,2026-10-13T00:15:00+00:00,BUF,00-0036988,J.Palmer,WR,receiving_yards,39.5,0.206767,0.793233,1860,POSITION_2024_EMPIRICAL,,,,,False
,,2026_05_BUF_LA,2026,5,2026-10-13T00:15:00+00:00,BUF,00-0036988,J.Palmer,WR,receiving_yards,49.5,0.131042,0.868958,1860,POSITION_2024_EMPIRICAL,,,,,False
,,2026_05_BUF_LA,2026,5,2026-10-13T00:15:00+00:00,BUF,00-0036988,J.Palmer,WR,receiving_yards,64.5,0.061762,0.938238,1860,POSITION_2024_EMPIRICAL,,,,,False
,,2026_05_BUF_LA,2026,5,2026-10-13T00:15:00+00:00,BUF,00-0036988,J.Palmer,WR,receiving_yards,79.5,0.030075,0.969925,1860,POSITION_2024_EMPIRICAL,,,,,False
,,2026_05_BUF_LA,2026,5,2026-10-13T00:15:00+00:00,BUF,00-0036988,J.Palmer,WR,receiving_yards,99.5,0.012889,0.987111,1860,POSITION_2024_EMPIRICAL,,,,,False
,,2026_05_BUF_LA,2026,5,2026-10-13T00:15:00+00:00,BUF,00-0036988,J.Palmer,WR,receiving_yards,124.5,0.01,0.99,1860,POSITION_2024_EMPIRICAL,,,,,False
,,2026_05_BUF_LA,2026,5,2026-10-13T00:15:00+00:00,BUF,00-0036988,J.Palmer,WR,receptions,1.5,0.277837,0.722163,1866,POSITION_2024_EMPIRICAL,,,,,False
,,2026_05_BUF_LA,2026,5,2026-10-13T00:15:00+00:00,BUF,00-0036988,J.Palmer,WR,receptions,2.5,0.144004,0.855996,1866,POSITION_2024_EMPIRICAL,,,,,False
,,2026_05_BUF_LA,2026,5,2026-10-13T00:15:00+00:00,BUF,00-0036988,J.Palmer,WR,receptions,3.5,0.066381,0.933619,1866,POSITION_2024_EMPIRICAL,,,,,False
,,2026_05_BUF_LA,2026,5,2026-10-13T00:15:00+00:00,BUF,00-0036988,J.Palmer,WR,receptions,4.5,0.028373,0.971627,1866,POSITION_2024_EMPIRICAL,,,,,False
,,2026_05_BUF_LA,2026,5,2026-10-13T00:15:00+00:00,BUF,00-0036988,J.Palmer,WR,receptions,5.5,0.01,0.99,1866,POSITION_2024_EMPIRICAL,,,,,False
,,2026_05_BUF_LA,2026,5,2026-10-13T00:15:00+00:00,BUF,00-0036988,J.Palmer,WR,receptions,6.5,0.01,0.99,1866,POSITION_2024_EMPIRICAL,,,,,False
,,2026_05_BUF_LA,2026,5,2026-10-13T00:15:00+00:00,BUF,00-0036988,J.Palmer,WR,receptions,7.5,0.01,0.99,1866,POSITION_2024_EMPIRICAL,,,,,False
,,2026_05_BUF_LA,2026,5,2026-10-13T00:15:00+00:00,BUF,00-0037248,J.Cook,RB,receiving_yards,24.5,0.089962,0.910038,1054,POSITION_2024_EMPIRICAL,,,,,False
,,2026_05_BUF_LA,2026,5,2026-10-13T00:15:00+00:00,BUF,00-0037248,J.Cook,RB,receiving_yards,39.5,0.035985,0.964015,1054,POSITION_2024_EMPIRICAL,,,,,False
,,2026_05_BUF_LA,2026,5,2026-10-13T00:15:00+00:00,BUF,00-0037248,J.Cook,RB,receiving_yards,49.5,0.023674,0.976326,1054,POSITION_2024_EMPIRICAL,,,,,False
,,2026_05_BUF_LA,2026,5,2026-10-13T00:15:00+00:00,BUF,00-0037248,J.Cook,RB,receiving_yards,64.5,0.01,0.99,1054,POSITION_2024_EMPIRICAL,,,,,False
,,2026_05_BUF_LA,2026,5,2026-10-13T00:15:00+00:00,BUF,00-0037248,J.Cook,RB,receiving_yards,79.5,0.01,0.99,1054,POSITION_2024_EMPIRICAL,,,,,False
,,2026_05_BUF_LA,2026,5,2026-10-13T00:15:00+00:00,BUF,00-0037248,J.Cook,RB,receiving_yards,99.5,0.01,0.99,1054,POSITION_2024_EMPIRICAL,,,,,False
,,2026_05_BUF_LA,2026,5,2026-10-13T00:15:00+00:00,BUF,00-0037248,J.Cook,RB,receiving_yards,124.5,0.01,0.99,1054,POSITION_2024_EMPIRICAL,,,,,False
,,2026_05_BUF_LA,2026,5,2026-10-13T00:15:00+00:00,BUF,00-0037248,J.Cook,RB,receptions,1.5,0.330869,0.669131,1080,POSITION_2024_EMPIRICAL,,,,,False
,,2026_05_BUF_LA,2026,5,2026-10-13T00:15:00+00:00,BUF,00-0037248,J.Cook,RB,receptions,2.5,0.17098,0.82902,1080,POSITION_2024_EMPIRICAL,,,,,False
,,2026_05_BUF_LA,2026,5,2026-10-13T00:15:00+00:00,BUF,00-0037248,J.Cook,RB,receptions,3.5,0.080407,0.919593,1080,POSITION_2024_EMPIRICAL,,,,,False
,,2026_05_BUF_LA,2026,5,2026-10-13T00:15:00+00:00,BUF,00-0037248,J.Cook,RB,receptions,4.5,0.027726,0.972274,1080,POSITION_2024_EMPIRICAL,,,,,False
,,2026_05_BUF_LA,2026,5,2026-10-13T00:15:00+00:00,BUF,00-0037248,J.Cook,RB,receptions,5.5,0.015712,0.984288,1080,POSITION_2024_EMPIRICAL,,,,,False
,,2026_05_BUF_LA,2026,5,2026-10-13T00:15:00+00:00,BUF,00-0037248,J.Cook,RB,receptions,6.5,0.01,0.99,1080,POSITION_2024_EMPIRICAL,,,,,False
,,2026_05_BUF_LA,2026,5,2026-10-13T00:15:00+00:00,BUF,00-0037248,J.Cook,RB,receptions,7.5,0.01,0.99,1080,POSITION_2024_EMPIRICAL,,,,,False
,,2026_05_BUF_LA,2026,5,2026-10-13T00:15:00+00:00,BUF,00-0037248,J.Cook,RB,rushing_yards,19.5,0.930602,0.069398,1194,POSITION_2024_EMPIRICAL,,,,,False
,,2026_05_BUF_LA,2026,5,2026-10-13T00:15:00+00:00,BUF,00-0037248,J.Cook,RB,rushing_yards,34.5,0.878763,0.121237,1194,POSITION_2024_EMPIRICAL,,,,,False
,,2026_05_BUF_LA,2026,5,2026-10-13T00:15:00+00:00,BUF,00-0037248,J.Cook,RB,rushing_yards,49.5,0.805184,0.194816,1194,POSITION_2024_EMPIRICAL,,,,,False
,,2026_05_BUF_LA,2026,5,2026-10-13T00:15:00+00:00,BUF,00-0037248,J.Cook,RB,rushing_yards,64.5,0.706522,0.293478,1194,POSITION_2024_EMPIRICAL,,,,,False
,,2026_05_BUF_LA,2026,5,2026-10-13T00:15:00+00:00,BUF,00-0037248,J.Cook,RB,rushing_yards,79.5,0.591137,0.408863,1194,POSITION_2024_EMPIRICAL,,,,,False
,,2026_05_BUF_LA,2026,5,2026-10-13T00:15:00+00:00,BUF,00-0037248,J.Cook,RB,rushing_yards,99.5,0.408027,0.591973,1194,POSITION_2024_EMPIRICAL,,,,,False
,,2026_05_BUF_LA,2026,5,2026-10-13T00:15:00+00:00,BUF,00-0037248,J.Cook,RB,rushing_yards,124.5,0.260033,0.739967,1194,POSITION_2024_EMPIRICAL,,,,,False
,,2026_05_BUF_LA,2026,5,2026-10-13T00:15:00+00:00,BUF,00-0037261,K.Shakir,WR,receiving_yards,24.5,0.705156,0.294844,1860,POSITION_2024_EMPIRICAL,,,,,False
,,2026_05_BUF_LA,2026,5,2026-10-13T00:15:00+00:00,BUF,00-0037261,K.Shakir,WR,receiving_yards,39.5,0.446831,0.553169,1860,POSITION_2024_EMPIRICAL,,,,,False
,,2026_05_BUF_LA,2026,5,2026-10-13T00:15:00+00:00,BUF,00-0037261,K.Shakir,WR,receiving_yards,49.5,0.316327,0.683673,1860,POSITION_2024_EMPIRICAL,,,,,False
,,2026_05_BUF_LA,2026,5,2026-10-13T00:15:00+00:00,BUF,00-0037261,K.Shakir,WR,receiving_yards,64.5,0.185285,0.814715,1860,POSITION_2024_EMPIRICAL,,,,,False
,,2026_05_BUF_LA,2026,5,2026-10-13T00:15:00+00:00,BUF,00-0037261,K.Shakir,WR,receiving_yards,79.5,0.112245,0.887755,1860,POSITION_2024_EMPIRICAL,,,,,False
,,2026_05_BUF_LA,2026,5,2026-10-13T00:15:00+00:00,BUF,00-0037261,K.Shakir,WR,receiving_yards,99.5,0.05478,0.94522,1860,POSITION_2024_EMPIRICAL,,,,,False
,,2026_05_BUF_LA,2026,5,2026-10-13T00:15:00+00:00,BUF,00-0037261,K.Shakir,WR,receiving_yards,124.5,0.021482,0.978518,1860,POSITION_2024_EMPIRICAL,,,,,False
,,2026_05_BUF_LA,2026,5,2026-10-13T00:15:00+00:00,BUF,00-0037261,K.Shakir,WR,receptions,1.5,0.828694,0.171306,1866,POSITION_2024_EMPIRICAL,,,,,False
,,2026_05_BUF_LA,2026,5,2026-10-13T00:15:00+00:00,BUF,00-0037261,K.Shakir,WR,receptions,2.5,0.675054,0.324946,1866,POSITION_2024_EMPIRICAL,,,,,False
,,2026_05_BUF_LA,2026,5,2026-10-13T00:15:00+00:00,BUF,00-0037261,K.Shakir,WR,receptions,3.5,0.430407,0.569593,1866,POSITION_2024_EMPIRICAL,,,,,False
,,2026_05_BUF_LA,2026,5,2026-10-13T00:15:00+00:00,BUF,00-0037261,K.Shakir,WR,receptions,4.5,0.276231,0.723769,1866,POSITION_2024_EMPIRICAL,,,,,False
,,2026_05_BUF_LA,2026,5,2026-10-13T00:15:00+00:00,BUF,00-0037261,K.Shakir,WR,receptions,5.5,0.170236,0.829764,1866,POSITION_2024_EMPIRICAL,,,,,False
,,2026_05_BUF_LA,2026,5,2026-10-13T00:15:00+00:00,BUF,00-0037261,K.Shakir,WR,receptions,6.5,0.095824,0.904176,1866,POSITION_2024_EMPIRICAL,,,,,False
,,2026_05_BUF_LA,2026,5,2026-10-13T00:15:00+00:00,BUF,00-0037261,K.Shakir,WR,receptions,7.5,0.058351,0.941649,1866,POSITION_2024_EMPIRICAL,,,,,False
,,2026_05_BUF_LA,2026,5,2026-10-13T00:15:00+00:00,BUF,00-0038933,D.Kincaid,TE,receiving_yards,24.5,0.895044,0.104956,1027,POSITION_2024_EMPIRICAL,,,,,False
,,2026_05_BUF_LA,2026,5,2026-10-13T00:15:00+00:00,BUF,00-0038933,D.Kincaid,TE,receiving_yards,39.5,0.784257,0.215743,1027,POSITION_2024_EMPIRICAL,,,,,False
,,2026_05_BUF_LA,2026,5,2026-10-13T00:15:00+00:00,BUF,00-0038933,D.Kincaid,TE,receiving_yards,49.5,0.660836,0.339164,1027,POSITION_2024_EMPIRICAL,,,,,False
,,2026_05_BUF_LA,2026,5,2026-10-13T00:15:00+00:00,BUF,00-0038933,D.Kincaid,TE,receiving_yards,64.5,0.400389,0.599611,1027,POSITION_2024_EMPIRICAL,,,,,False
,,2026_05_BUF_LA,2026,5,2026-10-13T00:15:00+00:00,BUF,00-0038933,D.Kincaid,TE,receiving_yards,79.5,0.268222,0.731778,1027,POSITION_2024_EMPIRICAL,,,,,False
,,2026_05_BUF_LA,2026,5,2026-10-13T00:15:00+00:00,BUF,00-0038933,D.Kincaid,TE,receiving_yards,99.5,0.153547,0.846453,1027,POSITION_2024_EMPIRICAL,,,,,False
,,2026_05_BUF_LA,2026,5,2026-10-13T00:15:00+00:00,BUF,00-0038933,D.Kincaid,TE,receiving_yards,124.5,0.086492,0.913508,1027,POSITION_2024_EMPIRICAL,,,,,False
,,2026_05_BUF_LA,2026,5,2026-10-13T00:15:00+00:00,BUF,00-0038933,D.Kincaid,TE,receptions,1.5,0.865179,0.134821,1029,POSITION_2024_EMPIRICAL,,,,,False
,,2026_05_BUF_LA,2026,5,2026-10-13T00:15:00+00:00,BUF,00-0038933,D.Kincaid,TE,receptions,2.5,0.679922,0.320078,1029,POSITION_2024_EMPIRICAL,,,,,False
,,2026_05_BUF_LA,2026,5,2026-10-13T00:15:00+00:00,BUF,00-0038933,D.Kincaid,TE,receptions,3.5,0.42483,0.57517,1029,POSITION_2024_EMPIRICAL,,,,,False
,,2026_05_BUF_LA,2026,5,2026-10-13T00:15:00+00:00,BUF,00-0038933,D.Kincaid,TE,receptions,4.5,0.264791,0.735209,1029,POSITION_2024_EMPIRICAL,,,,,False
,,2026_05_BUF_LA,2026,5,2026-10-13T00:15:00+00:00,BUF,00-0038933,D.Kincaid,TE,receptions,5.5,0.161009,0.838991,1029,POSITION_2024_EMPIRICAL,,,,,False
,,2026_05_BUF_LA,2026,5,2026-10-13T00:15:00+00:00,BUF,00-0038933,D.Kincaid,TE,receptions,6.5,0.095053,0.904947,1029,POSITION_2024_EMPIRICAL,,,,,False
,,2026_05_BUF_LA,2026,5,2026-10-13T00:15:00+00:00,BUF,00-0038933,D.Kincaid,TE,receptions,7.5,0.062076,0.937924,1029,POSITION_2024_EMPIRICAL,,,,,False
,,2026_05_BUF_LA,2026,5,2026-10-13T00:15:00+00:00,BUF,00-0039875,R.Davis,RB,receiving_yards,24.5,0.069129,0.930871,1054,POSITION_2024_EMPIRICAL,,,,,False
,,2026_05_BUF_LA,2026,5,2026-10-13T00:15:00+00:00,BUF,00-0039875,R.Davis,RB,receiving_yards,39.5,0.03125,0.96875,1054,POSITION_2024_EMPIRICAL,,,,,False
,,2026_05_BUF_LA,2026,5,2026-10-13T00:15:00+00:00,BUF,00-0039875,R.Davis,RB,receiving_yards,49.5,0.017992,0.982008,1054,POSITION_2024_EMPIRICAL,,,,,False
,,2026_05_BUF_LA,2026,5,2026-10-13T00:15:00+00:00,BUF,00-0039875,R.Davis,RB,receiving_yards,64.5,0.01,0.99,1054,POSITION_2024_EMPIRICAL,,,,,False
,,2026_05_BUF_LA,2026,5,2026-10-13T00:15:00+00:00,BUF,00-0039875,R.Davis,RB,receiving_yards,79.5,0.01,0.99,1054,POSITION_2024_EMPIRICAL,,,,,False
,,2026_05_BUF_LA,2026,5,2026-10-13T00:15:00+00:00,BUF,00-0039875,R.Davis,RB,receiving_yards,99.5,0.01,0.99,1054,POSITION_2024_EMPIRICAL,,,,,False
,,2026_05_BUF_LA,2026,5,2026-10-13T00:15:00+00:00,BUF,00-0039875,R.Davis,RB,receiving_yards,124.5,0.01,0.99,1054,POSITION_2024_EMPIRICAL,,,,,False
,,2026_05_BUF_LA,2026,5,2026-10-13T00:15:00+00:00,BUF,00-0039875,R.Davis,RB,receptions,1.5,0.155268,0.844732,1080,POSITION_2024_EMPIRICAL,,,,,False
,,2026_05_BUF_LA,2026,5,2026-10-13T00:15:00+00:00,BUF,00-0039875,R.Davis,RB,receptions,2.5,0.073937,0.926063,1080,POSITION_2024_EMPIRICAL,,,,,False
,,2026_05_BUF_LA,2026,5,2026-10-13T00:15:00+00:00,BUF,00-0039875,R.Davis,RB,receptions,3.5,0.022181,0.977819,1080,POSITION_2024_EMPIRICAL,,,,,False
,,2026_05_BUF_LA,2026,5,2026-10-13T00:15:00+00:00,BUF,00-0039875,R.Davis,RB,receptions,4.5,0.014787,0.985213,1080,POSITION_2024_EMPIRICAL,,,,,False
,,2026_05_BUF_LA,2026,5,2026-10-13T00:15:00+00:00,BUF,00-0039875,R.Davis,RB,receptions,5.5,0.01,0.99,1080,POSITION_2024_EMPIRICAL,,,,,False
,,2026_05_BUF_LA,2026,5,2026-10-13T00:15:00+00:00,BUF,00-0039875,R.Davis,RB,receptions,6.5,0.01,0.99,1080,POSITION_2024_EMPIRICAL,,,,,False
,,2026_05_BUF_LA,2026,5,2026-10-13T00:15:00+00:00,BUF,00-0039875,R.Davis,RB,receptions,7.5,0.01,0.99,1080,POSITION_2024_EMPIRICAL,,,,,False
,,2026_05_BUF_LA,2026,5,2026-10-13T00:15:00+00:00,BUF,00-0039875,R.Davis,RB,rushing_yards,19.5,0.156355,0.843645,1194,POSITION_2024_EMPIRICAL,,,,,False
,,2026_05_BUF_LA,2026,5,2026-10-13T00:15:00+00:00,BUF,00-0039875,R.Davis,RB,rushing_yards,34.5,0.061873,0.938127,1194,POSITION_2024_EMPIRICAL,,,,,False
,,2026_05_BUF_LA,2026,5,2026-10-13T00:15:00+00:00,BUF,00-0039875,R.Davis,RB,rushing_yards,49.5,0.028428,0.971572,1194,POSITION_2024_EMPIRICAL,,,,,False
,,2026_05_BUF_LA,2026,5,2026-10-13T00:15:00+00:00,BUF,00-0039875,R.Davis,RB,rushing_yards,64.5,0.013378,0.986622,1194,POSITION_2024_EMPIRICAL,,,,,False
,,2026_05_BUF_LA,2026,5,2026-10-13T00:15:00+00:00,BUF,00-0039875,R.Davis,RB,rushing_yards,79.5,0.01,0.99,1194,POSITION_2024_EMPIRICAL,,,,,False
,,2026_05_BUF_LA,2026,5,2026-10-13T00:15:00+00:00,BUF,00-0039875,R.Davis,RB,rushing_yards,99.5,0.01,0.99,1194,POSITION_2024_EMPIRICAL,,,,,False
,,2026_05_BUF_LA,2026,5,2026-10-13T00:15:00+00:00,BUF,00-0039875,R.Davis,RB,rushing_yards,124.5,0.01,0.99,1194,POSITION_2024_EMPIRICAL,,,,,False
,,2026_05_BUF_LA,2026,5,2026-10-13T00:15:00+00:00,BUF,00-0039901,K.Coleman,WR,receiving_yards,24.5,0.777658,0.222342,1860,POSITION_2024_EMPIRICAL,,,,,False
,,2026_05_BUF_LA,2026,5,2026-10-13T00:15:00+00:00,BUF,00-0039901,K.Coleman,WR,receiving_yards,39.5,0.597744,0.402256,1860,POSITION_2024_EMPIRICAL,,,,,False
,,2026_05_BUF_LA,2026,5,2026-10-13T00:15:00+00:00,BUF,00-0039901,K.Coleman,WR,receiving_yards,49.5,0.433942,0.566058,1860,POSITION_2024_EMPIRICAL,,,,,False
,,2026_05_BUF_LA,2026,5,2026-10-13T00:15:00+00:00,BUF,00-0039901,K.Coleman,WR,receiving_yards,64.5,0.281418,0.718582,1860,POSITION_2024_EMPIRICAL,,,,,False
,,2026_05_BUF_LA,2026,5,2026-10-13T00:15:00+00:00,BUF,00-0039901,K.Coleman,WR,receiving_yards,79.5,0.17884,0.82116,1860,POSITION_2024_EMPIRICAL,,,,,False
,,2026_05_BUF_LA,2026,5,2026-10-13T00:15:00+00:00,BUF,00-0039901,K.Coleman,WR,receiving_yards,99.5,0.103115,0.896885,1860,POSITION_2024_EMPIRICAL,,,,,False
,,2026_05_BUF_LA,2026,5,2026-10-13T00:15:00+00:00,BUF,00-0039901,K.Coleman,WR,receiving_yards,124.5,0.046724,0.953276,1860,POSITION_2024_EMPIRICAL,,,,,False
,,2026_05_BUF_LA,2026,5,2026-10-13T00:15:00+00:00,BUF,00-0039901,K.Coleman,WR,receptions,1.5,0.811028,0.188972,1866,POSITION_2024_EMPIRICAL,,,,,False
,,2026_05_BUF_LA,2026,5,2026-10-13T00:15:00+00:00,BUF,00-0039901,K.Coleman,WR,receptions,2.5,0.640257,0.359743,1866,POSITION_2024_EMPIRICAL,,,,,False
,,2026_05_BUF_LA,2026,5,2026-10-13T00:15:00+00:00,BUF,00-0039901,K.Coleman,WR,receptions,3.5,0.366702,0.633298,1866,POSITION_2024_EMPIRICAL,,,,,False
,,2026_05_BUF_LA,2026,5,2026-10-13T00:15:00+00:00,BUF,00-0039901,K.Coleman,WR,receptions,4.5,0.238758,0.761242,1866,POSITION_2024_EMPIRICAL,,,,,False
,,2026_05_BUF_LA,2026,5,2026-10-13T00:15:00+00:00,BUF,00-0039901,K.Coleman,WR,receptions,5.5,0.142934,0.857066,1866,POSITION_2024_EMPIRICAL,,,,,False
,,2026_05_BUF_LA,2026,5,2026-10-13T00:15:00+00:00,BUF,00-0039901,K.Coleman,WR,receptions,6.5,0.0803,0.9197,1866,POSITION_2024_EMPIRICAL,,,,,False
,,2026_05_BUF_LA,2026,5,2026-10-13T00:15:00+00:00,BUF,00-0039901,K.Coleman,WR,receptions,7.5,0.042291,0.957709,1866,POSITION_2024_EMPIRICAL,,,,,False
,,2026_05_BUF_LA,2026,5,2026-10-13T00:15:00+00:00,LA,00-0026498,M.Stafford,QB,passing_yards,149.5,0.810861,0.189139,532,POSITION_2024_EMPIRICAL,,,,,False
,,2026_05_BUF_LA,2026,5,2026-10-13T00:15:00+00:00,LA,00-0026498,M.Stafford,QB,passing_yards,174.5,0.79588,0.20412,532,POSITION_2024_EMPIRICAL,,,,,False
,,2026_05_BUF_LA,2026,5,2026-10-13T00:15:00+00:00,LA,00-0026498,M.Stafford,QB,passing_yards,199.5,0.76779,0.23221,532,POSITION_2024_EMPIRICAL,,,,,False
,,2026_05_BUF_LA,2026,5,2026-10-13T00:15:00+00:00,LA,00-0026498,M.Stafford,QB,passing_yards,224.5,0.728464,0.271536,532,POSITION_2024_EMPIRICAL,,,,,False
,,2026_05_BUF_LA,2026,5,2026-10-13T00:15:00+00:00,LA,00-0026498,M.Stafford,QB,passing_yards,249.5,0.670412,0.329588,532,POSITION_2024_EMPIRICAL,,,,,False
,,2026_05_BUF_LA,2026,5,2026-10-13T00:15:00+00:00,LA,00-0026498,M.Stafford,QB,passing_yards,274.5,0.629213,0.370787,532,POSITION_2024_EMPIRICAL,,,,,False
,,2026_05_BUF_LA,2026,5,2026-10-13T00:15:00+00:00,LA,00-0026498,M.Stafford,QB,passing_yards,299.5,0.56367,0.43633,532,POSITION_2024_EMPIRICAL,,,,,False
,,2026_05_BUF_LA,2026,5,2026-10-13T00:15:00+00:00,LA,00-0026498,M.Stafford,QB,rushing_yards,19.5,0.15735,0.84265,481,POSITION_2024_EMPIRICAL,,,,,False
,,2026_05_BUF_LA,2026,5,2026-10-13T00:15:00+00:00,LA,00-0026498,M.Stafford,QB,rushing_yards,34.5,0.060041,0.939959,481,POSITION_2024_EMPIRICAL,,,,,False
,,2026_05_BUF_LA,2026,5,2026-10-13T00:15:00+00:00,LA,00-0026498,M.Stafford,QB,rushing_yards,49.5,0.024845,0.975155,481,POSITION_2024_EMPIRICAL,,,,,False
,,2026_05_BUF_LA,2026,5,2026-10-13T00:15:00+00:00,LA,00-0026498,M.Stafford,QB,rushing_yards,64.5,0.01,0.99,481,POSITION_2024_EMPIRICAL,,,,,False
,,2026_05_BUF_LA,2026,5,2026-10-13T00:15:00+00:00,LA,00-0026498,M.Stafford,QB,rushing_yards,79.5,0.01,0.99,481,POSITION_2024_EMPIRICAL,,,,,False
,,2026_05_BUF_LA,2026,5,2026-10-13T00:15:00+00:00,LA,00-0026498,M.Stafford,QB,rushing_yards,99.5,0.01,0.99,481,POSITION_2024_EMPIRICAL,,,,,False
,,2026_05_BUF_LA,2026,5,2026-10-13T00:15:00+00:00,LA,00-0026498,M.Stafford,QB,rushing_yards,124.5,0.01,0.99,481,POSITION_2024_EMPIRICAL,,,,,False
,,2026_05_BUF_LA,2026,5,2026-10-13T00:15:00+00:00,LA,00-0031381,D.Adams,WR,receiving_yards,24.5,0.895274,0.104726,1860,POSITION_2024_EMPIRICAL,,,,,False
,,2026_05_BUF_LA,2026,5,2026-10-13T00:15:00+00:00,LA,00-0031381,D.Adams,WR,receiving_yards,39.5,0.825994,0.174006,1860,POSITION_2024_EMPIRICAL,,,,,False
,,2026_05_BUF_LA,2026,5,2026-10-13T00:15:00+00:00,LA,00-0031381,D.Adams,WR,receiving_yards,49.5,0.765843,0.234157,1860,POSITION_2024_EMPIRICAL,,,,,False
,,2026_05_BUF_LA,2026,5,2026-10-13T00:15:00+00:00,LA,00-0031381,D.Adams,WR,receiving_yards,64.5,0.666488,0.333512,1860,POSITION_2024_EMPIRICAL,,,,,False
,,2026_05_BUF_LA,2026,5,2026-10-13T00:15:00+00:00,LA,00-0031381,D.Adams,WR,receiving_yards,79.5,0.531149,0.468851,1860,POSITION_2024_EMPIRICAL,,,,,False
,,2026_05_BUF_LA,2026,5,2026-10-13T00:15:00+00:00,LA,00-0031381,D.Adams,WR,receiving_yards,99.5,0.359291,0.640709,1860,POSITION_2024_EMPIRICAL,,,,,False
,,2026_05_BUF_LA,2026,5,2026-10-13T00:15:00+00:00,LA,00-0031381,D.Adams,WR,receiving_yards,124.5,0.235231,0.764769,1860,POSITION_2024_EMPIRICAL,,,,,False
,,2026_05_BUF_LA,2026,5,2026-10-13T00:15:00+00:00,LA,00-0031381,D.Adams,WR,receptions,1.5,0.897752,0.102248,1866,POSITION_2024_EMPIRICAL,,,,,False
,,2026_05_BUF_LA,2026,5,2026-10-13T00:15:00+00:00,LA,00-0031381,D.Adams,WR,receptions,2.5,0.816381,0.183619,1866,POSITION_2024_EMPIRICAL,,,,,False
,,2026_05_BUF_LA,2026,5,2026-10-13T00:15:00+00:00,LA,00-0031381,D.Adams,WR,receptions,3.5,0.723233,0.276767,1866,POSITION_2024_EMPIRICAL,,,,,False
,,2026_05_BUF_LA,2026,5,2026-10-13T00:15:00+00:00,LA,00-0031381,D.Adams,WR,receptions,4.5,0.551927,0.448073,1866,POSITION_2024_EMPIRICAL,,,,,False
,,2026_05_BUF_LA,2026,5,2026-10-13T00:15:00+00:00,LA,00-0031381,D.Adams,WR,receptions,5.5,0.366702,0.633298,1866,POSITION_2024_EMPIRICAL,,,,,False
,,2026_05_BUF_LA,2026,5,2026-10-13T00:15:00+00:00,LA,00-0031381,D.Adams,WR,receptions,6.5,0.277302,0.722698,1866,POSITION_2024_EMPIRICAL,,,,,False
,,2026_05_BUF_LA,2026,5,2026-10-13T00:15:00+00:00,LA,00-0031381,D.Adams,WR,receptions,7.5,0.19379,0.80621,1866,POSITION_2024_EMPIRICAL,,,,,False
,,2026_05_BUF_LA,2026,5,2026-10-13T00:15:00+00:00,LA,00-0033110,T.Higbee,TE,receiving_yards,24.5,0.813411,0.186589,1027,POSITION_2024_EMPIRICAL,,,,,False
,,2026_05_BUF_LA,2026,5,2026-10-13T00:15:00+00:00,LA,00-0033110,T.Higbee,TE,receiving_yards,39.5,0.532556,0.467444,1027,POSITION_2024_EMPIRICAL,,,,,False
,,2026_05_BUF_LA,2026,5,2026-10-13T00:15:00+00:00,LA,00-0033110,T.Higbee,TE,receiving_yards,49.5,0.328474,0.671526,1027,POSITION_2024_EMPIRICAL,,,,,False
,,2026_05_BUF_LA,2026,5,2026-10-13T00:15:00+00:00,LA,00-0033110,T.Higbee,TE,receiving_yards,64.5,0.205053,0.794947,1027,POSITION_2024_EMPIRICAL,,,,,False
,,2026_05_BUF_LA,2026,5,2026-10-13T00:15:00+00:00,LA,00-0033110,T.Higbee,TE,receiving_yards,79.5,0.110787,0.889213,1027,POSITION_2024_EMPIRICAL,,,,,False
,,2026_05_BUF_LA,2026,5,2026-10-13T00:15:00+00:00,LA,00-0033110,T.Higbee,TE,receiving_yards,99.5,0.046647,0.953353,1027,POSITION_2024_EMPIRICAL,,,,,False
,,2026_05_BUF_LA,2026,5,2026-10-13T00:15:00+00:00,LA,00-0033110,T.Higbee,TE,receiving_yards,124.5,0.013605,0.986395,1027,POSITION_2024_EMPIRICAL,,,,,False
,,2026_05_BUF_LA,2026,5,2026-10-13T00:15:00+00:00,LA,00-0033110,T.Higbee,TE,receptions,1.5,0.898157,0.101843,1029,POSITION_2024_EMPIRICAL,,,,,False
,,2026_05_BUF_LA,2026,5,2026-10-13T00:15:00+00:00,LA,00-0033110,T.Higbee,TE,receptions,2.5,0.825412,0.174588,1029,POSITION_2024_EMPIRICAL,,,,,False
,,2026_05_BUF_LA,2026,5,2026-10-13T00:15:00+00:00,LA,00-0033110,T.Higbee,TE,receptions,3.5,0.652764,0.347236,1029,POSITION_2024_EMPIRICAL,,,,,False
,,2026_05_BUF_LA,2026,5,2026-10-13T00:15:00+00:00,LA,00-0033110,T.Higbee,TE,receptions,4.5,0.451018,0.548982,1029,POSITION_2024_EMPIRICAL,,,,,False
,,2026_05_BUF_LA,2026,5,2026-10-13T00:15:00+00:00,LA,00-0033110,T.Higbee,TE,receptions,5.5,0.314258,0.685742,1029,POSITION_2024_EMPIRICAL,,,,,False
,,2026_05_BUF_LA,2026,5,2026-10-13T00:15:00+00:00,LA,00-0033110,T.Higbee,TE,receptions,6.5,0.213385,0.786615,1029,POSITION_2024_EMPIRICAL,,,,,False
,,2026_05_BUF_LA,2026,5,2026-10-13T00:15:00+00:00,LA,00-0033110,T.Higbee,TE,receptions,7.5,0.14549,0.85451,1029,POSITION_2024_EMPIRICAL,,,,,False
,,2026_05_BUF_LA,2026,5,2026-10-13T00:15:00+00:00,LA,00-0036244,C.Parkinson,TE,receiving_yards,24.5,0.147716,0.852284,1027,POSITION_2024_EMPIRICAL,,,,,False
,,2026_05_BUF_LA,2026,5,2026-10-13T00:15:00+00:00,LA,00-0036244,C.Parkinson,TE,receiving_yards,39.5,0.071914,0.928086,1027,POSITION_2024_EMPIRICAL,,,,,False
,,2026_05_BUF_LA,2026,5,2026-10-13T00:15:00+00:00,LA,00-0036244,C.Parkinson,TE,receiving_yards,49.5,0.031098,0.968902,1027,POSITION_2024_EMPIRICAL,,,,,False
,,2026_05_BUF_LA,2026,5,2026-10-13T00:15:00+00:00,LA,00-0036244,C.Parkinson,TE,receiving_yards,64.5,0.011662,0.988338,1027,POSITION_2024_EMPIRICAL,,,,,False
,,2026_05_BUF_LA,2026,5,2026-10-13T00:15:00+00:00,LA,00-0036244,C.Parkinson,TE,receiving_yards,79.5,0.01,0.99,1027,POSITION_2024_EMPIRICAL,,,,,False
,,2026_05_BUF_LA,2026,5,2026-10-13T00:15:00+00:00,LA,00-0036244,C.Parkinson,TE,receiving_yards,99.5,0.01,0.99,1027,POSITION_2024_EMPIRICAL,,,,,False
,,2026_05_BUF_LA,2026,5,2026-10-13T00:15:00+00:00,LA,00-0036244,C.Parkinson,TE,receiving_yards,124.5,0.01,0.99,1027,POSITION_2024_EMPIRICAL,,,,,False
,,2026_05_BUF_LA,2026,5,2026-10-13T00:15:00+00:00,LA,00-0036244,C.Parkinson,TE,receptions,1.5,0.266731,0.733269,1029,POSITION_2024_EMPIRICAL,,,,,False
,,2026_05_BUF_LA,2026,5,2026-10-13T00:15:00+00:00,LA,00-0036244,C.Parkinson,TE,receptions,2.5,0.13676,0.86324,1029,POSITION_2024_EMPIRICAL,,,,,False
,,2026_05_BUF_LA,2026,5,2026-10-13T00:15:00+00:00,LA,00-0036244,C.Parkinson,TE,receptions,3.5,0.071775,0.928225,1029,POSITION_2024_EMPIRICAL,,,,,False
,,2026_05_BUF_LA,2026,5,2026-10-13T00:15:00+00:00,LA,00-0036244,C.Parkinson,TE,receptions,4.5,0.032978,0.967022,1029,POSITION_2024_EMPIRICAL,,,,,False
,,2026_05_BUF_LA,2026,5,2026-10-13T00:15:00+00:00,LA,00-0036244,C.Parkinson,TE,receptions,5.5,0.015519,0.984481,1029,POSITION_2024_EMPIRICAL,,,,,False
,,2026_05_BUF_LA,2026,5,2026-10-13T00:15:00+00:00,LA,00-0036244,C.Parkinson,TE,receptions,6.5,0.01,0.99,1029,POSITION_2024_EMPIRICAL,,,,,False
,,2026_05_BUF_LA,2026,5,2026-10-13T00:15:00+00:00,LA,00-0036244,C.Parkinson,TE,receptions,7.5,0.01,0.99,1029,POSITION_2024_EMPIRICAL,,,,,False
,,2026_05_BUF_LA,2026,5,2026-10-13T00:15:00+00:00,LA,00-0037840,K.Williams,RB,receiving_yards,24.5,0.811553,0.188447,1054,POSITION_2024_EMPIRICAL,,,,,False
,,2026_05_BUF_LA,2026,5,2026-10-13T00:15:00+00:00,LA,00-0037840,K.Williams,RB,receiving_yards,39.5,0.447917,0.552083,1054,POSITION_2024_EMPIRICAL,,,,,False
,,2026_05_BUF_LA,2026,5,2026-10-13T00:15:00+00:00,LA,00-0037840,K.Williams,RB,receiving_yards,49.5,0.239583,0.760417,1054,POSITION_2024_EMPIRICAL,,,,,False
,,2026_05_BUF_LA,2026,5,2026-10-13T00:15:00+00:00,LA,00-0037840,K.Williams,RB,receiving_yards,64.5,0.105114,0.894886,1054,POSITION_2024_EMPIRICAL,,,,,False
,,2026_05_BUF_LA,2026,5,2026-10-13T00:15:00+00:00,LA,00-0037840,K.Williams,RB,receiving_yards,79.5,0.05303,0.94697,1054,POSITION_2024_EMPIRICAL,,,,,False
,,2026_05_BUF_LA,2026,5,2026-10-13T00:15:00+00:00,LA,00-0037840,K.Williams,RB,receiving_yards,99.5,0.024621,0.975379,1054,POSITION_2024_EMPIRICAL,,,,,False
,,2026_05_BUF_LA,2026,5,2026-10-13T00:15:00+00:00,LA,00-0037840,K.Williams,RB,receiving_yards,124.5,0.01,0.99,1054,POSITION_2024_EMPIRICAL,,,,,False
,,2026_05_BUF_LA,2026,5,2026-10-13T00:15:00+00:00,LA,00-0037840,K.Williams,RB,receptions,1.5,0.911275,0.088725,1080,POSITION_2024_EMPIRICAL,,,,,False
,,2026_05_BUF_LA,2026,5,2026-10-13T00:15:00+00:00,LA,00-0037840,K.Williams,RB,receptions,2.5,0.847505,0.152495,1080,POSITION_2024_EMPIRICAL,,,,,False
,,2026_05_BUF_LA,2026,5,2026-10-13T00:15:00+00:00,LA,00-0037840,K.Williams,RB,receptions,3.5,0.695009,0.304991,1080,POSITION_2024_EMPIRICAL,,,,,False
,,2026_05_BUF_LA,2026,5,2026-10-13T00:15:00+00:00,LA,00-0037840,K.Williams,RB,receptions,4.5,0.515712,0.484288,1080,POSITION_2024_EMPIRICAL,,,,,False
,,2026_05_BUF_LA,2026,5,2026-10-13T00:15:00+00:00,LA,00-0037840,K.Williams,RB,receptions,5.5,0.319778,0.680222,1080,POSITION_2024_EMPIRICAL,,,,,False
,,2026_05_BUF_LA,2026,5,2026-10-13T00:15:00+00:00,LA,00-0037840,K.Williams,RB,receptions,6.5,0.225508,0.774492,1080,POSITION_2024_EMPIRICAL,,,,,False
,,2026_05_BUF_LA,2026,5,2026-10-13T00:15:00+00:00,LA,00-0037840,K.Williams,RB,receptions,7.5,0.154344,0.845656,1080,POSITION_2024_EMPIRICAL,,,,,False
,,2026_05_BUF_LA,2026,5,2026-10-13T00:15:00+00:00,LA,00-0037840,K.Williams,RB,rushing_yards,19.5,0.892977,0.107023,1194,POSITION_2024_EMPIRICAL,,,,,False
,,2026_05_BUF_LA,2026,5,2026-10-13T00:15:00+00:00,LA,00-0037840,K.Williams,RB,rushing_yards,34.5,0.797659,0.202341,1194,POSITION_2024_EMPIRICAL,,,,,False
,,2026_05_BUF_LA,2026,5,2026-10-13T00:15:00+00:00,LA,00-0037840,K.Williams,RB,rushing_yards,49.5,0.651338,0.348662,1194,POSITION_2024_EMPIRICAL,,,,,False
,,2026_05_BUF_LA,2026,5,2026-10-13T00:15:00+00:00,LA,00-0037840,K.Williams,RB,rushing_yards,64.5,0.470736,0.529264,1194,POSITION_2024_EMPIRICAL,,,,,False
,,2026_05_BUF_LA,2026,5,2026-10-13T00:15:00+00:00,LA,00-0037840,K.Williams,RB,rushing_yards,79.5,0.316054,0.683946,1194,POSITION_2024_EMPIRICAL,,,,,False
,,2026_05_BUF_LA,2026,5,2026-10-13T00:15:00+00:00,LA,00-0037840,K.Williams,RB,rushing_yards,99.5,0.199833,0.800167,1194,POSITION_2024_EMPIRICAL,,,,,False
,,2026_05_BUF_LA,2026,5,2026-10-13T00:15:00+00:00,LA,00-0037840,K.Williams,RB,rushing_yards,124.5,0.104515,0.895485,1194,POSITION_2024_EMPIRICAL,,,,,False
,,2026_05_BUF_LA,2026,5,2026-10-13T00:15:00+00:00,LA,00-0039074,D.Allen,TE,receiving_yards,24.5,0.174927,0.825073,1027,POSITION_2024_EMPIRICAL,,,,,False
,,2026_05_BUF_LA,2026,5,2026-10-13T00:15:00+00:00,LA,00-0039074,D.Allen,TE,receiving_yards,39.5,0.083576,0.916424,1027,POSITION_2024_EMPIRICAL,,,,,False
,,2026_05_BUF_LA,2026,5,2026-10-13T00:15:00+00:00,LA,00-0039074,D.Allen,TE,receiving_yards,49.5,0.037901,0.962099,1027,POSITION_2024_EMPIRICAL,,,,,False
,,2026_05_BUF_LA,2026,5,2026-10-13T00:15:00+00:00,LA,00-0039074,D.Allen,TE,receiving_yards,64.5,0.013605,0.986395,1027,POSITION_2024_EMPIRICAL,,,,,False
,,2026_05_BUF_LA,2026,5,2026-10-13T00:15:00+00:00,LA,00-0039074,D.Allen,TE,receiving_yards,79.5,0.01,0.99,1027,POSITION_2024_EMPIRICAL,,,,,False
,,2026_05_BUF_LA,2026,5,2026-10-13T00:15:00+00:00,LA,00-0039074,D.Allen,TE,receiving_yards,99.5,0.01,0.99,1027,POSITION_2024_EMPIRICAL,,,,,False
,,2026_05_BUF_LA,2026,5,2026-10-13T00:15:00+00:00,LA,00-0039074,D.Allen,TE,receiving_yards,124.5,0.01,0.99,1027,POSITION_2024_EMPIRICAL,,,,,False
,,2026_05_BUF_LA,2026,5,2026-10-13T00:15:00+00:00,LA,00-0039074,D.Allen,TE,receptions,1.5,0.266731,0.733269,1029,POSITION_2024_EMPIRICAL,,,,,False
,,2026_05_BUF_LA,2026,5,2026-10-13T00:15:00+00:00,LA,00-0039074,D.Allen,TE,receptions,2.5,0.13676,0.86324,1029,POSITION_2024_EMPIRICAL,,,,,False
,,2026_05_BUF_LA,2026,5,2026-10-13T00:15:00+00:00,LA,00-0039074,D.Allen,TE,receptions,3.5,0.071775,0.928225,1029,POSITION_2024_EMPIRICAL,,,,,False
,,2026_05_BUF_LA,2026,5,2026-10-13T00:15:00+00:00,LA,00-0039074,D.Allen,TE,receptions,4.5,0.032978,0.967022,1029,POSITION_2024_EMPIRICAL,,,,,False
,,2026_05_BUF_LA,2026,5,2026-10-13T00:15:00+00:00,LA,00-0039074,D.Allen,TE,receptions,5.5,0.015519,0.984481,1029,POSITION_2024_EMPIRICAL,,,,,False
,,2026_05_BUF_LA,2026,5,2026-10-13T00:15:00+00:00,LA,00-0039074,D.Allen,TE,receptions,6.5,0.01,0.99,1029,POSITION_2024_EMPIRICAL,,,,,False
,,2026_05_BUF_LA,2026,5,2026-10-13T00:15:00+00:00,LA,00-0039074,D.Allen,TE,receptions,7.5,0.01,0.99,1029,POSITION_2024_EMPIRICAL,,,,,False
,,2026_05_BUF_LA,2026,5,2026-10-13T00:15:00+00:00,LA,00-0039738,B.Corum,RB,receiving_yards,24.5,0.085227,0.914773,1054,POSITION_2024_EMPIRICAL,,,,,False
,,2026_05_BUF_LA,2026,5,2026-10-13T00:15:00+00:00,LA,00-0039738,B.Corum,RB,receiving_yards,39.5,0.035038,0.964962,1054,POSITION_2024_EMPIRICAL,,,,,False
,,2026_05_BUF_LA,2026,5,2026-10-13T00:15:00+00:00,LA,00-0039738,B.Corum,RB,receiving_yards,49.5,0.020833,0.979167,1054,POSITION_2024_EMPIRICAL,,,,,False
,,2026_05_BUF_LA,2026,5,2026-10-13T00:15:00+00:00,LA,00-0039738,B.Corum,RB,receiving_yards,64.5,0.01,0.99,1054,POSITION_2024_EMPIRICAL,,,,,False
,,2026_05_BUF_LA,2026,5,2026-10-13T00:15:00+00:00,LA,00-0039738,B.Corum,RB,receiving_yards,79.5,0.01,0.99,1054,POSITION_2024_EMPIRICAL,,,,,False
,,2026_05_BUF_LA,2026,5,2026-10-13T00:15:00+00:00,LA,00-0039738,B.Corum,RB,receiving_yards,99.5,0.01,0.99,1054,POSITION_2024_EMPIRICAL,,,,,False
,,2026_05_BUF_LA,2026,5,2026-10-13T00:15:00+00:00,LA,00-0039738,B.Corum,RB,receiving_yards,124.5,0.01,0.99,1054,POSITION_2024_EMPIRICAL,,,,,False
,,2026_05_BUF_LA,2026,5,2026-10-13T00:15:00+00:00,LA,00-0039738,B.Corum,RB,receptions,1.5,0.257856,0.742144,1080,POSITION_2024_EMPIRICAL,,,,,False
,,2026_05_BUF_LA,2026,5,2026-10-13T00:15:00+00:00,LA,00-0039738,B.Corum,RB,receptions,2.5,0.113678,0.886322,1080,POSITION_2024_EMPIRICAL,,,,,False
,,2026_05_BUF_LA,2026,5,2026-10-13T00:15:00+00:00,LA,00-0039738,B.Corum,RB,receptions,3.5,0.051756,0.948244,1080,POSITION_2024_EMPIRICAL,,,,,False
,,2026_05_BUF_LA,2026,5,2026-10-13T00:15:00+00:00,LA,00-0039738,B.Corum,RB,receptions,4.5,0.019409,0.980591,1080,POSITION_2024_EMPIRICAL,,,,,False
,,2026_05_BUF_LA,2026,5,2026-10-13T00:15:00+00:00,LA,00-0039738,B.Corum,RB,receptions,5.5,0.011091,0.988909,1080,POSITION_2024_EMPIRICAL,,,,,False
,,2026_05_BUF_LA,2026,5,2026-10-13T00:15:00+00:00,LA,00-0039738,B.Corum,RB,receptions,6.5,0.01,0.99,1080,POSITION_2024_EMPIRICAL,,,,,False
,,2026_05_BUF_LA,2026,5,2026-10-13T00:15:00+00:00,LA,00-0039738,B.Corum,RB,receptions,7.5,0.01,0.99,1080,POSITION_2024_EMPIRICAL,,,,,False
,,2026_05_BUF_LA,2026,5,2026-10-13T00:15:00+00:00,LA,00-0039738,B.Corum,RB,rushing_yards,19.5,0.76087,0.23913,1194,POSITION_2024_EMPIRICAL,,,,,False
,,2026_05_BUF_LA,2026,5,2026-10-13T00:15:00+00:00,LA,00-0039738,B.Corum,RB,rushing_yards,34.5,0.478261,0.521739,1194,POSITION_2024_EMPIRICAL,,,,,False
,,2026_05_BUF_LA,2026,5,2026-10-13T00:15:00+00:00,LA,00-0039738,B.Corum,RB,rushing_yards,49.5,0.257525,0.742475,1194,POSITION_2024_EMPIRICAL,,,,,False
,,2026_05_BUF_LA,2026,5,2026-10-13T00:15:00+00:00,LA,00-0039738,B.Corum,RB,rushing_yards,64.5,0.138796,0.861204,1194,POSITION_2024_EMPIRICAL,,,,,False
,,2026_05_BUF_LA,2026,5,2026-10-13T00:15:00+00:00,LA,00-0039738,B.Corum,RB,rushing_yards,79.5,0.069398,0.930602,1194,POSITION_2024_EMPIRICAL,,,,,False
,,2026_05_BUF_LA,2026,5,2026-10-13T00:15:00+00:00,LA,00-0039738,B.Corum,RB,rushing_yards,99.5,0.029264,0.970736,1194,POSITION_2024_EMPIRICAL,,,,,False
,,2026_05_BUF_LA,2026,5,2026-10-13T00:15:00+00:00,LA,00-0039738,B.Corum,RB,rushing_yards,124.5,0.01087,0.98913,1194,POSITION_2024_EMPIRICAL,,,,,False
,,2026_05_BUF_LA,2026,5,2026-10-13T00:15:00+00:00,LA,00-0040590,K.Mumpfield,WR,receiving_yards,24.5,0.44898,0.55102,1860,POSITION_2024_EMPIRICAL,,,,,False
,,2026_05_BUF_LA,2026,5,2026-10-13T00:15:00+00:00,LA,00-0040590,K.Mumpfield,WR,receiving_yards,39.5,0.222879,0.777121,1860,POSITION_2024_EMPIRICAL,,,,,False
,,2026_05_BUF_LA,2026,5,2026-10-13T00:15:00+00:00,LA,00-0040590,K.Mumpfield,WR,receiving_yards,49.5,0.137487,0.862513,1860,POSITION_2024_EMPIRICAL,,,,,False
,,2026_05_BUF_LA,2026,5,2026-10-13T00:15:00+00:00,LA,00-0040590,K.Mumpfield,WR,receiving_yards,64.5,0.066058,0.933942,1860,POSITION_2024_EMPIRICAL,,,,,False
,,2026_05_BUF_LA,2026,5,2026-10-13T00:15:00+00:00,LA,00-0040590,K.Mumpfield,WR,receiving_yards,79.5,0.031686,0.968314,1860,POSITION_2024_EMPIRICAL,,,,,False
,,2026_05_BUF_LA,2026,5,2026-10-13T00:15:00+00:00,LA,00-0040590,K.Mumpfield,WR,receiving_yards,99.5,0.013963,0.986037,1860,POSITION_2024_EMPIRICAL,,,,,False
,,2026_05_BUF_LA,2026,5,2026-10-13T00:15:00+00:00,LA,00-0040590,K.Mumpfield,WR,receiving_yards,124.5,0.01,0.99,1860,POSITION_2024_EMPIRICAL,,,,,False
,,2026_05_BUF_LA,2026,5,2026-10-13T00:15:00+00:00,LA,00-0040590,K.Mumpfield,WR,receptions,1.5,0.366702,0.633298,1866,POSITION_2024_EMPIRICAL,,,,,False
,,2026_05_BUF_LA,2026,5,2026-10-13T00:15:00+00:00,LA,00-0040590,K.Mumpfield,WR,receptions,2.5,0.198073,0.801927,1866,POSITION_2024_EMPIRICAL,,,,,False
,,2026_05_BUF_LA,2026,5,2026-10-13T00:15:00+00:00,LA,00-0040590,K.Mumpfield,WR,receptions,3.5,0.095824,0.904176,1866,POSITION_2024_EMPIRICAL,,,,,False
,,2026_05_BUF_LA,2026,5,2026-10-13T00:15:00+00:00,LA,00-0040590,K.Mumpfield,WR,receptions,4.5,0.043897,0.956103,1866,POSITION_2024_EMPIRICAL,,,,,False
,,2026_05_BUF_LA,2026,5,2026-10-13T00:15:00+00:00,LA,00-0040590,K.Mumpfield,WR,receptions,5.5,0.015525,0.984475,1866,POSITION_2024_EMPIRICAL,,,,,False
,,2026_05_BUF_LA,2026,5,2026-10-13T00:15:00+00:00,LA,00-0040590,K.Mumpfield,WR,receptions,6.5,0.01,0.99,1866,POSITION_2024_EMPIRICAL,,,,,False
,,2026_05_BUF_LA,2026,5,2026-10-13T00:15:00+00:00,LA,00-0040590,K.Mumpfield,WR,receptions,7.5,0.01,0.99,1866,POSITION_2024_EMPIRICAL,,,,,False
,,2026_05_BUF_LA,2026,5,2026-10-13T00:15:00+00:00,LA,00-0040737,T.Ferguson,TE,receiving_yards,24.5,0.306122,0.693878,1027,POSITION_2024_EMPIRICAL,,,,,False
,,2026_05_BUF_LA,2026,5,2026-10-13T00:15:00+00:00,LA,00-0040737,T.Ferguson,TE,receiving_yards,39.5,0.137026,0.862974,1027,POSITION_2024_EMPIRICAL,,,,,False
,,2026_05_BUF_LA,2026,5,2026-10-13T00:15:00+00:00,LA,00-0040737,T.Ferguson,TE,receiving_yards,49.5,0.088435,0.911565,1027,POSITION_2024_EMPIRICAL,,,,,False
,,2026_05_BUF_LA,2026,5,2026-10-13T00:15:00+00:00,LA,00-0040737,T.Ferguson,TE,receiving_yards,64.5,0.030126,0.969874,1027,POSITION_2024_EMPIRICAL,,,,,False
,,2026_05_BUF_LA,2026,5,2026-10-13T00:15:00+00:00,LA,00-0040737,T.Ferguson,TE,receiving_yards,79.5,0.011662,0.988338,1027,POSITION_2024_EMPIRICAL,,,,,False
,,2026_05_BUF_LA,2026,5,2026-10-13T00:15:00+00:00,LA,00-0040737,T.Ferguson,TE,receiving_yards,99.5,0.01,0.99,1027,POSITION_2024_EMPIRICAL,,,,,False
,,2026_05_BUF_LA,2026,5,2026-10-13T00:15:00+00:00,LA,00-0040737,T.Ferguson,TE,receiving_yards,124.5,0.01,0.99,1027,POSITION_2024_EMPIRICAL,,,,,False
,,2026_05_BUF_LA,2026,5,2026-10-13T00:15:00+00:00,LA,00-0040737,T.Ferguson,TE,receptions,1.5,0.650824,0.349176,1029,POSITION_2024_EMPIRICAL,,,,,False
,,2026_05_BUF_LA,2026,5,2026-10-13T00:15:00+00:00,LA,00-0040737,T.Ferguson,TE,receptions,2.5,0.356935,0.643065,1029,POSITION_2024_EMPIRICAL,,,,,False
,,2026_05_BUF_LA,2026,5,2026-10-13T00:15:00+00:00,LA,00-0040737,T.Ferguson,TE,receptions,3.5,0.169738,0.830262,1029,POSITION_2024_EMPIRICAL,,,,,False
,,2026_05_BUF_LA,2026,5,2026-10-13T00:15:00+00:00,LA,00-0040737,T.Ferguson,TE,receptions,4.5,0.090204,0.909796,1029,POSITION_2024_EMPIRICAL,,,,,False
,,2026_05_BUF_LA,2026,5,2026-10-13T00:15:00+00:00,LA,00-0040737,T.Ferguson,TE,receptions,5.5,0.044617,0.955383,1029,POSITION_2024_EMPIRICAL,,,,,False
,,2026_05_BUF_LA,2026,5,2026-10-13T00:15:00+00:00,LA,00-0040737,T.Ferguson,TE,receptions,6.5,0.017459,0.982541,1029,POSITION_2024_EMPIRICAL,,,,,False
,,2026_05_BUF_LA,2026,5,2026-10-13T00:15:00+00:00,LA,00-0040737,T.Ferguson,TE,receptions,7.5,0.01,0.99,1029,POSITION_2024_EMPIRICAL,,,,,False
,,2026_05_CHI_GB,2026,5,2026-10-11T17:00:00+00:00,CHI,00-0032464,K.Raymond,WR,receiving_yards,24.5,0.782492,0.217508,1860,POSITION_2024_EMPIRICAL,,,,,False
,,2026_05_CHI_GB,2026,5,2026-10-11T17:00:00+00:00,CHI,00-0032464,K.Raymond,WR,receiving_yards,39.5,0.603652,0.396348,1860,POSITION_2024_EMPIRICAL,,,,,False
,,2026_05_CHI_GB,2026,5,2026-10-11T17:00:00+00:00,CHI,00-0032464,K.Raymond,WR,receiving_yards,49.5,0.448443,0.551557,1860,POSITION_2024_EMPIRICAL,,,,,False
,,2026_05_CHI_GB,2026,5,2026-10-11T17:00:00+00:00,CHI,00-0032464,K.Raymond,WR,receiving_yards,64.5,0.292159,0.707841,1860,POSITION_2024_EMPIRICAL,,,,,False
,,2026_05_CHI_GB,2026,5,2026-10-11T17:00:00+00:00,CHI,00-0032464,K.Raymond,WR,receiving_yards,79.5,0.186896,0.813104,1860,POSITION_2024_EMPIRICAL,,,,,False
,,2026_05_CHI_GB,2026,5,2026-10-11T17:00:00+00:00,CHI,00-0032464,K.Raymond,WR,receiving_yards,99.5,0.105263,0.894737,1860,POSITION_2024_EMPIRICAL,,,,,False
,,2026_05_CHI_GB,2026,5,2026-10-11T17:00:00+00:00,CHI,00-0032464,K.Raymond,WR,receiving_yards,124.5,0.048872,0.951128,1860,POSITION_2024_EMPIRICAL,,,,,False
,,2026_05_CHI_GB,2026,5,2026-10-11T17:00:00+00:00,CHI,00-0032464,K.Raymond,WR,receptions,1.5,0.892934,0.107066,1866,POSITION_2024_EMPIRICAL,,,,,False
,,2026_05_CHI_GB,2026,5,2026-10-11T17:00:00+00:00,CHI,00-0032464,K.Raymond,WR,receptions,2.5,0.809957,0.190043,1866,POSITION_2024_EMPIRICAL,,,,,False
,,2026_05_CHI_GB,2026,5,2026-10-11T17:00:00+00:00,CHI,00-0032464,K.Raymond,WR,receptions,3.5,0.678801,0.321199,1866,POSITION_2024_EMPIRICAL,,,,,False
,,2026_05_CHI_GB,2026,5,2026-10-11T17:00:00+00:00,CHI,00-0032464,K.Raymond,WR,receptions,4.5,0.514454,0.485546,1866,POSITION_2024_EMPIRICAL,,,,,False
,,2026_05_CHI_GB,2026,5,2026-10-11T17:00:00+00:00,CHI,00-0032464,K.Raymond,WR,receptions,5.5,0.351713,0.648287,1866,POSITION_2024_EMPIRICAL,,,,,False
,,2026_05_CHI_GB,2026,5,2026-10-11T17:00:00+00:00,CHI,00-0032464,K.Raymond,WR,receptions,6.5,0.253747,0.746253,1866,POSITION_2024_EMPIRICAL,,,,,False
,,2026_05_CHI_GB,2026,5,2026-10-11T17:00:00+00:00,CHI,00-0032464,K.Raymond,WR,receptions,7.5,0.176124,0.823876,1866,POSITION_2024_EMPIRICAL,,,,,False
,,2026_05_CHI_GB,2026,5,2026-10-11T17:00:00+00:00,CHI,00-0036275,D.Swift,RB,receiving_yards,24.5,0.264205,0.735795,1054,POSITION_2024_EMPIRICAL,,,,,False
,,2026_05_CHI_GB,2026,5,2026-10-11T17:00:00+00:00,CHI,00-0036275,D.Swift,RB,receiving_yards,39.5,0.089962,0.910038,1054,POSITION_2024_EMPIRICAL,,,,,False
,,2026_05_CHI_GB,2026,5,2026-10-11T17:00:00+00:00,CHI,00-0036275,D.Swift,RB,receiving_yards,49.5,0.049242,0.950758,1054,POSITION_2024_EMPIRICAL,,,,,False
,,2026_05_CHI_GB,2026,5,2026-10-11T17:00:00+00:00,CHI,00-0036275,D.Swift,RB,receiving_yards,64.5,0.023674,0.976326,1054,POSITION_2024_EMPIRICAL,,,,,False
,,2026_05_CHI_GB,2026,5,2026-10-11T17:00:00+00:00,CHI,00-0036275,D.Swift,RB,receiving_yards,79.5,0.01,0.99,1054,POSITION_2024_EMPIRICAL,,,,,False
,,2026_05_CHI_GB,2026,5,2026-10-11T17:00:00+00:00,CHI,00-0036275,D.Swift,RB,receiving_yards,99.5,0.01,0.99,1054,POSITION_2024_EMPIRICAL,,,,,False
,,2026_05_CHI_GB,2026,5,2026-10-11T17:00:00+00:00,CHI,00-0036275,D.Swift,RB,receiving_yards,124.5,0.01,0.99,1054,POSITION_2024_EMPIRICAL,,,,,False
,,2026_05_CHI_GB,2026,5,2026-10-11T17:00:00+00:00,CHI,00-0036275,D.Swift,RB,receptions,1.5,0.695933,0.304067,1080,POSITION_2024_EMPIRICAL,,,,,False
,,2026_05_CHI_GB,2026,5,2026-10-11T17:00:00+00:00,CHI,00-0036275,D.Swift,RB,receptions,2.5,0.330869,0.669131,1080,POSITION_2024_EMPIRICAL,,,,,False
,,2026_05_CHI_GB,2026,5,2026-10-11T17:00:00+00:00,CHI,00-0036275,D.Swift,RB,receptions,3.5,0.17098,0.82902,1080,POSITION_2024_EMPIRICAL,,,,,False
,,2026_05_CHI_GB,2026,5,2026-10-11T17:00:00+00:00,CHI,00-0036275,D.Swift,RB,receptions,4.5,0.080407,0.919593,1080,POSITION_2024_EMPIRICAL,,,,,False
,,2026_05_CHI_GB,2026,5,2026-10-11T17:00:00+00:00,CHI,00-0036275,D.Swift,RB,receptions,5.5,0.027726,0.972274,1080,POSITION_2024_EMPIRICAL,,,,,False
,,2026_05_CHI_GB,2026,5,2026-10-11T17:00:00+00:00,CHI,00-0036275,D.Swift,RB,receptions,6.5,0.015712,0.984288,1080,POSITION_2024_EMPIRICAL,,,,,False
,,2026_05_CHI_GB,2026,5,2026-10-11T17:00:00+00:00,CHI,00-0036275,D.Swift,RB,receptions,7.5,0.01,0.99,1080,POSITION_2024_EMPIRICAL,,,,,False
,,2026_05_CHI_GB,2026,5,2026-10-11T17:00:00+00:00,CHI,00-0036275,D.Swift,RB,rushing_yards,19.5,0.902174,0.097826,1194,POSITION_2024_EMPIRICAL,,,,,False
,,2026_05_CHI_GB,2026,5,2026-10-11T17:00:00+00:00,CHI,00-0036275,D.Swift,RB,rushing_yards,34.5,0.811037,0.188963,1194,POSITION_2024_EMPIRICAL,,,,,False
,,2026_05_CHI_GB,2026,5,2026-10-11T17:00:00+00:00,CHI,00-0036275,D.Swift,RB,rushing_yards,49.5,0.683946,0.316054,1194,POSITION_2024_EMPIRICAL,,,,,False
,,2026_05_CHI_GB,2026,5,2026-10-11T17:00:00+00:00,CHI,00-0036275,D.Swift,RB,rushing_yards,64.5,0.511706,0.488294,1194,POSITION_2024_EMPIRICAL,,,,,False
,,2026_05_CHI_GB,2026,5,2026-10-11T17:00:00+00:00,CHI,00-0036275,D.Swift,RB,rushing_yards,79.5,0.349498,0.650502,1194,POSITION_2024_EMPIRICAL,,,,,False
,,2026_05_CHI_GB,2026,5,2026-10-11T17:00:00+00:00,CHI,00-0036275,D.Swift,RB,rushing_yards,99.5,0.227425,0.772575,1194,POSITION_2024_EMPIRICAL,,,,,False
,,2026_05_CHI_GB,2026,5,2026-10-11T17:00:00+00:00,CHI,00-0036275,D.Swift,RB,rushing_yards,124.5,0.125418,0.874582,1194,POSITION_2024_EMPIRICAL,,,,,False
,,2026_05_CHI_GB,2026,5,2026-10-11T17:00:00+00:00,CHI,00-0036290,C.Kmet,TE,receiving_yards,24.5,0.204082,0.795918,1027,POSITION_2024_EMPIRICAL,,,,,False
,,2026_05_CHI_GB,2026,5,2026-10-11T17:00:00+00:00,CHI,00-0036290,C.Kmet,TE,receiving_yards,39.5,0.089407,0.910593,1027,POSITION_2024_EMPIRICAL,,,,,False
,,2026_05_CHI_GB,2026,5,2026-10-11T17:00:00+00:00,CHI,00-0036290,C.Kmet,TE,receiving_yards,49.5,0.045675,0.954325,1027,POSITION_2024_EMPIRICAL,,,,,False
,,2026_05_CHI_GB,2026,5,2026-10-11T17:00:00+00:00,CHI,00-0036290,C.Kmet,TE,receiving_yards,64.5,0.015549,0.984451,1027,POSITION_2024_EMPIRICAL,,,,,False
,,2026_05_CHI_GB,2026,5,2026-10-11T17:00:00+00:00,CHI,00-0036290,C.Kmet,TE,receiving_yards,79.5,0.01,0.99,1027,POSITION_2024_EMPIRICAL,,,,,False
,,2026_05_CHI_GB,2026,5,2026-10-11T17:00:00+00:00,CHI,00-0036290,C.Kmet,TE,receiving_yards,99.5,0.01,0.99,1027,POSITION_2024_EMPIRICAL,,,,,False
,,2026_05_CHI_GB,2026,5,2026-10-11T17:00:00+00:00,CHI,00-0036290,C.Kmet,TE,receiving_yards,124.5,0.01,0.99,1027,POSITION_2024_EMPIRICAL,,,,,False
,,2026_05_CHI_GB,2026,5,2026-10-11T17:00:00+00:00,CHI,00-0036290,C.Kmet,TE,receptions,1.5,0.266731,0.733269,1029,POSITION_2024_EMPIRICAL,,,,,False
,,2026_05_CHI_GB,2026,5,2026-10-11T17:00:00+00:00,CHI,00-0036290,C.Kmet,TE,receptions,2.5,0.13676,0.86324,1029,POSITION_2024_EMPIRICAL,,,,,False
,,2026_05_CHI_GB,2026,5,2026-10-11T17:00:00+00:00,CHI,00-0036290,C.Kmet,TE,receptions,3.5,0.071775,0.928225,1029,POSITION_2024_EMPIRICAL,,,,,False
,,2026_05_CHI_GB,2026,5,2026-10-11T17:00:00+00:00,CHI,00-0036290,C.Kmet,TE,receptions,4.5,0.032978,0.967022,1029,POSITION_2024_EMPIRICAL,,,,,False
,,2026_05_CHI_GB,2026,5,2026-10-11T17:00:00+00:00,CHI,00-0036290,C.Kmet,TE,receptions,5.5,0.015519,0.984481,1029,POSITION_2024_EMPIRICAL,,,,,False
,,2026_05_CHI_GB,2026,5,2026-10-11T17:00:00+00:00,CHI,00-0036290,C.Kmet,TE,receptions,6.5,0.01,0.99,1029,POSITION_2024_EMPIRICAL,,,,,False
,,2026_05_CHI_GB,2026,5,2026-10-11T17:00:00+00:00,CHI,00-0036290,C.Kmet,TE,receptions,7.5,0.01,0.99,1029,POSITION_2024_EMPIRICAL,,,,,False
,,2026_05_CHI_GB,2026,5,2026-10-11T17:00:00+00:00,CHI,00-0039919,R.Odunze,WR,receiving_yards,24.5,0.79753,0.20247,1860,POSITION_2024_EMPIRICAL,,,,,False
,,2026_05_CHI_GB,2026,5,2026-10-11T17:00:00+00:00,CHI,00-0039919,R.Odunze,WR,receiving_yards,39.5,0.628894,0.371106,1860,POSITION_2024_EMPIRICAL,,,,,False
,,2026_05_CHI_GB,2026,5,2026-10-11T17:00:00+00:00,CHI,00-0039919,R.Odunze,WR,receiving_yards,49.5,0.488185,0.511815,1860,POSITION_2024_EMPIRICAL,,,,,False
,,2026_05_CHI_GB,2026,5,2026-10-11T17:00:00+00:00,CHI,00-0039919,R.Odunze,WR,receiving_yards,64.5,0.321697,0.678303,1860,POSITION_2024_EMPIRICAL,,,,,False
,,2026_05_CHI_GB,2026,5,2026-10-11T17:00:00+00:00,CHI,00-0039919,R.Odunze,WR,receiving_yards,79.5,0.214286,0.785714,1860,POSITION_2024_EMPIRICAL,,,,,False
,,2026_05_CHI_GB,2026,5,2026-10-11T17:00:00+00:00,CHI,00-0039919,R.Odunze,WR,receiving_yards,99.5,0.126208,0.873792,1860,POSITION_2024_EMPIRICAL,,,,,False
,,2026_05_CHI_GB,2026,5,2026-10-11T17:00:00+00:00,CHI,00-0039919,R.Odunze,WR,receiving_yards,124.5,0.058002,0.941998,1860,POSITION_2024_EMPIRICAL,,,,,False
,,2026_05_CHI_GB,2026,5,2026-10-11T17:00:00+00:00,CHI,00-0039919,R.Odunze,WR,receptions,1.5,0.811028,0.188972,1866,POSITION_2024_EMPIRICAL,,,,,False
,,2026_05_CHI_GB,2026,5,2026-10-11T17:00:00+00:00,CHI,00-0039919,R.Odunze,WR,receptions,2.5,0.640257,0.359743,1866,POSITION_2024_EMPIRICAL,,,,,False
,,2026_05_CHI_GB,2026,5,2026-10-11T17:00:00+00:00,CHI,00-0039919,R.Odunze,WR,receptions,3.5,0.366702,0.633298,1866,POSITION_2024_EMPIRICAL,,,,,False
,,2026_05_CHI_GB,2026,5,2026-10-11T17:00:00+00:00,CHI,00-0039919,R.Odunze,WR,receptions,4.5,0.238758,0.761242,1866,POSITION_2024_EMPIRICAL,,,,,False
,,2026_05_CHI_GB,2026,5,2026-10-11T17:00:00+00:00,CHI,00-0039919,R.Odunze,WR,receptions,5.5,0.142934,0.857066,1866,POSITION_2024_EMPIRICAL,,,,,False
,,2026_05_CHI_GB,2026,5,2026-10-11T17:00:00+00:00,CHI,00-0039919,R.Odunze,WR,receptions,6.5,0.0803,0.9197,1866,POSITION_2024_EMPIRICAL,,,,,False
,,2026_05_CHI_GB,2026,5,2026-10-11T17:00:00+00:00,CHI,00-0039919,R.Odunze,WR,receptions,7.5,0.042291,0.957709,1866,POSITION_2024_EMPIRICAL,,,,,False
,,2026_05_CHI_GB,2026,5,2026-10-11T17:00:00+00:00,CHI,00-0040126,C.Loveland,TE,receiving_yards,24.5,0.328474,0.671526,1027,POSITION_2024_EMPIRICAL,,,,,False
,,2026_05_CHI_GB,2026,5,2026-10-11T17:00:00+00:00,CHI,00-0040126,C.Loveland,TE,receiving_yards,39.5,0.152575,0.847425,1027,POSITION_2024_EMPIRICAL,,,,,False
,,2026_05_CHI_GB,2026,5,2026-10-11T17:00:00+00:00,CHI,00-0040126,C.Loveland,TE,receiving_yards,49.5,0.091351,0.908649,1027,POSITION_2024_EMPIRICAL,,,,,False
,,2026_05_CHI_GB,2026,5,2026-10-11T17:00:00+00:00,CHI,00-0040126,C.Loveland,TE,receiving_yards,64.5,0.034014,0.965986,1027,POSITION_2024_EMPIRICAL,,,,,False
,,2026_05_CHI_GB,2026,5,2026-10-11T17:00:00+00:00,CHI,00-0040126,C.Loveland,TE,receiving_yards,79.5,0.011662,0.988338,1027,POSITION_2024_EMPIRICAL,,,,,False
,,2026_05_CHI_GB,2026,5,2026-10-11T17:00:00+00:00,CHI,00-0040126,C.Loveland,TE,receiving_yards,99.5,0.01,0.99,1027,POSITION_2024_EMPIRICAL,,,,,False
,,2026_05_CHI_GB,2026,5,2026-10-11T17:00:00+00:00,CHI,00-0040126,C.Loveland,TE,receiving_yards,124.5,0.01,0.99,1027,POSITION_2024_EMPIRICAL,,,,,False
,,2026_05_CHI_GB,2026,5,2026-10-11T17:00:00+00:00,CHI,00-0040126,C.Loveland,TE,receptions,1.5,0.762367,0.237633,1029,POSITION_2024_EMPIRICAL,,,,,False
,,2026_05_CHI_GB,2026,5,2026-10-11T17:00:00+00:00,CHI,00-0040126,C.Loveland,TE,receptions,2.5,0.43453,0.56547,1029,POSITION_2024_EMPIRICAL,,,,,False
,,2026_05_CHI_GB,2026,5,2026-10-11T17:00:00+00:00,CHI,00-0040126,C.Loveland,TE,receptions,3.5,0.232784,0.767216,1029,POSITION_2024_EMPIRICAL,,,,,False
,,2026_05_CHI_GB,2026,5,2026-10-11T17:00:00+00:00,CHI,00-0040126,C.Loveland,TE,receptions,4.5,0.128031,0.871969,1029,POSITION_2024_EMPIRICAL,,,,,False
,,2026_05_CHI_GB,2026,5,2026-10-11T17:00:00+00:00,CHI,00-0040126,C.Loveland,TE,receptions,5.5,0.071775,0.928225,1029,POSITION_2024_EMPIRICAL,,,,,False
,,2026_05_CHI_GB,2026,5,2026-10-11T17:00:00+00:00,CHI,00-0040126,C.Loveland,TE,receptions,6.5,0.033948,0.966052,1029,POSITION_2024_EMPIRICAL,,,,,False
,,2026_05_CHI_GB,2026,5,2026-10-11T17:00:00+00:00,CHI,00-0040126,C.Loveland,TE,receptions,7.5,0.016489,0.983511,1029,POSITION_2024_EMPIRICAL,,,,,False
,,2026_05_CHI_GB,2026,5,2026-10-11T17:00:00+00:00,CHI,00-0040236,K.Monangai,RB,receiving_yards,24.5,0.113636,0.886364,1054,POSITION_2024_EMPIRICAL,,,,,False
,,2026_05_CHI_GB,2026,5,2026-10-11T17:00:00+00:00,CHI,00-0040236,K.Monangai,RB,receiving_yards,39.5,0.045455,0.954545,1054,POSITION_2024_EMPIRICAL,,,,,False
,,2026_05_CHI_GB,2026,5,2026-10-11T17:00:00+00:00,CHI,00-0040236,K.Monangai,RB,receiving_yards,49.5,0.027462,0.972538,1054,POSITION_2024_EMPIRICAL,,,,,False
,,2026_05_CHI_GB,2026,5,2026-10-11T17:00:00+00:00,CHI,00-0040236,K.Monangai,RB,receiving_yards,64.5,0.010417,0.989583,1054,POSITION_2024_EMPIRICAL,,,,,False
,,2026_05_CHI_GB,2026,5,2026-10-11T17:00:00+00:00,CHI,00-0040236,K.Monangai,RB,receiving_yards,79.5,0.01,0.99,1054,POSITION_2024_EMPIRICAL,,,,,False
,,2026_05_CHI_GB,2026,5,2026-10-11T17:00:00+00:00,CHI,00-0040236,K.Monangai,RB,receiving_yards,99.5,0.01,0.99,1054,POSITION_2024_EMPIRICAL,,,,,False
,,2026_05_CHI_GB,2026,5,2026-10-11T17:00:00+00:00,CHI,00-0040236,K.Monangai,RB,receiving_yards,124.5,0.01,0.99,1054,POSITION_2024_EMPIRICAL,,,,,False
,,2026_05_CHI_GB,2026,5,2026-10-11T17:00:00+00:00,CHI,00-0040236,K.Monangai,RB,receptions,1.5,0.298521,0.701479,1080,POSITION_2024_EMPIRICAL,,,,,False
,,2026_05_CHI_GB,2026,5,2026-10-11T17:00:00+00:00,CHI,00-0040236,K.Monangai,RB,receptions,2.5,0.14695,0.85305,1080,POSITION_2024_EMPIRICAL,,,,,False
,,2026_05_CHI_GB,2026,5,2026-10-11T17:00:00+00:00,CHI,00-0040236,K.Monangai,RB,receptions,3.5,0.067468,0.932532,1080,POSITION_2024_EMPIRICAL,,,,,False
,,2026_05_CHI_GB,2026,5,2026-10-11T17:00:00+00:00,CHI,00-0040236,K.Monangai,RB,receptions,4.5,0.021257,0.978743,1080,POSITION_2024_EMPIRICAL,,,,,False
,,2026_05_CHI_GB,2026,5,2026-10-11T17:00:00+00:00,CHI,00-0040236,K.Monangai,RB,receptions,5.5,0.012015,0.987985,1080,POSITION_2024_EMPIRICAL,,,,,False
,,2026_05_CHI_GB,2026,5,2026-10-11T17:00:00+00:00,CHI,00-0040236,K.Monangai,RB,receptions,6.5,0.01,0.99,1080,POSITION_2024_EMPIRICAL,,,,,False
,,2026_05_CHI_GB,2026,5,2026-10-11T17:00:00+00:00,CHI,00-0040236,K.Monangai,RB,receptions,7.5,0.01,0.99,1080,POSITION_2024_EMPIRICAL,,,,,False
,,2026_05_CHI_GB,2026,5,2026-10-11T17:00:00+00:00,CHI,00-0040236,K.Monangai,RB,rushing_yards,19.5,0.903846,0.096154,1194,POSITION_2024_EMPIRICAL,,,,,False
,,2026_05_CHI_GB,2026,5,2026-10-11T17:00:00+00:00,CHI,00-0040236,K.Monangai,RB,rushing_yards,34.5,0.823579,0.176421,1194,POSITION_2024_EMPIRICAL,,,,,False
,,2026_05_CHI_GB,2026,5,2026-10-11T17:00:00+00:00,CHI,00-0040236,K.Monangai,RB,rushing_yards,49.5,0.700669,0.299331,1194,POSITION_2024_EMPIRICAL,,,,,False
,,2026_05_CHI_GB,2026,5,2026-10-11T17:00:00+00:00,CHI,00-0040236,K.Monangai,RB,rushing_yards,64.5,0.545151,0.454849,1194,POSITION_2024_EMPIRICAL,,,,,False
,,2026_05_CHI_GB,2026,5,2026-10-11T17:00:00+00:00,CHI,00-0040236,K.Monangai,RB,rushing_yards,79.5,0.379599,0.620401,1194,POSITION_2024_EMPIRICAL,,,,,False
,,2026_05_CHI_GB,2026,5,2026-10-11T17:00:00+00:00,CHI,00-0040236,K.Monangai,RB,rushing_yards,99.5,0.247492,0.752508,1194,POSITION_2024_EMPIRICAL,,,,,False
,,2026_05_CHI_GB,2026,5,2026-10-11T17:00:00+00:00,CHI,00-0040236,K.Monangai,RB,rushing_yards,124.5,0.13796,0.86204,1194,POSITION_2024_EMPIRICAL,,,,,False
,,2026_05_CHI_GB,2026,5,2026-10-11T17:00:00+00:00,CHI,00-0040735,L.Burden,WR,receiving_yards,24.5,0.780881,0.219119,1860,POSITION_2024_EMPIRICAL,,,,,False
,,2026_05_CHI_GB,2026,5,2026-10-11T17:00:00+00:00,CHI,00-0040735,L.Burden,WR,receiving_yards,39.5,0.602041,0.397959,1860,POSITION_2024_EMPIRICAL,,,,,False
,,2026_05_CHI_GB,2026,5,2026-10-11T17:00:00+00:00,CHI,00-0040735,L.Burden,WR,receiving_yards,49.5,0.443609,0.556391,1860,POSITION_2024_EMPIRICAL,,,,,False
,,2026_05_CHI_GB,2026,5,2026-10-11T17:00:00+00:00,CHI,00-0040735,L.Burden,WR,receiving_yards,64.5,0.2884,0.7116,1860,POSITION_2024_EMPIRICAL,,,,,False
,,2026_05_CHI_GB,2026,5,2026-10-11T17:00:00+00:00,CHI,00-0040735,L.Burden,WR,receiving_yards,79.5,0.184748,0.815252,1860,POSITION_2024_EMPIRICAL,,,,,False
,,2026_05_CHI_GB,2026,5,2026-10-11T17:00:00+00:00,CHI,00-0040735,L.Burden,WR,receiving_yards,99.5,0.103652,0.896348,1860,POSITION_2024_EMPIRICAL,,,,,False
,,2026_05_CHI_GB,2026,5,2026-10-11T17:00:00+00:00,CHI,00-0040735,L.Burden,WR,receiving_yards,124.5,0.048335,0.951665,1860,POSITION_2024_EMPIRICAL,,,,,False
,,2026_05_CHI_GB,2026,5,2026-10-11T17:00:00+00:00,CHI,00-0040735,L.Burden,WR,receptions,1.5,0.87152,0.12848,1866,POSITION_2024_EMPIRICAL,,,,,False
,,2026_05_CHI_GB,2026,5,2026-10-11T17:00:00+00:00,CHI,00-0040735,L.Burden,WR,receptions,2.5,0.771949,0.228051,1866,POSITION_2024_EMPIRICAL,,,,,False
,,2026_05_CHI_GB,2026,5,2026-10-11T17:00:00+00:00,CHI,00-0040735,L.Burden,WR,receptions,3.5,0.620985,0.379015,1866,POSITION_2024_EMPIRICAL,,,,,False
,,2026_05_CHI_GB,2026,5,2026-10-11T17:00:00+00:00,CHI,00-0040735,L.Burden,WR,receptions,4.5,0.420236,0.579764,1866,POSITION_2024_EMPIRICAL,,,,,False
,,2026_05_CHI_GB,2026,5,2026-10-11T17:00:00+00:00,CHI,00-0040735,L.Burden,WR,receptions,5.5,0.296039,0.703961,1866,POSITION_2024_EMPIRICAL,,,,,False
,,2026_05_CHI_GB,2026,5,2026-10-11T17:00:00+00:00,CHI,00-0040735,L.Burden,WR,receptions,6.5,0.194325,0.805675,1866,POSITION_2024_EMPIRICAL,,,,,False
,,2026_05_CHI_GB,2026,5,2026-10-11T17:00:00+00:00,CHI,00-0040735,L.Burden,WR,receptions,7.5,0.131156,0.868844,1866,POSITION_2024_EMPIRICAL,,,,,False
,,2026_05_CHI_GB,2026,5,2026-10-11T17:00:00+00:00,CHI,00-0040735,L.Burden,WR,rushing_yards,19.5,0.029083,0.970917,445,POSITION_2024_EMPIRICAL,,,,,False
,,2026_05_CHI_GB,2026,5,2026-10-11T17:00:00+00:00,CHI,00-0040735,L.Burden,WR,rushing_yards,34.5,0.01,0.99,445,POSITION_2024_EMPIRICAL,,,,,False
,,2026_05_CHI_GB,2026,5,2026-10-11T17:00:00+00:00,CHI,00-0040735,L.Burden,WR,rushing_yards,49.5,0.01,0.99,445,POSITION_2024_EMPIRICAL,,,,,False
,,2026_05_CHI_GB,2026,5,2026-10-11T17:00:00+00:00,CHI,00-0040735,L.Burden,WR,rushing_yards,64.5,0.01,0.99,445,POSITION_2024_EMPIRICAL,,,,,False
,,2026_05_CHI_GB,2026,5,2026-10-11T17:00:00+00:00,CHI,00-0040735,L.Burden,WR,rushing_yards,79.5,0.01,0.99,445,POSITION_2024_EMPIRICAL,,,,,False
,,2026_05_CHI_GB,2026,5,2026-10-11T17:00:00+00:00,CHI,00-0040735,L.Burden,WR,rushing_yards,99.5,0.01,0.99,445,POSITION_2024_EMPIRICAL,,,,,False
,,2026_05_CHI_GB,2026,5,2026-10-11T17:00:00+00:00,CHI,00-0040735,L.Burden,WR,rushing_yards,124.5,0.01,0.99,445,POSITION_2024_EMPIRICAL,,,,,False
,,2026_05_CHI_GB,2026,5,2026-10-11T17:00:00+00:00,CHI,00-0041051,Z.Thomas,WR,receiving_yards,24.5,0.126208,0.873792,1860,POSITION_2024_EMPIRICAL,,,,,False
,,2026_05_CHI_GB,2026,5,2026-10-11T17:00:00+00:00,CHI,00-0041051,Z.Thomas,WR,receiving_yards,39.5,0.057465,0.942535,1860,POSITION_2024_EMPIRICAL,,,,,False
,,2026_05_CHI_GB,2026,5,2026-10-11T17:00:00+00:00,CHI,00-0041051,Z.Thomas,WR,receiving_yards,49.5,0.035446,0.964554,1860,POSITION_2024_EMPIRICAL,,,,,False
,,2026_05_CHI_GB,2026,5,2026-10-11T17:00:00+00:00,CHI,00-0041051,Z.Thomas,WR,receiving_yards,64.5,0.017723,0.982277,1860,POSITION_2024_EMPIRICAL,,,,,False
,,2026_05_CHI_GB,2026,5,2026-10-11T17:00:00+00:00,CHI,00-0041051,Z.Thomas,WR,receiving_yards,79.5,0.010741,0.989259,1860,POSITION_2024_EMPIRICAL,,,,,False
,,2026_05_CHI_GB,2026,5,2026-10-11T17:00:00+00:00,CHI,00-0041051,Z.Thomas,WR,receiving_yards,99.5,0.01,0.99,1860,POSITION_2024_EMPIRICAL,,,,,False
,,2026_05_CHI_GB,2026,5,2026-10-11T17:00:00+00:00,CHI,00-0041051,Z.Thomas,WR,receiving_yards,124.5,0.01,0.99,1860,POSITION_2024_EMPIRICAL,,,,,False
,,2026_05_CHI_GB,2026,5,2026-10-11T17:00:00+00:00,CHI,00-0041051,Z.Thomas,WR,receptions,1.5,0.182013,0.817987,1866,POSITION_2024_EMPIRICAL,,,,,False
,,2026_05_CHI_GB,2026,5,2026-10-11T17:00:00+00:00,CHI,00-0041051,Z.Thomas,WR,receptions,2.5,0.084582,0.915418,1866,POSITION_2024_EMPIRICAL,,,,,False
,,2026_05_CHI_GB,2026,5,2026-10-11T17:00:00+00:00,CHI,00-0041051,Z.Thomas,WR,receptions,3.5,0.038009,0.961991,1866,POSITION_2024_EMPIRICAL,,,,,False
,,2026_05_CHI_GB,2026,5,2026-10-11T17:00:00+00:00,CHI,00-0041051,Z.Thomas,WR,receptions,4.5,0.012848,0.987152,1866,POSITION_2024_EMPIRICAL,,,,,False
,,2026_05_CHI_GB,2026,5,2026-10-11T17:00:00+00:00,CHI,00-0041051,Z.Thomas,WR,receptions,5.5,0.01,0.99,1866,POSITION_2024_EMPIRICAL,,,,,False
,,2026_05_CHI_GB,2026,5,2026-10-11T17:00:00+00:00,CHI,00-0041051,Z.Thomas,WR,receptions,6.5,0.01,0.99,1866,POSITION_2024_EMPIRICAL,,,,,False
,,2026_05_CHI_GB,2026,5,2026-10-11T17:00:00+00:00,CHI,00-0041051,Z.Thomas,WR,receptions,7.5,0.01,0.99,1866,POSITION_2024_EMPIRICAL,,,,,False
,,2026_05_CHI_GB,2026,5,2026-10-11T17:00:00+00:00,CHI,00-0041558,S.Roush,TE,receiving_yards,24.5,0.19242,0.80758,1027,POSITION_2024_EMPIRICAL,,,,,False
,,2026_05_CHI_GB,2026,5,2026-10-11T17:00:00+00:00,CHI,00-0041558,S.Roush,TE,receiving_yards,39.5,0.088435,0.911565,1027,POSITION_2024_EMPIRICAL,,,,,False
,,2026_05_CHI_GB,2026,5,2026-10-11T17:00:00+00:00,CHI,00-0041558,S.Roush,TE,receiving_yards,49.5,0.045675,0.954325,1027,POSITION_2024_EMPIRICAL,,,,,False
,,2026_05_CHI_GB,2026,5,2026-10-11T17:00:00+00:00,CHI,00-0041558,S.Roush,TE,receiving_yards,64.5,0.013605,0.986395,1027,POSITION_2024_EMPIRICAL,,,,,False
,,2026_05_CHI_GB,2026,5,2026-10-11T17:00:00+00:00,CHI,00-0041558,S.Roush,TE,receiving_yards,79.5,0.01,0.99,1027,POSITION_2024_EMPIRICAL,,,,,False
,,2026_05_CHI_GB,2026,5,2026-10-11T17:00:00+00:00,CHI,00-0041558,S.Roush,TE,receiving_yards,99.5,0.01,0.99,1027,POSITION_2024_EMPIRICAL,,,,,False
,,2026_05_CHI_GB,2026,5,2026-10-11T17:00:00+00:00,CHI,00-0041558,S.Roush,TE,receiving_yards,124.5,0.01,0.99,1027,POSITION_2024_EMPIRICAL,,,,,False
,,2026_05_CHI_GB,2026,5,2026-10-11T17:00:00+00:00,CHI,00-0041558,S.Roush,TE,receptions,1.5,0.266731,0.733269,1029,POSITION_2024_EMPIRICAL,,,,,False
,,2026_05_CHI_GB,2026,5,2026-10-11T17:00:00+00:00,CHI,00-0041558,S.Roush,TE,receptions,2.5,0.13676,0.86324,1029,POSITION_2024_EMPIRICAL,,,,,False
,,2026_05_CHI_GB,2026,5,2026-10-11T17:00:00+00:00,CHI,00-0041558,S.Roush,TE,receptions,3.5,0.071775,0.928225,1029,POSITION_2024_EMPIRICAL,,,,,False
,,2026_05_CHI_GB,2026,5,2026-10-11T17:00:00+00:00,CHI,00-0041558,S.Roush,TE,receptions,4.5,0.032978,0.967022,1029,POSITION_2024_EMPIRICAL,,,,,False
,,2026_05_CHI_GB,2026,5,2026-10-11T17:00:00+00:00,CHI,00-0041558,S.Roush,TE,receptions,5.5,0.015519,0.984481,1029,POSITION_2024_EMPIRICAL,,,,,False
,,2026_05_CHI_GB,2026,5,2026-10-11T17:00:00+00:00,CHI,00-0041558,S.Roush,TE,receptions,6.5,0.01,0.99,1029,POSITION_2024_EMPIRICAL,,,,,False
,,2026_05_CHI_GB,2026,5,2026-10-11T17:00:00+00:00,CHI,00-0041558,S.Roush,TE,receptions,7.5,0.01,0.99,1029,POSITION_2024_EMPIRICAL,,,,,False
,,2026_05_CHI_GB,2026,5,2026-10-11T17:00:00+00:00,GB,00-0033858,J.Smith,TE,receiving_yards,24.5,0.471331,0.528669,1027,POSITION_2024_EMPIRICAL,,,,,False
,,2026_05_CHI_GB,2026,5,2026-10-11T17:00:00+00:00,GB,00-0033858,J.Smith,TE,receiving_yards,39.5,0.220603,0.779397,1027,POSITION_2024_EMPIRICAL,,,,,False
,,2026_05_CHI_GB,2026,5,2026-10-11T17:00:00+00:00,GB,00-0033858,J.Smith,TE,receiving_yards,49.5,0.124393,0.875607,1027,POSITION_2024_EMPIRICAL,,,,,False
,,2026_05_CHI_GB,2026,5,2026-10-11T17:00:00+00:00,GB,00-0033858,J.Smith,TE,receiving_yards,64.5,0.05345,0.94655,1027,POSITION_2024_EMPIRICAL,,,,,False
,,2026_05_CHI_GB,2026,5,2026-10-11T17:00:00+00:00,GB,00-0033858,J.Smith,TE,receiving_yards,79.5,0.016521,0.983479,1027,POSITION_2024_EMPIRICAL,,,,,False
,,2026_05_CHI_GB,2026,5,2026-10-11T17:00:00+00:00,GB,00-0033858,J.Smith,TE,receiving_yards,99.5,0.01,0.99,1027,POSITION_2024_EMPIRICAL,,,,,False
,,2026_05_CHI_GB,2026,5,2026-10-11T17:00:00+00:00,GB,00-0033858,J.Smith,TE,receiving_yards,124.5,0.01,0.99,1027,POSITION_2024_EMPIRICAL,,,,,False
,,2026_05_CHI_GB,2026,5,2026-10-11T17:00:00+00:00,GB,00-0033858,J.Smith,TE,receptions,1.5,0.419981,0.580019,1029,POSITION_2024_EMPIRICAL,,,,,False
,,2026_05_CHI_GB,2026,5,2026-10-11T17:00:00+00:00,GB,00-0033858,J.Smith,TE,receptions,2.5,0.213385,0.786615,1029,POSITION_2024_EMPIRICAL,,,,,False
,,2026_05_CHI_GB,2026,5,2026-10-11T17:00:00+00:00,GB,00-0033858,J.Smith,TE,receptions,3.5,0.109602,0.890398,1029,POSITION_2024_EMPIRICAL,,,,,False
,,2026_05_CHI_GB,2026,5,2026-10-11T17:00:00+00:00,GB,00-0033858,J.Smith,TE,receptions,4.5,0.056256,0.943744,1029,POSITION_2024_EMPIRICAL,,,,,False
,,2026_05_CHI_GB,2026,5,2026-10-11T17:00:00+00:00,GB,00-0033858,J.Smith,TE,receptions,5.5,0.024248,0.975752,1029,POSITION_2024_EMPIRICAL,,,,,False
,,2026_05_CHI_GB,2026,5,2026-10-11T17:00:00+00:00,GB,00-0033858,J.Smith,TE,receptions,6.5,0.01,0.99,1029,POSITION_2024_EMPIRICAL,,,,,False
,,2026_05_CHI_GB,2026,5,2026-10-11T17:00:00+00:00,GB,00-0033858,J.Smith,TE,receptions,7.5,0.01,0.99,1029,POSITION_2024_EMPIRICAL,,,,,False
,,2026_05_CHI_GB,2026,5,2026-10-11T17:00:00+00:00,GB,00-0036264,J.Love,QB,passing_yards,149.5,0.685393,0.314607,532,POSITION_2024_EMPIRICAL,,,,,False
,,2026_05_CHI_GB,2026,5,2026-10-11T17:00:00+00:00,GB,00-0036264,J.Love,QB,passing_yards,174.5,0.621723,0.378277,532,POSITION_2024_EMPIRICAL,,,,,False
,,2026_05_CHI_GB,2026,5,2026-10-11T17:00:00+00:00,GB,00-0036264,J.Love,QB,passing_yards,199.5,0.522472,0.477528,532,POSITION_2024_EMPIRICAL,,,,,False
,,2026_05_CHI_GB,2026,5,2026-10-11T17:00:00+00:00,GB,00-0036264,J.Love,QB,passing_yards,224.5,0.372659,0.627341,532,POSITION_2024_EMPIRICAL,,,,,False
,,2026_05_CHI_GB,2026,5,2026-10-11T17:00:00+00:00,GB,00-0036264,J.Love,QB,passing_yards,249.5,0.280899,0.719101,532,POSITION_2024_EMPIRICAL,,,,,False
,,2026_05_CHI_GB,2026,5,2026-10-11T17:00:00+00:00,GB,00-0036264,J.Love,QB,passing_yards,274.5,0.215356,0.784644,532,POSITION_2024_EMPIRICAL,,,,,False
,,2026_05_CHI_GB,2026,5,2026-10-11T17:00:00+00:00,GB,00-0036264,J.Love,QB,passing_yards,299.5,0.159176,0.840824,532,POSITION_2024_EMPIRICAL,,,,,False
,,2026_05_CHI_GB,2026,5,2026-10-11T17:00:00+00:00,GB,00-0038090,S.Moore,WR,receiving_yards,24.5,0.17884,0.82116,1860,POSITION_2024_EMPIRICAL,,,,,False
,,2026_05_CHI_GB,2026,5,2026-10-11T17:00:00+00:00,GB,00-0038090,S.Moore,WR,receiving_yards,39.5,0.091837,0.908163,1860,POSITION_2024_EMPIRICAL,,,,,False
,,2026_05_CHI_GB,2026,5,2026-10-11T17:00:00+00:00,GB,00-0038090,S.Moore,WR,receiving_yards,49.5,0.055317,0.944683,1860,POSITION_2024_EMPIRICAL,,,,,False
,,2026_05_CHI_GB,2026,5,2026-10-11T17:00:00+00:00,GB,00-0038090,S.Moore,WR,receiving_yards,64.5,0.025242,0.974758,1860,POSITION_2024_EMPIRICAL,,,,,False
,,2026_05_CHI_GB,2026,5,2026-10-11T17:00:00+00:00,GB,00-0038090,S.Moore,WR,receiving_yards,79.5,0.014501,0.985499,1860,POSITION_2024_EMPIRICAL,,,,,False
,,2026_05_CHI_GB,2026,5,2026-10-11T17:00:00+00:00,GB,00-0038090,S.Moore,WR,receiving_yards,99.5,0.01,0.99,1860,POSITION_2024_EMPIRICAL,,,,,False
,,2026_05_CHI_GB,2026,5,2026-10-11T17:00:00+00:00,GB,00-0038090,S.Moore,WR,receiving_yards,124.5,0.01,0.99,1860,POSITION_2024_EMPIRICAL,,,,,False
,,2026_05_CHI_GB,2026,5,2026-10-11T17:00:00+00:00,GB,00-0038090,S.Moore,WR,receptions,1.5,0.366702,0.633298,1866,POSITION_2024_EMPIRICAL,,,,,False
,,2026_05_CHI_GB,2026,5,2026-10-11T17:00:00+00:00,GB,00-0038090,S.Moore,WR,receptions,2.5,0.198073,0.801927,1866,POSITION_2024_EMPIRICAL,,,,,False
,,2026_05_CHI_GB,2026,5,2026-10-11T17:00:00+00:00,GB,00-0038090,S.Moore,WR,receptions,3.5,0.095824,0.904176,1866,POSITION_2024_EMPIRICAL,,,,,False
,,2026_05_CHI_GB,2026,5,2026-10-11T17:00:00+00:00,GB,00-0038090,S.Moore,WR,receptions,4.5,0.043897,0.956103,1866,POSITION_2024_EMPIRICAL,,,,,False
,,2026_05_CHI_GB,2026,5,2026-10-11T17:00:00+00:00,GB,00-0038090,S.Moore,WR,receptions,5.5,0.015525,0.984475,1866,POSITION_2024_EMPIRICAL,,,,,False
,,2026_05_CHI_GB,2026,5,2026-10-11T17:00:00+00:00,GB,00-0038090,S.Moore,WR,receptions,6.5,0.01,0.99,1866,POSITION_2024_EMPIRICAL,,,,,False
,,2026_05_CHI_GB,2026,5,2026-10-11T17:00:00+00:00,GB,00-0038090,S.Moore,WR,receptions,7.5,0.01,0.99,1866,POSITION_2024_EMPIRICAL,,,,,False
,,2026_05_CHI_GB,2026,5,2026-10-11T17:00:00+00:00,GB,00-0038124,C.Watson,WR,receiving_yards,24.5,0.871643,0.128357,1860,POSITION_2024_EMPIRICAL,,,,,False
,,2026_05_CHI_GB,2026,5,2026-10-11T17:00:00+00:00,GB,00-0038124,C.Watson,WR,receiving_yards,39.5,0.779807,0.220193,1860,POSITION_2024_EMPIRICAL,,,,,False
,,2026_05_CHI_GB,2026,5,2026-10-11T17:00:00+00:00,GB,00-0038124,C.Watson,WR,receiving_yards,49.5,0.703545,0.296455,1860,POSITION_2024_EMPIRICAL,,,,,False
,,2026_05_CHI_GB,2026,5,2026-10-11T17:00:00+00:00,GB,00-0038124,C.Watson,WR,receiving_yards,64.5,0.564447,0.435553,1860,POSITION_2024_EMPIRICAL,,,,,False
,,2026_05_CHI_GB,2026,5,2026-10-11T17:00:00+00:00,GB,00-0038124,C.Watson,WR,receiving_yards,79.5,0.396885,0.603115,1860,POSITION_2024_EMPIRICAL,,,,,False
,,2026_05_CHI_GB,2026,5,2026-10-11T17:00:00+00:00,GB,00-0038124,C.Watson,WR,receiving_yards,99.5,0.271751,0.728249,1860,POSITION_2024_EMPIRICAL,,,,,False
,,2026_05_CHI_GB,2026,5,2026-10-11T17:00:00+00:00,GB,00-0038124,C.Watson,WR,receiving_yards,124.5,0.158432,0.841568,1860,POSITION_2024_EMPIRICAL,,,,,False
,,2026_05_CHI_GB,2026,5,2026-10-11T17:00:00+00:00,GB,00-0038124,C.Watson,WR,receptions,1.5,0.874197,0.125803,1866,POSITION_2024_EMPIRICAL,,,,,False
,,2026_05_CHI_GB,2026,5,2026-10-11T17:00:00+00:00,GB,00-0038124,C.Watson,WR,receptions,2.5,0.793362,0.206638,1866,POSITION_2024_EMPIRICAL,,,,,False
,,2026_05_CHI_GB,2026,5,2026-10-11T17:00:00+00:00,GB,00-0038124,C.Watson,WR,receptions,3.5,0.657923,0.342077,1866,POSITION_2024_EMPIRICAL,,,,,False
,,2026_05_CHI_GB,2026,5,2026-10-11T17:00:00+00:00,GB,00-0038124,C.Watson,WR,receptions,4.5,0.465203,0.534797,1866,POSITION_2024_EMPIRICAL,,,,,False
,,2026_05_CHI_GB,2026,5,2026-10-11T17:00:00+00:00,GB,00-0038124,C.Watson,WR,receptions,5.5,0.32227,0.67773,1866,POSITION_2024_EMPIRICAL,,,,,False
,,2026_05_CHI_GB,2026,5,2026-10-11T17:00:00+00:00,GB,00-0038124,C.Watson,WR,receptions,6.5,0.228051,0.771949,1866,POSITION_2024_EMPIRICAL,,,,,False
,,2026_05_CHI_GB,2026,5,2026-10-11T17:00:00+00:00,GB,00-0038124,C.Watson,WR,receptions,7.5,0.148822,0.851178,1866,POSITION_2024_EMPIRICAL,,,,,False
,,2026_05_CHI_GB,2026,5,2026-10-11T17:00:00+00:00,GB,00-0038685,C.Brooks,RB,receiving_yards,24.5,0.089962,0.910038,1054,POSITION_2024_EMPIRICAL,,,,,False
,,2026_05_CHI_GB,2026,5,2026-10-11T17:00:00+00:00,GB,00-0038685,C.Brooks,RB,receiving_yards,39.5,0.035985,0.964015,1054,POSITION_2024_EMPIRICAL,,,,,False
,,2026_05_CHI_GB,2026,5,2026-10-11T17:00:00+00:00,GB,00-0038685,C.Brooks,RB,receiving_yards,49.5,0.023674,0.976326,1054,POSITION_2024_EMPIRICAL,,,,,False
,,2026_05_CHI_GB,2026,5,2026-10-11T17:00:00+00:00,GB,00-0038685,C.Brooks,RB,receiving_yards,64.5,0.01,0.99,1054,POSITION_2024_EMPIRICAL,,,,,False
,,2026_05_CHI_GB,2026,5,2026-10-11T17:00:00+00:00,GB,00-0038685,C.Brooks,RB,receiving_yards,79.5,0.01,0.99,1054,POSITION_2024_EMPIRICAL,,,,,False
,,2026_05_CHI_GB,2026,5,2026-10-11T17:00:00+00:00,GB,00-0038685,C.Brooks,RB,receiving_yards,99.5,0.01,0.99,1054,POSITION_2024_EMPIRICAL,,,,,False
,,2026_05_CHI_GB,2026,5,2026-10-11T17:00:00+00:00,GB,00-0038685,C.Brooks,RB,receiving_yards,124.5,0.01,0.99,1054,POSITION_2024_EMPIRICAL,,,,,False
,,2026_05_CHI_GB,2026,5,2026-10-11T17:00:00+00:00,GB,00-0038685,C.Brooks,RB,receptions,1.5,0.211645,0.788355,1080,POSITION_2024_EMPIRICAL,,,,,False
,,2026_05_CHI_GB,2026,5,2026-10-11T17:00:00+00:00,GB,00-0038685,C.Brooks,RB,receptions,2.5,0.093346,0.906654,1080,POSITION_2024_EMPIRICAL,,,,,False
,,2026_05_CHI_GB,2026,5,2026-10-11T17:00:00+00:00,GB,00-0038685,C.Brooks,RB,receptions,3.5,0.042514,0.957486,1080,POSITION_2024_EMPIRICAL,,,,,False
,,2026_05_CHI_GB,2026,5,2026-10-11T17:00:00+00:00,GB,00-0038685,C.Brooks,RB,receptions,4.5,0.01756,0.98244,1080,POSITION_2024_EMPIRICAL,,,,,False
,,2026_05_CHI_GB,2026,5,2026-10-11T17:00:00+00:00,GB,00-0038685,C.Brooks,RB,receptions,5.5,0.011091,0.988909,1080,POSITION_2024_EMPIRICAL,,,,,False
,,2026_05_CHI_GB,2026,5,2026-10-11T17:00:00+00:00,GB,00-0038685,C.Brooks,RB,receptions,6.5,0.01,0.99,1080,POSITION_2024_EMPIRICAL,,,,,False
,,2026_05_CHI_GB,2026,5,2026-10-11T17:00:00+00:00,GB,00-0038685,C.Brooks,RB,receptions,7.5,0.01,0.99,1080,POSITION_2024_EMPIRICAL,,,,,False
,,2026_05_CHI_GB,2026,5,2026-10-11T17:00:00+00:00,GB,00-0038685,C.Brooks,RB,rushing_yards,19.5,0.327759,0.672241,1194,POSITION_2024_EMPIRICAL,,,,,False
,,2026_05_CHI_GB,2026,5,2026-10-11T17:00:00+00:00,GB,00-0038685,C.Brooks,RB,rushing_yards,34.5,0.163043,0.836957,1194,POSITION_2024_EMPIRICAL,,,,,False
,,2026_05_CHI_GB,2026,5,2026-10-11T17:00:00+00:00,GB,00-0038685,C.Brooks,RB,rushing_yards,49.5,0.064381,0.935619,1194,POSITION_2024_EMPIRICAL,,,,,False
,,2026_05_CHI_GB,2026,5,2026-10-11T17:00:00+00:00,GB,00-0038685,C.Brooks,RB,rushing_yards,64.5,0.028428,0.971572,1194,POSITION_2024_EMPIRICAL,,,,,False
,,2026_05_CHI_GB,2026,5,2026-10-11T17:00:00+00:00,GB,00-0038685,C.Brooks,RB,rushing_yards,79.5,0.014214,0.985786,1194,POSITION_2024_EMPIRICAL,,,,,False
,,2026_05_CHI_GB,2026,5,2026-10-11T17:00:00+00:00,GB,00-0038685,C.Brooks,RB,rushing_yards,99.5,0.01,0.99,1194,POSITION_2024_EMPIRICAL,,,,,False
,,2026_05_CHI_GB,2026,5,2026-10-11T17:00:00+00:00,GB,00-0038685,C.Brooks,RB,rushing_yards,124.5,0.01,0.99,1194,POSITION_2024_EMPIRICAL,,,,,False
,,2026_05_CHI_GB,2026,5,2026-10-11T17:00:00+00:00,GB,00-0038996,T.Kraft,TE,receiving_yards,24.5,0.704568,0.295432,1027,POSITION_2024_EMPIRICAL,,,,,False
,,2026_05_CHI_GB,2026,5,2026-10-11T17:00:00+00:00,GB,00-0038996,T.Kraft,TE,receiving_yards,39.5,0.318756,0.681244,1027,POSITION_2024_EMPIRICAL,,,,,False
,,2026_05_CHI_GB,2026,5,2026-10-11T17:00:00+00:00,GB,00-0038996,T.Kraft,TE,receiving_yards,49.5,0.225462,0.774538,1027,POSITION_2024_EMPIRICAL,,,,,False
,,2026_05_CHI_GB,2026,5,2026-10-11T17:00:00+00:00,GB,00-0038996,T.Kraft,TE,receiving_yards,64.5,0.1069,0.8931,1027,POSITION_2024_EMPIRICAL,,,,,False
,,2026_05_CHI_GB,2026,5,2026-10-11T17:00:00+00:00,GB,00-0038996,T.Kraft,TE,receiving_yards,79.5,0.05345,0.94655,1027,POSITION_2024_EMPIRICAL,,,,,False
,,2026_05_CHI_GB,2026,5,2026-10-11T17:00:00+00:00,GB,00-0038996,T.Kraft,TE,receiving_yards,99.5,0.013605,0.986395,1027,POSITION_2024_EMPIRICAL,,,,,False
,,2026_05_CHI_GB,2026,5,2026-10-11T17:00:00+00:00,GB,00-0038996,T.Kraft,TE,receiving_yards,124.5,0.01,0.99,1027,POSITION_2024_EMPIRICAL,,,,,False
,,2026_05_CHI_GB,2026,5,2026-10-11T17:00:00+00:00,GB,00-0038996,T.Kraft,TE,receptions,1.5,0.865179,0.134821,1029,POSITION_2024_EMPIRICAL,,,,,False
,,2026_05_CHI_GB,2026,5,2026-10-11T17:00:00+00:00,GB,00-0038996,T.Kraft,TE,receptions,2.5,0.679922,0.320078,1029,POSITION_2024_EMPIRICAL,,,,,False
,,2026_05_CHI_GB,2026,5,2026-10-11T17:00:00+00:00,GB,00-0038996,T.Kraft,TE,receptions,3.5,0.42483,0.57517,1029,POSITION_2024_EMPIRICAL,,,,,False
,,2026_05_CHI_GB,2026,5,2026-10-11T17:00:00+00:00,GB,00-0038996,T.Kraft,TE,receptions,4.5,0.264791,0.735209,1029,POSITION_2024_EMPIRICAL,,,,,False
,,2026_05_CHI_GB,2026,5,2026-10-11T17:00:00+00:00,GB,00-0038996,T.Kraft,TE,receptions,5.5,0.161009,0.838991,1029,POSITION_2024_EMPIRICAL,,,,,False
,,2026_05_CHI_GB,2026,5,2026-10-11T17:00:00+00:00,GB,00-0038996,T.Kraft,TE,receptions,6.5,0.095053,0.904947,1029,POSITION_2024_EMPIRICAL,,,,,False
,,2026_05_CHI_GB,2026,5,2026-10-11T17:00:00+00:00,GB,00-0038996,T.Kraft,TE,receptions,7.5,0.062076,0.937924,1029,POSITION_2024_EMPIRICAL,,,,,False
,,2026_05_CHI_GB,2026,5,2026-10-11T17:00:00+00:00,GB,00-0039811,M.Lloyd,RB,receiving_yards,24.5,0.144886,0.855114,1054,POSITION_2024_EMPIRICAL,,,,,False
,,2026_05_CHI_GB,2026,5,2026-10-11T17:00:00+00:00,GB,00-0039811,M.Lloyd,RB,receiving_yards,39.5,0.05303,0.94697,1054,POSITION_2024_EMPIRICAL,,,,,False
,,2026_05_CHI_GB,2026,5,2026-10-11T17:00:00+00:00,GB,00-0039811,M.Lloyd,RB,receiving_yards,49.5,0.03125,0.96875,1054,POSITION_2024_EMPIRICAL,,,,,False
,,2026_05_CHI_GB,2026,5,2026-10-11T17:00:00+00:00,GB,00-0039811,M.Lloyd,RB,receiving_yards,64.5,0.014205,0.985795,1054,POSITION_2024_EMPIRICAL,,,,,False
,,2026_05_CHI_GB,2026,5,2026-10-11T17:00:00+00:00,GB,00-0039811,M.Lloyd,RB,receiving_yards,79.5,0.01,0.99,1054,POSITION_2024_EMPIRICAL,,,,,False
,,2026_05_CHI_GB,2026,5,2026-10-11T17:00:00+00:00,GB,00-0039811,M.Lloyd,RB,receiving_yards,99.5,0.01,0.99,1054,POSITION_2024_EMPIRICAL,,,,,False
,,2026_05_CHI_GB,2026,5,2026-10-11T17:00:00+00:00,GB,00-0039811,M.Lloyd,RB,receiving_yards,124.5,0.01,0.99,1054,POSITION_2024_EMPIRICAL,,,,,False
,,2026_05_CHI_GB,2026,5,2026-10-11T17:00:00+00:00,GB,00-0039811,M.Lloyd,RB,receptions,1.5,0.614603,0.385397,1080,POSITION_2024_EMPIRICAL,,,,,False
,,2026_05_CHI_GB,2026,5,2026-10-11T17:00:00+00:00,GB,00-0039811,M.Lloyd,RB,receptions,2.5,0.298521,0.701479,1080,POSITION_2024_EMPIRICAL,,,,,False
,,2026_05_CHI_GB,2026,5,2026-10-11T17:00:00+00:00,GB,00-0039811,M.Lloyd,RB,receptions,3.5,0.14695,0.85305,1080,POSITION_2024_EMPIRICAL,,,,,False
,,2026_05_CHI_GB,2026,5,2026-10-11T17:00:00+00:00,GB,00-0039811,M.Lloyd,RB,receptions,4.5,0.067468,0.932532,1080,POSITION_2024_EMPIRICAL,,,,,False
,,2026_05_CHI_GB,2026,5,2026-10-11T17:00:00+00:00,GB,00-0039811,M.Lloyd,RB,receptions,5.5,0.021257,0.978743,1080,POSITION_2024_EMPIRICAL,,,,,False
,,2026_05_CHI_GB,2026,5,2026-10-11T17:00:00+00:00,GB,00-0039811,M.Lloyd,RB,receptions,6.5,0.012015,0.987985,1080,POSITION_2024_EMPIRICAL,,,,,False
,,2026_05_CHI_GB,2026,5,2026-10-11T17:00:00+00:00,GB,00-0039811,M.Lloyd,RB,receptions,7.5,0.01,0.99,1080,POSITION_2024_EMPIRICAL,,,,,False
,,2026_05_CHI_GB,2026,5,2026-10-11T17:00:00+00:00,GB,00-0039811,M.Lloyd,RB,rushing_yards,19.5,0.380435,0.619565,1194,POSITION_2024_EMPIRICAL,,,,,False
,,2026_05_CHI_GB,2026,5,2026-10-11T17:00:00+00:00,GB,00-0039811,M.Lloyd,RB,rushing_yards,34.5,0.185619,0.814381,1194,POSITION_2024_EMPIRICAL,,,,,False
,,2026_05_CHI_GB,2026,5,2026-10-11T17:00:00+00:00,GB,00-0039811,M.Lloyd,RB,rushing_yards,49.5,0.074415,0.925585,1194,POSITION_2024_EMPIRICAL,,,,,False
,,2026_05_CHI_GB,2026,5,2026-10-11T17:00:00+00:00,GB,00-0039811,M.Lloyd,RB,rushing_yards,64.5,0.034281,0.965719,1194,POSITION_2024_EMPIRICAL,,,,,False
,,2026_05_CHI_GB,2026,5,2026-10-11T17:00:00+00:00,GB,00-0039811,M.Lloyd,RB,rushing_yards,79.5,0.020067,0.979933,1194,POSITION_2024_EMPIRICAL,,,,,False
,,2026_05_CHI_GB,2026,5,2026-10-11T17:00:00+00:00,GB,00-0039811,M.Lloyd,RB,rushing_yards,99.5,0.01,0.99,1194,POSITION_2024_EMPIRICAL,,,,,False
,,2026_05_CHI_GB,2026,5,2026-10-11T17:00:00+00:00,GB,00-0039811,M.Lloyd,RB,rushing_yards,124.5,0.01,0.99,1194,POSITION_2024_EMPIRICAL,,,,,False
,,2026_05_CHI_GB,2026,5,2026-10-11T17:00:00+00:00,GB,00-0040142,K.Johnson,RB,receiving_yards,24.5,0.073864,0.926136,1054,POSITION_2024_EMPIRICAL,,,,,False
,,2026_05_CHI_GB,2026,5,2026-10-11T17:00:00+00:00,GB,00-0040142,K.Johnson,RB,receiving_yards,39.5,0.03125,0.96875,1054,POSITION_2024_EMPIRICAL,,,,,False
,,2026_05_CHI_GB,2026,5,2026-10-11T17:00:00+00:00,GB,00-0040142,K.Johnson,RB,receiving_yards,49.5,0.019886,0.980114,1054,POSITION_2024_EMPIRICAL,,,,,False
,,2026_05_CHI_GB,2026,5,2026-10-11T17:00:00+00:00,GB,00-0040142,K.Johnson,RB,receiving_yards,64.5,0.01,0.99,1054,POSITION_2024_EMPIRICAL,,,,,False
,,2026_05_CHI_GB,2026,5,2026-10-11T17:00:00+00:00,GB,00-0040142,K.Johnson,RB,receiving_yards,79.5,0.01,0.99,1054,POSITION_2024_EMPIRICAL,,,,,False
,,2026_05_CHI_GB,2026,5,2026-10-11T17:00:00+00:00,GB,00-0040142,K.Johnson,RB,receiving_yards,99.5,0.01,0.99,1054,POSITION_2024_EMPIRICAL,,,,,False
,,2026_05_CHI_GB,2026,5,2026-10-11T17:00:00+00:00,GB,00-0040142,K.Johnson,RB,receiving_yards,124.5,0.01,0.99,1054,POSITION_2024_EMPIRICAL,,,,,False
,,2026_05_CHI_GB,2026,5,2026-10-11T17:00:00+00:00,GB,00-0040142,K.Johnson,RB,receptions,1.5,0.14695,0.85305,1080,POSITION_2024_EMPIRICAL,,,,,False
,,2026_05_CHI_GB,2026,5,2026-10-11T17:00:00+00:00,GB,00-0040142,K.Johnson,RB,receptions,2.5,0.067468,0.932532,1080,POSITION_2024_EMPIRICAL,,,,,False
,,2026_05_CHI_GB,2026,5,2026-10-11T17:00:00+00:00,GB,00-0040142,K.Johnson,RB,receptions,3.5,0.021257,0.978743,1080,POSITION_2024_EMPIRICAL,,,,,False
,,2026_05_CHI_GB,2026,5,2026-10-11T17:00:00+00:00,GB,00-0040142,K.Johnson,RB,receptions,4.5,0.012015,0.987985,1080,POSITION_2024_EMPIRICAL,,,,,False
,,2026_05_CHI_GB,2026,5,2026-10-11T17:00:00+00:00,GB,00-0040142,K.Johnson,RB,receptions,5.5,0.01,0.99,1080,POSITION_2024_EMPIRICAL,,,,,False
,,2026_05_CHI_GB,2026,5,2026-10-11T17:00:00+00:00,GB,00-0040142,K.Johnson,RB,receptions,6.5,0.01,0.99,1080,POSITION_2024_EMPIRICAL,,,,,False
,,2026_05_CHI_GB,2026,5,2026-10-11T17:00:00+00:00,GB,00-0040142,K.Johnson,RB,receptions,7.5,0.01,0.99,1080,POSITION_2024_EMPIRICAL,,,,,False
,,2026_05_CHI_GB,2026,5,2026-10-11T17:00:00+00:00,GB,00-0040142,K.Johnson,RB,rushing_yards,19.5,0.373746,0.626254,1194,POSITION_2024_EMPIRICAL,,,,,False
,,2026_05_CHI_GB,2026,5,2026-10-11T17:00:00+00:00,GB,00-0040142,K.Johnson,RB,rushing_yards,34.5,0.181438,0.818562,1194,POSITION_2024_EMPIRICAL,,,,,False
,,2026_05_CHI_GB,2026,5,2026-10-11T17:00:00+00:00,GB,00-0040142,K.Johnson,RB,rushing_yards,49.5,0.073579,0.926421,1194,POSITION_2024_EMPIRICAL,,,,,False
,,2026_05_CHI_GB,2026,5,2026-10-11T17:00:00+00:00,GB,00-0040142,K.Johnson,RB,rushing_yards,64.5,0.033445,0.966555,1194,POSITION_2024_EMPIRICAL,,,,,False
,,2026_05_CHI_GB,2026,5,2026-10-11T17:00:00+00:00,GB,00-0040142,K.Johnson,RB,rushing_yards,79.5,0.019231,0.980769,1194,POSITION_2024_EMPIRICAL,,,,,False
,,2026_05_CHI_GB,2026,5,2026-10-11T17:00:00+00:00,GB,00-0040142,K.Johnson,RB,rushing_yards,99.5,0.01,0.99,1194,POSITION_2024_EMPIRICAL,,,,,False
,,2026_05_CHI_GB,2026,5,2026-10-11T17:00:00+00:00,GB,00-0040142,K.Johnson,RB,rushing_yards,124.5,0.01,0.99,1194,POSITION_2024_EMPIRICAL,,,,,False
,,2026_05_CHI_GB,2026,5,2026-10-11T17:00:00+00:00,GB,00-0040667,M.Golden,WR,receiving_yards,24.5,0.839957,0.160043,1860,POSITION_2024_EMPIRICAL,,,,,False
,,2026_05_CHI_GB,2026,5,2026-10-11T17:00:00+00:00,GB,00-0040667,M.Golden,WR,receiving_yards,39.5,0.709989,0.290011,1860,POSITION_2024_EMPIRICAL,,,,,False
,,2026_05_CHI_GB,2026,5,2026-10-11T17:00:00+00:00,GB,00-0040667,M.Golden,WR,receiving_yards,49.5,0.608485,0.391515,1860,POSITION_2024_EMPIRICAL,,,,,False
,,2026_05_CHI_GB,2026,5,2026-10-11T17:00:00+00:00,GB,00-0040667,M.Golden,WR,receiving_yards,64.5,0.414608,0.585392,1860,POSITION_2024_EMPIRICAL,,,,,False
,,2026_05_CHI_GB,2026,5,2026-10-11T17:00:00+00:00,GB,00-0040667,M.Golden,WR,receiving_yards,79.5,0.294844,0.705156,1860,POSITION_2024_EMPIRICAL,,,,,False
,,2026_05_CHI_GB,2026,5,2026-10-11T17:00:00+00:00,GB,00-0040667,M.Golden,WR,receiving_yards,99.5,0.17884,0.82116,1860,POSITION_2024_EMPIRICAL,,,,,False
,,2026_05_CHI_GB,2026,5,2026-10-11T17:00:00+00:00,GB,00-0040667,M.Golden,WR,receiving_yards,124.5,0.100967,0.899033,1860,POSITION_2024_EMPIRICAL,,,,,False
,,2026_05_CHI_GB,2026,5,2026-10-11T17:00:00+00:00,GB,00-0040667,M.Golden,WR,receptions,1.5,0.864561,0.135439,1866,POSITION_2024_EMPIRICAL,,,,,False
,,2026_05_CHI_GB,2026,5,2026-10-11T17:00:00+00:00,GB,00-0040667,M.Golden,WR,receptions,2.5,0.752141,0.247859,1866,POSITION_2024_EMPIRICAL,,,,,False
,,2026_05_CHI_GB,2026,5,2026-10-11T17:00:00+00:00,GB,00-0040667,M.Golden,WR,receptions,3.5,0.578694,0.421306,1866,POSITION_2024_EMPIRICAL,,,,,False
,,2026_05_CHI_GB,2026,5,2026-10-11T17:00:00+00:00,GB,00-0040667,M.Golden,WR,receptions,4.5,0.366702,0.633298,1866,POSITION_2024_EMPIRICAL,,,,,False
,,2026_05_CHI_GB,2026,5,2026-10-11T17:00:00+00:00,GB,00-0040667,M.Golden,WR,receptions,5.5,0.261242,0.738758,1866,POSITION_2024_EMPIRICAL,,,,,False
,,2026_05_CHI_GB,2026,5,2026-10-11T17:00:00+00:00,GB,00-0040667,M.Golden,WR,receptions,6.5,0.171306,0.828694,1866,POSITION_2024_EMPIRICAL,,,,,False
,,2026_05_CHI_GB,2026,5,2026-10-11T17:00:00+00:00,GB,00-0040667,M.Golden,WR,receptions,7.5,0.105996,0.894004,1866,POSITION_2024_EMPIRICAL,,,,,False
,,2026_05_CHI_GB,2026,5,2026-10-11T17:00:00+00:00,GB,00-0040667,M.Golden,WR,rushing_yards,19.5,0.013423,0.986577,445,POSITION_2024_EMPIRICAL,,,,,False
,,2026_05_CHI_GB,2026,5,2026-10-11T17:00:00+00:00,GB,00-0040667,M.Golden,WR,rushing_yards,34.5,0.01,0.99,445,POSITION_2024_EMPIRICAL,,,,,False
,,2026_05_CHI_GB,2026,5,2026-10-11T17:00:00+00:00,GB,00-0040667,M.Golden,WR,rushing_yards,49.5,0.01,0.99,445,POSITION_2024_EMPIRICAL,,,,,False
,,2026_05_CHI_GB,2026,5,2026-10-11T17:00:00+00:00,GB,00-0040667,M.Golden,WR,rushing_yards,64.5,0.01,0.99,445,POSITION_2024_EMPIRICAL,,,,,False
,,2026_05_CHI_GB,2026,5,2026-10-11T17:00:00+00:00,GB,00-0040667,M.Golden,WR,rushing_yards,79.5,0.01,0.99,445,POSITION_2024_EMPIRICAL,,,,,False
,,2026_05_CHI_GB,2026,5,2026-10-11T17:00:00+00:00,GB,00-0040667,M.Golden,WR,rushing_yards,99.5,0.01,0.99,445,POSITION_2024_EMPIRICAL,,,,,False
,,2026_05_CHI_GB,2026,5,2026-10-11T17:00:00+00:00,GB,00-0040667,M.Golden,WR,rushing_yards,124.5,0.01,0.99,445,POSITION_2024_EMPIRICAL,,,,,False
,,2026_05_CHI_GB,2026,5,2026-10-11T17:00:00+00:00,GB,00-0040948,J.Sturdivant,WR,receiving_yards,24.5,0.165951,0.834049,1860,POSITION_2024_EMPIRICAL,,,,,False
,,2026_05_CHI_GB,2026,5,2026-10-11T17:00:00+00:00,GB,00-0040948,J.Sturdivant,WR,receiving_yards,39.5,0.08217,0.91783,1860,POSITION_2024_EMPIRICAL,,,,,False
,,2026_05_CHI_GB,2026,5,2026-10-11T17:00:00+00:00,GB,00-0040948,J.Sturdivant,WR,receiving_yards,49.5,0.050483,0.949517,1860,POSITION_2024_EMPIRICAL,,,,,False
,,2026_05_CHI_GB,2026,5,2026-10-11T17:00:00+00:00,GB,00-0040948,J.Sturdivant,WR,receiving_yards,64.5,0.023093,0.976907,1860,POSITION_2024_EMPIRICAL,,,,,False
,,2026_05_CHI_GB,2026,5,2026-10-11T17:00:00+00:00,GB,00-0040948,J.Sturdivant,WR,receiving_yards,79.5,0.013426,0.986574,1860,POSITION_2024_EMPIRICAL,,,,,False
,,2026_05_CHI_GB,2026,5,2026-10-11T17:00:00+00:00,GB,00-0040948,J.Sturdivant,WR,receiving_yards,99.5,0.01,0.99,1860,POSITION_2024_EMPIRICAL,,,,,False
,,2026_05_CHI_GB,2026,5,2026-10-11T17:00:00+00:00,GB,00-0040948,J.Sturdivant,WR,receiving_yards,124.5,0.01,0.99,1860,POSITION_2024_EMPIRICAL,,,,,False
,,2026_05_CHI_GB,2026,5,2026-10-11T17:00:00+00:00,GB,00-0040948,J.Sturdivant,WR,receptions,1.5,0.277837,0.722163,1866,POSITION_2024_EMPIRICAL,,,,,False
,,2026_05_CHI_GB,2026,5,2026-10-11T17:00:00+00:00,GB,00-0040948,J.Sturdivant,WR,receptions,2.5,0.144004,0.855996,1866,POSITION_2024_EMPIRICAL,,,,,False
,,2026_05_CHI_GB,2026,5,2026-10-11T17:00:00+00:00,GB,00-0040948,J.Sturdivant,WR,receptions,3.5,0.066381,0.933619,1866,POSITION_2024_EMPIRICAL,,,,,False
,,2026_05_CHI_GB,2026,5,2026-10-11T17:00:00+00:00,GB,00-0040948,J.Sturdivant,WR,receptions,4.5,0.028373,0.971627,1866,POSITION_2024_EMPIRICAL,,,,,False
,,2026_05_CHI_GB,2026,5,2026-10-11T17:00:00+00:00,GB,00-0040948,J.Sturdivant,WR,receptions,5.5,0.01,0.99,1866,POSITION_2024_EMPIRICAL,,,,,False
,,2026_05_CHI_GB,2026,5,2026-10-11T17:00:00+00:00,GB,00-0040948,J.Sturdivant,WR,receptions,6.5,0.01,0.99,1866,POSITION_2024_EMPIRICAL,,,,,False
,,2026_05_CHI_GB,2026,5,2026-10-11T17:00:00+00:00,GB,00-0040948,J.Sturdivant,WR,receptions,7.5,0.01,0.99,1866,POSITION_2024_EMPIRICAL,,,,,False
,,2026_05_CIN_MIA,2026,5,2026-10-11T17:00:00+00:00,CIN,00-0033526,S.Perine,RB,receiving_yards,24.5,0.148674,0.851326,1054,POSITION_2024_EMPIRICAL,,,,,False
,,2026_05_CIN_MIA,2026,5,2026-10-11T17:00:00+00:00,CIN,00-0033526,S.Perine,RB,receiving_yards,39.5,0.054924,0.945076,1054,POSITION_2024_EMPIRICAL,,,,,False
,,2026_05_CIN_MIA,2026,5,2026-10-11T17:00:00+00:00,CIN,00-0033526,S.Perine,RB,receiving_yards,49.5,0.03125,0.96875,1054,POSITION_2024_EMPIRICAL,,,,,False
,,2026_05_CIN_MIA,2026,5,2026-10-11T17:00:00+00:00,CIN,00-0033526,S.Perine,RB,receiving_yards,64.5,0.014205,0.985795,1054,POSITION_2024_EMPIRICAL,,,,,False
,,2026_05_CIN_MIA,2026,5,2026-10-11T17:00:00+00:00,CIN,00-0033526,S.Perine,RB,receiving_yards,79.5,0.01,0.99,1054,POSITION_2024_EMPIRICAL,,,,,False
,,2026_05_CIN_MIA,2026,5,2026-10-11T17:00:00+00:00,CIN,00-0033526,S.Perine,RB,receiving_yards,99.5,0.01,0.99,1054,POSITION_2024_EMPIRICAL,,,,,False
,,2026_05_CIN_MIA,2026,5,2026-10-11T17:00:00+00:00,CIN,00-0033526,S.Perine,RB,receiving_yards,124.5,0.01,0.99,1054,POSITION_2024_EMPIRICAL,,,,,False
,,2026_05_CIN_MIA,2026,5,2026-10-11T17:00:00+00:00,CIN,00-0033526,S.Perine,RB,receptions,1.5,0.298521,0.701479,1080,POSITION_2024_EMPIRICAL,,,,,False
,,2026_05_CIN_MIA,2026,5,2026-10-11T17:00:00+00:00,CIN,00-0033526,S.Perine,RB,receptions,2.5,0.14695,0.85305,1080,POSITION_2024_EMPIRICAL,,,,,False
,,2026_05_CIN_MIA,2026,5,2026-10-11T17:00:00+00:00,CIN,00-0033526,S.Perine,RB,receptions,3.5,0.067468,0.932532,1080,POSITION_2024_EMPIRICAL,,,,,False
,,2026_05_CIN_MIA,2026,5,2026-10-11T17:00:00+00:00,CIN,00-0033526,S.Perine,RB,receptions,4.5,0.021257,0.978743,1080,POSITION_2024_EMPIRICAL,,,,,False
,,2026_05_CIN_MIA,2026,5,2026-10-11T17:00:00+00:00,CIN,00-0033526,S.Perine,RB,receptions,5.5,0.012015,0.987985,1080,POSITION_2024_EMPIRICAL,,,,,False
,,2026_05_CIN_MIA,2026,5,2026-10-11T17:00:00+00:00,CIN,00-0033526,S.Perine,RB,receptions,6.5,0.01,0.99,1080,POSITION_2024_EMPIRICAL,,,,,False
,,2026_05_CIN_MIA,2026,5,2026-10-11T17:00:00+00:00,CIN,00-0033526,S.Perine,RB,receptions,7.5,0.01,0.99,1080,POSITION_2024_EMPIRICAL,,,,,False
,,2026_05_CIN_MIA,2026,5,2026-10-11T17:00:00+00:00,CIN,00-0033526,S.Perine,RB,rushing_yards,19.5,0.238294,0.761706,1194,POSITION_2024_EMPIRICAL,,,,,False
,,2026_05_CIN_MIA,2026,5,2026-10-11T17:00:00+00:00,CIN,00-0033526,S.Perine,RB,rushing_yards,34.5,0.107023,0.892977,1194,POSITION_2024_EMPIRICAL,,,,,False
,,2026_05_CIN_MIA,2026,5,2026-10-11T17:00:00+00:00,CIN,00-0033526,S.Perine,RB,rushing_yards,49.5,0.049331,0.950669,1194,POSITION_2024_EMPIRICAL,,,,,False
,,2026_05_CIN_MIA,2026,5,2026-10-11T17:00:00+00:00,CIN,00-0033526,S.Perine,RB,rushing_yards,64.5,0.021739,0.978261,1194,POSITION_2024_EMPIRICAL,,,,,False
,,2026_05_CIN_MIA,2026,5,2026-10-11T17:00:00+00:00,CIN,00-0033526,S.Perine,RB,rushing_yards,79.5,0.010033,0.989967,1194,POSITION_2024_EMPIRICAL,,,,,False
,,2026_05_CIN_MIA,2026,5,2026-10-11T17:00:00+00:00,CIN,00-0033526,S.Perine,RB,rushing_yards,99.5,0.01,0.99,1194,POSITION_2024_EMPIRICAL,,,,,False
,,2026_05_CIN_MIA,2026,5,2026-10-11T17:00:00+00:00,CIN,00-0033526,S.Perine,RB,rushing_yards,124.5,0.01,0.99,1194,POSITION_2024_EMPIRICAL,,,,,False
,,2026_05_CIN_MIA,2026,5,2026-10-11T17:00:00+00:00,CIN,00-0034613,T.Hudson,TE,receiving_yards,24.5,0.139942,0.860058,1027,POSITION_2024_EMPIRICAL,,,,,False
,,2026_05_CIN_MIA,2026,5,2026-10-11T17:00:00+00:00,CIN,00-0034613,T.Hudson,TE,receiving_yards,39.5,0.070943,0.929057,1027,POSITION_2024_EMPIRICAL,,,,,False
,,2026_05_CIN_MIA,2026,5,2026-10-11T17:00:00+00:00,CIN,00-0034613,T.Hudson,TE,receiving_yards,49.5,0.030126,0.969874,1027,POSITION_2024_EMPIRICAL,,,,,False
,,2026_05_CIN_MIA,2026,5,2026-10-11T17:00:00+00:00,CIN,00-0034613,T.Hudson,TE,receiving_yards,64.5,0.011662,0.988338,1027,POSITION_2024_EMPIRICAL,,,,,False
,,2026_05_CIN_MIA,2026,5,2026-10-11T17:00:00+00:00,CIN,00-0034613,T.Hudson,TE,receiving_yards,79.5,0.01,0.99,1027,POSITION_2024_EMPIRICAL,,,,,False
,,2026_05_CIN_MIA,2026,5,2026-10-11T17:00:00+00:00,CIN,00-0034613,T.Hudson,TE,receiving_yards,99.5,0.01,0.99,1027,POSITION_2024_EMPIRICAL,,,,,False
,,2026_05_CIN_MIA,2026,5,2026-10-11T17:00:00+00:00,CIN,00-0034613,T.Hudson,TE,receiving_yards,124.5,0.01,0.99,1027,POSITION_2024_EMPIRICAL,,,,,False
,,2026_05_CIN_MIA,2026,5,2026-10-11T17:00:00+00:00,CIN,00-0034613,T.Hudson,TE,receptions,1.5,0.356935,0.643065,1029,POSITION_2024_EMPIRICAL,,,,,False
,,2026_05_CIN_MIA,2026,5,2026-10-11T17:00:00+00:00,CIN,00-0034613,T.Hudson,TE,receptions,2.5,0.169738,0.830262,1029,POSITION_2024_EMPIRICAL,,,,,False
,,2026_05_CIN_MIA,2026,5,2026-10-11T17:00:00+00:00,CIN,00-0034613,T.Hudson,TE,receptions,3.5,0.090204,0.909796,1029,POSITION_2024_EMPIRICAL,,,,,False
,,2026_05_CIN_MIA,2026,5,2026-10-11T17:00:00+00:00,CIN,00-0034613,T.Hudson,TE,receptions,4.5,0.044617,0.955383,1029,POSITION_2024_EMPIRICAL,,,,,False
,,2026_05_CIN_MIA,2026,5,2026-10-11T17:00:00+00:00,CIN,00-0034613,T.Hudson,TE,receptions,5.5,0.017459,0.982541,1029,POSITION_2024_EMPIRICAL,,,,,False
,,2026_05_CIN_MIA,2026,5,2026-10-11T17:00:00+00:00,CIN,00-0034613,T.Hudson,TE,receptions,6.5,0.01,0.99,1029,POSITION_2024_EMPIRICAL,,,,,False
,,2026_05_CIN_MIA,2026,5,2026-10-11T17:00:00+00:00,CIN,00-0034613,T.Hudson,TE,receptions,7.5,0.01,0.99,1029,POSITION_2024_EMPIRICAL,,,,,False
,,2026_05_CIN_MIA,2026,5,2026-10-11T17:00:00+00:00,CIN,00-0034829,M.Gesicki,TE,receiving_yards,24.5,0.840622,0.159378,1027,POSITION_2024_EMPIRICAL,,,,,False
,,2026_05_CIN_MIA,2026,5,2026-10-11T17:00:00+00:00,CIN,00-0034829,M.Gesicki,TE,receiving_yards,39.5,0.621963,0.378037,1027,POSITION_2024_EMPIRICAL,,,,,False
,,2026_05_CIN_MIA,2026,5,2026-10-11T17:00:00+00:00,CIN,00-0034829,M.Gesicki,TE,receiving_yards,49.5,0.39553,0.60447,1027,POSITION_2024_EMPIRICAL,,,,,False
,,2026_05_CIN_MIA,2026,5,2026-10-11T17:00:00+00:00,CIN,00-0034829,M.Gesicki,TE,receiving_yards,64.5,0.24587,0.75413,1027,POSITION_2024_EMPIRICAL,,,,,False
,,2026_05_CIN_MIA,2026,5,2026-10-11T17:00:00+00:00,CIN,00-0034829,M.Gesicki,TE,receiving_yards,79.5,0.139942,0.860058,1027,POSITION_2024_EMPIRICAL,,,,,False
,,2026_05_CIN_MIA,2026,5,2026-10-11T17:00:00+00:00,CIN,00-0034829,M.Gesicki,TE,receiving_yards,99.5,0.078717,0.921283,1027,POSITION_2024_EMPIRICAL,,,,,False
,,2026_05_CIN_MIA,2026,5,2026-10-11T17:00:00+00:00,CIN,00-0034829,M.Gesicki,TE,receiving_yards,124.5,0.020408,0.979592,1027,POSITION_2024_EMPIRICAL,,,,,False
,,2026_05_CIN_MIA,2026,5,2026-10-11T17:00:00+00:00,CIN,00-0034829,M.Gesicki,TE,receptions,1.5,0.85548,0.14452,1029,POSITION_2024_EMPIRICAL,,,,,False
,,2026_05_CIN_MIA,2026,5,2026-10-11T17:00:00+00:00,CIN,00-0034829,M.Gesicki,TE,receptions,2.5,0.655674,0.344326,1029,POSITION_2024_EMPIRICAL,,,,,False
,,2026_05_CIN_MIA,2026,5,2026-10-11T17:00:00+00:00,CIN,00-0034829,M.Gesicki,TE,receptions,3.5,0.412221,0.587779,1029,POSITION_2024_EMPIRICAL,,,,,False
,,2026_05_CIN_MIA,2026,5,2026-10-11T17:00:00+00:00,CIN,00-0034829,M.Gesicki,TE,receptions,4.5,0.252182,0.747818,1029,POSITION_2024_EMPIRICAL,,,,,False
,,2026_05_CIN_MIA,2026,5,2026-10-11T17:00:00+00:00,CIN,00-0034829,M.Gesicki,TE,receptions,5.5,0.156159,0.843841,1029,POSITION_2024_EMPIRICAL,,,,,False
,,2026_05_CIN_MIA,2026,5,2026-10-11T17:00:00+00:00,CIN,00-0034829,M.Gesicki,TE,receptions,6.5,0.092144,0.907856,1029,POSITION_2024_EMPIRICAL,,,,,False
,,2026_05_CIN_MIA,2026,5,2026-10-11T17:00:00+00:00,CIN,00-0034829,M.Gesicki,TE,receptions,7.5,0.056256,0.943744,1029,POSITION_2024_EMPIRICAL,,,,,False
,,2026_05_CIN_MIA,2026,5,2026-10-11T17:00:00+00:00,CIN,00-0036410,T.Higgins,WR,receiving_yards,24.5,0.895811,0.104189,1860,POSITION_2024_EMPIRICAL,,,,,False
,,2026_05_CIN_MIA,2026,5,2026-10-11T17:00:00+00:00,CIN,00-0036410,T.Higgins,WR,receiving_yards,39.5,0.830827,0.169173,1860,POSITION_2024_EMPIRICAL,,,,,False
,,2026_05_CIN_MIA,2026,5,2026-10-11T17:00:00+00:00,CIN,00-0036410,T.Higgins,WR,receiving_yards,49.5,0.776047,0.223953,1860,POSITION_2024_EMPIRICAL,,,,,False
,,2026_05_CIN_MIA,2026,5,2026-10-11T17:00:00+00:00,CIN,00-0036410,T.Higgins,WR,receiving_yards,64.5,0.676155,0.323845,1860,POSITION_2024_EMPIRICAL,,,,,False
,,2026_05_CIN_MIA,2026,5,2026-10-11T17:00:00+00:00,CIN,00-0036410,T.Higgins,WR,receiving_yards,79.5,0.557465,0.442535,1860,POSITION_2024_EMPIRICAL,,,,,False
,,2026_05_CIN_MIA,2026,5,2026-10-11T17:00:00+00:00,CIN,00-0036410,T.Higgins,WR,receiving_yards,99.5,0.371643,0.628357,1860,POSITION_2024_EMPIRICAL,,,,,False
,,2026_05_CIN_MIA,2026,5,2026-10-11T17:00:00+00:00,CIN,00-0036410,T.Higgins,WR,receiving_yards,124.5,0.249731,0.750269,1860,POSITION_2024_EMPIRICAL,,,,,False
,,2026_05_CIN_MIA,2026,5,2026-10-11T17:00:00+00:00,CIN,00-0036410,T.Higgins,WR,receptions,1.5,0.907923,0.092077,1866,POSITION_2024_EMPIRICAL,,,,,False
,,2026_05_CIN_MIA,2026,5,2026-10-11T17:00:00+00:00,CIN,00-0036410,T.Higgins,WR,receptions,2.5,0.852784,0.147216,1866,POSITION_2024_EMPIRICAL,,,,,False
,,2026_05_CIN_MIA,2026,5,2026-10-11T17:00:00+00:00,CIN,00-0036410,T.Higgins,WR,receptions,3.5,0.766595,0.233405,1866,POSITION_2024_EMPIRICAL,,,,,False
,,2026_05_CIN_MIA,2026,5,2026-10-11T17:00:00+00:00,CIN,00-0036410,T.Higgins,WR,receptions,4.5,0.655782,0.344218,1866,POSITION_2024_EMPIRICAL,,,,,False
,,2026_05_CIN_MIA,2026,5,2026-10-11T17:00:00+00:00,CIN,00-0036410,T.Higgins,WR,receptions,5.5,0.487152,0.512848,1866,POSITION_2024_EMPIRICAL,,,,,False
,,2026_05_CIN_MIA,2026,5,2026-10-11T17:00:00+00:00,CIN,00-0036410,T.Higgins,WR,receptions,6.5,0.358137,0.641863,1866,POSITION_2024_EMPIRICAL,,,,,False
,,2026_05_CIN_MIA,2026,5,2026-10-11T17:00:00+00:00,CIN,00-0036410,T.Higgins,WR,receptions,7.5,0.269272,0.730728,1866,POSITION_2024_EMPIRICAL,,,,,False
,,2026_05_CIN_MIA,2026,5,2026-10-11T17:00:00+00:00,CIN,00-0036442,J.Burrow,QB,passing_yards,149.5,0.797753,0.202247,532,POSITION_2024_EMPIRICAL,,,,,False
,,2026_05_CIN_MIA,2026,5,2026-10-11T17:00:00+00:00,CIN,00-0036442,J.Burrow,QB,passing_yards,174.5,0.76779,0.23221,532,POSITION_2024_EMPIRICAL,,,,,False
,,2026_05_CIN_MIA,2026,5,2026-10-11T17:00:00+00:00,CIN,00-0036442,J.Burrow,QB,passing_yards,199.5,0.720974,0.279026,532,POSITION_2024_EMPIRICAL,,,,,False
,,2026_05_CIN_MIA,2026,5,2026-10-11T17:00:00+00:00,CIN,00-0036442,J.Burrow,QB,passing_yards,224.5,0.666667,0.333333,532,POSITION_2024_EMPIRICAL,,,,,False
,,2026_05_CIN_MIA,2026,5,2026-10-11T17:00:00+00:00,CIN,00-0036442,J.Burrow,QB,passing_yards,249.5,0.614232,0.385768,532,POSITION_2024_EMPIRICAL,,,,,False
,,2026_05_CIN_MIA,2026,5,2026-10-11T17:00:00+00:00,CIN,00-0036442,J.Burrow,QB,passing_yards,274.5,0.544944,0.455056,532,POSITION_2024_EMPIRICAL,,,,,False
,,2026_05_CIN_MIA,2026,5,2026-10-11T17:00:00+00:00,CIN,00-0036442,J.Burrow,QB,passing_yards,299.5,0.453184,0.546816,532,POSITION_2024_EMPIRICAL,,,,,False
,,2026_05_CIN_MIA,2026,5,2026-10-11T17:00:00+00:00,CIN,00-0036442,J.Burrow,QB,rushing_yards,19.5,0.188406,0.811594,481,POSITION_2024_EMPIRICAL,,,,,False
,,2026_05_CIN_MIA,2026,5,2026-10-11T17:00:00+00:00,CIN,00-0036442,J.Burrow,QB,rushing_yards,34.5,0.089027,0.910973,481,POSITION_2024_EMPIRICAL,,,,,False
,,2026_05_CIN_MIA,2026,5,2026-10-11T17:00:00+00:00,CIN,00-0036442,J.Burrow,QB,rushing_yards,49.5,0.033126,0.966874,481,POSITION_2024_EMPIRICAL,,,,,False
,,2026_05_CIN_MIA,2026,5,2026-10-11T17:00:00+00:00,CIN,00-0036442,J.Burrow,QB,rushing_yards,64.5,0.01,0.99,481,POSITION_2024_EMPIRICAL,,,,,False
,,2026_05_CIN_MIA,2026,5,2026-10-11T17:00:00+00:00,CIN,00-0036442,J.Burrow,QB,rushing_yards,79.5,0.01,0.99,481,POSITION_2024_EMPIRICAL,,,,,False
,,2026_05_CIN_MIA,2026,5,2026-10-11T17:00:00+00:00,CIN,00-0036442,J.Burrow,QB,rushing_yards,99.5,0.01,0.99,481,POSITION_2024_EMPIRICAL,,,,,False
,,2026_05_CIN_MIA,2026,5,2026-10-11T17:00:00+00:00,CIN,00-0036442,J.Burrow,QB,rushing_yards,124.5,0.01,0.99,481,POSITION_2024_EMPIRICAL,,,,,False
,,2026_05_CIN_MIA,2026,5,2026-10-11T17:00:00+00:00,CIN,00-0036900,J.Chase,WR,receiving_yards,24.5,0.771214,0.228786,1860,POSITION_2024_EMPIRICAL,,,,,False
,,2026_05_CIN_MIA,2026,5,2026-10-11T17:00:00+00:00,CIN,00-0036900,J.Chase,WR,receiving_yards,39.5,0.580021,0.419979,1860,POSITION_2024_EMPIRICAL,,,,,False
,,2026_05_CIN_MIA,2026,5,2026-10-11T17:00:00+00:00,CIN,00-0036900,J.Chase,WR,receiving_yards,49.5,0.41783,0.58217,1860,POSITION_2024_EMPIRICAL,,,,,False
,,2026_05_CIN_MIA,2026,5,2026-10-11T17:00:00+00:00,CIN,00-0036900,J.Chase,WR,receiving_yards,64.5,0.269603,0.730397,1860,POSITION_2024_EMPIRICAL,,,,,False
,,2026_05_CIN_MIA,2026,5,2026-10-11T17:00:00+00:00,CIN,00-0036900,J.Chase,WR,receiving_yards,79.5,0.170784,0.829216,1860,POSITION_2024_EMPIRICAL,,,,,False
,,2026_05_CIN_MIA,2026,5,2026-10-11T17:00:00+00:00,CIN,00-0036900,J.Chase,WR,receiving_yards,99.5,0.098281,0.901719,1860,POSITION_2024_EMPIRICAL,,,,,False
,,2026_05_CIN_MIA,2026,5,2026-10-11T17:00:00+00:00,CIN,00-0036900,J.Chase,WR,receiving_yards,124.5,0.040279,0.959721,1860,POSITION_2024_EMPIRICAL,,,,,False
,,2026_05_CIN_MIA,2026,5,2026-10-11T17:00:00+00:00,CIN,00-0036900,J.Chase,WR,receptions,1.5,0.892934,0.107066,1866,POSITION_2024_EMPIRICAL,,,,,False
,,2026_05_CIN_MIA,2026,5,2026-10-11T17:00:00+00:00,CIN,00-0036900,J.Chase,WR,receptions,2.5,0.809957,0.190043,1866,POSITION_2024_EMPIRICAL,,,,,False
,,2026_05_CIN_MIA,2026,5,2026-10-11T17:00:00+00:00,CIN,00-0036900,J.Chase,WR,receptions,3.5,0.678801,0.321199,1866,POSITION_2024_EMPIRICAL,,,,,False
,,2026_05_CIN_MIA,2026,5,2026-10-11T17:00:00+00:00,CIN,00-0036900,J.Chase,WR,receptions,4.5,0.514454,0.485546,1866,POSITION_2024_EMPIRICAL,,,,,False
,,2026_05_CIN_MIA,2026,5,2026-10-11T17:00:00+00:00,CIN,00-0036900,J.Chase,WR,receptions,5.5,0.351713,0.648287,1866,POSITION_2024_EMPIRICAL,,,,,False
,,2026_05_CIN_MIA,2026,5,2026-10-11T17:00:00+00:00,CIN,00-0036900,J.Chase,WR,receptions,6.5,0.253747,0.746253,1866,POSITION_2024_EMPIRICAL,,,,,False
,,2026_05_CIN_MIA,2026,5,2026-10-11T17:00:00+00:00,CIN,00-0036900,J.Chase,WR,receptions,7.5,0.176124,0.823876,1866,POSITION_2024_EMPIRICAL,,,,,False
,,2026_05_CIN_MIA,2026,5,2026-10-11T17:00:00+00:00,CIN,00-0038597,C.Brown,RB,receiving_yards,24.5,0.377841,0.622159,1054,POSITION_2024_EMPIRICAL,,,,,False
,,2026_05_CIN_MIA,2026,5,2026-10-11T17:00:00+00:00,CIN,00-0038597,C.Brown,RB,receiving_yards,39.5,0.126894,0.873106,1054,POSITION_2024_EMPIRICAL,,,,,False
,,2026_05_CIN_MIA,2026,5,2026-10-11T17:00:00+00:00,CIN,00-0038597,C.Brown,RB,receiving_yards,49.5,0.066288,0.933712,1054,POSITION_2024_EMPIRICAL,,,,,False
,,2026_05_CIN_MIA,2026,5,2026-10-11T17:00:00+00:00,CIN,00-0038597,C.Brown,RB,receiving_yards,64.5,0.030303,0.969697,1054,POSITION_2024_EMPIRICAL,,,,,False
,,2026_05_CIN_MIA,2026,5,2026-10-11T17:00:00+00:00,CIN,00-0038597,C.Brown,RB,receiving_yards,79.5,0.012311,0.987689,1054,POSITION_2024_EMPIRICAL,,,,,False
,,2026_05_CIN_MIA,2026,5,2026-10-11T17:00:00+00:00,CIN,00-0038597,C.Brown,RB,receiving_yards,99.5,0.01,0.99,1054,POSITION_2024_EMPIRICAL,,,,,False
,,2026_05_CIN_MIA,2026,5,2026-10-11T17:00:00+00:00,CIN,00-0038597,C.Brown,RB,receiving_yards,124.5,0.01,0.99,1054,POSITION_2024_EMPIRICAL,,,,,False
,,2026_05_CIN_MIA,2026,5,2026-10-11T17:00:00+00:00,CIN,00-0038597,C.Brown,RB,receptions,1.5,0.911275,0.088725,1080,POSITION_2024_EMPIRICAL,,,,,False
,,2026_05_CIN_MIA,2026,5,2026-10-11T17:00:00+00:00,CIN,00-0038597,C.Brown,RB,receptions,2.5,0.847505,0.152495,1080,POSITION_2024_EMPIRICAL,,,,,False
,,2026_05_CIN_MIA,2026,5,2026-10-11T17:00:00+00:00,CIN,00-0038597,C.Brown,RB,receptions,3.5,0.695009,0.304991,1080,POSITION_2024_EMPIRICAL,,,,,False
,,2026_05_CIN_MIA,2026,5,2026-10-11T17:00:00+00:00,CIN,00-0038597,C.Brown,RB,receptions,4.5,0.515712,0.484288,1080,POSITION_2024_EMPIRICAL,,,,,False
,,2026_05_CIN_MIA,2026,5,2026-10-11T17:00:00+00:00,CIN,00-0038597,C.Brown,RB,receptions,5.5,0.319778,0.680222,1080,POSITION_2024_EMPIRICAL,,,,,False
,,2026_05_CIN_MIA,2026,5,2026-10-11T17:00:00+00:00,CIN,00-0038597,C.Brown,RB,receptions,6.5,0.225508,0.774492,1080,POSITION_2024_EMPIRICAL,,,,,False
,,2026_05_CIN_MIA,2026,5,2026-10-11T17:00:00+00:00,CIN,00-0038597,C.Brown,RB,receptions,7.5,0.154344,0.845656,1080,POSITION_2024_EMPIRICAL,,,,,False
,,2026_05_CIN_MIA,2026,5,2026-10-11T17:00:00+00:00,CIN,00-0038597,C.Brown,RB,rushing_yards,19.5,0.830268,0.169732,1194,POSITION_2024_EMPIRICAL,,,,,False
,,2026_05_CIN_MIA,2026,5,2026-10-11T17:00:00+00:00,CIN,00-0038597,C.Brown,RB,rushing_yards,34.5,0.645485,0.354515,1194,POSITION_2024_EMPIRICAL,,,,,False
,,2026_05_CIN_MIA,2026,5,2026-10-11T17:00:00+00:00,CIN,00-0038597,C.Brown,RB,rushing_yards,49.5,0.391304,0.608696,1194,POSITION_2024_EMPIRICAL,,,,,False
,,2026_05_CIN_MIA,2026,5,2026-10-11T17:00:00+00:00,CIN,00-0038597,C.Brown,RB,rushing_yards,64.5,0.245819,0.754181,1194,POSITION_2024_EMPIRICAL,,,,,False
,,2026_05_CIN_MIA,2026,5,2026-10-11T17:00:00+00:00,CIN,00-0038597,C.Brown,RB,rushing_yards,79.5,0.148829,0.851171,1194,POSITION_2024_EMPIRICAL,,,,,False
,,2026_05_CIN_MIA,2026,5,2026-10-11T17:00:00+00:00,CIN,00-0038597,C.Brown,RB,rushing_yards,99.5,0.069398,0.930602,1194,POSITION_2024_EMPIRICAL,,,,,False
,,2026_05_CIN_MIA,2026,5,2026-10-11T17:00:00+00:00,CIN,00-0038597,C.Brown,RB,rushing_yards,124.5,0.028428,0.971572,1194,POSITION_2024_EMPIRICAL,,,,,False
,,2026_05_CIN_MIA,2026,5,2026-10-11T17:00:00+00:00,CIN,00-0040785,D.Meyers,WR,receiving_yards,24.5,0.551557,0.448443,1860,POSITION_2024_EMPIRICAL,,,,,False
,,2026_05_CIN_MIA,2026,5,2026-10-11T17:00:00+00:00,CIN,00-0040785,D.Meyers,WR,receiving_yards,39.5,0.27551,0.72449,1860,POSITION_2024_EMPIRICAL,,,,,False
,,2026_05_CIN_MIA,2026,5,2026-10-11T17:00:00+00:00,CIN,00-0040785,D.Meyers,WR,receiving_yards,49.5,0.175618,0.824382,1860,POSITION_2024_EMPIRICAL,,,,,False
,,2026_05_CIN_MIA,2026,5,2026-10-11T17:00:00+00:00,CIN,00-0040785,D.Meyers,WR,receiving_yards,64.5,0.092911,0.907089,1860,POSITION_2024_EMPIRICAL,,,,,False
,,2026_05_CIN_MIA,2026,5,2026-10-11T17:00:00+00:00,CIN,00-0040785,D.Meyers,WR,receiving_yards,79.5,0.042427,0.957573,1860,POSITION_2024_EMPIRICAL,,,,,False
,,2026_05_CIN_MIA,2026,5,2026-10-11T17:00:00+00:00,CIN,00-0040785,D.Meyers,WR,receiving_yards,99.5,0.018797,0.981203,1860,POSITION_2024_EMPIRICAL,,,,,False
,,2026_05_CIN_MIA,2026,5,2026-10-11T17:00:00+00:00,CIN,00-0040785,D.Meyers,WR,receiving_yards,124.5,0.01,0.99,1860,POSITION_2024_EMPIRICAL,,,,,False
,,2026_05_CIN_MIA,2026,5,2026-10-11T17:00:00+00:00,CIN,00-0040785,D.Meyers,WR,receptions,1.5,0.740899,0.259101,1866,POSITION_2024_EMPIRICAL,,,,,False
,,2026_05_CIN_MIA,2026,5,2026-10-11T17:00:00+00:00,CIN,00-0040785,D.Meyers,WR,receptions,2.5,0.444325,0.555675,1866,POSITION_2024_EMPIRICAL,,,,,False
,,2026_05_CIN_MIA,2026,5,2026-10-11T17:00:00+00:00,CIN,00-0040785,D.Meyers,WR,receptions,3.5,0.253212,0.746788,1866,POSITION_2024_EMPIRICAL,,,,,False
,,2026_05_CIN_MIA,2026,5,2026-10-11T17:00:00+00:00,CIN,00-0040785,D.Meyers,WR,receptions,4.5,0.132762,0.867238,1866,POSITION_2024_EMPIRICAL,,,,,False
,,2026_05_CIN_MIA,2026,5,2026-10-11T17:00:00+00:00,CIN,00-0040785,D.Meyers,WR,receptions,5.5,0.06531,0.93469,1866,POSITION_2024_EMPIRICAL,,,,,False
,,2026_05_CIN_MIA,2026,5,2026-10-11T17:00:00+00:00,CIN,00-0040785,D.Meyers,WR,receptions,6.5,0.029979,0.970021,1866,POSITION_2024_EMPIRICAL,,,,,False
,,2026_05_CIN_MIA,2026,5,2026-10-11T17:00:00+00:00,CIN,00-0040785,D.Meyers,WR,receptions,7.5,0.01,0.99,1866,POSITION_2024_EMPIRICAL,,,,,False
,,2026_05_CIN_MIA,2026,5,2026-10-11T17:00:00+00:00,MIA,00-0037252,G.Dulcich,TE,receiving_yards,24.5,0.537415,0.462585,1027,POSITION_2024_EMPIRICAL,,,,,False
,,2026_05_CIN_MIA,2026,5,2026-10-11T17:00:00+00:00,MIA,00-0037252,G.Dulcich,TE,receiving_yards,39.5,0.234208,0.765792,1027,POSITION_2024_EMPIRICAL,,,,,False
,,2026_05_CIN_MIA,2026,5,2026-10-11T17:00:00+00:00,MIA,00-0037252,G.Dulcich,TE,receiving_yards,49.5,0.131195,0.868805,1027,POSITION_2024_EMPIRICAL,,,,,False
,,2026_05_CIN_MIA,2026,5,2026-10-11T17:00:00+00:00,MIA,00-0037252,G.Dulcich,TE,receiving_yards,64.5,0.06414,0.93586,1027,POSITION_2024_EMPIRICAL,,,,,False
,,2026_05_CIN_MIA,2026,5,2026-10-11T17:00:00+00:00,MIA,00-0037252,G.Dulcich,TE,receiving_yards,79.5,0.019436,0.980564,1027,POSITION_2024_EMPIRICAL,,,,,False
,,2026_05_CIN_MIA,2026,5,2026-10-11T17:00:00+00:00,MIA,00-0037252,G.Dulcich,TE,receiving_yards,99.5,0.01,0.99,1027,POSITION_2024_EMPIRICAL,,,,,False
,,2026_05_CIN_MIA,2026,5,2026-10-11T17:00:00+00:00,MIA,00-0037252,G.Dulcich,TE,receiving_yards,124.5,0.01,0.99,1027,POSITION_2024_EMPIRICAL,,,,,False
,,2026_05_CIN_MIA,2026,5,2026-10-11T17:00:00+00:00,MIA,00-0037252,G.Dulcich,TE,receptions,1.5,0.791465,0.208535,1029,POSITION_2024_EMPIRICAL,,,,,False
,,2026_05_CIN_MIA,2026,5,2026-10-11T17:00:00+00:00,MIA,00-0037252,G.Dulcich,TE,receptions,2.5,0.505335,0.494665,1029,POSITION_2024_EMPIRICAL,,,,,False
,,2026_05_CIN_MIA,2026,5,2026-10-11T17:00:00+00:00,MIA,00-0037252,G.Dulcich,TE,receptions,3.5,0.27934,0.72066,1029,POSITION_2024_EMPIRICAL,,,,,False
,,2026_05_CIN_MIA,2026,5,2026-10-11T17:00:00+00:00,MIA,00-0037252,G.Dulcich,TE,receptions,4.5,0.159069,0.840931,1029,POSITION_2024_EMPIRICAL,,,,,False
,,2026_05_CIN_MIA,2026,5,2026-10-11T17:00:00+00:00,MIA,00-0037252,G.Dulcich,TE,receptions,5.5,0.090204,0.909796,1029,POSITION_2024_EMPIRICAL,,,,,False
,,2026_05_CIN_MIA,2026,5,2026-10-11T17:00:00+00:00,MIA,00-0037252,G.Dulcich,TE,receptions,6.5,0.046557,0.953443,1029,POSITION_2024_EMPIRICAL,,,,,False
,,2026_05_CIN_MIA,2026,5,2026-10-11T17:00:00+00:00,MIA,00-0037252,G.Dulcich,TE,receptions,7.5,0.023278,0.976722,1029,POSITION_2024_EMPIRICAL,,,,,False
,,2026_05_CIN_MIA,2026,5,2026-10-11T17:00:00+00:00,MIA,00-0038128,M.Willis,QB,passing_yards,149.5,0.524345,0.475655,532,POSITION_2024_EMPIRICAL,,,,,False
,,2026_05_CIN_MIA,2026,5,2026-10-11T17:00:00+00:00,MIA,00-0038128,M.Willis,QB,passing_yards,174.5,0.348315,0.651685,532,POSITION_2024_EMPIRICAL,,,,,False
,,2026_05_CIN_MIA,2026,5,2026-10-11T17:00:00+00:00,MIA,00-0038128,M.Willis,QB,passing_yards,199.5,0.243446,0.756554,532,POSITION_2024_EMPIRICAL,,,,,False
,,2026_05_CIN_MIA,2026,5,2026-10-11T17:00:00+00:00,MIA,00-0038128,M.Willis,QB,passing_yards,224.5,0.168539,0.831461,532,POSITION_2024_EMPIRICAL,,,,,False
,,2026_05_CIN_MIA,2026,5,2026-10-11T17:00:00+00:00,MIA,00-0038128,M.Willis,QB,passing_yards,249.5,0.102996,0.897004,532,POSITION_2024_EMPIRICAL,,,,,False
,,2026_05_CIN_MIA,2026,5,2026-10-11T17:00:00+00:00,MIA,00-0038128,M.Willis,QB,passing_yards,274.5,0.078652,0.921348,532,POSITION_2024_EMPIRICAL,,,,,False
,,2026_05_CIN_MIA,2026,5,2026-10-11T17:00:00+00:00,MIA,00-0038128,M.Willis,QB,passing_yards,299.5,0.059925,0.940075,532,POSITION_2024_EMPIRICAL,,,,,False
,,2026_05_CIN_MIA,2026,5,2026-10-11T17:00:00+00:00,MIA,00-0038128,M.Willis,QB,rushing_yards,19.5,0.643892,0.356108,481,POSITION_2024_EMPIRICAL,,,,,False
,,2026_05_CIN_MIA,2026,5,2026-10-11T17:00:00+00:00,MIA,00-0038128,M.Willis,QB,rushing_yards,34.5,0.227743,0.772257,481,POSITION_2024_EMPIRICAL,,,,,False
,,2026_05_CIN_MIA,2026,5,2026-10-11T17:00:00+00:00,MIA,00-0038128,M.Willis,QB,rushing_yards,49.5,0.10352,0.89648,481,POSITION_2024_EMPIRICAL,,,,,False
,,2026_05_CIN_MIA,2026,5,2026-10-11T17:00:00+00:00,MIA,00-0038128,M.Willis,QB,rushing_yards,64.5,0.041408,0.958592,481,POSITION_2024_EMPIRICAL,,,,,False
,,2026_05_CIN_MIA,2026,5,2026-10-11T17:00:00+00:00,MIA,00-0038128,M.Willis,QB,rushing_yards,79.5,0.012422,0.987578,481,POSITION_2024_EMPIRICAL,,,,,False
,,2026_05_CIN_MIA,2026,5,2026-10-11T17:00:00+00:00,MIA,00-0038128,M.Willis,QB,rushing_yards,99.5,0.01,0.99,481,POSITION_2024_EMPIRICAL,,,,,False
,,2026_05_CIN_MIA,2026,5,2026-10-11T17:00:00+00:00,MIA,00-0038128,M.Willis,QB,rushing_yards,124.5,0.01,0.99,481,POSITION_2024_EMPIRICAL,,,,,False
,,2026_05_CIN_MIA,2026,5,2026-10-11T17:00:00+00:00,MIA,00-0038824,R.Miller,WR,receiving_yards,24.5,0.519871,0.480129,1860,POSITION_2024_EMPIRICAL,,,,,False
,,2026_05_CIN_MIA,2026,5,2026-10-11T17:00:00+00:00,MIA,00-0038824,R.Miller,WR,receiving_yards,39.5,0.252417,0.747583,1860,POSITION_2024_EMPIRICAL,,,,,False
,,2026_05_CIN_MIA,2026,5,2026-10-11T17:00:00+00:00,MIA,00-0038824,R.Miller,WR,receiving_yards,49.5,0.155209,0.844791,1860,POSITION_2024_EMPIRICAL,,,,,False
,,2026_05_CIN_MIA,2026,5,2026-10-11T17:00:00+00:00,MIA,00-0038824,R.Miller,WR,receiving_yards,64.5,0.079484,0.920516,1860,POSITION_2024_EMPIRICAL,,,,,False
,,2026_05_CIN_MIA,2026,5,2026-10-11T17:00:00+00:00,MIA,00-0038824,R.Miller,WR,receiving_yards,79.5,0.03652,0.96348,1860,POSITION_2024_EMPIRICAL,,,,,False
,,2026_05_CIN_MIA,2026,5,2026-10-11T17:00:00+00:00,MIA,00-0038824,R.Miller,WR,receiving_yards,99.5,0.016112,0.983888,1860,POSITION_2024_EMPIRICAL,,,,,False
,,2026_05_CIN_MIA,2026,5,2026-10-11T17:00:00+00:00,MIA,00-0038824,R.Miller,WR,receiving_yards,124.5,0.01,0.99,1860,POSITION_2024_EMPIRICAL,,,,,False
,,2026_05_CIN_MIA,2026,5,2026-10-11T17:00:00+00:00,MIA,00-0038824,R.Miller,WR,receptions,1.5,0.277837,0.722163,1866,POSITION_2024_EMPIRICAL,,,,,False
,,2026_05_CIN_MIA,2026,5,2026-10-11T17:00:00+00:00,MIA,00-0038824,R.Miller,WR,receptions,2.5,0.144004,0.855996,1866,POSITION_2024_EMPIRICAL,,,,,False
,,2026_05_CIN_MIA,2026,5,2026-10-11T17:00:00+00:00,MIA,00-0038824,R.Miller,WR,receptions,3.5,0.066381,0.933619,1866,POSITION_2024_EMPIRICAL,,,,,False
,,2026_05_CIN_MIA,2026,5,2026-10-11T17:00:00+00:00,MIA,00-0038824,R.Miller,WR,receptions,4.5,0.028373,0.971627,1866,POSITION_2024_EMPIRICAL,,,,,False
,,2026_05_CIN_MIA,2026,5,2026-10-11T17:00:00+00:00,MIA,00-0038824,R.Miller,WR,receptions,5.5,0.01,0.99,1866,POSITION_2024_EMPIRICAL,,,,,False
,,2026_05_CIN_MIA,2026,5,2026-10-11T17:00:00+00:00,MIA,00-0038824,R.Miller,WR,receptions,6.5,0.01,0.99,1866,POSITION_2024_EMPIRICAL,,,,,False
,,2026_05_CIN_MIA,2026,5,2026-10-11T17:00:00+00:00,MIA,00-0038824,R.Miller,WR,receptions,7.5,0.01,0.99,1866,POSITION_2024_EMPIRICAL,,,,,False
,,2026_05_CIN_MIA,2026,5,2026-10-11T17:00:00+00:00,MIA,00-0039040,D.Achane,RB,receiving_yards,24.5,0.186553,0.813447,1054,POSITION_2024_EMPIRICAL,,,,,False
,,2026_05_CIN_MIA,2026,5,2026-10-11T17:00:00+00:00,MIA,00-0039040,D.Achane,RB,receiving_yards,39.5,0.069129,0.930871,1054,POSITION_2024_EMPIRICAL,,,,,False
,,2026_05_CIN_MIA,2026,5,2026-10-11T17:00:00+00:00,MIA,00-0039040,D.Achane,RB,receiving_yards,49.5,0.036932,0.963068,1054,POSITION_2024_EMPIRICAL,,,,,False
,,2026_05_CIN_MIA,2026,5,2026-10-11T17:00:00+00:00,MIA,00-0039040,D.Achane,RB,receiving_yards,64.5,0.017992,0.982008,1054,POSITION_2024_EMPIRICAL,,,,,False
,,2026_05_CIN_MIA,2026,5,2026-10-11T17:00:00+00:00,MIA,00-0039040,D.Achane,RB,receiving_yards,79.5,0.01,0.99,1054,POSITION_2024_EMPIRICAL,,,,,False
,,2026_05_CIN_MIA,2026,5,2026-10-11T17:00:00+00:00,MIA,00-0039040,D.Achane,RB,receiving_yards,99.5,0.01,0.99,1054,POSITION_2024_EMPIRICAL,,,,,False
,,2026_05_CIN_MIA,2026,5,2026-10-11T17:00:00+00:00,MIA,00-0039040,D.Achane,RB,receiving_yards,124.5,0.01,0.99,1054,POSITION_2024_EMPIRICAL,,,,,False
,,2026_05_CIN_MIA,2026,5,2026-10-11T17:00:00+00:00,MIA,00-0039040,D.Achane,RB,receptions,1.5,0.648799,0.351201,1080,POSITION_2024_EMPIRICAL,,,,,False
,,2026_05_CIN_MIA,2026,5,2026-10-11T17:00:00+00:00,MIA,00-0039040,D.Achane,RB,receptions,2.5,0.319778,0.680222,1080,POSITION_2024_EMPIRICAL,,,,,False
,,2026_05_CIN_MIA,2026,5,2026-10-11T17:00:00+00:00,MIA,00-0039040,D.Achane,RB,receptions,3.5,0.155268,0.844732,1080,POSITION_2024_EMPIRICAL,,,,,False
,,2026_05_CIN_MIA,2026,5,2026-10-11T17:00:00+00:00,MIA,00-0039040,D.Achane,RB,receptions,4.5,0.073937,0.926063,1080,POSITION_2024_EMPIRICAL,,,,,False
,,2026_05_CIN_MIA,2026,5,2026-10-11T17:00:00+00:00,MIA,00-0039040,D.Achane,RB,receptions,5.5,0.022181,0.977819,1080,POSITION_2024_EMPIRICAL,,,,,False
,,2026_05_CIN_MIA,2026,5,2026-10-11T17:00:00+00:00,MIA,00-0039040,D.Achane,RB,receptions,6.5,0.014787,0.985213,1080,POSITION_2024_EMPIRICAL,,,,,False
,,2026_05_CIN_MIA,2026,5,2026-10-11T17:00:00+00:00,MIA,00-0039040,D.Achane,RB,receptions,7.5,0.01,0.99,1080,POSITION_2024_EMPIRICAL,,,,,False
,,2026_05_CIN_MIA,2026,5,2026-10-11T17:00:00+00:00,MIA,00-0039040,D.Achane,RB,rushing_yards,19.5,0.778428,0.221572,1194,POSITION_2024_EMPIRICAL,,,,,False
,,2026_05_CIN_MIA,2026,5,2026-10-11T17:00:00+00:00,MIA,00-0039040,D.Achane,RB,rushing_yards,34.5,0.510033,0.489967,1194,POSITION_2024_EMPIRICAL,,,,,False
,,2026_05_CIN_MIA,2026,5,2026-10-11T17:00:00+00:00,MIA,00-0039040,D.Achane,RB,rushing_yards,49.5,0.285117,0.714883,1194,POSITION_2024_EMPIRICAL,,,,,False
,,2026_05_CIN_MIA,2026,5,2026-10-11T17:00:00+00:00,MIA,00-0039040,D.Achane,RB,rushing_yards,64.5,0.16388,0.83612,1194,POSITION_2024_EMPIRICAL,,,,,False
,,2026_05_CIN_MIA,2026,5,2026-10-11T17:00:00+00:00,MIA,00-0039040,D.Achane,RB,rushing_yards,79.5,0.079431,0.920569,1194,POSITION_2024_EMPIRICAL,,,,,False
,,2026_05_CIN_MIA,2026,5,2026-10-11T17:00:00+00:00,MIA,00-0039040,D.Achane,RB,rushing_yards,99.5,0.035953,0.964047,1194,POSITION_2024_EMPIRICAL,,,,,False
,,2026_05_CIN_MIA,2026,5,2026-10-11T17:00:00+00:00,MIA,00-0039040,D.Achane,RB,rushing_yards,124.5,0.012542,0.987458,1194,POSITION_2024_EMPIRICAL,,,,,False
,,2026_05_CIN_MIA,2026,5,2026-10-11T17:00:00+00:00,MIA,00-0039874,J.Wright,RB,rushing_yards,19.5,0.188127,0.811873,1194,POSITION_2024_EMPIRICAL,,,,,False
,,2026_05_CIN_MIA,2026,5,2026-10-11T17:00:00+00:00,MIA,00-0039874,J.Wright,RB,rushing_yards,34.5,0.076087,0.923913,1194,POSITION_2024_EMPIRICAL,,,,,False
,,2026_05_CIN_MIA,2026,5,2026-10-11T17:00:00+00:00,MIA,00-0039874,J.Wright,RB,rushing_yards,49.5,0.034281,0.965719,1194,POSITION_2024_EMPIRICAL,,,,,False
,,2026_05_CIN_MIA,2026,5,2026-10-11T17:00:00+00:00,MIA,00-0039874,J.Wright,RB,rushing_yards,64.5,0.020067,0.979933,1194,POSITION_2024_EMPIRICAL,,,,,False
,,2026_05_CIN_MIA,2026,5,2026-10-11T17:00:00+00:00,MIA,00-0039874,J.Wright,RB,rushing_yards,79.5,0.01,0.99,1194,POSITION_2024_EMPIRICAL,,,,,False
,,2026_05_CIN_MIA,2026,5,2026-10-11T17:00:00+00:00,MIA,00-0039874,J.Wright,RB,rushing_yards,99.5,0.01,0.99,1194,POSITION_2024_EMPIRICAL,,,,,False
,,2026_05_CIN_MIA,2026,5,2026-10-11T17:00:00+00:00,MIA,00-0039874,J.Wright,RB,rushing_yards,124.5,0.01,0.99,1194,POSITION_2024_EMPIRICAL,,,,,False
,,2026_05_CIN_MIA,2026,5,2026-10-11T17:00:00+00:00,MIA,00-0039880,M.Washington,WR,receiving_yards,24.5,0.780881,0.219119,1860,POSITION_2024_EMPIRICAL,,,,,False
,,2026_05_CIN_MIA,2026,5,2026-10-11T17:00:00+00:00,MIA,00-0039880,M.Washington,WR,receiving_yards,39.5,0.602041,0.397959,1860,POSITION_2024_EMPIRICAL,,,,,False
,,2026_05_CIN_MIA,2026,5,2026-10-11T17:00:00+00:00,MIA,00-0039880,M.Washington,WR,receiving_yards,49.5,0.443609,0.556391,1860,POSITION_2024_EMPIRICAL,,,,,False
,,2026_05_CIN_MIA,2026,5,2026-10-11T17:00:00+00:00,MIA,00-0039880,M.Washington,WR,receiving_yards,64.5,0.2884,0.7116,1860,POSITION_2024_EMPIRICAL,,,,,False
,,2026_05_CIN_MIA,2026,5,2026-10-11T17:00:00+00:00,MIA,00-0039880,M.Washington,WR,receiving_yards,79.5,0.184748,0.815252,1860,POSITION_2024_EMPIRICAL,,,,,False
,,2026_05_CIN_MIA,2026,5,2026-10-11T17:00:00+00:00,MIA,00-0039880,M.Washington,WR,receiving_yards,99.5,0.103652,0.896348,1860,POSITION_2024_EMPIRICAL,,,,,False
,,2026_05_CIN_MIA,2026,5,2026-10-11T17:00:00+00:00,MIA,00-0039880,M.Washington,WR,receiving_yards,124.5,0.048335,0.951665,1860,POSITION_2024_EMPIRICAL,,,,,False
,,2026_05_CIN_MIA,2026,5,2026-10-11T17:00:00+00:00,MIA,00-0039880,M.Washington,WR,receptions,1.5,0.857066,0.142934,1866,POSITION_2024_EMPIRICAL,,,,,False
,,2026_05_CIN_MIA,2026,5,2026-10-11T17:00:00+00:00,MIA,00-0039880,M.Washington,WR,receptions,2.5,0.738758,0.261242,1866,POSITION_2024_EMPIRICAL,,,,,False
,,2026_05_CIN_MIA,2026,5,2026-10-11T17:00:00+00:00,MIA,00-0039880,M.Washington,WR,receptions,3.5,0.526231,0.473769,1866,POSITION_2024_EMPIRICAL,,,,,False
,,2026_05_CIN_MIA,2026,5,2026-10-11T17:00:00+00:00,MIA,00-0039880,M.Washington,WR,receptions,4.5,0.34743,0.65257,1866,POSITION_2024_EMPIRICAL,,,,,False
,,2026_05_CIN_MIA,2026,5,2026-10-11T17:00:00+00:00,MIA,00-0039880,M.Washington,WR,receptions,5.5,0.232334,0.767666,1866,POSITION_2024_EMPIRICAL,,,,,False
,,2026_05_CIN_MIA,2026,5,2026-10-11T17:00:00+00:00,MIA,00-0039880,M.Washington,WR,receptions,6.5,0.148822,0.851178,1866,POSITION_2024_EMPIRICAL,,,,,False
,,2026_05_CIN_MIA,2026,5,2026-10-11T17:00:00+00:00,MIA,00-0039880,M.Washington,WR,receptions,7.5,0.086724,0.913276,1866,POSITION_2024_EMPIRICAL,,,,,False
,,2026_05_CIN_MIA,2026,5,2026-10-11T17:00:00+00:00,MIA,00-0039880,M.Washington,WR,rushing_yards,19.5,0.01566,0.98434,445,POSITION_2024_EMPIRICAL,,,,,False
,,2026_05_CIN_MIA,2026,5,2026-10-11T17:00:00+00:00,MIA,00-0039880,M.Washington,WR,rushing_yards,34.5,0.01,0.99,445,POSITION_2024_EMPIRICAL,,,,,False
,,2026_05_CIN_MIA,2026,5,2026-10-11T17:00:00+00:00,MIA,00-0039880,M.Washington,WR,rushing_yards,49.5,0.01,0.99,445,POSITION_2024_EMPIRICAL,,,,,False
,,2026_05_CIN_MIA,2026,5,2026-10-11T17:00:00+00:00,MIA,00-0039880,M.Washington,WR,rushing_yards,64.5,0.01,0.99,445,POSITION_2024_EMPIRICAL,,,,,False
,,2026_05_CIN_MIA,2026,5,2026-10-11T17:00:00+00:00,MIA,00-0039880,M.Washington,WR,rushing_yards,79.5,0.01,0.99,445,POSITION_2024_EMPIRICAL,,,,,False
,,2026_05_CIN_MIA,2026,5,2026-10-11T17:00:00+00:00,MIA,00-0039880,M.Washington,WR,rushing_yards,99.5,0.01,0.99,445,POSITION_2024_EMPIRICAL,,,,,False
,,2026_05_CIN_MIA,2026,5,2026-10-11T17:00:00+00:00,MIA,00-0039880,M.Washington,WR,rushing_yards,124.5,0.01,0.99,445,POSITION_2024_EMPIRICAL,,,,,False
,,2026_05_CIN_MIA,2026,5,2026-10-11T17:00:00+00:00,MIA,00-0040198,O.Gordon,RB,receiving_yards,24.5,0.083333,0.916667,1054,POSITION_2024_EMPIRICAL,,,,,False
,,2026_05_CIN_MIA,2026,5,2026-10-11T17:00:00+00:00,MIA,00-0040198,O.Gordon,RB,receiving_yards,39.5,0.034091,0.965909,1054,POSITION_2024_EMPIRICAL,,,,,False
,,2026_05_CIN_MIA,2026,5,2026-10-11T17:00:00+00:00,MIA,00-0040198,O.Gordon,RB,receiving_yards,49.5,0.020833,0.979167,1054,POSITION_2024_EMPIRICAL,,,,,False
,,2026_05_CIN_MIA,2026,5,2026-10-11T17:00:00+00:00,MIA,00-0040198,O.Gordon,RB,receiving_yards,64.5,0.01,0.99,1054,POSITION_2024_EMPIRICAL,,,,,False
,,2026_05_CIN_MIA,2026,5,2026-10-11T17:00:00+00:00,MIA,00-0040198,O.Gordon,RB,receiving_yards,79.5,0.01,0.99,1054,POSITION_2024_EMPIRICAL,,,,,False
,,2026_05_CIN_MIA,2026,5,2026-10-11T17:00:00+00:00,MIA,00-0040198,O.Gordon,RB,receiving_yards,99.5,0.01,0.99,1054,POSITION_2024_EMPIRICAL,,,,,False
,,2026_05_CIN_MIA,2026,5,2026-10-11T17:00:00+00:00,MIA,00-0040198,O.Gordon,RB,receiving_yards,124.5,0.01,0.99,1054,POSITION_2024_EMPIRICAL,,,,,False
,,2026_05_CIN_MIA,2026,5,2026-10-11T17:00:00+00:00,MIA,00-0040198,O.Gordon,RB,receptions,1.5,0.390018,0.609982,1080,POSITION_2024_EMPIRICAL,,,,,False
,,2026_05_CIN_MIA,2026,5,2026-10-11T17:00:00+00:00,MIA,00-0040198,O.Gordon,RB,receptions,2.5,0.2061,0.7939,1080,POSITION_2024_EMPIRICAL,,,,,False
,,2026_05_CIN_MIA,2026,5,2026-10-11T17:00:00+00:00,MIA,00-0040198,O.Gordon,RB,receptions,3.5,0.092421,0.907579,1080,POSITION_2024_EMPIRICAL,,,,,False
,,2026_05_CIN_MIA,2026,5,2026-10-11T17:00:00+00:00,MIA,00-0040198,O.Gordon,RB,receptions,4.5,0.038817,0.961183,1080,POSITION_2024_EMPIRICAL,,,,,False
,,2026_05_CIN_MIA,2026,5,2026-10-11T17:00:00+00:00,MIA,00-0040198,O.Gordon,RB,receptions,5.5,0.01756,0.98244,1080,POSITION_2024_EMPIRICAL,,,,,False
,,2026_05_CIN_MIA,2026,5,2026-10-11T17:00:00+00:00,MIA,00-0040198,O.Gordon,RB,receptions,6.5,0.010166,0.989834,1080,POSITION_2024_EMPIRICAL,,,,,False
,,2026_05_CIN_MIA,2026,5,2026-10-11T17:00:00+00:00,MIA,00-0040198,O.Gordon,RB,receptions,7.5,0.01,0.99,1080,POSITION_2024_EMPIRICAL,,,,,False
,,2026_05_CIN_MIA,2026,5,2026-10-11T17:00:00+00:00,MIA,00-0040198,O.Gordon,RB,rushing_yards,19.5,0.818562,0.181438,1194,POSITION_2024_EMPIRICAL,,,,,False
,,2026_05_CIN_MIA,2026,5,2026-10-11T17:00:00+00:00,MIA,00-0040198,O.Gordon,RB,rushing_yards,34.5,0.612876,0.387124,1194,POSITION_2024_EMPIRICAL,,,,,False
,,2026_05_CIN_MIA,2026,5,2026-10-11T17:00:00+00:00,MIA,00-0040198,O.Gordon,RB,rushing_yards,49.5,0.363712,0.636288,1194,POSITION_2024_EMPIRICAL,,,,,False
,,2026_05_CIN_MIA,2026,5,2026-10-11T17:00:00+00:00,MIA,00-0040198,O.Gordon,RB,rushing_yards,64.5,0.224916,0.775084,1194,POSITION_2024_EMPIRICAL,,,,,False
,,2026_05_CIN_MIA,2026,5,2026-10-11T17:00:00+00:00,MIA,00-0040198,O.Gordon,RB,rushing_yards,79.5,0.129599,0.870401,1194,POSITION_2024_EMPIRICAL,,,,,False
,,2026_05_CIN_MIA,2026,5,2026-10-11T17:00:00+00:00,MIA,00-0040198,O.Gordon,RB,rushing_yards,99.5,0.060201,0.939799,1194,POSITION_2024_EMPIRICAL,,,,,False
,,2026_05_CIN_MIA,2026,5,2026-10-11T17:00:00+00:00,MIA,00-0040198,O.Gordon,RB,rushing_yards,124.5,0.023411,0.976589,1194,POSITION_2024_EMPIRICAL,,,,,False
,,2026_05_CIN_MIA,2026,5,2026-10-11T17:00:00+00:00,MIA,00-0041524,W.Kacmarek,TE,receiving_yards,24.5,0.130224,0.869776,1027,POSITION_2024_EMPIRICAL,,,,,False
,,2026_05_CIN_MIA,2026,5,2026-10-11T17:00:00+00:00,MIA,00-0041524,W.Kacmarek,TE,receiving_yards,39.5,0.061224,0.938776,1027,POSITION_2024_EMPIRICAL,,,,,False
,,2026_05_CIN_MIA,2026,5,2026-10-11T17:00:00+00:00,MIA,00-0041524,W.Kacmarek,TE,receiving_yards,49.5,0.026239,0.973761,1027,POSITION_2024_EMPIRICAL,,,,,False
,,2026_05_CIN_MIA,2026,5,2026-10-11T17:00:00+00:00,MIA,00-0041524,W.Kacmarek,TE,receiving_yards,64.5,0.01069,0.98931,1027,POSITION_2024_EMPIRICAL,,,,,False
,,2026_05_CIN_MIA,2026,5,2026-10-11T17:00:00+00:00,MIA,00-0041524,W.Kacmarek,TE,receiving_yards,79.5,0.01,0.99,1027,POSITION_2024_EMPIRICAL,,,,,False
,,2026_05_CIN_MIA,2026,5,2026-10-11T17:00:00+00:00,MIA,00-0041524,W.Kacmarek,TE,receiving_yards,99.5,0.01,0.99,1027,POSITION_2024_EMPIRICAL,,,,,False
,,2026_05_CIN_MIA,2026,5,2026-10-11T17:00:00+00:00,MIA,00-0041524,W.Kacmarek,TE,receiving_yards,124.5,0.01,0.99,1027,POSITION_2024_EMPIRICAL,,,,,False
,,2026_05_CIN_MIA,2026,5,2026-10-11T17:00:00+00:00,MIA,00-0041524,W.Kacmarek,TE,receptions,1.5,0.192047,0.807953,1029,POSITION_2024_EMPIRICAL,,,,,False
,,2026_05_CIN_MIA,2026,5,2026-10-11T17:00:00+00:00,MIA,00-0041524,W.Kacmarek,TE,receptions,2.5,0.095053,0.904947,1029,POSITION_2024_EMPIRICAL,,,,,False
,,2026_05_CIN_MIA,2026,5,2026-10-11T17:00:00+00:00,MIA,00-0041524,W.Kacmarek,TE,receptions,3.5,0.048497,0.951503,1029,POSITION_2024_EMPIRICAL,,,,,False
,,2026_05_CIN_MIA,2026,5,2026-10-11T17:00:00+00:00,MIA,00-0041524,W.Kacmarek,TE,receptions,4.5,0.020369,0.979631,1029,POSITION_2024_EMPIRICAL,,,,,False
,,2026_05_CIN_MIA,2026,5,2026-10-11T17:00:00+00:00,MIA,00-0041524,W.Kacmarek,TE,receptions,5.5,0.01,0.99,1029,POSITION_2024_EMPIRICAL,,,,,False
,,2026_05_CIN_MIA,2026,5,2026-10-11T17:00:00+00:00,MIA,00-0041524,W.Kacmarek,TE,receptions,6.5,0.01,0.99,1029,POSITION_2024_EMPIRICAL,,,,,False
,,2026_05_CIN_MIA,2026,5,2026-10-11T17:00:00+00:00,MIA,00-0041524,W.Kacmarek,TE,receptions,7.5,0.01,0.99,1029,POSITION_2024_EMPIRICAL,,,,,False
,,2026_05_CIN_MIA,2026,5,2026-10-11T17:00:00+00:00,MIA,00-0041525,C.Bell,WR,receiving_yards,24.5,0.352846,0.647154,1860,POSITION_2024_EMPIRICAL,,,,,False
,,2026_05_CIN_MIA,2026,5,2026-10-11T17:00:00+00:00,MIA,00-0041525,C.Bell,WR,receiving_yards,39.5,0.172395,0.827605,1860,POSITION_2024_EMPIRICAL,,,,,False
,,2026_05_CIN_MIA,2026,5,2026-10-11T17:00:00+00:00,MIA,00-0041525,C.Bell,WR,receiving_yards,49.5,0.110097,0.889903,1860,POSITION_2024_EMPIRICAL,,,,,False
,,2026_05_CIN_MIA,2026,5,2026-10-11T17:00:00+00:00,MIA,00-0041525,C.Bell,WR,receiving_yards,64.5,0.053706,0.946294,1860,POSITION_2024_EMPIRICAL,,,,,False
,,2026_05_CIN_MIA,2026,5,2026-10-11T17:00:00+00:00,MIA,00-0041525,C.Bell,WR,receiving_yards,79.5,0.023631,0.976369,1860,POSITION_2024_EMPIRICAL,,,,,False
,,2026_05_CIN_MIA,2026,5,2026-10-11T17:00:00+00:00,MIA,00-0041525,C.Bell,WR,receiving_yards,99.5,0.012352,0.987648,1860,POSITION_2024_EMPIRICAL,,,,,False
,,2026_05_CIN_MIA,2026,5,2026-10-11T17:00:00+00:00,MIA,00-0041525,C.Bell,WR,receiving_yards,124.5,0.01,0.99,1860,POSITION_2024_EMPIRICAL,,,,,False
,,2026_05_CIN_MIA,2026,5,2026-10-11T17:00:00+00:00,MIA,00-0041525,C.Bell,WR,receptions,1.5,0.325482,0.674518,1866,POSITION_2024_EMPIRICAL,,,,,False
,,2026_05_CIN_MIA,2026,5,2026-10-11T17:00:00+00:00,MIA,00-0041525,C.Bell,WR,receptions,2.5,0.171306,0.828694,1866,POSITION_2024_EMPIRICAL,,,,,False
,,2026_05_CIN_MIA,2026,5,2026-10-11T17:00:00+00:00,MIA,00-0041525,C.Bell,WR,receptions,3.5,0.08137,0.91863,1866,POSITION_2024_EMPIRICAL,,,,,False
,,2026_05_CIN_MIA,2026,5,2026-10-11T17:00:00+00:00,MIA,00-0041525,C.Bell,WR,receptions,4.5,0.035867,0.964133,1866,POSITION_2024_EMPIRICAL,,,,,False
,,2026_05_CIN_MIA,2026,5,2026-10-11T17:00:00+00:00,MIA,00-0041525,C.Bell,WR,receptions,5.5,0.011777,0.988223,1866,POSITION_2024_EMPIRICAL,,,,,False
,,2026_05_CIN_MIA,2026,5,2026-10-11T17:00:00+00:00,MIA,00-0041525,C.Bell,WR,receptions,6.5,0.01,0.99,1866,POSITION_2024_EMPIRICAL,,,,,False
,,2026_05_CIN_MIA,2026,5,2026-10-11T17:00:00+00:00,MIA,00-0041525,C.Bell,WR,receptions,7.5,0.01,0.99,1866,POSITION_2024_EMPIRICAL,,,,,False
,,2026_05_CIN_MIA,2026,5,2026-10-11T17:00:00+00:00,MIA,00-0041529,K.Coleman,WR,receiving_yards,24.5,0.132116,0.867884,1860,POSITION_2024_EMPIRICAL,,,,,False
,,2026_05_CIN_MIA,2026,5,2026-10-11T17:00:00+00:00,MIA,00-0041529,K.Coleman,WR,receiving_yards,39.5,0.06391,0.93609,1860,POSITION_2024_EMPIRICAL,,,,,False
,,2026_05_CIN_MIA,2026,5,2026-10-11T17:00:00+00:00,MIA,00-0041529,K.Coleman,WR,receiving_yards,49.5,0.037594,0.962406,1860,POSITION_2024_EMPIRICAL,,,,,False
,,2026_05_CIN_MIA,2026,5,2026-10-11T17:00:00+00:00,MIA,00-0041529,K.Coleman,WR,receiving_yards,64.5,0.019871,0.980129,1860,POSITION_2024_EMPIRICAL,,,,,False
,,2026_05_CIN_MIA,2026,5,2026-10-11T17:00:00+00:00,MIA,00-0041529,K.Coleman,WR,receiving_yards,79.5,0.012352,0.987648,1860,POSITION_2024_EMPIRICAL,,,,,False
,,2026_05_CIN_MIA,2026,5,2026-10-11T17:00:00+00:00,MIA,00-0041529,K.Coleman,WR,receiving_yards,99.5,0.01,0.99,1860,POSITION_2024_EMPIRICAL,,,,,False
,,2026_05_CIN_MIA,2026,5,2026-10-11T17:00:00+00:00,MIA,00-0041529,K.Coleman,WR,receiving_yards,124.5,0.01,0.99,1860,POSITION_2024_EMPIRICAL,,,,,False
,,2026_05_CIN_MIA,2026,5,2026-10-11T17:00:00+00:00,MIA,00-0041529,K.Coleman,WR,receptions,1.5,0.231799,0.768201,1866,POSITION_2024_EMPIRICAL,,,,,False
,,2026_05_CIN_MIA,2026,5,2026-10-11T17:00:00+00:00,MIA,00-0041529,K.Coleman,WR,receptions,2.5,0.109208,0.890792,1866,POSITION_2024_EMPIRICAL,,,,,False
,,2026_05_CIN_MIA,2026,5,2026-10-11T17:00:00+00:00,MIA,00-0041529,K.Coleman,WR,receptions,3.5,0.052998,0.947002,1866,POSITION_2024_EMPIRICAL,,,,,False
,,2026_05_CIN_MIA,2026,5,2026-10-11T17:00:00+00:00,MIA,00-0041529,K.Coleman,WR,receptions,4.5,0.020343,0.979657,1866,POSITION_2024_EMPIRICAL,,,,,False
,,2026_05_CIN_MIA,2026,5,2026-10-11T17:00:00+00:00,MIA,00-0041529,K.Coleman,WR,receptions,5.5,0.01,0.99,1866,POSITION_2024_EMPIRICAL,,,,,False
,,2026_05_CIN_MIA,2026,5,2026-10-11T17:00:00+00:00,MIA,00-0041529,K.Coleman,WR,receptions,6.5,0.01,0.99,1866,POSITION_2024_EMPIRICAL,,,,,False
,,2026_05_CIN_MIA,2026,5,2026-10-11T17:00:00+00:00,MIA,00-0041529,K.Coleman,WR,receptions,7.5,0.01,0.99,1866,POSITION_2024_EMPIRICAL,,,,,False
,,2026_05_CLE_NYJ,2026,5,2026-10-11T17:00:00+00:00,CLE,00-0033537,D.Watson,QB,passing_yards,149.5,0.677903,0.322097,532,POSITION_2024_EMPIRICAL,,,,,False
,,2026_05_CLE_NYJ,2026,5,2026-10-11T17:00:00+00:00,CLE,00-0033537,D.Watson,QB,passing_yards,174.5,0.61985,0.38015,532,POSITION_2024_EMPIRICAL,,,,,False
,,2026_05_CLE_NYJ,2026,5,2026-10-11T17:00:00+00:00,CLE,00-0033537,D.Watson,QB,passing_yards,199.5,0.520599,0.479401,532,POSITION_2024_EMPIRICAL,,,,,False
,,2026_05_CLE_NYJ,2026,5,2026-10-11T17:00:00+00:00,CLE,00-0033537,D.Watson,QB,passing_yards,224.5,0.368914,0.631086,532,POSITION_2024_EMPIRICAL,,,,,False
,,2026_05_CLE_NYJ,2026,5,2026-10-11T17:00:00+00:00,CLE,00-0033537,D.Watson,QB,passing_yards,249.5,0.279026,0.720974,532,POSITION_2024_EMPIRICAL,,,,,False
,,2026_05_CLE_NYJ,2026,5,2026-10-11T17:00:00+00:00,CLE,00-0033537,D.Watson,QB,passing_yards,274.5,0.21161,0.78839,532,POSITION_2024_EMPIRICAL,,,,,False
,,2026_05_CLE_NYJ,2026,5,2026-10-11T17:00:00+00:00,CLE,00-0033537,D.Watson,QB,passing_yards,299.5,0.157303,0.842697,532,POSITION_2024_EMPIRICAL,,,,,False
,,2026_05_CLE_NYJ,2026,5,2026-10-11T17:00:00+00:00,CLE,00-0033537,D.Watson,QB,rushing_yards,19.5,0.741201,0.258799,481,POSITION_2024_EMPIRICAL,,,,,False
,,2026_05_CLE_NYJ,2026,5,2026-10-11T17:00:00+00:00,CLE,00-0033537,D.Watson,QB,rushing_yards,34.5,0.291925,0.708075,481,POSITION_2024_EMPIRICAL,,,,,False
,,2026_05_CLE_NYJ,2026,5,2026-10-11T17:00:00+00:00,CLE,00-0033537,D.Watson,QB,rushing_yards,49.5,0.140787,0.859213,481,POSITION_2024_EMPIRICAL,,,,,False
,,2026_05_CLE_NYJ,2026,5,2026-10-11T17:00:00+00:00,CLE,00-0033537,D.Watson,QB,rushing_yards,64.5,0.055901,0.944099,481,POSITION_2024_EMPIRICAL,,,,,False
,,2026_05_CLE_NYJ,2026,5,2026-10-11T17:00:00+00:00,CLE,00-0033537,D.Watson,QB,rushing_yards,79.5,0.020704,0.979296,481,POSITION_2024_EMPIRICAL,,,,,False
,,2026_05_CLE_NYJ,2026,5,2026-10-11T17:00:00+00:00,CLE,00-0033537,D.Watson,QB,rushing_yards,99.5,0.01,0.99,481,POSITION_2024_EMPIRICAL,,,,,False
,,2026_05_CLE_NYJ,2026,5,2026-10-11T17:00:00+00:00,CLE,00-0033537,D.Watson,QB,rushing_yards,124.5,0.01,0.99,481,POSITION_2024_EMPIRICAL,,,,,False
,,2026_05_CLE_NYJ,2026,5,2026-10-11T17:00:00+00:00,CLE,00-0036407,J.Jeudy,WR,receiving_yards,24.5,0.319549,0.680451,1860,POSITION_2024_EMPIRICAL,,,,,False
,,2026_05_CLE_NYJ,2026,5,2026-10-11T17:00:00+00:00,CLE,00-0036407,J.Jeudy,WR,receiving_yards,39.5,0.153061,0.846939,1860,POSITION_2024_EMPIRICAL,,,,,False
,,2026_05_CLE_NYJ,2026,5,2026-10-11T17:00:00+00:00,CLE,00-0036407,J.Jeudy,WR,receiving_yards,49.5,0.099356,0.900644,1860,POSITION_2024_EMPIRICAL,,,,,False
,,2026_05_CLE_NYJ,2026,5,2026-10-11T17:00:00+00:00,CLE,00-0036407,J.Jeudy,WR,receiving_yards,64.5,0.046724,0.953276,1860,POSITION_2024_EMPIRICAL,,,,,False
,,2026_05_CLE_NYJ,2026,5,2026-10-11T17:00:00+00:00,CLE,00-0036407,J.Jeudy,WR,receiving_yards,79.5,0.022019,0.977981,1860,POSITION_2024_EMPIRICAL,,,,,False
,,2026_05_CLE_NYJ,2026,5,2026-10-11T17:00:00+00:00,CLE,00-0036407,J.Jeudy,WR,receiving_yards,99.5,0.010741,0.989259,1860,POSITION_2024_EMPIRICAL,,,,,False
,,2026_05_CLE_NYJ,2026,5,2026-10-11T17:00:00+00:00,CLE,00-0036407,J.Jeudy,WR,receiving_yards,124.5,0.01,0.99,1860,POSITION_2024_EMPIRICAL,,,,,False
,,2026_05_CLE_NYJ,2026,5,2026-10-11T17:00:00+00:00,CLE,00-0036407,J.Jeudy,WR,receptions,1.5,0.423448,0.576552,1866,POSITION_2024_EMPIRICAL,,,,,False
,,2026_05_CLE_NYJ,2026,5,2026-10-11T17:00:00+00:00,CLE,00-0036407,J.Jeudy,WR,receptions,2.5,0.229657,0.770343,1866,POSITION_2024_EMPIRICAL,,,,,False
,,2026_05_CLE_NYJ,2026,5,2026-10-11T17:00:00+00:00,CLE,00-0036407,J.Jeudy,WR,receptions,3.5,0.109208,0.890792,1866,POSITION_2024_EMPIRICAL,,,,,False
,,2026_05_CLE_NYJ,2026,5,2026-10-11T17:00:00+00:00,CLE,00-0036407,J.Jeudy,WR,receptions,4.5,0.052998,0.947002,1866,POSITION_2024_EMPIRICAL,,,,,False
,,2026_05_CLE_NYJ,2026,5,2026-10-11T17:00:00+00:00,CLE,00-0036407,J.Jeudy,WR,receptions,5.5,0.020343,0.979657,1866,POSITION_2024_EMPIRICAL,,,,,False
,,2026_05_CLE_NYJ,2026,5,2026-10-11T17:00:00+00:00,CLE,00-0036407,J.Jeudy,WR,receptions,6.5,0.01,0.99,1866,POSITION_2024_EMPIRICAL,,,,,False
,,2026_05_CLE_NYJ,2026,5,2026-10-11T17:00:00+00:00,CLE,00-0036407,J.Jeudy,WR,receptions,7.5,0.01,0.99,1866,POSITION_2024_EMPIRICAL,,,,,False
,,2026_05_CLE_NYJ,2026,5,2026-10-11T17:00:00+00:00,CLE,00-0038710,B.Whiteheart,TE,receiving_yards,24.5,0.18173,0.81827,1027,POSITION_2024_EMPIRICAL,,,,,False
,,2026_05_CLE_NYJ,2026,5,2026-10-11T17:00:00+00:00,CLE,00-0038710,B.Whiteheart,TE,receiving_yards,39.5,0.087464,0.912536,1027,POSITION_2024_EMPIRICAL,,,,,False
,,2026_05_CLE_NYJ,2026,5,2026-10-11T17:00:00+00:00,CLE,00-0038710,B.Whiteheart,TE,receiving_yards,49.5,0.039845,0.960155,1027,POSITION_2024_EMPIRICAL,,,,,False
,,2026_05_CLE_NYJ,2026,5,2026-10-11T17:00:00+00:00,CLE,00-0038710,B.Whiteheart,TE,receiving_yards,64.5,0.013605,0.986395,1027,POSITION_2024_EMPIRICAL,,,,,False
,,2026_05_CLE_NYJ,2026,5,2026-10-11T17:00:00+00:00,CLE,00-0038710,B.Whiteheart,TE,receiving_yards,79.5,0.01,0.99,1027,POSITION_2024_EMPIRICAL,,,,,False
,,2026_05_CLE_NYJ,2026,5,2026-10-11T17:00:00+00:00,CLE,00-0038710,B.Whiteheart,TE,receiving_yards,99.5,0.01,0.99,1027,POSITION_2024_EMPIRICAL,,,,,False
,,2026_05_CLE_NYJ,2026,5,2026-10-11T17:00:00+00:00,CLE,00-0038710,B.Whiteheart,TE,receiving_yards,124.5,0.01,0.99,1027,POSITION_2024_EMPIRICAL,,,,,False
,,2026_05_CLE_NYJ,2026,5,2026-10-11T17:00:00+00:00,CLE,00-0038710,B.Whiteheart,TE,receptions,1.5,0.214355,0.785645,1029,POSITION_2024_EMPIRICAL,,,,,False
,,2026_05_CLE_NYJ,2026,5,2026-10-11T17:00:00+00:00,CLE,00-0038710,B.Whiteheart,TE,receptions,2.5,0.109602,0.890398,1029,POSITION_2024_EMPIRICAL,,,,,False
,,2026_05_CLE_NYJ,2026,5,2026-10-11T17:00:00+00:00,CLE,00-0038710,B.Whiteheart,TE,receptions,3.5,0.056256,0.943744,1029,POSITION_2024_EMPIRICAL,,,,,False
,,2026_05_CLE_NYJ,2026,5,2026-10-11T17:00:00+00:00,CLE,00-0038710,B.Whiteheart,TE,receptions,4.5,0.024248,0.975752,1029,POSITION_2024_EMPIRICAL,,,,,False
,,2026_05_CLE_NYJ,2026,5,2026-10-11T17:00:00+00:00,CLE,00-0038710,B.Whiteheart,TE,receptions,5.5,0.01,0.99,1029,POSITION_2024_EMPIRICAL,,,,,False
,,2026_05_CLE_NYJ,2026,5,2026-10-11T17:00:00+00:00,CLE,00-0038710,B.Whiteheart,TE,receptions,6.5,0.01,0.99,1029,POSITION_2024_EMPIRICAL,,,,,False
,,2026_05_CLE_NYJ,2026,5,2026-10-11T17:00:00+00:00,CLE,00-0038710,B.Whiteheart,TE,receptions,7.5,0.01,0.99,1029,POSITION_2024_EMPIRICAL,,,,,False
,,2026_05_CLE_NYJ,2026,5,2026-10-11T17:00:00+00:00,CLE,00-0040466,R.Sanders,RB,receiving_yards,24.5,0.214962,0.785038,1054,POSITION_2024_EMPIRICAL,,,,,False
,,2026_05_CLE_NYJ,2026,5,2026-10-11T17:00:00+00:00,CLE,00-0040466,R.Sanders,RB,receiving_yards,39.5,0.076705,0.923295,1054,POSITION_2024_EMPIRICAL,,,,,False
,,2026_05_CLE_NYJ,2026,5,2026-10-11T17:00:00+00:00,CLE,00-0040466,R.Sanders,RB,receiving_yards,49.5,0.039773,0.960227,1054,POSITION_2024_EMPIRICAL,,,,,False
,,2026_05_CLE_NYJ,2026,5,2026-10-11T17:00:00+00:00,CLE,00-0040466,R.Sanders,RB,receiving_yards,64.5,0.019886,0.980114,1054,POSITION_2024_EMPIRICAL,,,,,False
,,2026_05_CLE_NYJ,2026,5,2026-10-11T17:00:00+00:00,CLE,00-0040466,R.Sanders,RB,receiving_yards,79.5,0.01,0.99,1054,POSITION_2024_EMPIRICAL,,,,,False
,,2026_05_CLE_NYJ,2026,5,2026-10-11T17:00:00+00:00,CLE,00-0040466,R.Sanders,RB,receiving_yards,99.5,0.01,0.99,1054,POSITION_2024_EMPIRICAL,,,,,False
,,2026_05_CLE_NYJ,2026,5,2026-10-11T17:00:00+00:00,CLE,00-0040466,R.Sanders,RB,receiving_yards,124.5,0.01,0.99,1054,POSITION_2024_EMPIRICAL,,,,,False
,,2026_05_CLE_NYJ,2026,5,2026-10-11T17:00:00+00:00,CLE,00-0040466,R.Sanders,RB,receptions,1.5,0.695933,0.304067,1080,POSITION_2024_EMPIRICAL,,,,,False
,,2026_05_CLE_NYJ,2026,5,2026-10-11T17:00:00+00:00,CLE,00-0040466,R.Sanders,RB,receptions,2.5,0.330869,0.669131,1080,POSITION_2024_EMPIRICAL,,,,,False
,,2026_05_CLE_NYJ,2026,5,2026-10-11T17:00:00+00:00,CLE,00-0040466,R.Sanders,RB,receptions,3.5,0.17098,0.82902,1080,POSITION_2024_EMPIRICAL,,,,,False
,,2026_05_CLE_NYJ,2026,5,2026-10-11T17:00:00+00:00,CLE,00-0040466,R.Sanders,RB,receptions,4.5,0.080407,0.919593,1080,POSITION_2024_EMPIRICAL,,,,,False
,,2026_05_CLE_NYJ,2026,5,2026-10-11T17:00:00+00:00,CLE,00-0040466,R.Sanders,RB,receptions,5.5,0.027726,0.972274,1080,POSITION_2024_EMPIRICAL,,,,,False
,,2026_05_CLE_NYJ,2026,5,2026-10-11T17:00:00+00:00,CLE,00-0040466,R.Sanders,RB,receptions,6.5,0.015712,0.984288,1080,POSITION_2024_EMPIRICAL,,,,,False
,,2026_05_CLE_NYJ,2026,5,2026-10-11T17:00:00+00:00,CLE,00-0040466,R.Sanders,RB,receptions,7.5,0.01,0.99,1080,POSITION_2024_EMPIRICAL,,,,,False
,,2026_05_CLE_NYJ,2026,5,2026-10-11T17:00:00+00:00,CLE,00-0040466,R.Sanders,RB,rushing_yards,19.5,0.208194,0.791806,1194,POSITION_2024_EMPIRICAL,,,,,False
,,2026_05_CLE_NYJ,2026,5,2026-10-11T17:00:00+00:00,CLE,00-0040466,R.Sanders,RB,rushing_yards,34.5,0.089465,0.910535,1194,POSITION_2024_EMPIRICAL,,,,,False
,,2026_05_CLE_NYJ,2026,5,2026-10-11T17:00:00+00:00,CLE,00-0040466,R.Sanders,RB,rushing_yards,49.5,0.039298,0.960702,1194,POSITION_2024_EMPIRICAL,,,,,False
,,2026_05_CLE_NYJ,2026,5,2026-10-11T17:00:00+00:00,CLE,00-0040466,R.Sanders,RB,rushing_yards,64.5,0.020067,0.979933,1194,POSITION_2024_EMPIRICAL,,,,,False
,,2026_05_CLE_NYJ,2026,5,2026-10-11T17:00:00+00:00,CLE,00-0040466,R.Sanders,RB,rushing_yards,79.5,0.01,0.99,1194,POSITION_2024_EMPIRICAL,,,,,False
,,2026_05_CLE_NYJ,2026,5,2026-10-11T17:00:00+00:00,CLE,00-0040466,R.Sanders,RB,rushing_yards,99.5,0.01,0.99,1194,POSITION_2024_EMPIRICAL,,,,,False
,,2026_05_CLE_NYJ,2026,5,2026-10-11T17:00:00+00:00,CLE,00-0040466,R.Sanders,RB,rushing_yards,124.5,0.01,0.99,1194,POSITION_2024_EMPIRICAL,,,,,False
,,2026_05_CLE_NYJ,2026,5,2026-10-11T17:00:00+00:00,CLE,00-0040663,H.Fannin,TE,receiving_yards,24.5,0.724976,0.275024,1027,POSITION_2024_EMPIRICAL,,,,,False
,,2026_05_CLE_NYJ,2026,5,2026-10-11T17:00:00+00:00,CLE,00-0040663,H.Fannin,TE,receiving_yards,39.5,0.338192,0.661808,1027,POSITION_2024_EMPIRICAL,,,,,False
,,2026_05_CLE_NYJ,2026,5,2026-10-11T17:00:00+00:00,CLE,00-0040663,H.Fannin,TE,receiving_yards,49.5,0.23518,0.76482,1027,POSITION_2024_EMPIRICAL,,,,,False
,,2026_05_CLE_NYJ,2026,5,2026-10-11T17:00:00+00:00,CLE,00-0040663,H.Fannin,TE,receiving_yards,64.5,0.120505,0.879495,1027,POSITION_2024_EMPIRICAL,,,,,False
,,2026_05_CLE_NYJ,2026,5,2026-10-11T17:00:00+00:00,CLE,00-0040663,H.Fannin,TE,receiving_yards,79.5,0.066084,0.933916,1027,POSITION_2024_EMPIRICAL,,,,,False
,,2026_05_CLE_NYJ,2026,5,2026-10-11T17:00:00+00:00,CLE,00-0040663,H.Fannin,TE,receiving_yards,99.5,0.016521,0.983479,1027,POSITION_2024_EMPIRICAL,,,,,False
,,2026_05_CLE_NYJ,2026,5,2026-10-11T17:00:00+00:00,CLE,00-0040663,H.Fannin,TE,receiving_yards,124.5,0.01,0.99,1027,POSITION_2024_EMPIRICAL,,,,,False
,,2026_05_CLE_NYJ,2026,5,2026-10-11T17:00:00+00:00,CLE,00-0040663,H.Fannin,TE,receptions,1.5,0.884578,0.115422,1029,POSITION_2024_EMPIRICAL,,,,,False
,,2026_05_CLE_NYJ,2026,5,2026-10-11T17:00:00+00:00,CLE,00-0040663,H.Fannin,TE,receptions,2.5,0.758487,0.241513,1029,POSITION_2024_EMPIRICAL,,,,,False
,,2026_05_CLE_NYJ,2026,5,2026-10-11T17:00:00+00:00,CLE,00-0040663,H.Fannin,TE,receptions,3.5,0.507274,0.492726,1029,POSITION_2024_EMPIRICAL,,,,,False
,,2026_05_CLE_NYJ,2026,5,2026-10-11T17:00:00+00:00,CLE,00-0040663,H.Fannin,TE,receptions,4.5,0.357905,0.642095,1029,POSITION_2024_EMPIRICAL,,,,,False
,,2026_05_CLE_NYJ,2026,5,2026-10-11T17:00:00+00:00,CLE,00-0040663,H.Fannin,TE,receptions,5.5,0.214355,0.785645,1029,POSITION_2024_EMPIRICAL,,,,,False
,,2026_05_CLE_NYJ,2026,5,2026-10-11T17:00:00+00:00,CLE,00-0040663,H.Fannin,TE,receptions,6.5,0.14452,0.85548,1029,POSITION_2024_EMPIRICAL,,,,,False
,,2026_05_CLE_NYJ,2026,5,2026-10-11T17:00:00+00:00,CLE,00-0040663,H.Fannin,TE,receptions,7.5,0.090204,0.909796,1029,POSITION_2024_EMPIRICAL,,,,,False
,,2026_05_CLE_NYJ,2026,5,2026-10-11T17:00:00+00:00,CLE,00-0040784,Q.Judkins,RB,receiving_yards,24.5,0.3125,0.6875,1054,POSITION_2024_EMPIRICAL,,,,,False
,,2026_05_CLE_NYJ,2026,5,2026-10-11T17:00:00+00:00,CLE,00-0040784,Q.Judkins,RB,receiving_yards,39.5,0.106061,0.893939,1054,POSITION_2024_EMPIRICAL,,,,,False
,,2026_05_CLE_NYJ,2026,5,2026-10-11T17:00:00+00:00,CLE,00-0040784,Q.Judkins,RB,receiving_yards,49.5,0.058712,0.941288,1054,POSITION_2024_EMPIRICAL,,,,,False
,,2026_05_CLE_NYJ,2026,5,2026-10-11T17:00:00+00:00,CLE,00-0040784,Q.Judkins,RB,receiving_yards,64.5,0.027462,0.972538,1054,POSITION_2024_EMPIRICAL,,,,,False
,,2026_05_CLE_NYJ,2026,5,2026-10-11T17:00:00+00:00,CLE,00-0040784,Q.Judkins,RB,receiving_yards,79.5,0.01,0.99,1054,POSITION_2024_EMPIRICAL,,,,,False
,,2026_05_CLE_NYJ,2026,5,2026-10-11T17:00:00+00:00,CLE,00-0040784,Q.Judkins,RB,receiving_yards,99.5,0.01,0.99,1054,POSITION_2024_EMPIRICAL,,,,,False
,,2026_05_CLE_NYJ,2026,5,2026-10-11T17:00:00+00:00,CLE,00-0040784,Q.Judkins,RB,receiving_yards,124.5,0.01,0.99,1054,POSITION_2024_EMPIRICAL,,,,,False
,,2026_05_CLE_NYJ,2026,5,2026-10-11T17:00:00+00:00,CLE,00-0040784,Q.Judkins,RB,receptions,1.5,0.866913,0.133087,1080,POSITION_2024_EMPIRICAL,,,,,False
,,2026_05_CLE_NYJ,2026,5,2026-10-11T17:00:00+00:00,CLE,00-0040784,Q.Judkins,RB,receptions,2.5,0.68854,0.31146,1080,POSITION_2024_EMPIRICAL,,,,,False
,,2026_05_CLE_NYJ,2026,5,2026-10-11T17:00:00+00:00,CLE,00-0040784,Q.Judkins,RB,receptions,3.5,0.395564,0.604436,1080,POSITION_2024_EMPIRICAL,,,,,False
,,2026_05_CLE_NYJ,2026,5,2026-10-11T17:00:00+00:00,CLE,00-0040784,Q.Judkins,RB,receptions,4.5,0.256932,0.743068,1080,POSITION_2024_EMPIRICAL,,,,,False
,,2026_05_CLE_NYJ,2026,5,2026-10-11T17:00:00+00:00,CLE,00-0040784,Q.Judkins,RB,receptions,5.5,0.145102,0.854898,1080,POSITION_2024_EMPIRICAL,,,,,False
,,2026_05_CLE_NYJ,2026,5,2026-10-11T17:00:00+00:00,CLE,00-0040784,Q.Judkins,RB,receptions,6.5,0.080407,0.919593,1080,POSITION_2024_EMPIRICAL,,,,,False
,,2026_05_CLE_NYJ,2026,5,2026-10-11T17:00:00+00:00,CLE,00-0040784,Q.Judkins,RB,receptions,7.5,0.044362,0.955638,1080,POSITION_2024_EMPIRICAL,,,,,False
,,2026_05_CLE_NYJ,2026,5,2026-10-11T17:00:00+00:00,CLE,00-0040784,Q.Judkins,RB,rushing_yards,19.5,0.790134,0.209866,1194,POSITION_2024_EMPIRICAL,,,,,False
,,2026_05_CLE_NYJ,2026,5,2026-10-11T17:00:00+00:00,CLE,00-0040784,Q.Judkins,RB,rushing_yards,34.5,0.542642,0.457358,1194,POSITION_2024_EMPIRICAL,,,,,False
,,2026_05_CLE_NYJ,2026,5,2026-10-11T17:00:00+00:00,CLE,00-0040784,Q.Judkins,RB,rushing_yards,49.5,0.303512,0.696488,1194,POSITION_2024_EMPIRICAL,,,,,False
,,2026_05_CLE_NYJ,2026,5,2026-10-11T17:00:00+00:00,CLE,00-0040784,Q.Judkins,RB,rushing_yards,64.5,0.179766,0.820234,1194,POSITION_2024_EMPIRICAL,,,,,False
,,2026_05_CLE_NYJ,2026,5,2026-10-11T17:00:00+00:00,CLE,00-0040784,Q.Judkins,RB,rushing_yards,79.5,0.093645,0.906355,1194,POSITION_2024_EMPIRICAL,,,,,False
,,2026_05_CLE_NYJ,2026,5,2026-10-11T17:00:00+00:00,CLE,00-0040784,Q.Judkins,RB,rushing_yards,99.5,0.043478,0.956522,1194,POSITION_2024_EMPIRICAL,,,,,False
,,2026_05_CLE_NYJ,2026,5,2026-10-11T17:00:00+00:00,CLE,00-0040784,Q.Judkins,RB,rushing_yards,124.5,0.020067,0.979933,1194,POSITION_2024_EMPIRICAL,,,,,False
,,2026_05_CLE_NYJ,2026,5,2026-10-11T17:00:00+00:00,CLE,00-0041037,D.Boston,WR,receiving_yards,24.5,0.849087,0.150913,1860,POSITION_2024_EMPIRICAL,,,,,False
,,2026_05_CLE_NYJ,2026,5,2026-10-11T17:00:00+00:00,CLE,00-0041037,D.Boston,WR,receiving_yards,39.5,0.725027,0.274973,1860,POSITION_2024_EMPIRICAL,,,,,False
,,2026_05_CLE_NYJ,2026,5,2026-10-11T17:00:00+00:00,CLE,00-0041037,D.Boston,WR,receiving_yards,49.5,0.622986,0.377014,1860,POSITION_2024_EMPIRICAL,,,,,False
,,2026_05_CLE_NYJ,2026,5,2026-10-11T17:00:00+00:00,CLE,00-0041037,D.Boston,WR,receiving_yards,64.5,0.443609,0.556391,1860,POSITION_2024_EMPIRICAL,,,,,False
,,2026_05_CLE_NYJ,2026,5,2026-10-11T17:00:00+00:00,CLE,00-0041037,D.Boston,WR,receiving_yards,79.5,0.314715,0.685285,1860,POSITION_2024_EMPIRICAL,,,,,False
,,2026_05_CLE_NYJ,2026,5,2026-10-11T17:00:00+00:00,CLE,00-0041037,D.Boston,WR,receiving_yards,99.5,0.194415,0.805585,1860,POSITION_2024_EMPIRICAL,,,,,False
,,2026_05_CLE_NYJ,2026,5,2026-10-11T17:00:00+00:00,CLE,00-0041037,D.Boston,WR,receiving_yards,124.5,0.110634,0.889366,1860,POSITION_2024_EMPIRICAL,,,,,False
,,2026_05_CLE_NYJ,2026,5,2026-10-11T17:00:00+00:00,CLE,00-0041037,D.Boston,WR,receptions,1.5,0.793362,0.206638,1866,POSITION_2024_EMPIRICAL,,,,,False
,,2026_05_CLE_NYJ,2026,5,2026-10-11T17:00:00+00:00,CLE,00-0041037,D.Boston,WR,receptions,2.5,0.577088,0.422912,1866,POSITION_2024_EMPIRICAL,,,,,False
,,2026_05_CLE_NYJ,2026,5,2026-10-11T17:00:00+00:00,CLE,00-0041037,D.Boston,WR,receptions,3.5,0.337794,0.662206,1866,POSITION_2024_EMPIRICAL,,,,,False
,,2026_05_CLE_NYJ,2026,5,2026-10-11T17:00:00+00:00,CLE,00-0041037,D.Boston,WR,receptions,4.5,0.198073,0.801927,1866,POSITION_2024_EMPIRICAL,,,,,False
,,2026_05_CLE_NYJ,2026,5,2026-10-11T17:00:00+00:00,CLE,00-0041037,D.Boston,WR,receptions,5.5,0.109208,0.890792,1866,POSITION_2024_EMPIRICAL,,,,,False
,,2026_05_CLE_NYJ,2026,5,2026-10-11T17:00:00+00:00,CLE,00-0041037,D.Boston,WR,receptions,6.5,0.059957,0.940043,1866,POSITION_2024_EMPIRICAL,,,,,False
,,2026_05_CLE_NYJ,2026,5,2026-10-11T17:00:00+00:00,CLE,00-0041037,D.Boston,WR,receptions,7.5,0.030514,0.969486,1866,POSITION_2024_EMPIRICAL,,,,,False
,,2026_05_CLE_NYJ,2026,5,2026-10-11T17:00:00+00:00,CLE,00-0041547,K.Concepcion,WR,receiving_yards,24.5,0.613319,0.386681,1860,POSITION_2024_EMPIRICAL,,,,,False
,,2026_05_CLE_NYJ,2026,5,2026-10-11T17:00:00+00:00,CLE,00-0041547,K.Concepcion,WR,receiving_yards,39.5,0.332438,0.667562,1860,POSITION_2024_EMPIRICAL,,,,,False
,,2026_05_CLE_NYJ,2026,5,2026-10-11T17:00:00+00:00,CLE,00-0041547,K.Concepcion,WR,receiving_yards,49.5,0.221805,0.778195,1860,POSITION_2024_EMPIRICAL,,,,,False
,,2026_05_CLE_NYJ,2026,5,2026-10-11T17:00:00+00:00,CLE,00-0041547,K.Concepcion,WR,receiving_yards,64.5,0.122449,0.877551,1860,POSITION_2024_EMPIRICAL,,,,,False
,,2026_05_CLE_NYJ,2026,5,2026-10-11T17:00:00+00:00,CLE,00-0041547,K.Concepcion,WR,receiving_yards,79.5,0.061762,0.938238,1860,POSITION_2024_EMPIRICAL,,,,,False
,,2026_05_CLE_NYJ,2026,5,2026-10-11T17:00:00+00:00,CLE,00-0041547,K.Concepcion,WR,receiving_yards,99.5,0.026853,0.973147,1860,POSITION_2024_EMPIRICAL,,,,,False
,,2026_05_CLE_NYJ,2026,5,2026-10-11T17:00:00+00:00,CLE,00-0041547,K.Concepcion,WR,receiving_yards,124.5,0.012352,0.987648,1860,POSITION_2024_EMPIRICAL,,,,,False
,,2026_05_CLE_NYJ,2026,5,2026-10-11T17:00:00+00:00,CLE,00-0041547,K.Concepcion,WR,receptions,1.5,0.857066,0.142934,1866,POSITION_2024_EMPIRICAL,,,,,False
,,2026_05_CLE_NYJ,2026,5,2026-10-11T17:00:00+00:00,CLE,00-0041547,K.Concepcion,WR,receptions,2.5,0.738758,0.261242,1866,POSITION_2024_EMPIRICAL,,,,,False
,,2026_05_CLE_NYJ,2026,5,2026-10-11T17:00:00+00:00,CLE,00-0041547,K.Concepcion,WR,receptions,3.5,0.526231,0.473769,1866,POSITION_2024_EMPIRICAL,,,,,False
,,2026_05_CLE_NYJ,2026,5,2026-10-11T17:00:00+00:00,CLE,00-0041547,K.Concepcion,WR,receptions,4.5,0.34743,0.65257,1866,POSITION_2024_EMPIRICAL,,,,,False
,,2026_05_CLE_NYJ,2026,5,2026-10-11T17:00:00+00:00,CLE,00-0041547,K.Concepcion,WR,receptions,5.5,0.232334,0.767666,1866,POSITION_2024_EMPIRICAL,,,,,False
,,2026_05_CLE_NYJ,2026,5,2026-10-11T17:00:00+00:00,CLE,00-0041547,K.Concepcion,WR,receptions,6.5,0.148822,0.851178,1866,POSITION_2024_EMPIRICAL,,,,,False
,,2026_05_CLE_NYJ,2026,5,2026-10-11T17:00:00+00:00,CLE,00-0041547,K.Concepcion,WR,receptions,7.5,0.086724,0.913276,1866,POSITION_2024_EMPIRICAL,,,,,False
,,2026_05_CLE_NYJ,2026,5,2026-10-11T17:00:00+00:00,NYJ,00-0030565,G.Smith,QB,passing_yards,149.5,0.713483,0.286517,532,POSITION_2024_EMPIRICAL,,,,,False
,,2026_05_CLE_NYJ,2026,5,2026-10-11T17:00:00+00:00,NYJ,00-0030565,G.Smith,QB,passing_yards,174.5,0.649813,0.350187,532,POSITION_2024_EMPIRICAL,,,,,False
,,2026_05_CLE_NYJ,2026,5,2026-10-11T17:00:00+00:00,NYJ,00-0030565,G.Smith,QB,passing_yards,199.5,0.56367,0.43633,532,POSITION_2024_EMPIRICAL,,,,,False
,,2026_05_CLE_NYJ,2026,5,2026-10-11T17:00:00+00:00,NYJ,00-0030565,G.Smith,QB,passing_yards,224.5,0.453184,0.546816,532,POSITION_2024_EMPIRICAL,,,,,False
,,2026_05_CLE_NYJ,2026,5,2026-10-11T17:00:00+00:00,NYJ,00-0030565,G.Smith,QB,passing_yards,249.5,0.329588,0.670412,532,POSITION_2024_EMPIRICAL,,,,,False
,,2026_05_CLE_NYJ,2026,5,2026-10-11T17:00:00+00:00,NYJ,00-0030565,G.Smith,QB,passing_yards,274.5,0.247191,0.752809,532,POSITION_2024_EMPIRICAL,,,,,False
,,2026_05_CLE_NYJ,2026,5,2026-10-11T17:00:00+00:00,NYJ,00-0030565,G.Smith,QB,passing_yards,299.5,0.194757,0.805243,532,POSITION_2024_EMPIRICAL,,,,,False
,,2026_05_CLE_NYJ,2026,5,2026-10-11T17:00:00+00:00,NYJ,00-0030565,G.Smith,QB,rushing_yards,19.5,0.188406,0.811594,481,POSITION_2024_EMPIRICAL,,,,,False
,,2026_05_CLE_NYJ,2026,5,2026-10-11T17:00:00+00:00,NYJ,00-0030565,G.Smith,QB,rushing_yards,34.5,0.086957,0.913043,481,POSITION_2024_EMPIRICAL,,,,,False
,,2026_05_CLE_NYJ,2026,5,2026-10-11T17:00:00+00:00,NYJ,00-0030565,G.Smith,QB,rushing_yards,49.5,0.033126,0.966874,481,POSITION_2024_EMPIRICAL,,,,,False
,,2026_05_CLE_NYJ,2026,5,2026-10-11T17:00:00+00:00,NYJ,00-0030565,G.Smith,QB,rushing_yards,64.5,0.01,0.99,481,POSITION_2024_EMPIRICAL,,,,,False
,,2026_05_CLE_NYJ,2026,5,2026-10-11T17:00:00+00:00,NYJ,00-0030565,G.Smith,QB,rushing_yards,79.5,0.01,0.99,481,POSITION_2024_EMPIRICAL,,,,,False
,,2026_05_CLE_NYJ,2026,5,2026-10-11T17:00:00+00:00,NYJ,00-0030565,G.Smith,QB,rushing_yards,99.5,0.01,0.99,481,POSITION_2024_EMPIRICAL,,,,,False
,,2026_05_CLE_NYJ,2026,5,2026-10-11T17:00:00+00:00,NYJ,00-0030565,G.Smith,QB,rushing_yards,124.5,0.01,0.99,481,POSITION_2024_EMPIRICAL,,,,,False
,,2026_05_CLE_NYJ,2026,5,2026-10-11T17:00:00+00:00,NYJ,00-0037740,G.Wilson,WR,receiving_yards,24.5,0.835124,0.164876,1860,POSITION_2024_EMPIRICAL,,,,,False
,,2026_05_CLE_NYJ,2026,5,2026-10-11T17:00:00+00:00,NYJ,00-0037740,G.Wilson,WR,receiving_yards,39.5,0.705156,0.294844,1860,POSITION_2024_EMPIRICAL,,,,,False
,,2026_05_CLE_NYJ,2026,5,2026-10-11T17:00:00+00:00,NYJ,00-0037740,G.Wilson,WR,receiving_yards,49.5,0.60043,0.39957,1860,POSITION_2024_EMPIRICAL,,,,,False
,,2026_05_CLE_NYJ,2026,5,2026-10-11T17:00:00+00:00,NYJ,00-0037740,G.Wilson,WR,receiving_yards,64.5,0.401182,0.598818,1860,POSITION_2024_EMPIRICAL,,,,,False
,,2026_05_CLE_NYJ,2026,5,2026-10-11T17:00:00+00:00,NYJ,00-0037740,G.Wilson,WR,receiving_yards,79.5,0.285177,0.714823,1860,POSITION_2024_EMPIRICAL,,,,,False
,,2026_05_CLE_NYJ,2026,5,2026-10-11T17:00:00+00:00,NYJ,00-0037740,G.Wilson,WR,receiving_yards,99.5,0.172395,0.827605,1860,POSITION_2024_EMPIRICAL,,,,,False
,,2026_05_CLE_NYJ,2026,5,2026-10-11T17:00:00+00:00,NYJ,00-0037740,G.Wilson,WR,receiving_yards,124.5,0.098818,0.901182,1860,POSITION_2024_EMPIRICAL,,,,,False
,,2026_05_CLE_NYJ,2026,5,2026-10-11T17:00:00+00:00,NYJ,00-0037740,G.Wilson,WR,receptions,1.5,0.905246,0.094754,1866,POSITION_2024_EMPIRICAL,,,,,False
,,2026_05_CLE_NYJ,2026,5,2026-10-11T17:00:00+00:00,NYJ,00-0037740,G.Wilson,WR,receptions,2.5,0.8394,0.1606,1866,POSITION_2024_EMPIRICAL,,,,,False
,,2026_05_CLE_NYJ,2026,5,2026-10-11T17:00:00+00:00,NYJ,00-0037740,G.Wilson,WR,receptions,3.5,0.749465,0.250535,1866,POSITION_2024_EMPIRICAL,,,,,False
,,2026_05_CLE_NYJ,2026,5,2026-10-11T17:00:00+00:00,NYJ,00-0037740,G.Wilson,WR,receptions,4.5,0.619914,0.380086,1866,POSITION_2024_EMPIRICAL,,,,,False
,,2026_05_CLE_NYJ,2026,5,2026-10-11T17:00:00+00:00,NYJ,00-0037740,G.Wilson,WR,receptions,5.5,0.445931,0.554069,1866,POSITION_2024_EMPIRICAL,,,,,False
,,2026_05_CLE_NYJ,2026,5,2026-10-11T17:00:00+00:00,NYJ,00-0037740,G.Wilson,WR,receptions,6.5,0.334582,0.665418,1866,POSITION_2024_EMPIRICAL,,,,,False
,,2026_05_CLE_NYJ,2026,5,2026-10-11T17:00:00+00:00,NYJ,00-0037740,G.Wilson,WR,receptions,7.5,0.249465,0.750535,1866,POSITION_2024_EMPIRICAL,,,,,False
,,2026_05_CLE_NYJ,2026,5,2026-10-11T17:00:00+00:00,NYJ,00-0037805,J.Ruckert,TE,receiving_yards,24.5,0.24587,0.75413,1027,POSITION_2024_EMPIRICAL,,,,,False
,,2026_05_CLE_NYJ,2026,5,2026-10-11T17:00:00+00:00,NYJ,00-0037805,J.Ruckert,TE,receiving_yards,39.5,0.1069,0.8931,1027,POSITION_2024_EMPIRICAL,,,,,False
,,2026_05_CLE_NYJ,2026,5,2026-10-11T17:00:00+00:00,NYJ,00-0037805,J.Ruckert,TE,receiving_yards,49.5,0.068999,0.931001,1027,POSITION_2024_EMPIRICAL,,,,,False
,,2026_05_CLE_NYJ,2026,5,2026-10-11T17:00:00+00:00,NYJ,00-0037805,J.Ruckert,TE,receiving_yards,64.5,0.020408,0.979592,1027,POSITION_2024_EMPIRICAL,,,,,False
,,2026_05_CLE_NYJ,2026,5,2026-10-11T17:00:00+00:00,NYJ,00-0037805,J.Ruckert,TE,receiving_yards,79.5,0.01,0.99,1027,POSITION_2024_EMPIRICAL,,,,,False
,,2026_05_CLE_NYJ,2026,5,2026-10-11T17:00:00+00:00,NYJ,00-0037805,J.Ruckert,TE,receiving_yards,99.5,0.01,0.99,1027,POSITION_2024_EMPIRICAL,,,,,False
,,2026_05_CLE_NYJ,2026,5,2026-10-11T17:00:00+00:00,NYJ,00-0037805,J.Ruckert,TE,receiving_yards,124.5,0.01,0.99,1027,POSITION_2024_EMPIRICAL,,,,,False
,,2026_05_CLE_NYJ,2026,5,2026-10-11T17:00:00+00:00,NYJ,00-0037805,J.Ruckert,TE,receptions,1.5,0.738118,0.261882,1029,POSITION_2024_EMPIRICAL,,,,,False
,,2026_05_CLE_NYJ,2026,5,2026-10-11T17:00:00+00:00,NYJ,00-0037805,J.Ruckert,TE,receptions,2.5,0.419011,0.580989,1029,POSITION_2024_EMPIRICAL,,,,,False
,,2026_05_CLE_NYJ,2026,5,2026-10-11T17:00:00+00:00,NYJ,00-0037805,J.Ruckert,TE,receptions,3.5,0.217265,0.782735,1029,POSITION_2024_EMPIRICAL,,,,,False
,,2026_05_CLE_NYJ,2026,5,2026-10-11T17:00:00+00:00,NYJ,00-0037805,J.Ruckert,TE,receptions,4.5,0.115422,0.884578,1029,POSITION_2024_EMPIRICAL,,,,,False
,,2026_05_CLE_NYJ,2026,5,2026-10-11T17:00:00+00:00,NYJ,00-0037805,J.Ruckert,TE,receptions,5.5,0.063046,0.936954,1029,POSITION_2024_EMPIRICAL,,,,,False
,,2026_05_CLE_NYJ,2026,5,2026-10-11T17:00:00+00:00,NYJ,00-0037805,J.Ruckert,TE,receptions,6.5,0.031038,0.968962,1029,POSITION_2024_EMPIRICAL,,,,,False
,,2026_05_CLE_NYJ,2026,5,2026-10-11T17:00:00+00:00,NYJ,00-0037805,J.Ruckert,TE,receptions,7.5,0.012609,0.987391,1029,POSITION_2024_EMPIRICAL,,,,,False
,,2026_05_CLE_NYJ,2026,5,2026-10-11T17:00:00+00:00,NYJ,00-0038120,B.Hall,RB,receiving_yards,24.5,0.694129,0.305871,1054,POSITION_2024_EMPIRICAL,,,,,False
,,2026_05_CLE_NYJ,2026,5,2026-10-11T17:00:00+00:00,NYJ,00-0038120,B.Hall,RB,receiving_yards,39.5,0.232008,0.767992,1054,POSITION_2024_EMPIRICAL,,,,,False
,,2026_05_CLE_NYJ,2026,5,2026-10-11T17:00:00+00:00,NYJ,00-0038120,B.Hall,RB,receiving_yards,49.5,0.121212,0.878788,1054,POSITION_2024_EMPIRICAL,,,,,False
,,2026_05_CLE_NYJ,2026,5,2026-10-11T17:00:00+00:00,NYJ,00-0038120,B.Hall,RB,receiving_yards,64.5,0.051136,0.948864,1054,POSITION_2024_EMPIRICAL,,,,,False
,,2026_05_CLE_NYJ,2026,5,2026-10-11T17:00:00+00:00,NYJ,00-0038120,B.Hall,RB,receiving_yards,79.5,0.026515,0.973485,1054,POSITION_2024_EMPIRICAL,,,,,False
,,2026_05_CLE_NYJ,2026,5,2026-10-11T17:00:00+00:00,NYJ,00-0038120,B.Hall,RB,receiving_yards,99.5,0.01,0.99,1054,POSITION_2024_EMPIRICAL,,,,,False
,,2026_05_CLE_NYJ,2026,5,2026-10-11T17:00:00+00:00,NYJ,00-0038120,B.Hall,RB,receiving_yards,124.5,0.01,0.99,1054,POSITION_2024_EMPIRICAL,,,,,False
,,2026_05_CLE_NYJ,2026,5,2026-10-11T17:00:00+00:00,NYJ,00-0038120,B.Hall,RB,receptions,1.5,0.826248,0.173752,1080,POSITION_2024_EMPIRICAL,,,,,False
,,2026_05_CLE_NYJ,2026,5,2026-10-11T17:00:00+00:00,NYJ,00-0038120,B.Hall,RB,receptions,2.5,0.583179,0.416821,1080,POSITION_2024_EMPIRICAL,,,,,False
,,2026_05_CLE_NYJ,2026,5,2026-10-11T17:00:00+00:00,NYJ,00-0038120,B.Hall,RB,receptions,3.5,0.319778,0.680222,1080,POSITION_2024_EMPIRICAL,,,,,False
,,2026_05_CLE_NYJ,2026,5,2026-10-11T17:00:00+00:00,NYJ,00-0038120,B.Hall,RB,receptions,4.5,0.18854,0.81146,1080,POSITION_2024_EMPIRICAL,,,,,False
,,2026_05_CLE_NYJ,2026,5,2026-10-11T17:00:00+00:00,NYJ,00-0038120,B.Hall,RB,receptions,5.5,0.098891,0.901109,1080,POSITION_2024_EMPIRICAL,,,,,False
,,2026_05_CLE_NYJ,2026,5,2026-10-11T17:00:00+00:00,NYJ,00-0038120,B.Hall,RB,receptions,6.5,0.051756,0.948244,1080,POSITION_2024_EMPIRICAL,,,,,False
,,2026_05_CLE_NYJ,2026,5,2026-10-11T17:00:00+00:00,NYJ,00-0038120,B.Hall,RB,receptions,7.5,0.021257,0.978743,1080,POSITION_2024_EMPIRICAL,,,,,False
,,2026_05_CLE_NYJ,2026,5,2026-10-11T17:00:00+00:00,NYJ,00-0038120,B.Hall,RB,rushing_yards,19.5,0.841973,0.158027,1194,POSITION_2024_EMPIRICAL,,,,,False
,,2026_05_CLE_NYJ,2026,5,2026-10-11T17:00:00+00:00,NYJ,00-0038120,B.Hall,RB,rushing_yards,34.5,0.669732,0.330268,1194,POSITION_2024_EMPIRICAL,,,,,False
,,2026_05_CLE_NYJ,2026,5,2026-10-11T17:00:00+00:00,NYJ,00-0038120,B.Hall,RB,rushing_yards,49.5,0.434783,0.565217,1194,POSITION_2024_EMPIRICAL,,,,,False
,,2026_05_CLE_NYJ,2026,5,2026-10-11T17:00:00+00:00,NYJ,00-0038120,B.Hall,RB,rushing_yards,64.5,0.267559,0.732441,1194,POSITION_2024_EMPIRICAL,,,,,False
,,2026_05_CLE_NYJ,2026,5,2026-10-11T17:00:00+00:00,NYJ,00-0038120,B.Hall,RB,rushing_yards,79.5,0.174749,0.825251,1194,POSITION_2024_EMPIRICAL,,,,,False
,,2026_05_CLE_NYJ,2026,5,2026-10-11T17:00:00+00:00,NYJ,00-0038120,B.Hall,RB,rushing_yards,99.5,0.08194,0.91806,1194,POSITION_2024_EMPIRICAL,,,,,False
,,2026_05_CLE_NYJ,2026,5,2026-10-11T17:00:00+00:00,NYJ,00-0038120,B.Hall,RB,rushing_yards,124.5,0.035953,0.964047,1194,POSITION_2024_EMPIRICAL,,,,,False
,,2026_05_CLE_NYJ,2026,5,2026-10-11T17:00:00+00:00,NYJ,00-0039451,I.Williams,WR,receiving_yards,24.5,0.577336,0.422664,1860,POSITION_2024_EMPIRICAL,,,,,False
,,2026_05_CLE_NYJ,2026,5,2026-10-11T17:00:00+00:00,NYJ,00-0039451,I.Williams,WR,receiving_yards,39.5,0.299678,0.700322,1860,POSITION_2024_EMPIRICAL,,,,,False
,,2026_05_CLE_NYJ,2026,5,2026-10-11T17:00:00+00:00,NYJ,00-0039451,I.Williams,WR,receiving_yards,49.5,0.190655,0.809345,1860,POSITION_2024_EMPIRICAL,,,,,False
,,2026_05_CLE_NYJ,2026,5,2026-10-11T17:00:00+00:00,NYJ,00-0039451,I.Williams,WR,receiving_yards,64.5,0.103115,0.896885,1860,POSITION_2024_EMPIRICAL,,,,,False
,,2026_05_CLE_NYJ,2026,5,2026-10-11T17:00:00+00:00,NYJ,00-0039451,I.Williams,WR,receiving_yards,79.5,0.052095,0.947905,1860,POSITION_2024_EMPIRICAL,,,,,False
,,2026_05_CLE_NYJ,2026,5,2026-10-11T17:00:00+00:00,NYJ,00-0039451,I.Williams,WR,receiving_yards,99.5,0.021482,0.978518,1860,POSITION_2024_EMPIRICAL,,,,,False
,,2026_05_CLE_NYJ,2026,5,2026-10-11T17:00:00+00:00,NYJ,00-0039451,I.Williams,WR,receiving_yards,124.5,0.01,0.99,1860,POSITION_2024_EMPIRICAL,,,,,False
,,2026_05_CLE_NYJ,2026,5,2026-10-11T17:00:00+00:00,NYJ,00-0039451,I.Williams,WR,receptions,1.5,0.683084,0.316916,1866,POSITION_2024_EMPIRICAL,,,,,False
,,2026_05_CLE_NYJ,2026,5,2026-10-11T17:00:00+00:00,NYJ,00-0039451,I.Williams,WR,receptions,2.5,0.366702,0.633298,1866,POSITION_2024_EMPIRICAL,,,,,False
,,2026_05_CLE_NYJ,2026,5,2026-10-11T17:00:00+00:00,NYJ,00-0039451,I.Williams,WR,receptions,3.5,0.198073,0.801927,1866,POSITION_2024_EMPIRICAL,,,,,False
,,2026_05_CLE_NYJ,2026,5,2026-10-11T17:00:00+00:00,NYJ,00-0039451,I.Williams,WR,receptions,4.5,0.095824,0.904176,1866,POSITION_2024_EMPIRICAL,,,,,False
,,2026_05_CLE_NYJ,2026,5,2026-10-11T17:00:00+00:00,NYJ,00-0039451,I.Williams,WR,receptions,5.5,0.043897,0.956103,1866,POSITION_2024_EMPIRICAL,,,,,False
,,2026_05_CLE_NYJ,2026,5,2026-10-11T17:00:00+00:00,NYJ,00-0039451,I.Williams,WR,receptions,6.5,0.015525,0.984475,1866,POSITION_2024_EMPIRICAL,,,,,False
,,2026_05_CLE_NYJ,2026,5,2026-10-11T17:00:00+00:00,NYJ,00-0039451,I.Williams,WR,receptions,7.5,0.01,0.99,1866,POSITION_2024_EMPIRICAL,,,,,False
,,2026_05_CLE_NYJ,2026,5,2026-10-11T17:00:00+00:00,NYJ,00-0039451,I.Williams,WR,rushing_yards,19.5,0.017897,0.982103,445,POSITION_2024_EMPIRICAL,,,,,False
,,2026_05_CLE_NYJ,2026,5,2026-10-11T17:00:00+00:00,NYJ,00-0039451,I.Williams,WR,rushing_yards,34.5,0.01,0.99,445,POSITION_2024_EMPIRICAL,,,,,False
,,2026_05_CLE_NYJ,2026,5,2026-10-11T17:00:00+00:00,NYJ,00-0039451,I.Williams,WR,rushing_yards,49.5,0.01,0.99,445,POSITION_2024_EMPIRICAL,,,,,False
,,2026_05_CLE_NYJ,2026,5,2026-10-11T17:00:00+00:00,NYJ,00-0039451,I.Williams,WR,rushing_yards,64.5,0.01,0.99,445,POSITION_2024_EMPIRICAL,,,,,False
,,2026_05_CLE_NYJ,2026,5,2026-10-11T17:00:00+00:00,NYJ,00-0039451,I.Williams,WR,rushing_yards,79.5,0.01,0.99,445,POSITION_2024_EMPIRICAL,,,,,False
,,2026_05_CLE_NYJ,2026,5,2026-10-11T17:00:00+00:00,NYJ,00-0039451,I.Williams,WR,rushing_yards,99.5,0.01,0.99,445,POSITION_2024_EMPIRICAL,,,,,False
,,2026_05_CLE_NYJ,2026,5,2026-10-11T17:00:00+00:00,NYJ,00-0039451,I.Williams,WR,rushing_yards,124.5,0.01,0.99,445,POSITION_2024_EMPIRICAL,,,,,False
,,2026_05_CLE_NYJ,2026,5,2026-10-11T17:00:00+00:00,NYJ,00-0039794,B.Allen,RB,receiving_yards,24.5,0.08428,0.91572,1054,POSITION_2024_EMPIRICAL,,,,,False
,,2026_05_CLE_NYJ,2026,5,2026-10-11T17:00:00+00:00,NYJ,00-0039794,B.Allen,RB,receiving_yards,39.5,0.034091,0.965909,1054,POSITION_2024_EMPIRICAL,,,,,False
,,2026_05_CLE_NYJ,2026,5,2026-10-11T17:00:00+00:00,NYJ,00-0039794,B.Allen,RB,receiving_yards,49.5,0.020833,0.979167,1054,POSITION_2024_EMPIRICAL,,,,,False
,,2026_05_CLE_NYJ,2026,5,2026-10-11T17:00:00+00:00,NYJ,00-0039794,B.Allen,RB,receiving_yards,64.5,0.01,0.99,1054,POSITION_2024_EMPIRICAL,,,,,False
,,2026_05_CLE_NYJ,2026,5,2026-10-11T17:00:00+00:00,NYJ,00-0039794,B.Allen,RB,receiving_yards,79.5,0.01,0.99,1054,POSITION_2024_EMPIRICAL,,,,,False
,,2026_05_CLE_NYJ,2026,5,2026-10-11T17:00:00+00:00,NYJ,00-0039794,B.Allen,RB,receiving_yards,99.5,0.01,0.99,1054,POSITION_2024_EMPIRICAL,,,,,False
,,2026_05_CLE_NYJ,2026,5,2026-10-11T17:00:00+00:00,NYJ,00-0039794,B.Allen,RB,receiving_yards,124.5,0.01,0.99,1054,POSITION_2024_EMPIRICAL,,,,,False
,,2026_05_CLE_NYJ,2026,5,2026-10-11T17:00:00+00:00,NYJ,00-0039794,B.Allen,RB,receptions,1.5,0.330869,0.669131,1080,POSITION_2024_EMPIRICAL,,,,,False
,,2026_05_CLE_NYJ,2026,5,2026-10-11T17:00:00+00:00,NYJ,00-0039794,B.Allen,RB,receptions,2.5,0.17098,0.82902,1080,POSITION_2024_EMPIRICAL,,,,,False
,,2026_05_CLE_NYJ,2026,5,2026-10-11T17:00:00+00:00,NYJ,00-0039794,B.Allen,RB,receptions,3.5,0.080407,0.919593,1080,POSITION_2024_EMPIRICAL,,,,,False
,,2026_05_CLE_NYJ,2026,5,2026-10-11T17:00:00+00:00,NYJ,00-0039794,B.Allen,RB,receptions,4.5,0.027726,0.972274,1080,POSITION_2024_EMPIRICAL,,,,,False
,,2026_05_CLE_NYJ,2026,5,2026-10-11T17:00:00+00:00,NYJ,00-0039794,B.Allen,RB,receptions,5.5,0.015712,0.984288,1080,POSITION_2024_EMPIRICAL,,,,,False
,,2026_05_CLE_NYJ,2026,5,2026-10-11T17:00:00+00:00,NYJ,00-0039794,B.Allen,RB,receptions,6.5,0.01,0.99,1080,POSITION_2024_EMPIRICAL,,,,,False
,,2026_05_CLE_NYJ,2026,5,2026-10-11T17:00:00+00:00,NYJ,00-0039794,B.Allen,RB,receptions,7.5,0.01,0.99,1080,POSITION_2024_EMPIRICAL,,,,,False
,,2026_05_CLE_NYJ,2026,5,2026-10-11T17:00:00+00:00,NYJ,00-0039794,B.Allen,RB,rushing_yards,19.5,0.628763,0.371237,1194,POSITION_2024_EMPIRICAL,,,,,False
,,2026_05_CLE_NYJ,2026,5,2026-10-11T17:00:00+00:00,NYJ,00-0039794,B.Allen,RB,rushing_yards,34.5,0.293478,0.706522,1194,POSITION_2024_EMPIRICAL,,,,,False
,,2026_05_CLE_NYJ,2026,5,2026-10-11T17:00:00+00:00,NYJ,00-0039794,B.Allen,RB,rushing_yards,49.5,0.136288,0.863712,1194,POSITION_2024_EMPIRICAL,,,,,False
,,2026_05_CLE_NYJ,2026,5,2026-10-11T17:00:00+00:00,NYJ,00-0039794,B.Allen,RB,rushing_yards,64.5,0.058528,0.941472,1194,POSITION_2024_EMPIRICAL,,,,,False
,,2026_05_CLE_NYJ,2026,5,2026-10-11T17:00:00+00:00,NYJ,00-0039794,B.Allen,RB,rushing_yards,79.5,0.02592,0.97408,1194,POSITION_2024_EMPIRICAL,,,,,False
,,2026_05_CLE_NYJ,2026,5,2026-10-11T17:00:00+00:00,NYJ,00-0039794,B.Allen,RB,rushing_yards,99.5,0.010033,0.989967,1194,POSITION_2024_EMPIRICAL,,,,,False
,,2026_05_CLE_NYJ,2026,5,2026-10-11T17:00:00+00:00,NYJ,00-0039794,B.Allen,RB,rushing_yards,124.5,0.01,0.99,1194,POSITION_2024_EMPIRICAL,,,,,False
,,2026_05_CLE_NYJ,2026,5,2026-10-11T17:00:00+00:00,NYJ,00-0041032,K.Sadiq,TE,receiving_yards,24.5,0.6793,0.3207,1027,POSITION_2024_EMPIRICAL,,,,,False
,,2026_05_CLE_NYJ,2026,5,2026-10-11T17:00:00+00:00,NYJ,00-0041032,K.Sadiq,TE,receiving_yards,39.5,0.310982,0.689018,1027,POSITION_2024_EMPIRICAL,,,,,False
,,2026_05_CLE_NYJ,2026,5,2026-10-11T17:00:00+00:00,NYJ,00-0041032,K.Sadiq,TE,receiving_yards,49.5,0.206997,0.793003,1027,POSITION_2024_EMPIRICAL,,,,,False
,,2026_05_CLE_NYJ,2026,5,2026-10-11T17:00:00+00:00,NYJ,00-0041032,K.Sadiq,TE,receiving_yards,64.5,0.101069,0.898931,1027,POSITION_2024_EMPIRICAL,,,,,False
,,2026_05_CLE_NYJ,2026,5,2026-10-11T17:00:00+00:00,NYJ,00-0041032,K.Sadiq,TE,receiving_yards,79.5,0.045675,0.954325,1027,POSITION_2024_EMPIRICAL,,,,,False
,,2026_05_CLE_NYJ,2026,5,2026-10-11T17:00:00+00:00,NYJ,00-0041032,K.Sadiq,TE,receiving_yards,99.5,0.011662,0.988338,1027,POSITION_2024_EMPIRICAL,,,,,False
,,2026_05_CLE_NYJ,2026,5,2026-10-11T17:00:00+00:00,NYJ,00-0041032,K.Sadiq,TE,receiving_yards,124.5,0.01,0.99,1027,POSITION_2024_EMPIRICAL,,,,,False
,,2026_05_CLE_NYJ,2026,5,2026-10-11T17:00:00+00:00,NYJ,00-0041032,K.Sadiq,TE,receptions,1.5,0.791465,0.208535,1029,POSITION_2024_EMPIRICAL,,,,,False
,,2026_05_CLE_NYJ,2026,5,2026-10-11T17:00:00+00:00,NYJ,00-0041032,K.Sadiq,TE,receptions,2.5,0.505335,0.494665,1029,POSITION_2024_EMPIRICAL,,,,,False
,,2026_05_CLE_NYJ,2026,5,2026-10-11T17:00:00+00:00,NYJ,00-0041032,K.Sadiq,TE,receptions,3.5,0.27934,0.72066,1029,POSITION_2024_EMPIRICAL,,,,,False
,,2026_05_CLE_NYJ,2026,5,2026-10-11T17:00:00+00:00,NYJ,00-0041032,K.Sadiq,TE,receptions,4.5,0.159069,0.840931,1029,POSITION_2024_EMPIRICAL,,,,,False
,,2026_05_CLE_NYJ,2026,5,2026-10-11T17:00:00+00:00,NYJ,00-0041032,K.Sadiq,TE,receptions,5.5,0.090204,0.909796,1029,POSITION_2024_EMPIRICAL,,,,,False
,,2026_05_CLE_NYJ,2026,5,2026-10-11T17:00:00+00:00,NYJ,00-0041032,K.Sadiq,TE,receptions,6.5,0.046557,0.953443,1029,POSITION_2024_EMPIRICAL,,,,,False
,,2026_05_CLE_NYJ,2026,5,2026-10-11T17:00:00+00:00,NYJ,00-0041032,K.Sadiq,TE,receptions,7.5,0.023278,0.976722,1029,POSITION_2024_EMPIRICAL,,,,,False
,,2026_05_DEN_LAC,2026,5,2026-10-11T20:05:00+00:00,DEN,00-0033881,E.Engram,TE,receiving_yards,24.5,0.247813,0.752187,1027,POSITION_2024_EMPIRICAL,,,,,False
,,2026_05_DEN_LAC,2026,5,2026-10-11T20:05:00+00:00,DEN,00-0033881,E.Engram,TE,receiving_yards,39.5,0.108844,0.891156,1027,POSITION_2024_EMPIRICAL,,,,,False
,,2026_05_DEN_LAC,2026,5,2026-10-11T20:05:00+00:00,DEN,00-0033881,E.Engram,TE,receiving_yards,49.5,0.070943,0.929057,1027,POSITION_2024_EMPIRICAL,,,,,False
,,2026_05_DEN_LAC,2026,5,2026-10-11T20:05:00+00:00,DEN,00-0033881,E.Engram,TE,receiving_yards,64.5,0.020408,0.979592,1027,POSITION_2024_EMPIRICAL,,,,,False
,,2026_05_DEN_LAC,2026,5,2026-10-11T20:05:00+00:00,DEN,00-0033881,E.Engram,TE,receiving_yards,79.5,0.01,0.99,1027,POSITION_2024_EMPIRICAL,,,,,False
,,2026_05_DEN_LAC,2026,5,2026-10-11T20:05:00+00:00,DEN,00-0033881,E.Engram,TE,receiving_yards,99.5,0.01,0.99,1027,POSITION_2024_EMPIRICAL,,,,,False
,,2026_05_DEN_LAC,2026,5,2026-10-11T20:05:00+00:00,DEN,00-0033881,E.Engram,TE,receiving_yards,124.5,0.01,0.99,1027,POSITION_2024_EMPIRICAL,,,,,False
,,2026_05_DEN_LAC,2026,5,2026-10-11T20:05:00+00:00,DEN,00-0033881,E.Engram,TE,receptions,1.5,0.368574,0.631426,1029,POSITION_2024_EMPIRICAL,,,,,False
,,2026_05_DEN_LAC,2026,5,2026-10-11T20:05:00+00:00,DEN,00-0033881,E.Engram,TE,receptions,2.5,0.192047,0.807953,1029,POSITION_2024_EMPIRICAL,,,,,False
,,2026_05_DEN_LAC,2026,5,2026-10-11T20:05:00+00:00,DEN,00-0033881,E.Engram,TE,receptions,3.5,0.095053,0.904947,1029,POSITION_2024_EMPIRICAL,,,,,False
,,2026_05_DEN_LAC,2026,5,2026-10-11T20:05:00+00:00,DEN,00-0033881,E.Engram,TE,receptions,4.5,0.048497,0.951503,1029,POSITION_2024_EMPIRICAL,,,,,False
,,2026_05_DEN_LAC,2026,5,2026-10-11T20:05:00+00:00,DEN,00-0033881,E.Engram,TE,receptions,5.5,0.020369,0.979631,1029,POSITION_2024_EMPIRICAL,,,,,False
,,2026_05_DEN_LAC,2026,5,2026-10-11T20:05:00+00:00,DEN,00-0033881,E.Engram,TE,receptions,6.5,0.01,0.99,1029,POSITION_2024_EMPIRICAL,,,,,False
,,2026_05_DEN_LAC,2026,5,2026-10-11T20:05:00+00:00,DEN,00-0033881,E.Engram,TE,receptions,7.5,0.01,0.99,1029,POSITION_2024_EMPIRICAL,,,,,False
,,2026_05_DEN_LAC,2026,5,2026-10-11T20:05:00+00:00,DEN,00-0034348,C.Sutton,WR,receiving_yards,24.5,0.332438,0.667562,1860,POSITION_2024_EMPIRICAL,,,,,False
,,2026_05_DEN_LAC,2026,5,2026-10-11T20:05:00+00:00,DEN,00-0034348,C.Sutton,WR,receiving_yards,39.5,0.158432,0.841568,1860,POSITION_2024_EMPIRICAL,,,,,False
,,2026_05_DEN_LAC,2026,5,2026-10-11T20:05:00+00:00,DEN,00-0034348,C.Sutton,WR,receiving_yards,49.5,0.103115,0.896885,1860,POSITION_2024_EMPIRICAL,,,,,False
,,2026_05_DEN_LAC,2026,5,2026-10-11T20:05:00+00:00,DEN,00-0034348,C.Sutton,WR,receiving_yards,64.5,0.048872,0.951128,1860,POSITION_2024_EMPIRICAL,,,,,False
,,2026_05_DEN_LAC,2026,5,2026-10-11T20:05:00+00:00,DEN,00-0034348,C.Sutton,WR,receiving_yards,79.5,0.022556,0.977444,1860,POSITION_2024_EMPIRICAL,,,,,False
,,2026_05_DEN_LAC,2026,5,2026-10-11T20:05:00+00:00,DEN,00-0034348,C.Sutton,WR,receiving_yards,99.5,0.012352,0.987648,1860,POSITION_2024_EMPIRICAL,,,,,False
,,2026_05_DEN_LAC,2026,5,2026-10-11T20:05:00+00:00,DEN,00-0034348,C.Sutton,WR,receiving_yards,124.5,0.01,0.99,1860,POSITION_2024_EMPIRICAL,,,,,False
,,2026_05_DEN_LAC,2026,5,2026-10-11T20:05:00+00:00,DEN,00-0034348,C.Sutton,WR,receptions,1.5,0.62152,0.37848,1866,POSITION_2024_EMPIRICAL,,,,,False
,,2026_05_DEN_LAC,2026,5,2026-10-11T20:05:00+00:00,DEN,00-0034348,C.Sutton,WR,receptions,2.5,0.325482,0.674518,1866,POSITION_2024_EMPIRICAL,,,,,False
,,2026_05_DEN_LAC,2026,5,2026-10-11T20:05:00+00:00,DEN,00-0034348,C.Sutton,WR,receptions,3.5,0.171306,0.828694,1866,POSITION_2024_EMPIRICAL,,,,,False
,,2026_05_DEN_LAC,2026,5,2026-10-11T20:05:00+00:00,DEN,00-0034348,C.Sutton,WR,receptions,4.5,0.08137,0.91863,1866,POSITION_2024_EMPIRICAL,,,,,False
,,2026_05_DEN_LAC,2026,5,2026-10-11T20:05:00+00:00,DEN,00-0034348,C.Sutton,WR,receptions,5.5,0.035867,0.964133,1866,POSITION_2024_EMPIRICAL,,,,,False
,,2026_05_DEN_LAC,2026,5,2026-10-11T20:05:00+00:00,DEN,00-0034348,C.Sutton,WR,receptions,6.5,0.011777,0.988223,1866,POSITION_2024_EMPIRICAL,,,,,False
,,2026_05_DEN_LAC,2026,5,2026-10-11T20:05:00+00:00,DEN,00-0034348,C.Sutton,WR,receptions,7.5,0.01,0.99,1866,POSITION_2024_EMPIRICAL,,,,,False
,,2026_05_DEN_LAC,2026,5,2026-10-11T20:05:00+00:00,DEN,00-0036158,J.Dobbins,RB,receiving_yards,24.5,0.081439,0.918561,1054,POSITION_2024_EMPIRICAL,,,,,False
,,2026_05_DEN_LAC,2026,5,2026-10-11T20:05:00+00:00,DEN,00-0036158,J.Dobbins,RB,receiving_yards,39.5,0.033144,0.966856,1054,POSITION_2024_EMPIRICAL,,,,,False
,,2026_05_DEN_LAC,2026,5,2026-10-11T20:05:00+00:00,DEN,00-0036158,J.Dobbins,RB,receiving_yards,49.5,0.020833,0.979167,1054,POSITION_2024_EMPIRICAL,,,,,False
,,2026_05_DEN_LAC,2026,5,2026-10-11T20:05:00+00:00,DEN,00-0036158,J.Dobbins,RB,receiving_yards,64.5,0.01,0.99,1054,POSITION_2024_EMPIRICAL,,,,,False
,,2026_05_DEN_LAC,2026,5,2026-10-11T20:05:00+00:00,DEN,00-0036158,J.Dobbins,RB,receiving_yards,79.5,0.01,0.99,1054,POSITION_2024_EMPIRICAL,,,,,False
,,2026_05_DEN_LAC,2026,5,2026-10-11T20:05:00+00:00,DEN,00-0036158,J.Dobbins,RB,receiving_yards,99.5,0.01,0.99,1054,POSITION_2024_EMPIRICAL,,,,,False
,,2026_05_DEN_LAC,2026,5,2026-10-11T20:05:00+00:00,DEN,00-0036158,J.Dobbins,RB,receiving_yards,124.5,0.01,0.99,1054,POSITION_2024_EMPIRICAL,,,,,False
,,2026_05_DEN_LAC,2026,5,2026-10-11T20:05:00+00:00,DEN,00-0036158,J.Dobbins,RB,receptions,1.5,0.211645,0.788355,1080,POSITION_2024_EMPIRICAL,,,,,False
,,2026_05_DEN_LAC,2026,5,2026-10-11T20:05:00+00:00,DEN,00-0036158,J.Dobbins,RB,receptions,2.5,0.093346,0.906654,1080,POSITION_2024_EMPIRICAL,,,,,False
,,2026_05_DEN_LAC,2026,5,2026-10-11T20:05:00+00:00,DEN,00-0036158,J.Dobbins,RB,receptions,3.5,0.042514,0.957486,1080,POSITION_2024_EMPIRICAL,,,,,False
,,2026_05_DEN_LAC,2026,5,2026-10-11T20:05:00+00:00,DEN,00-0036158,J.Dobbins,RB,receptions,4.5,0.01756,0.98244,1080,POSITION_2024_EMPIRICAL,,,,,False
,,2026_05_DEN_LAC,2026,5,2026-10-11T20:05:00+00:00,DEN,00-0036158,J.Dobbins,RB,receptions,5.5,0.011091,0.988909,1080,POSITION_2024_EMPIRICAL,,,,,False
,,2026_05_DEN_LAC,2026,5,2026-10-11T20:05:00+00:00,DEN,00-0036158,J.Dobbins,RB,receptions,6.5,0.01,0.99,1080,POSITION_2024_EMPIRICAL,,,,,False
,,2026_05_DEN_LAC,2026,5,2026-10-11T20:05:00+00:00,DEN,00-0036158,J.Dobbins,RB,receptions,7.5,0.01,0.99,1080,POSITION_2024_EMPIRICAL,,,,,False
,,2026_05_DEN_LAC,2026,5,2026-10-11T20:05:00+00:00,DEN,00-0036158,J.Dobbins,RB,rushing_yards,19.5,0.757525,0.242475,1194,POSITION_2024_EMPIRICAL,,,,,False
,,2026_05_DEN_LAC,2026,5,2026-10-11T20:05:00+00:00,DEN,00-0036158,J.Dobbins,RB,rushing_yards,34.5,0.476589,0.523411,1194,POSITION_2024_EMPIRICAL,,,,,False
,,2026_05_DEN_LAC,2026,5,2026-10-11T20:05:00+00:00,DEN,00-0036158,J.Dobbins,RB,rushing_yards,49.5,0.257525,0.742475,1194,POSITION_2024_EMPIRICAL,,,,,False
,,2026_05_DEN_LAC,2026,5,2026-10-11T20:05:00+00:00,DEN,00-0036158,J.Dobbins,RB,rushing_yards,64.5,0.137124,0.862876,1194,POSITION_2024_EMPIRICAL,,,,,False
,,2026_05_DEN_LAC,2026,5,2026-10-11T20:05:00+00:00,DEN,00-0036158,J.Dobbins,RB,rushing_yards,79.5,0.067726,0.932274,1194,POSITION_2024_EMPIRICAL,,,,,False
,,2026_05_DEN_LAC,2026,5,2026-10-11T20:05:00+00:00,DEN,00-0036158,J.Dobbins,RB,rushing_yards,99.5,0.028428,0.971572,1194,POSITION_2024_EMPIRICAL,,,,,False
,,2026_05_DEN_LAC,2026,5,2026-10-11T20:05:00+00:00,DEN,00-0036158,J.Dobbins,RB,rushing_yards,124.5,0.01087,0.98913,1194,POSITION_2024_EMPIRICAL,,,,,False
,,2026_05_DEN_LAC,2026,5,2026-10-11T20:05:00+00:00,DEN,00-0036613,J.Waddle,WR,receiving_yards,24.5,0.722342,0.277658,1860,POSITION_2024_EMPIRICAL,,,,,False
,,2026_05_DEN_LAC,2026,5,2026-10-11T20:05:00+00:00,DEN,00-0036613,J.Waddle,WR,receiving_yards,39.5,0.482814,0.517186,1860,POSITION_2024_EMPIRICAL,,,,,False
,,2026_05_DEN_LAC,2026,5,2026-10-11T20:05:00+00:00,DEN,00-0036613,J.Waddle,WR,receiving_yards,49.5,0.342105,0.657895,1860,POSITION_2024_EMPIRICAL,,,,,False
,,2026_05_DEN_LAC,2026,5,2026-10-11T20:05:00+00:00,DEN,00-0036613,J.Waddle,WR,receiving_yards,64.5,0.205693,0.794307,1860,POSITION_2024_EMPIRICAL,,,,,False
,,2026_05_DEN_LAC,2026,5,2026-10-11T20:05:00+00:00,DEN,00-0036613,J.Waddle,WR,receiving_yards,79.5,0.12782,0.87218,1860,POSITION_2024_EMPIRICAL,,,,,False
,,2026_05_DEN_LAC,2026,5,2026-10-11T20:05:00+00:00,DEN,00-0036613,J.Waddle,WR,receiving_yards,99.5,0.061762,0.938238,1860,POSITION_2024_EMPIRICAL,,,,,False
,,2026_05_DEN_LAC,2026,5,2026-10-11T20:05:00+00:00,DEN,00-0036613,J.Waddle,WR,receiving_yards,124.5,0.025242,0.974758,1860,POSITION_2024_EMPIRICAL,,,,,False
,,2026_05_DEN_LAC,2026,5,2026-10-11T20:05:00+00:00,DEN,00-0036613,J.Waddle,WR,receptions,1.5,0.843148,0.156852,1866,POSITION_2024_EMPIRICAL,,,,,False
,,2026_05_DEN_LAC,2026,5,2026-10-11T20:05:00+00:00,DEN,00-0036613,J.Waddle,WR,receptions,2.5,0.722698,0.277302,1866,POSITION_2024_EMPIRICAL,,,,,False
,,2026_05_DEN_LAC,2026,5,2026-10-11T20:05:00+00:00,DEN,00-0036613,J.Waddle,WR,receptions,3.5,0.486617,0.513383,1866,POSITION_2024_EMPIRICAL,,,,,False
,,2026_05_DEN_LAC,2026,5,2026-10-11T20:05:00+00:00,DEN,00-0036613,J.Waddle,WR,receptions,4.5,0.312634,0.687366,1866,POSITION_2024_EMPIRICAL,,,,,False
,,2026_05_DEN_LAC,2026,5,2026-10-11T20:05:00+00:00,DEN,00-0036613,J.Waddle,WR,receptions,5.5,0.195931,0.804069,1866,POSITION_2024_EMPIRICAL,,,,,False
,,2026_05_DEN_LAC,2026,5,2026-10-11T20:05:00+00:00,DEN,00-0036613,J.Waddle,WR,receptions,6.5,0.124732,0.875268,1866,POSITION_2024_EMPIRICAL,,,,,False
,,2026_05_DEN_LAC,2026,5,2026-10-11T20:05:00+00:00,DEN,00-0036613,J.Waddle,WR,receptions,7.5,0.072805,0.927195,1866,POSITION_2024_EMPIRICAL,,,,,False
,,2026_05_DEN_LAC,2026,5,2026-10-11T20:05:00+00:00,DEN,00-0036613,J.Waddle,WR,rushing_yards,19.5,0.017897,0.982103,445,POSITION_2024_EMPIRICAL,,,,,False
,,2026_05_DEN_LAC,2026,5,2026-10-11T20:05:00+00:00,DEN,00-0036613,J.Waddle,WR,rushing_yards,34.5,0.01,0.99,445,POSITION_2024_EMPIRICAL,,,,,False
,,2026_05_DEN_LAC,2026,5,2026-10-11T20:05:00+00:00,DEN,00-0036613,J.Waddle,WR,rushing_yards,49.5,0.01,0.99,445,POSITION_2024_EMPIRICAL,,,,,False
,,2026_05_DEN_LAC,2026,5,2026-10-11T20:05:00+00:00,DEN,00-0036613,J.Waddle,WR,rushing_yards,64.5,0.01,0.99,445,POSITION_2024_EMPIRICAL,,,,,False
,,2026_05_DEN_LAC,2026,5,2026-10-11T20:05:00+00:00,DEN,00-0036613,J.Waddle,WR,rushing_yards,79.5,0.01,0.99,445,POSITION_2024_EMPIRICAL,,,,,False
,,2026_05_DEN_LAC,2026,5,2026-10-11T20:05:00+00:00,DEN,00-0036613,J.Waddle,WR,rushing_yards,99.5,0.01,0.99,445,POSITION_2024_EMPIRICAL,,,,,False
,,2026_05_DEN_LAC,2026,5,2026-10-11T20:05:00+00:00,DEN,00-0036613,J.Waddle,WR,rushing_yards,124.5,0.01,0.99,445,POSITION_2024_EMPIRICAL,,,,,False
,,2026_05_DEN_LAC,2026,5,2026-10-11T20:05:00+00:00,DEN,00-0036727,A.Prentice,FB,receiving_yards,24.5,0.103707,0.896293,3990,MARKET_2024_EMPIRICAL,,,,,False
,,2026_05_DEN_LAC,2026,5,2026-10-11T20:05:00+00:00,DEN,00-0036727,A.Prentice,FB,receiving_yards,39.5,0.045842,0.954158,3990,MARKET_2024_EMPIRICAL,,,,,False
,,2026_05_DEN_LAC,2026,5,2026-10-11T20:05:00+00:00,DEN,00-0036727,A.Prentice,FB,receiving_yards,49.5,0.025802,0.974198,3990,MARKET_2024_EMPIRICAL,,,,,False
,,2026_05_DEN_LAC,2026,5,2026-10-11T20:05:00+00:00,DEN,00-0036727,A.Prentice,FB,receiving_yards,64.5,0.010772,0.989228,3990,MARKET_2024_EMPIRICAL,,,,,False
,,2026_05_DEN_LAC,2026,5,2026-10-11T20:05:00+00:00,DEN,00-0036727,A.Prentice,FB,receiving_yards,79.5,0.01,0.99,3990,MARKET_2024_EMPIRICAL,,,,,False
,,2026_05_DEN_LAC,2026,5,2026-10-11T20:05:00+00:00,DEN,00-0036727,A.Prentice,FB,receiving_yards,99.5,0.01,0.99,3990,MARKET_2024_EMPIRICAL,,,,,False
,,2026_05_DEN_LAC,2026,5,2026-10-11T20:05:00+00:00,DEN,00-0036727,A.Prentice,FB,receiving_yards,124.5,0.01,0.99,3990,MARKET_2024_EMPIRICAL,,,,,False
,,2026_05_DEN_LAC,2026,5,2026-10-11T20:05:00+00:00,DEN,00-0036727,A.Prentice,FB,receptions,1.5,0.170392,0.829608,4024,MARKET_2024_EMPIRICAL,,,,,False
,,2026_05_DEN_LAC,2026,5,2026-10-11T20:05:00+00:00,DEN,00-0036727,A.Prentice,FB,receptions,2.5,0.082216,0.917784,4024,MARKET_2024_EMPIRICAL,,,,,False
,,2026_05_DEN_LAC,2026,5,2026-10-11T20:05:00+00:00,DEN,00-0036727,A.Prentice,FB,receptions,3.5,0.034526,0.965474,4024,MARKET_2024_EMPIRICAL,,,,,False
,,2026_05_DEN_LAC,2026,5,2026-10-11T20:05:00+00:00,DEN,00-0036727,A.Prentice,FB,receptions,4.5,0.01391,0.98609,4024,MARKET_2024_EMPIRICAL,,,,,False
,,2026_05_DEN_LAC,2026,5,2026-10-11T20:05:00+00:00,DEN,00-0036727,A.Prentice,FB,receptions,5.5,0.01,0.99,4024,MARKET_2024_EMPIRICAL,,,,,False
,,2026_05_DEN_LAC,2026,5,2026-10-11T20:05:00+00:00,DEN,00-0036727,A.Prentice,FB,receptions,6.5,0.01,0.99,4024,MARKET_2024_EMPIRICAL,,,,,False
,,2026_05_DEN_LAC,2026,5,2026-10-11T20:05:00+00:00,DEN,00-0036727,A.Prentice,FB,receptions,7.5,0.01,0.99,4024,MARKET_2024_EMPIRICAL,,,,,False
,,2026_05_DEN_LAC,2026,5,2026-10-11T20:05:00+00:00,DEN,00-0037085,T.Badie,RB,receiving_yards,24.5,0.3125,0.6875,1054,POSITION_2024_EMPIRICAL,,,,,False
,,2026_05_DEN_LAC,2026,5,2026-10-11T20:05:00+00:00,DEN,00-0037085,T.Badie,RB,receiving_yards,39.5,0.106061,0.893939,1054,POSITION_2024_EMPIRICAL,,,,,False
,,2026_05_DEN_LAC,2026,5,2026-10-11T20:05:00+00:00,DEN,00-0037085,T.Badie,RB,receiving_yards,49.5,0.058712,0.941288,1054,POSITION_2024_EMPIRICAL,,,,,False
,,2026_05_DEN_LAC,2026,5,2026-10-11T20:05:00+00:00,DEN,00-0037085,T.Badie,RB,receiving_yards,64.5,0.027462,0.972538,1054,POSITION_2024_EMPIRICAL,,,,,False
,,2026_05_DEN_LAC,2026,5,2026-10-11T20:05:00+00:00,DEN,00-0037085,T.Badie,RB,receiving_yards,79.5,0.01,0.99,1054,POSITION_2024_EMPIRICAL,,,,,False
,,2026_05_DEN_LAC,2026,5,2026-10-11T20:05:00+00:00,DEN,00-0037085,T.Badie,RB,receiving_yards,99.5,0.01,0.99,1054,POSITION_2024_EMPIRICAL,,,,,False
,,2026_05_DEN_LAC,2026,5,2026-10-11T20:05:00+00:00,DEN,00-0037085,T.Badie,RB,receiving_yards,124.5,0.01,0.99,1054,POSITION_2024_EMPIRICAL,,,,,False
,,2026_05_DEN_LAC,2026,5,2026-10-11T20:05:00+00:00,DEN,00-0037085,T.Badie,RB,receptions,1.5,0.390018,0.609982,1080,POSITION_2024_EMPIRICAL,,,,,False
,,2026_05_DEN_LAC,2026,5,2026-10-11T20:05:00+00:00,DEN,00-0037085,T.Badie,RB,receptions,2.5,0.2061,0.7939,1080,POSITION_2024_EMPIRICAL,,,,,False
,,2026_05_DEN_LAC,2026,5,2026-10-11T20:05:00+00:00,DEN,00-0037085,T.Badie,RB,receptions,3.5,0.092421,0.907579,1080,POSITION_2024_EMPIRICAL,,,,,False
,,2026_05_DEN_LAC,2026,5,2026-10-11T20:05:00+00:00,DEN,00-0037085,T.Badie,RB,receptions,4.5,0.038817,0.961183,1080,POSITION_2024_EMPIRICAL,,,,,False
,,2026_05_DEN_LAC,2026,5,2026-10-11T20:05:00+00:00,DEN,00-0037085,T.Badie,RB,receptions,5.5,0.01756,0.98244,1080,POSITION_2024_EMPIRICAL,,,,,False
,,2026_05_DEN_LAC,2026,5,2026-10-11T20:05:00+00:00,DEN,00-0037085,T.Badie,RB,receptions,6.5,0.010166,0.989834,1080,POSITION_2024_EMPIRICAL,,,,,False
,,2026_05_DEN_LAC,2026,5,2026-10-11T20:05:00+00:00,DEN,00-0037085,T.Badie,RB,receptions,7.5,0.01,0.99,1080,POSITION_2024_EMPIRICAL,,,,,False
,,2026_05_DEN_LAC,2026,5,2026-10-11T20:05:00+00:00,DEN,00-0037085,T.Badie,RB,rushing_yards,19.5,0.169732,0.830268,1194,POSITION_2024_EMPIRICAL,,,,,False
,,2026_05_DEN_LAC,2026,5,2026-10-11T20:05:00+00:00,DEN,00-0037085,T.Badie,RB,rushing_yards,34.5,0.067726,0.932274,1194,POSITION_2024_EMPIRICAL,,,,,False
,,2026_05_DEN_LAC,2026,5,2026-10-11T20:05:00+00:00,DEN,00-0037085,T.Badie,RB,rushing_yards,49.5,0.030936,0.969064,1194,POSITION_2024_EMPIRICAL,,,,,False
,,2026_05_DEN_LAC,2026,5,2026-10-11T20:05:00+00:00,DEN,00-0037085,T.Badie,RB,rushing_yards,64.5,0.01505,0.98495,1194,POSITION_2024_EMPIRICAL,,,,,False
,,2026_05_DEN_LAC,2026,5,2026-10-11T20:05:00+00:00,DEN,00-0037085,T.Badie,RB,rushing_yards,79.5,0.01,0.99,1194,POSITION_2024_EMPIRICAL,,,,,False
,,2026_05_DEN_LAC,2026,5,2026-10-11T20:05:00+00:00,DEN,00-0037085,T.Badie,RB,rushing_yards,99.5,0.01,0.99,1194,POSITION_2024_EMPIRICAL,,,,,False
,,2026_05_DEN_LAC,2026,5,2026-10-11T20:05:00+00:00,DEN,00-0037085,T.Badie,RB,rushing_yards,124.5,0.01,0.99,1194,POSITION_2024_EMPIRICAL,,,,,False
,,2026_05_DEN_LAC,2026,5,2026-10-11T20:05:00+00:00,DEN,00-0038783,N.Adkins,TE,receiving_yards,24.5,0.220603,0.779397,1027,POSITION_2024_EMPIRICAL,,,,,False
,,2026_05_DEN_LAC,2026,5,2026-10-11T20:05:00+00:00,DEN,00-0038783,N.Adkins,TE,receiving_yards,39.5,0.094266,0.905734,1027,POSITION_2024_EMPIRICAL,,,,,False
,,2026_05_DEN_LAC,2026,5,2026-10-11T20:05:00+00:00,DEN,00-0038783,N.Adkins,TE,receiving_yards,49.5,0.05345,0.94655,1027,POSITION_2024_EMPIRICAL,,,,,False
,,2026_05_DEN_LAC,2026,5,2026-10-11T20:05:00+00:00,DEN,00-0038783,N.Adkins,TE,receiving_yards,64.5,0.016521,0.983479,1027,POSITION_2024_EMPIRICAL,,,,,False
,,2026_05_DEN_LAC,2026,5,2026-10-11T20:05:00+00:00,DEN,00-0038783,N.Adkins,TE,receiving_yards,79.5,0.01,0.99,1027,POSITION_2024_EMPIRICAL,,,,,False
,,2026_05_DEN_LAC,2026,5,2026-10-11T20:05:00+00:00,DEN,00-0038783,N.Adkins,TE,receiving_yards,99.5,0.01,0.99,1027,POSITION_2024_EMPIRICAL,,,,,False
,,2026_05_DEN_LAC,2026,5,2026-10-11T20:05:00+00:00,DEN,00-0038783,N.Adkins,TE,receiving_yards,124.5,0.01,0.99,1027,POSITION_2024_EMPIRICAL,,,,,False
,,2026_05_DEN_LAC,2026,5,2026-10-11T20:05:00+00:00,DEN,00-0038783,N.Adkins,TE,receptions,1.5,0.356935,0.643065,1029,POSITION_2024_EMPIRICAL,,,,,False
,,2026_05_DEN_LAC,2026,5,2026-10-11T20:05:00+00:00,DEN,00-0038783,N.Adkins,TE,receptions,2.5,0.169738,0.830262,1029,POSITION_2024_EMPIRICAL,,,,,False
,,2026_05_DEN_LAC,2026,5,2026-10-11T20:05:00+00:00,DEN,00-0038783,N.Adkins,TE,receptions,3.5,0.090204,0.909796,1029,POSITION_2024_EMPIRICAL,,,,,False
,,2026_05_DEN_LAC,2026,5,2026-10-11T20:05:00+00:00,DEN,00-0038783,N.Adkins,TE,receptions,4.5,0.044617,0.955383,1029,POSITION_2024_EMPIRICAL,,,,,False
,,2026_05_DEN_LAC,2026,5,2026-10-11T20:05:00+00:00,DEN,00-0038783,N.Adkins,TE,receptions,5.5,0.017459,0.982541,1029,POSITION_2024_EMPIRICAL,,,,,False
,,2026_05_DEN_LAC,2026,5,2026-10-11T20:05:00+00:00,DEN,00-0038783,N.Adkins,TE,receptions,6.5,0.01,0.99,1029,POSITION_2024_EMPIRICAL,,,,,False
,,2026_05_DEN_LAC,2026,5,2026-10-11T20:05:00+00:00,DEN,00-0038783,N.Adkins,TE,receptions,7.5,0.01,0.99,1029,POSITION_2024_EMPIRICAL,,,,,False
,,2026_05_DEN_LAC,2026,5,2026-10-11T20:05:00+00:00,DEN,00-0039732,B.Nix,QB,passing_yards,149.5,0.713483,0.286517,532,POSITION_2024_EMPIRICAL,,,,,False
,,2026_05_DEN_LAC,2026,5,2026-10-11T20:05:00+00:00,DEN,00-0039732,B.Nix,QB,passing_yards,174.5,0.649813,0.350187,532,POSITION_2024_EMPIRICAL,,,,,False
,,2026_05_DEN_LAC,2026,5,2026-10-11T20:05:00+00:00,DEN,00-0039732,B.Nix,QB,passing_yards,199.5,0.56367,0.43633,532,POSITION_2024_EMPIRICAL,,,,,False
,,2026_05_DEN_LAC,2026,5,2026-10-11T20:05:00+00:00,DEN,00-0039732,B.Nix,QB,passing_yards,224.5,0.455056,0.544944,532,POSITION_2024_EMPIRICAL,,,,,False
,,2026_05_DEN_LAC,2026,5,2026-10-11T20:05:00+00:00,DEN,00-0039732,B.Nix,QB,passing_yards,249.5,0.331461,0.668539,532,POSITION_2024_EMPIRICAL,,,,,False
,,2026_05_DEN_LAC,2026,5,2026-10-11T20:05:00+00:00,DEN,00-0039732,B.Nix,QB,passing_yards,274.5,0.247191,0.752809,532,POSITION_2024_EMPIRICAL,,,,,False
,,2026_05_DEN_LAC,2026,5,2026-10-11T20:05:00+00:00,DEN,00-0039732,B.Nix,QB,passing_yards,299.5,0.194757,0.805243,532,POSITION_2024_EMPIRICAL,,,,,False
,,2026_05_DEN_LAC,2026,5,2026-10-11T20:05:00+00:00,DEN,00-0039732,B.Nix,QB,rushing_yards,19.5,0.167702,0.832298,481,POSITION_2024_EMPIRICAL,,,,,False
,,2026_05_DEN_LAC,2026,5,2026-10-11T20:05:00+00:00,DEN,00-0039732,B.Nix,QB,rushing_yards,34.5,0.066253,0.933747,481,POSITION_2024_EMPIRICAL,,,,,False
,,2026_05_DEN_LAC,2026,5,2026-10-11T20:05:00+00:00,DEN,00-0039732,B.Nix,QB,rushing_yards,49.5,0.028986,0.971014,481,POSITION_2024_EMPIRICAL,,,,,False
,,2026_05_DEN_LAC,2026,5,2026-10-11T20:05:00+00:00,DEN,00-0039732,B.Nix,QB,rushing_yards,64.5,0.01,0.99,481,POSITION_2024_EMPIRICAL,,,,,False
,,2026_05_DEN_LAC,2026,5,2026-10-11T20:05:00+00:00,DEN,00-0039732,B.Nix,QB,rushing_yards,79.5,0.01,0.99,481,POSITION_2024_EMPIRICAL,,,,,False
,,2026_05_DEN_LAC,2026,5,2026-10-11T20:05:00+00:00,DEN,00-0039732,B.Nix,QB,rushing_yards,99.5,0.01,0.99,481,POSITION_2024_EMPIRICAL,,,,,False
,,2026_05_DEN_LAC,2026,5,2026-10-11T20:05:00+00:00,DEN,00-0039732,B.Nix,QB,rushing_yards,124.5,0.01,0.99,481,POSITION_2024_EMPIRICAL,,,,,False
,,2026_05_DEN_LAC,2026,5,2026-10-11T20:05:00+00:00,DEN,00-0039868,T.Franklin,WR,receiving_yards,24.5,0.253491,0.746509,1860,POSITION_2024_EMPIRICAL,,,,,False
,,2026_05_DEN_LAC,2026,5,2026-10-11T20:05:00+00:00,DEN,00-0039868,T.Franklin,WR,receiving_yards,39.5,0.128894,0.871106,1860,POSITION_2024_EMPIRICAL,,,,,False
,,2026_05_DEN_LAC,2026,5,2026-10-11T20:05:00+00:00,DEN,00-0039868,T.Franklin,WR,receiving_yards,49.5,0.07841,0.92159,1860,POSITION_2024_EMPIRICAL,,,,,False
,,2026_05_DEN_LAC,2026,5,2026-10-11T20:05:00+00:00,DEN,00-0039868,T.Franklin,WR,receiving_yards,64.5,0.035983,0.964017,1860,POSITION_2024_EMPIRICAL,,,,,False
,,2026_05_DEN_LAC,2026,5,2026-10-11T20:05:00+00:00,DEN,00-0039868,T.Franklin,WR,receiving_yards,79.5,0.018797,0.981203,1860,POSITION_2024_EMPIRICAL,,,,,False
,,2026_05_DEN_LAC,2026,5,2026-10-11T20:05:00+00:00,DEN,00-0039868,T.Franklin,WR,receiving_yards,99.5,0.01,0.99,1860,POSITION_2024_EMPIRICAL,,,,,False
,,2026_05_DEN_LAC,2026,5,2026-10-11T20:05:00+00:00,DEN,00-0039868,T.Franklin,WR,receiving_yards,124.5,0.01,0.99,1860,POSITION_2024_EMPIRICAL,,,,,False
,,2026_05_DEN_LAC,2026,5,2026-10-11T20:05:00+00:00,DEN,00-0039868,T.Franklin,WR,receptions,1.5,0.231799,0.768201,1866,POSITION_2024_EMPIRICAL,,,,,False
,,2026_05_DEN_LAC,2026,5,2026-10-11T20:05:00+00:00,DEN,00-0039868,T.Franklin,WR,receptions,2.5,0.109208,0.890792,1866,POSITION_2024_EMPIRICAL,,,,,False
,,2026_05_DEN_LAC,2026,5,2026-10-11T20:05:00+00:00,DEN,00-0039868,T.Franklin,WR,receptions,3.5,0.052998,0.947002,1866,POSITION_2024_EMPIRICAL,,,,,False
,,2026_05_DEN_LAC,2026,5,2026-10-11T20:05:00+00:00,DEN,00-0039868,T.Franklin,WR,receptions,4.5,0.020343,0.979657,1866,POSITION_2024_EMPIRICAL,,,,,False
,,2026_05_DEN_LAC,2026,5,2026-10-11T20:05:00+00:00,DEN,00-0039868,T.Franklin,WR,receptions,5.5,0.01,0.99,1866,POSITION_2024_EMPIRICAL,,,,,False
,,2026_05_DEN_LAC,2026,5,2026-10-11T20:05:00+00:00,DEN,00-0039868,T.Franklin,WR,receptions,6.5,0.01,0.99,1866,POSITION_2024_EMPIRICAL,,,,,False
,,2026_05_DEN_LAC,2026,5,2026-10-11T20:05:00+00:00,DEN,00-0039868,T.Franklin,WR,receptions,7.5,0.01,0.99,1866,POSITION_2024_EMPIRICAL,,,,,False
,,2026_05_DEN_LAC,2026,5,2026-10-11T20:05:00+00:00,DEN,00-0039868,T.Franklin,WR,rushing_yards,19.5,0.013423,0.986577,445,POSITION_2024_EMPIRICAL,,,,,False
,,2026_05_DEN_LAC,2026,5,2026-10-11T20:05:00+00:00,DEN,00-0039868,T.Franklin,WR,rushing_yards,34.5,0.01,0.99,445,POSITION_2024_EMPIRICAL,,,,,False
,,2026_05_DEN_LAC,2026,5,2026-10-11T20:05:00+00:00,DEN,00-0039868,T.Franklin,WR,rushing_yards,49.5,0.01,0.99,445,POSITION_2024_EMPIRICAL,,,,,False
,,2026_05_DEN_LAC,2026,5,2026-10-11T20:05:00+00:00,DEN,00-0039868,T.Franklin,WR,rushing_yards,64.5,0.01,0.99,445,POSITION_2024_EMPIRICAL,,,,,False
,,2026_05_DEN_LAC,2026,5,2026-10-11T20:05:00+00:00,DEN,00-0039868,T.Franklin,WR,rushing_yards,79.5,0.01,0.99,445,POSITION_2024_EMPIRICAL,,,,,False
,,2026_05_DEN_LAC,2026,5,2026-10-11T20:05:00+00:00,DEN,00-0039868,T.Franklin,WR,rushing_yards,99.5,0.01,0.99,445,POSITION_2024_EMPIRICAL,,,,,False
,,2026_05_DEN_LAC,2026,5,2026-10-11T20:05:00+00:00,DEN,00-0039868,T.Franklin,WR,rushing_yards,124.5,0.01,0.99,445,POSITION_2024_EMPIRICAL,,,,,False
,,2026_05_DEN_LAC,2026,5,2026-10-11T20:05:00+00:00,DEN,00-0040134,P.Bryant,WR,receiving_yards,24.5,0.567669,0.432331,1860,POSITION_2024_EMPIRICAL,,,,,False
,,2026_05_DEN_LAC,2026,5,2026-10-11T20:05:00+00:00,DEN,00-0040134,P.Bryant,WR,receiving_yards,39.5,0.29377,0.70623,1860,POSITION_2024_EMPIRICAL,,,,,False
,,2026_05_DEN_LAC,2026,5,2026-10-11T20:05:00+00:00,DEN,00-0040134,P.Bryant,WR,receiving_yards,49.5,0.186896,0.813104,1860,POSITION_2024_EMPIRICAL,,,,,False
,,2026_05_DEN_LAC,2026,5,2026-10-11T20:05:00+00:00,DEN,00-0040134,P.Bryant,WR,receiving_yards,64.5,0.099356,0.900644,1860,POSITION_2024_EMPIRICAL,,,,,False
,,2026_05_DEN_LAC,2026,5,2026-10-11T20:05:00+00:00,DEN,00-0040134,P.Bryant,WR,receiving_yards,79.5,0.048872,0.951128,1860,POSITION_2024_EMPIRICAL,,,,,False
,,2026_05_DEN_LAC,2026,5,2026-10-11T20:05:00+00:00,DEN,00-0040134,P.Bryant,WR,receiving_yards,99.5,0.020408,0.979592,1860,POSITION_2024_EMPIRICAL,,,,,False
,,2026_05_DEN_LAC,2026,5,2026-10-11T20:05:00+00:00,DEN,00-0040134,P.Bryant,WR,receiving_yards,124.5,0.01,0.99,1860,POSITION_2024_EMPIRICAL,,,,,False
,,2026_05_DEN_LAC,2026,5,2026-10-11T20:05:00+00:00,DEN,00-0040134,P.Bryant,WR,receptions,1.5,0.62152,0.37848,1866,POSITION_2024_EMPIRICAL,,,,,False
,,2026_05_DEN_LAC,2026,5,2026-10-11T20:05:00+00:00,DEN,00-0040134,P.Bryant,WR,receptions,2.5,0.325482,0.674518,1866,POSITION_2024_EMPIRICAL,,,,,False
,,2026_05_DEN_LAC,2026,5,2026-10-11T20:05:00+00:00,DEN,00-0040134,P.Bryant,WR,receptions,3.5,0.171306,0.828694,1866,POSITION_2024_EMPIRICAL,,,,,False
,,2026_05_DEN_LAC,2026,5,2026-10-11T20:05:00+00:00,DEN,00-0040134,P.Bryant,WR,receptions,4.5,0.08137,0.91863,1866,POSITION_2024_EMPIRICAL,,,,,False
,,2026_05_DEN_LAC,2026,5,2026-10-11T20:05:00+00:00,DEN,00-0040134,P.Bryant,WR,receptions,5.5,0.035867,0.964133,1866,POSITION_2024_EMPIRICAL,,,,,False
,,2026_05_DEN_LAC,2026,5,2026-10-11T20:05:00+00:00,DEN,00-0040134,P.Bryant,WR,receptions,6.5,0.011777,0.988223,1866,POSITION_2024_EMPIRICAL,,,,,False
,,2026_05_DEN_LAC,2026,5,2026-10-11T20:05:00+00:00,DEN,00-0040134,P.Bryant,WR,receptions,7.5,0.01,0.99,1866,POSITION_2024_EMPIRICAL,,,,,False
,,2026_05_DEN_LAC,2026,5,2026-10-11T20:05:00+00:00,DEN,00-0040134,P.Bryant,WR,rushing_yards,19.5,0.017897,0.982103,445,POSITION_2024_EMPIRICAL,,,,,False
,,2026_05_DEN_LAC,2026,5,2026-10-11T20:05:00+00:00,DEN,00-0040134,P.Bryant,WR,rushing_yards,34.5,0.01,0.99,445,POSITION_2024_EMPIRICAL,,,,,False
,,2026_05_DEN_LAC,2026,5,2026-10-11T20:05:00+00:00,DEN,00-0040134,P.Bryant,WR,rushing_yards,49.5,0.01,0.99,445,POSITION_2024_EMPIRICAL,,,,,False
,,2026_05_DEN_LAC,2026,5,2026-10-11T20:05:00+00:00,DEN,00-0040134,P.Bryant,WR,rushing_yards,64.5,0.01,0.99,445,POSITION_2024_EMPIRICAL,,,,,False
,,2026_05_DEN_LAC,2026,5,2026-10-11T20:05:00+00:00,DEN,00-0040134,P.Bryant,WR,rushing_yards,79.5,0.01,0.99,445,POSITION_2024_EMPIRICAL,,,,,False
,,2026_05_DEN_LAC,2026,5,2026-10-11T20:05:00+00:00,DEN,00-0040134,P.Bryant,WR,rushing_yards,99.5,0.01,0.99,445,POSITION_2024_EMPIRICAL,,,,,False
,,2026_05_DEN_LAC,2026,5,2026-10-11T20:05:00+00:00,DEN,00-0040134,P.Bryant,WR,rushing_yards,124.5,0.01,0.99,445,POSITION_2024_EMPIRICAL,,,,,False
,,2026_05_DEN_LAC,2026,5,2026-10-11T20:05:00+00:00,DEN,00-0040730,R.Harvey,RB,receiving_yards,24.5,0.821023,0.178977,1054,POSITION_2024_EMPIRICAL,,,,,False
,,2026_05_DEN_LAC,2026,5,2026-10-11T20:05:00+00:00,DEN,00-0040730,R.Harvey,RB,receiving_yards,39.5,0.469697,0.530303,1054,POSITION_2024_EMPIRICAL,,,,,False
,,2026_05_DEN_LAC,2026,5,2026-10-11T20:05:00+00:00,DEN,00-0040730,R.Harvey,RB,receiving_yards,49.5,0.25,0.75,1054,POSITION_2024_EMPIRICAL,,,,,False
,,2026_05_DEN_LAC,2026,5,2026-10-11T20:05:00+00:00,DEN,00-0040730,R.Harvey,RB,receiving_yards,64.5,0.108902,0.891098,1054,POSITION_2024_EMPIRICAL,,,,,False
,,2026_05_DEN_LAC,2026,5,2026-10-11T20:05:00+00:00,DEN,00-0040730,R.Harvey,RB,receiving_yards,79.5,0.057765,0.942235,1054,POSITION_2024_EMPIRICAL,,,,,False
,,2026_05_DEN_LAC,2026,5,2026-10-11T20:05:00+00:00,DEN,00-0040730,R.Harvey,RB,receiving_yards,99.5,0.027462,0.972538,1054,POSITION_2024_EMPIRICAL,,,,,False
,,2026_05_DEN_LAC,2026,5,2026-10-11T20:05:00+00:00,DEN,00-0040730,R.Harvey,RB,receiving_yards,124.5,0.01,0.99,1054,POSITION_2024_EMPIRICAL,,,,,False
,,2026_05_DEN_LAC,2026,5,2026-10-11T20:05:00+00:00,DEN,00-0040730,R.Harvey,RB,receptions,1.5,0.930684,0.069316,1080,POSITION_2024_EMPIRICAL,,,,,False
,,2026_05_DEN_LAC,2026,5,2026-10-11T20:05:00+00:00,DEN,00-0040730,R.Harvey,RB,receptions,2.5,0.896488,0.103512,1080,POSITION_2024_EMPIRICAL,,,,,False
,,2026_05_DEN_LAC,2026,5,2026-10-11T20:05:00+00:00,DEN,00-0040730,R.Harvey,RB,receptions,3.5,0.822551,0.177449,1080,POSITION_2024_EMPIRICAL,,,,,False
,,2026_05_DEN_LAC,2026,5,2026-10-11T20:05:00+00:00,DEN,00-0040730,R.Harvey,RB,receptions,4.5,0.695009,0.304991,1080,POSITION_2024_EMPIRICAL,,,,,False
,,2026_05_DEN_LAC,2026,5,2026-10-11T20:05:00+00:00,DEN,00-0040730,R.Harvey,RB,receptions,5.5,0.554529,0.445471,1080,POSITION_2024_EMPIRICAL,,,,,False
,,2026_05_DEN_LAC,2026,5,2026-10-11T20:05:00+00:00,DEN,00-0040730,R.Harvey,RB,receptions,6.5,0.375231,0.624769,1080,POSITION_2024_EMPIRICAL,,,,,False
,,2026_05_DEN_LAC,2026,5,2026-10-11T20:05:00+00:00,DEN,00-0040730,R.Harvey,RB,receptions,7.5,0.285582,0.714418,1080,POSITION_2024_EMPIRICAL,,,,,False
,,2026_05_DEN_LAC,2026,5,2026-10-11T20:05:00+00:00,DEN,00-0040730,R.Harvey,RB,rushing_yards,19.5,0.313545,0.686455,1194,POSITION_2024_EMPIRICAL,,,,,False
,,2026_05_DEN_LAC,2026,5,2026-10-11T20:05:00+00:00,DEN,00-0040730,R.Harvey,RB,rushing_yards,34.5,0.147157,0.852843,1194,POSITION_2024_EMPIRICAL,,,,,False
,,2026_05_DEN_LAC,2026,5,2026-10-11T20:05:00+00:00,DEN,00-0040730,R.Harvey,RB,rushing_yards,49.5,0.061037,0.938963,1194,POSITION_2024_EMPIRICAL,,,,,False
,,2026_05_DEN_LAC,2026,5,2026-10-11T20:05:00+00:00,DEN,00-0040730,R.Harvey,RB,rushing_yards,64.5,0.026756,0.973244,1194,POSITION_2024_EMPIRICAL,,,,,False
,,2026_05_DEN_LAC,2026,5,2026-10-11T20:05:00+00:00,DEN,00-0040730,R.Harvey,RB,rushing_yards,79.5,0.012542,0.987458,1194,POSITION_2024_EMPIRICAL,,,,,False
,,2026_05_DEN_LAC,2026,5,2026-10-11T20:05:00+00:00,DEN,00-0040730,R.Harvey,RB,rushing_yards,99.5,0.01,0.99,1194,POSITION_2024_EMPIRICAL,,,,,False
,,2026_05_DEN_LAC,2026,5,2026-10-11T20:05:00+00:00,DEN,00-0040730,R.Harvey,RB,rushing_yards,124.5,0.01,0.99,1194,POSITION_2024_EMPIRICAL,,,,,False
,,2026_05_DEN_LAC,2026,5,2026-10-11T20:05:00+00:00,LAC,00-0035125,A.Ingold,FB,receiving_yards,24.5,0.186373,0.813627,3990,MARKET_2024_EMPIRICAL,,,,,False
,,2026_05_DEN_LAC,2026,5,2026-10-11T20:05:00+00:00,LAC,00-0035125,A.Ingold,FB,receiving_yards,39.5,0.084419,0.915581,3990,MARKET_2024_EMPIRICAL,,,,,False
,,2026_05_DEN_LAC,2026,5,2026-10-11T20:05:00+00:00,LAC,00-0035125,A.Ingold,FB,receiving_yards,49.5,0.048597,0.951403,3990,MARKET_2024_EMPIRICAL,,,,,False
,,2026_05_DEN_LAC,2026,5,2026-10-11T20:05:00+00:00,LAC,00-0035125,A.Ingold,FB,receiving_yards,64.5,0.020792,0.979208,3990,MARKET_2024_EMPIRICAL,,,,,False
,,2026_05_DEN_LAC,2026,5,2026-10-11T20:05:00+00:00,LAC,00-0035125,A.Ingold,FB,receiving_yards,79.5,0.01,0.99,3990,MARKET_2024_EMPIRICAL,,,,,False
,,2026_05_DEN_LAC,2026,5,2026-10-11T20:05:00+00:00,LAC,00-0035125,A.Ingold,FB,receiving_yards,99.5,0.01,0.99,3990,MARKET_2024_EMPIRICAL,,,,,False
,,2026_05_DEN_LAC,2026,5,2026-10-11T20:05:00+00:00,LAC,00-0035125,A.Ingold,FB,receiving_yards,124.5,0.01,0.99,3990,MARKET_2024_EMPIRICAL,,,,,False
,,2026_05_DEN_LAC,2026,5,2026-10-11T20:05:00+00:00,LAC,00-0035125,A.Ingold,FB,receptions,1.5,0.26776,0.73224,4024,MARKET_2024_EMPIRICAL,,,,,False
,,2026_05_DEN_LAC,2026,5,2026-10-11T20:05:00+00:00,LAC,00-0035125,A.Ingold,FB,receptions,2.5,0.132886,0.867114,4024,MARKET_2024_EMPIRICAL,,,,,False
,,2026_05_DEN_LAC,2026,5,2026-10-11T20:05:00+00:00,LAC,00-0035125,A.Ingold,FB,receptions,3.5,0.062593,0.937407,4024,MARKET_2024_EMPIRICAL,,,,,False
,,2026_05_DEN_LAC,2026,5,2026-10-11T20:05:00+00:00,LAC,00-0035125,A.Ingold,FB,receptions,4.5,0.026329,0.973671,4024,MARKET_2024_EMPIRICAL,,,,,False
,,2026_05_DEN_LAC,2026,5,2026-10-11T20:05:00+00:00,LAC,00-0035125,A.Ingold,FB,receptions,5.5,0.010681,0.989319,4024,MARKET_2024_EMPIRICAL,,,,,False
,,2026_05_DEN_LAC,2026,5,2026-10-11T20:05:00+00:00,LAC,00-0035125,A.Ingold,FB,receptions,6.5,0.01,0.99,4024,MARKET_2024_EMPIRICAL,,,,,False
,,2026_05_DEN_LAC,2026,5,2026-10-11T20:05:00+00:00,LAC,00-0035125,A.Ingold,FB,receptions,7.5,0.01,0.99,4024,MARKET_2024_EMPIRICAL,,,,,False
,,2026_05_DEN_LAC,2026,5,2026-10-11T20:05:00+00:00,LAC,00-0036355,J.Herbert,QB,passing_yards,149.5,0.659176,0.340824,532,POSITION_2024_EMPIRICAL,,,,,False
,,2026_05_DEN_LAC,2026,5,2026-10-11T20:05:00+00:00,LAC,00-0036355,J.Herbert,QB,passing_yards,174.5,0.56367,0.43633,532,POSITION_2024_EMPIRICAL,,,,,False
,,2026_05_DEN_LAC,2026,5,2026-10-11T20:05:00+00:00,LAC,00-0036355,J.Herbert,QB,passing_yards,199.5,0.428839,0.571161,532,POSITION_2024_EMPIRICAL,,,,,False
,,2026_05_DEN_LAC,2026,5,2026-10-11T20:05:00+00:00,LAC,00-0036355,J.Herbert,QB,passing_yards,224.5,0.314607,0.685393,532,POSITION_2024_EMPIRICAL,,,,,False
,,2026_05_DEN_LAC,2026,5,2026-10-11T20:05:00+00:00,LAC,00-0036355,J.Herbert,QB,passing_yards,249.5,0.224719,0.775281,532,POSITION_2024_EMPIRICAL,,,,,False
,,2026_05_DEN_LAC,2026,5,2026-10-11T20:05:00+00:00,LAC,00-0036355,J.Herbert,QB,passing_yards,274.5,0.170412,0.829588,532,POSITION_2024_EMPIRICAL,,,,,False
,,2026_05_DEN_LAC,2026,5,2026-10-11T20:05:00+00:00,LAC,00-0036355,J.Herbert,QB,passing_yards,299.5,0.11236,0.88764,532,POSITION_2024_EMPIRICAL,,,,,False
,,2026_05_DEN_LAC,2026,5,2026-10-11T20:05:00+00:00,LAC,00-0036355,J.Herbert,QB,rushing_yards,19.5,0.445135,0.554865,481,POSITION_2024_EMPIRICAL,,,,,False
,,2026_05_DEN_LAC,2026,5,2026-10-11T20:05:00+00:00,LAC,00-0036355,J.Herbert,QB,rushing_yards,34.5,0.175983,0.824017,481,POSITION_2024_EMPIRICAL,,,,,False
,,2026_05_DEN_LAC,2026,5,2026-10-11T20:05:00+00:00,LAC,00-0036355,J.Herbert,QB,rushing_yards,49.5,0.068323,0.931677,481,POSITION_2024_EMPIRICAL,,,,,False
,,2026_05_DEN_LAC,2026,5,2026-10-11T20:05:00+00:00,LAC,00-0036355,J.Herbert,QB,rushing_yards,64.5,0.031056,0.968944,481,POSITION_2024_EMPIRICAL,,,,,False
,,2026_05_DEN_LAC,2026,5,2026-10-11T20:05:00+00:00,LAC,00-0036355,J.Herbert,QB,rushing_yards,79.5,0.01,0.99,481,POSITION_2024_EMPIRICAL,,,,,False
,,2026_05_DEN_LAC,2026,5,2026-10-11T20:05:00+00:00,LAC,00-0036355,J.Herbert,QB,rushing_yards,99.5,0.01,0.99,481,POSITION_2024_EMPIRICAL,,,,,False
,,2026_05_DEN_LAC,2026,5,2026-10-11T20:05:00+00:00,LAC,00-0036355,J.Herbert,QB,rushing_yards,124.5,0.01,0.99,481,POSITION_2024_EMPIRICAL,,,,,False
,,2026_05_DEN_LAC,2026,5,2026-10-11T20:05:00+00:00,LAC,00-0038454,K.Mitchell,RB,receiving_yards,24.5,0.10322,0.89678,1054,POSITION_2024_EMPIRICAL,,,,,False
,,2026_05_DEN_LAC,2026,5,2026-10-11T20:05:00+00:00,LAC,00-0038454,K.Mitchell,RB,receiving_yards,39.5,0.039773,0.960227,1054,POSITION_2024_EMPIRICAL,,,,,False
,,2026_05_DEN_LAC,2026,5,2026-10-11T20:05:00+00:00,LAC,00-0038454,K.Mitchell,RB,receiving_yards,49.5,0.027462,0.972538,1054,POSITION_2024_EMPIRICAL,,,,,False
,,2026_05_DEN_LAC,2026,5,2026-10-11T20:05:00+00:00,LAC,00-0038454,K.Mitchell,RB,receiving_yards,64.5,0.01,0.99,1054,POSITION_2024_EMPIRICAL,,,,,False
,,2026_05_DEN_LAC,2026,5,2026-10-11T20:05:00+00:00,LAC,00-0038454,K.Mitchell,RB,receiving_yards,79.5,0.01,0.99,1054,POSITION_2024_EMPIRICAL,,,,,False
,,2026_05_DEN_LAC,2026,5,2026-10-11T20:05:00+00:00,LAC,00-0038454,K.Mitchell,RB,receiving_yards,99.5,0.01,0.99,1054,POSITION_2024_EMPIRICAL,,,,,False
,,2026_05_DEN_LAC,2026,5,2026-10-11T20:05:00+00:00,LAC,00-0038454,K.Mitchell,RB,receiving_yards,124.5,0.01,0.99,1054,POSITION_2024_EMPIRICAL,,,,,False
,,2026_05_DEN_LAC,2026,5,2026-10-11T20:05:00+00:00,LAC,00-0038454,K.Mitchell,RB,receptions,1.5,0.614603,0.385397,1080,POSITION_2024_EMPIRICAL,,,,,False
,,2026_05_DEN_LAC,2026,5,2026-10-11T20:05:00+00:00,LAC,00-0038454,K.Mitchell,RB,receptions,2.5,0.298521,0.701479,1080,POSITION_2024_EMPIRICAL,,,,,False
,,2026_05_DEN_LAC,2026,5,2026-10-11T20:05:00+00:00,LAC,00-0038454,K.Mitchell,RB,receptions,3.5,0.14695,0.85305,1080,POSITION_2024_EMPIRICAL,,,,,False
,,2026_05_DEN_LAC,2026,5,2026-10-11T20:05:00+00:00,LAC,00-0038454,K.Mitchell,RB,receptions,4.5,0.067468,0.932532,1080,POSITION_2024_EMPIRICAL,,,,,False
,,2026_05_DEN_LAC,2026,5,2026-10-11T20:05:00+00:00,LAC,00-0038454,K.Mitchell,RB,receptions,5.5,0.021257,0.978743,1080,POSITION_2024_EMPIRICAL,,,,,False
,,2026_05_DEN_LAC,2026,5,2026-10-11T20:05:00+00:00,LAC,00-0038454,K.Mitchell,RB,receptions,6.5,0.012015,0.987985,1080,POSITION_2024_EMPIRICAL,,,,,False
,,2026_05_DEN_LAC,2026,5,2026-10-11T20:05:00+00:00,LAC,00-0038454,K.Mitchell,RB,receptions,7.5,0.01,0.99,1080,POSITION_2024_EMPIRICAL,,,,,False
,,2026_05_DEN_LAC,2026,5,2026-10-11T20:05:00+00:00,LAC,00-0038454,K.Mitchell,RB,rushing_yards,19.5,0.646321,0.353679,1194,POSITION_2024_EMPIRICAL,,,,,False
,,2026_05_DEN_LAC,2026,5,2026-10-11T20:05:00+00:00,LAC,00-0038454,K.Mitchell,RB,rushing_yards,34.5,0.310201,0.689799,1194,POSITION_2024_EMPIRICAL,,,,,False
,,2026_05_DEN_LAC,2026,5,2026-10-11T20:05:00+00:00,LAC,00-0038454,K.Mitchell,RB,rushing_yards,49.5,0.147993,0.852007,1194,POSITION_2024_EMPIRICAL,,,,,False
,,2026_05_DEN_LAC,2026,5,2026-10-11T20:05:00+00:00,LAC,00-0038454,K.Mitchell,RB,rushing_yards,64.5,0.061037,0.938963,1194,POSITION_2024_EMPIRICAL,,,,,False
,,2026_05_DEN_LAC,2026,5,2026-10-11T20:05:00+00:00,LAC,00-0038454,K.Mitchell,RB,rushing_yards,79.5,0.028428,0.971572,1194,POSITION_2024_EMPIRICAL,,,,,False
,,2026_05_DEN_LAC,2026,5,2026-10-11T20:05:00+00:00,LAC,00-0038454,K.Mitchell,RB,rushing_yards,99.5,0.01087,0.98913,1194,POSITION_2024_EMPIRICAL,,,,,False
,,2026_05_DEN_LAC,2026,5,2026-10-11T20:05:00+00:00,LAC,00-0038454,K.Mitchell,RB,rushing_yards,124.5,0.01,0.99,1194,POSITION_2024_EMPIRICAL,,,,,False
,,2026_05_DEN_LAC,2026,5,2026-10-11T20:05:00+00:00,LAC,00-0038544,Q.Johnston,WR,receiving_yards,24.5,0.426423,0.573577,1860,POSITION_2024_EMPIRICAL,,,,,False
,,2026_05_DEN_LAC,2026,5,2026-10-11T20:05:00+00:00,LAC,00-0038544,Q.Johnston,WR,receiving_yards,39.5,0.212675,0.787325,1860,POSITION_2024_EMPIRICAL,,,,,False
,,2026_05_DEN_LAC,2026,5,2026-10-11T20:05:00+00:00,LAC,00-0038544,Q.Johnston,WR,receiving_yards,49.5,0.132116,0.867884,1860,POSITION_2024_EMPIRICAL,,,,,False
,,2026_05_DEN_LAC,2026,5,2026-10-11T20:05:00+00:00,LAC,00-0038544,Q.Johnston,WR,receiving_yards,64.5,0.06391,0.93609,1860,POSITION_2024_EMPIRICAL,,,,,False
,,2026_05_DEN_LAC,2026,5,2026-10-11T20:05:00+00:00,LAC,00-0038544,Q.Johnston,WR,receiving_yards,79.5,0.030612,0.969388,1860,POSITION_2024_EMPIRICAL,,,,,False
,,2026_05_DEN_LAC,2026,5,2026-10-11T20:05:00+00:00,LAC,00-0038544,Q.Johnston,WR,receiving_yards,99.5,0.013426,0.986574,1860,POSITION_2024_EMPIRICAL,,,,,False
,,2026_05_DEN_LAC,2026,5,2026-10-11T20:05:00+00:00,LAC,00-0038544,Q.Johnston,WR,receiving_yards,124.5,0.01,0.99,1860,POSITION_2024_EMPIRICAL,,,,,False
,,2026_05_DEN_LAC,2026,5,2026-10-11T20:05:00+00:00,LAC,00-0038544,Q.Johnston,WR,receptions,1.5,0.445931,0.554069,1866,POSITION_2024_EMPIRICAL,,,,,False
,,2026_05_DEN_LAC,2026,5,2026-10-11T20:05:00+00:00,LAC,00-0038544,Q.Johnston,WR,receptions,2.5,0.239829,0.760171,1866,POSITION_2024_EMPIRICAL,,,,,False
,,2026_05_DEN_LAC,2026,5,2026-10-11T20:05:00+00:00,LAC,00-0038544,Q.Johnston,WR,receptions,3.5,0.114561,0.885439,1866,POSITION_2024_EMPIRICAL,,,,,False
,,2026_05_DEN_LAC,2026,5,2026-10-11T20:05:00+00:00,LAC,00-0038544,Q.Johnston,WR,receptions,4.5,0.05621,0.94379,1866,POSITION_2024_EMPIRICAL,,,,,False
,,2026_05_DEN_LAC,2026,5,2026-10-11T20:05:00+00:00,LAC,00-0038544,Q.Johnston,WR,receptions,5.5,0.021949,0.978051,1866,POSITION_2024_EMPIRICAL,,,,,False
,,2026_05_DEN_LAC,2026,5,2026-10-11T20:05:00+00:00,LAC,00-0038544,Q.Johnston,WR,receptions,6.5,0.01,0.99,1866,POSITION_2024_EMPIRICAL,,,,,False
,,2026_05_DEN_LAC,2026,5,2026-10-11T20:05:00+00:00,LAC,00-0038544,Q.Johnston,WR,receptions,7.5,0.01,0.99,1866,POSITION_2024_EMPIRICAL,,,,,False
,,2026_05_DEN_LAC,2026,5,2026-10-11T20:05:00+00:00,LAC,00-0038544,Q.Johnston,WR,rushing_yards,19.5,0.013423,0.986577,445,POSITION_2024_EMPIRICAL,,,,,False
,,2026_05_DEN_LAC,2026,5,2026-10-11T20:05:00+00:00,LAC,00-0038544,Q.Johnston,WR,rushing_yards,34.5,0.01,0.99,445,POSITION_2024_EMPIRICAL,,,,,False
,,2026_05_DEN_LAC,2026,5,2026-10-11T20:05:00+00:00,LAC,00-0038544,Q.Johnston,WR,rushing_yards,49.5,0.01,0.99,445,POSITION_2024_EMPIRICAL,,,,,False
,,2026_05_DEN_LAC,2026,5,2026-10-11T20:05:00+00:00,LAC,00-0038544,Q.Johnston,WR,rushing_yards,64.5,0.01,0.99,445,POSITION_2024_EMPIRICAL,,,,,False
,,2026_05_DEN_LAC,2026,5,2026-10-11T20:05:00+00:00,LAC,00-0038544,Q.Johnston,WR,rushing_yards,79.5,0.01,0.99,445,POSITION_2024_EMPIRICAL,,,,,False
,,2026_05_DEN_LAC,2026,5,2026-10-11T20:05:00+00:00,LAC,00-0038544,Q.Johnston,WR,rushing_yards,99.5,0.01,0.99,445,POSITION_2024_EMPIRICAL,,,,,False
,,2026_05_DEN_LAC,2026,5,2026-10-11T20:05:00+00:00,LAC,00-0038544,Q.Johnston,WR,rushing_yards,124.5,0.01,0.99,445,POSITION_2024_EMPIRICAL,,,,,False
,,2026_05_DEN_LAC,2026,5,2026-10-11T20:05:00+00:00,LAC,00-0038573,D.Davis,WR,receiving_yards,24.5,0.130505,0.869495,1860,POSITION_2024_EMPIRICAL,,,,,False
,,2026_05_DEN_LAC,2026,5,2026-10-11T20:05:00+00:00,LAC,00-0038573,D.Davis,WR,receiving_yards,39.5,0.060687,0.939313,1860,POSITION_2024_EMPIRICAL,,,,,False
,,2026_05_DEN_LAC,2026,5,2026-10-11T20:05:00+00:00,LAC,00-0038573,D.Davis,WR,receiving_yards,49.5,0.03652,0.96348,1860,POSITION_2024_EMPIRICAL,,,,,False
,,2026_05_DEN_LAC,2026,5,2026-10-11T20:05:00+00:00,LAC,00-0038573,D.Davis,WR,receiving_yards,64.5,0.019334,0.980666,1860,POSITION_2024_EMPIRICAL,,,,,False
,,2026_05_DEN_LAC,2026,5,2026-10-11T20:05:00+00:00,LAC,00-0038573,D.Davis,WR,receiving_yards,79.5,0.012352,0.987648,1860,POSITION_2024_EMPIRICAL,,,,,False
,,2026_05_DEN_LAC,2026,5,2026-10-11T20:05:00+00:00,LAC,00-0038573,D.Davis,WR,receiving_yards,99.5,0.01,0.99,1860,POSITION_2024_EMPIRICAL,,,,,False
,,2026_05_DEN_LAC,2026,5,2026-10-11T20:05:00+00:00,LAC,00-0038573,D.Davis,WR,receiving_yards,124.5,0.01,0.99,1860,POSITION_2024_EMPIRICAL,,,,,False
,,2026_05_DEN_LAC,2026,5,2026-10-11T20:05:00+00:00,LAC,00-0038573,D.Davis,WR,receptions,1.5,0.171306,0.828694,1866,POSITION_2024_EMPIRICAL,,,,,False
,,2026_05_DEN_LAC,2026,5,2026-10-11T20:05:00+00:00,LAC,00-0038573,D.Davis,WR,receptions,2.5,0.08137,0.91863,1866,POSITION_2024_EMPIRICAL,,,,,False
,,2026_05_DEN_LAC,2026,5,2026-10-11T20:05:00+00:00,LAC,00-0038573,D.Davis,WR,receptions,3.5,0.035867,0.964133,1866,POSITION_2024_EMPIRICAL,,,,,False
,,2026_05_DEN_LAC,2026,5,2026-10-11T20:05:00+00:00,LAC,00-0038573,D.Davis,WR,receptions,4.5,0.011777,0.988223,1866,POSITION_2024_EMPIRICAL,,,,,False
,,2026_05_DEN_LAC,2026,5,2026-10-11T20:05:00+00:00,LAC,00-0038573,D.Davis,WR,receptions,5.5,0.01,0.99,1866,POSITION_2024_EMPIRICAL,,,,,False
,,2026_05_DEN_LAC,2026,5,2026-10-11T20:05:00+00:00,LAC,00-0038573,D.Davis,WR,receptions,6.5,0.01,0.99,1866,POSITION_2024_EMPIRICAL,,,,,False
,,2026_05_DEN_LAC,2026,5,2026-10-11T20:05:00+00:00,LAC,00-0038573,D.Davis,WR,receptions,7.5,0.01,0.99,1866,POSITION_2024_EMPIRICAL,,,,,False
,,2026_05_DEN_LAC,2026,5,2026-10-11T20:05:00+00:00,LAC,00-0039391,K.Vidal,RB,receiving_yards,24.5,0.10322,0.89678,1054,POSITION_2024_EMPIRICAL,,,,,False
,,2026_05_DEN_LAC,2026,5,2026-10-11T20:05:00+00:00,LAC,00-0039391,K.Vidal,RB,receiving_yards,39.5,0.039773,0.960227,1054,POSITION_2024_EMPIRICAL,,,,,False
,,2026_05_DEN_LAC,2026,5,2026-10-11T20:05:00+00:00,LAC,00-0039391,K.Vidal,RB,receiving_yards,49.5,0.027462,0.972538,1054,POSITION_2024_EMPIRICAL,,,,,False
,,2026_05_DEN_LAC,2026,5,2026-10-11T20:05:00+00:00,LAC,00-0039391,K.Vidal,RB,receiving_yards,64.5,0.01,0.99,1054,POSITION_2024_EMPIRICAL,,,,,False
,,2026_05_DEN_LAC,2026,5,2026-10-11T20:05:00+00:00,LAC,00-0039391,K.Vidal,RB,receiving_yards,79.5,0.01,0.99,1054,POSITION_2024_EMPIRICAL,,,,,False
,,2026_05_DEN_LAC,2026,5,2026-10-11T20:05:00+00:00,LAC,00-0039391,K.Vidal,RB,receiving_yards,99.5,0.01,0.99,1054,POSITION_2024_EMPIRICAL,,,,,False
,,2026_05_DEN_LAC,2026,5,2026-10-11T20:05:00+00:00,LAC,00-0039391,K.Vidal,RB,receiving_yards,124.5,0.01,0.99,1054,POSITION_2024_EMPIRICAL,,,,,False
,,2026_05_DEN_LAC,2026,5,2026-10-11T20:05:00+00:00,LAC,00-0039391,K.Vidal,RB,receptions,1.5,0.257856,0.742144,1080,POSITION_2024_EMPIRICAL,,,,,False
,,2026_05_DEN_LAC,2026,5,2026-10-11T20:05:00+00:00,LAC,00-0039391,K.Vidal,RB,receptions,2.5,0.113678,0.886322,1080,POSITION_2024_EMPIRICAL,,,,,False
,,2026_05_DEN_LAC,2026,5,2026-10-11T20:05:00+00:00,LAC,00-0039391,K.Vidal,RB,receptions,3.5,0.051756,0.948244,1080,POSITION_2024_EMPIRICAL,,,,,False
,,2026_05_DEN_LAC,2026,5,2026-10-11T20:05:00+00:00,LAC,00-0039391,K.Vidal,RB,receptions,4.5,0.019409,0.980591,1080,POSITION_2024_EMPIRICAL,,,,,False
,,2026_05_DEN_LAC,2026,5,2026-10-11T20:05:00+00:00,LAC,00-0039391,K.Vidal,RB,receptions,5.5,0.011091,0.988909,1080,POSITION_2024_EMPIRICAL,,,,,False
,,2026_05_DEN_LAC,2026,5,2026-10-11T20:05:00+00:00,LAC,00-0039391,K.Vidal,RB,receptions,6.5,0.01,0.99,1080,POSITION_2024_EMPIRICAL,,,,,False
,,2026_05_DEN_LAC,2026,5,2026-10-11T20:05:00+00:00,LAC,00-0039391,K.Vidal,RB,receptions,7.5,0.01,0.99,1080,POSITION_2024_EMPIRICAL,,,,,False
,,2026_05_DEN_LAC,2026,5,2026-10-11T20:05:00+00:00,LAC,00-0039391,K.Vidal,RB,rushing_yards,19.5,0.236622,0.763378,1194,POSITION_2024_EMPIRICAL,,,,,False
,,2026_05_DEN_LAC,2026,5,2026-10-11T20:05:00+00:00,LAC,00-0039391,K.Vidal,RB,rushing_yards,34.5,0.107023,0.892977,1194,POSITION_2024_EMPIRICAL,,,,,False
,,2026_05_DEN_LAC,2026,5,2026-10-11T20:05:00+00:00,LAC,00-0039391,K.Vidal,RB,rushing_yards,49.5,0.049331,0.950669,1194,POSITION_2024_EMPIRICAL,,,,,False
,,2026_05_DEN_LAC,2026,5,2026-10-11T20:05:00+00:00,LAC,00-0039391,K.Vidal,RB,rushing_yards,64.5,0.021739,0.978261,1194,POSITION_2024_EMPIRICAL,,,,,False
,,2026_05_DEN_LAC,2026,5,2026-10-11T20:05:00+00:00,LAC,00-0039391,K.Vidal,RB,rushing_yards,79.5,0.010033,0.989967,1194,POSITION_2024_EMPIRICAL,,,,,False
,,2026_05_DEN_LAC,2026,5,2026-10-11T20:05:00+00:00,LAC,00-0039391,K.Vidal,RB,rushing_yards,99.5,0.01,0.99,1194,POSITION_2024_EMPIRICAL,,,,,False
,,2026_05_DEN_LAC,2026,5,2026-10-11T20:05:00+00:00,LAC,00-0039391,K.Vidal,RB,rushing_yards,124.5,0.01,0.99,1194,POSITION_2024_EMPIRICAL,,,,,False
,,2026_05_DEN_LAC,2026,5,2026-10-11T20:05:00+00:00,LAC,00-0039915,L.McConkey,WR,receiving_yards,24.5,0.715897,0.284103,1860,POSITION_2024_EMPIRICAL,,,,,False
,,2026_05_DEN_LAC,2026,5,2026-10-11T20:05:00+00:00,LAC,00-0039915,L.McConkey,WR,receiving_yards,39.5,0.476369,0.523631,1860,POSITION_2024_EMPIRICAL,,,,,False
,,2026_05_DEN_LAC,2026,5,2026-10-11T20:05:00+00:00,LAC,00-0039915,L.McConkey,WR,receiving_yards,49.5,0.336198,0.663802,1860,POSITION_2024_EMPIRICAL,,,,,False
,,2026_05_DEN_LAC,2026,5,2026-10-11T20:05:00+00:00,LAC,00-0039915,L.McConkey,WR,receiving_yards,64.5,0.20247,0.79753,1860,POSITION_2024_EMPIRICAL,,,,,False
,,2026_05_DEN_LAC,2026,5,2026-10-11T20:05:00+00:00,LAC,00-0039915,L.McConkey,WR,receiving_yards,79.5,0.125671,0.874329,1860,POSITION_2024_EMPIRICAL,,,,,False
,,2026_05_DEN_LAC,2026,5,2026-10-11T20:05:00+00:00,LAC,00-0039915,L.McConkey,WR,receiving_yards,99.5,0.058539,0.941461,1860,POSITION_2024_EMPIRICAL,,,,,False
,,2026_05_DEN_LAC,2026,5,2026-10-11T20:05:00+00:00,LAC,00-0039915,L.McConkey,WR,receiving_yards,124.5,0.023631,0.976369,1860,POSITION_2024_EMPIRICAL,,,,,False
,,2026_05_DEN_LAC,2026,5,2026-10-11T20:05:00+00:00,LAC,00-0039915,L.McConkey,WR,receptions,1.5,0.767131,0.232869,1866,POSITION_2024_EMPIRICAL,,,,,False
,,2026_05_DEN_LAC,2026,5,2026-10-11T20:05:00+00:00,LAC,00-0039915,L.McConkey,WR,receptions,2.5,0.520878,0.479122,1866,POSITION_2024_EMPIRICAL,,,,,False
,,2026_05_DEN_LAC,2026,5,2026-10-11T20:05:00+00:00,LAC,00-0039915,L.McConkey,WR,receptions,3.5,0.296039,0.703961,1866,POSITION_2024_EMPIRICAL,,,,,False
,,2026_05_DEN_LAC,2026,5,2026-10-11T20:05:00+00:00,LAC,00-0039915,L.McConkey,WR,receptions,4.5,0.16863,0.83137,1866,POSITION_2024_EMPIRICAL,,,,,False
,,2026_05_DEN_LAC,2026,5,2026-10-11T20:05:00+00:00,LAC,00-0039915,L.McConkey,WR,receptions,5.5,0.084582,0.915418,1866,POSITION_2024_EMPIRICAL,,,,,False
,,2026_05_DEN_LAC,2026,5,2026-10-11T20:05:00+00:00,LAC,00-0039915,L.McConkey,WR,receptions,6.5,0.043897,0.956103,1866,POSITION_2024_EMPIRICAL,,,,,False
,,2026_05_DEN_LAC,2026,5,2026-10-11T20:05:00+00:00,LAC,00-0039915,L.McConkey,WR,receptions,7.5,0.018201,0.981799,1866,POSITION_2024_EMPIRICAL,,,,,False
,,2026_05_DEN_LAC,2026,5,2026-10-11T20:05:00+00:00,LAC,00-0040189,O.Gadsden,TE,receiving_yards,24.5,0.312925,0.687075,1027,POSITION_2024_EMPIRICAL,,,,,False
,,2026_05_DEN_LAC,2026,5,2026-10-11T20:05:00+00:00,LAC,00-0040189,O.Gadsden,TE,receiving_yards,39.5,0.139942,0.860058,1027,POSITION_2024_EMPIRICAL,,,,,False
,,2026_05_DEN_LAC,2026,5,2026-10-11T20:05:00+00:00,LAC,00-0040189,O.Gadsden,TE,receiving_yards,49.5,0.088435,0.911565,1027,POSITION_2024_EMPIRICAL,,,,,False
,,2026_05_DEN_LAC,2026,5,2026-10-11T20:05:00+00:00,LAC,00-0040189,O.Gadsden,TE,receiving_yards,64.5,0.030126,0.969874,1027,POSITION_2024_EMPIRICAL,,,,,False
,,2026_05_DEN_LAC,2026,5,2026-10-11T20:05:00+00:00,LAC,00-0040189,O.Gadsden,TE,receiving_yards,79.5,0.011662,0.988338,1027,POSITION_2024_EMPIRICAL,,,,,False
,,2026_05_DEN_LAC,2026,5,2026-10-11T20:05:00+00:00,LAC,00-0040189,O.Gadsden,TE,receiving_yards,99.5,0.01,0.99,1027,POSITION_2024_EMPIRICAL,,,,,False
,,2026_05_DEN_LAC,2026,5,2026-10-11T20:05:00+00:00,LAC,00-0040189,O.Gadsden,TE,receiving_yards,124.5,0.01,0.99,1027,POSITION_2024_EMPIRICAL,,,,,False
,,2026_05_DEN_LAC,2026,5,2026-10-11T20:05:00+00:00,LAC,00-0040189,O.Gadsden,TE,receptions,1.5,0.604268,0.395732,1029,POSITION_2024_EMPIRICAL,,,,,False
,,2026_05_DEN_LAC,2026,5,2026-10-11T20:05:00+00:00,LAC,00-0040189,O.Gadsden,TE,receptions,2.5,0.317168,0.682832,1029,POSITION_2024_EMPIRICAL,,,,,False
,,2026_05_DEN_LAC,2026,5,2026-10-11T20:05:00+00:00,LAC,00-0040189,O.Gadsden,TE,receptions,3.5,0.164888,0.835112,1029,POSITION_2024_EMPIRICAL,,,,,False
,,2026_05_DEN_LAC,2026,5,2026-10-11T20:05:00+00:00,LAC,00-0040189,O.Gadsden,TE,receptions,4.5,0.083414,0.916586,1029,POSITION_2024_EMPIRICAL,,,,,False
,,2026_05_DEN_LAC,2026,5,2026-10-11T20:05:00+00:00,LAC,00-0040189,O.Gadsden,TE,receptions,5.5,0.041707,0.958293,1029,POSITION_2024_EMPIRICAL,,,,,False
,,2026_05_DEN_LAC,2026,5,2026-10-11T20:05:00+00:00,LAC,00-0040189,O.Gadsden,TE,receptions,6.5,0.017459,0.982541,1029,POSITION_2024_EMPIRICAL,,,,,False
,,2026_05_DEN_LAC,2026,5,2026-10-11T20:05:00+00:00,LAC,00-0040189,O.Gadsden,TE,receptions,7.5,0.01,0.99,1029,POSITION_2024_EMPIRICAL,,,,,False
,,2026_05_DEN_LAC,2026,5,2026-10-11T20:05:00+00:00,LAC,00-0040666,O.Hampton,RB,receiving_yards,24.5,0.095644,0.904356,1054,POSITION_2024_EMPIRICAL,,,,,False
,,2026_05_DEN_LAC,2026,5,2026-10-11T20:05:00+00:00,LAC,00-0040666,O.Hampton,RB,receiving_yards,39.5,0.039773,0.960227,1054,POSITION_2024_EMPIRICAL,,,,,False
,,2026_05_DEN_LAC,2026,5,2026-10-11T20:05:00+00:00,LAC,00-0040666,O.Hampton,RB,receiving_yards,49.5,0.024621,0.975379,1054,POSITION_2024_EMPIRICAL,,,,,False
,,2026_05_DEN_LAC,2026,5,2026-10-11T20:05:00+00:00,LAC,00-0040666,O.Hampton,RB,receiving_yards,64.5,0.01,0.99,1054,POSITION_2024_EMPIRICAL,,,,,False
,,2026_05_DEN_LAC,2026,5,2026-10-11T20:05:00+00:00,LAC,00-0040666,O.Hampton,RB,receiving_yards,79.5,0.01,0.99,1054,POSITION_2024_EMPIRICAL,,,,,False
,,2026_05_DEN_LAC,2026,5,2026-10-11T20:05:00+00:00,LAC,00-0040666,O.Hampton,RB,receiving_yards,99.5,0.01,0.99,1054,POSITION_2024_EMPIRICAL,,,,,False
,,2026_05_DEN_LAC,2026,5,2026-10-11T20:05:00+00:00,LAC,00-0040666,O.Hampton,RB,receiving_yards,124.5,0.01,0.99,1054,POSITION_2024_EMPIRICAL,,,,,False
,,2026_05_DEN_LAC,2026,5,2026-10-11T20:05:00+00:00,LAC,00-0040666,O.Hampton,RB,receptions,1.5,0.257856,0.742144,1080,POSITION_2024_EMPIRICAL,,,,,False
,,2026_05_DEN_LAC,2026,5,2026-10-11T20:05:00+00:00,LAC,00-0040666,O.Hampton,RB,receptions,2.5,0.113678,0.886322,1080,POSITION_2024_EMPIRICAL,,,,,False
,,2026_05_DEN_LAC,2026,5,2026-10-11T20:05:00+00:00,LAC,00-0040666,O.Hampton,RB,receptions,3.5,0.051756,0.948244,1080,POSITION_2024_EMPIRICAL,,,,,False
,,2026_05_DEN_LAC,2026,5,2026-10-11T20:05:00+00:00,LAC,00-0040666,O.Hampton,RB,receptions,4.5,0.019409,0.980591,1080,POSITION_2024_EMPIRICAL,,,,,False
,,2026_05_DEN_LAC,2026,5,2026-10-11T20:05:00+00:00,LAC,00-0040666,O.Hampton,RB,receptions,5.5,0.011091,0.988909,1080,POSITION_2024_EMPIRICAL,,,,,False
,,2026_05_DEN_LAC,2026,5,2026-10-11T20:05:00+00:00,LAC,00-0040666,O.Hampton,RB,receptions,6.5,0.01,0.99,1080,POSITION_2024_EMPIRICAL,,,,,False
,,2026_05_DEN_LAC,2026,5,2026-10-11T20:05:00+00:00,LAC,00-0040666,O.Hampton,RB,receptions,7.5,0.01,0.99,1080,POSITION_2024_EMPIRICAL,,,,,False
,,2026_05_DEN_LAC,2026,5,2026-10-11T20:05:00+00:00,LAC,00-0040666,O.Hampton,RB,rushing_yards,19.5,0.862876,0.137124,1194,POSITION_2024_EMPIRICAL,,,,,False
,,2026_05_DEN_LAC,2026,5,2026-10-11T20:05:00+00:00,LAC,00-0040666,O.Hampton,RB,rushing_yards,34.5,0.719064,0.280936,1194,POSITION_2024_EMPIRICAL,,,,,False
,,2026_05_DEN_LAC,2026,5,2026-10-11T20:05:00+00:00,LAC,00-0040666,O.Hampton,RB,rushing_yards,49.5,0.506689,0.493311,1194,POSITION_2024_EMPIRICAL,,,,,False
,,2026_05_DEN_LAC,2026,5,2026-10-11T20:05:00+00:00,LAC,00-0040666,O.Hampton,RB,rushing_yards,64.5,0.316054,0.683946,1194,POSITION_2024_EMPIRICAL,,,,,False
,,2026_05_DEN_LAC,2026,5,2026-10-11T20:05:00+00:00,LAC,00-0040666,O.Hampton,RB,rushing_yards,79.5,0.212375,0.787625,1194,POSITION_2024_EMPIRICAL,,,,,False
,,2026_05_DEN_LAC,2026,5,2026-10-11T20:05:00+00:00,LAC,00-0040666,O.Hampton,RB,rushing_yards,99.5,0.11204,0.88796,1194,POSITION_2024_EMPIRICAL,,,,,False
,,2026_05_DEN_LAC,2026,5,2026-10-11T20:05:00+00:00,LAC,00-0040666,O.Hampton,RB,rushing_yards,124.5,0.051003,0.948997,1194,POSITION_2024_EMPIRICAL,,,,,False
,,2026_05_DEN_LAC,2026,5,2026-10-11T20:05:00+00:00,LAC,00-0040727,T.Harris,WR,receiving_yards,24.5,0.764232,0.235768,1860,POSITION_2024_EMPIRICAL,,,,,False
,,2026_05_DEN_LAC,2026,5,2026-10-11T20:05:00+00:00,LAC,00-0040727,T.Harris,WR,receiving_yards,39.5,0.570892,0.429108,1860,POSITION_2024_EMPIRICAL,,,,,False
,,2026_05_DEN_LAC,2026,5,2026-10-11T20:05:00+00:00,LAC,00-0040727,T.Harris,WR,receiving_yards,49.5,0.408163,0.591837,1860,POSITION_2024_EMPIRICAL,,,,,False
,,2026_05_DEN_LAC,2026,5,2026-10-11T20:05:00+00:00,LAC,00-0040727,T.Harris,WR,receiving_yards,64.5,0.261547,0.738453,1860,POSITION_2024_EMPIRICAL,,,,,False
,,2026_05_DEN_LAC,2026,5,2026-10-11T20:05:00+00:00,LAC,00-0040727,T.Harris,WR,receiving_yards,79.5,0.163802,0.836198,1860,POSITION_2024_EMPIRICAL,,,,,False
,,2026_05_DEN_LAC,2026,5,2026-10-11T20:05:00+00:00,LAC,00-0040727,T.Harris,WR,receiving_yards,99.5,0.093448,0.906552,1860,POSITION_2024_EMPIRICAL,,,,,False
,,2026_05_DEN_LAC,2026,5,2026-10-11T20:05:00+00:00,LAC,00-0040727,T.Harris,WR,receiving_yards,124.5,0.038668,0.961332,1860,POSITION_2024_EMPIRICAL,,,,,False
,,2026_05_DEN_LAC,2026,5,2026-10-11T20:05:00+00:00,LAC,00-0040727,T.Harris,WR,receptions,1.5,0.793362,0.206638,1866,POSITION_2024_EMPIRICAL,,,,,False
,,2026_05_DEN_LAC,2026,5,2026-10-11T20:05:00+00:00,LAC,00-0040727,T.Harris,WR,receptions,2.5,0.577088,0.422912,1866,POSITION_2024_EMPIRICAL,,,,,False
,,2026_05_DEN_LAC,2026,5,2026-10-11T20:05:00+00:00,LAC,00-0040727,T.Harris,WR,receptions,3.5,0.337794,0.662206,1866,POSITION_2024_EMPIRICAL,,,,,False
,,2026_05_DEN_LAC,2026,5,2026-10-11T20:05:00+00:00,LAC,00-0040727,T.Harris,WR,receptions,4.5,0.198073,0.801927,1866,POSITION_2024_EMPIRICAL,,,,,False
,,2026_05_DEN_LAC,2026,5,2026-10-11T20:05:00+00:00,LAC,00-0040727,T.Harris,WR,receptions,5.5,0.109208,0.890792,1866,POSITION_2024_EMPIRICAL,,,,,False
,,2026_05_DEN_LAC,2026,5,2026-10-11T20:05:00+00:00,LAC,00-0040727,T.Harris,WR,receptions,6.5,0.059957,0.940043,1866,POSITION_2024_EMPIRICAL,,,,,False
,,2026_05_DEN_LAC,2026,5,2026-10-11T20:05:00+00:00,LAC,00-0040727,T.Harris,WR,receptions,7.5,0.030514,0.969486,1866,POSITION_2024_EMPIRICAL,,,,,False
,,2026_05_DET_ARI,2026,5,2026-10-11T20:25:00+00:00,ARI,00-0033119,J.Brissett,QB,passing_yards,149.5,0.589888,0.410112,532,POSITION_2024_EMPIRICAL,,,,,False
,,2026_05_DET_ARI,2026,5,2026-10-11T20:25:00+00:00,ARI,00-0033119,J.Brissett,QB,passing_yards,174.5,0.468165,0.531835,532,POSITION_2024_EMPIRICAL,,,,,False
,,2026_05_DET_ARI,2026,5,2026-10-11T20:25:00+00:00,ARI,00-0033119,J.Brissett,QB,passing_yards,199.5,0.316479,0.683521,532,POSITION_2024_EMPIRICAL,,,,,False
,,2026_05_DET_ARI,2026,5,2026-10-11T20:25:00+00:00,ARI,00-0033119,J.Brissett,QB,passing_yards,224.5,0.220974,0.779026,532,POSITION_2024_EMPIRICAL,,,,,False
,,2026_05_DET_ARI,2026,5,2026-10-11T20:25:00+00:00,ARI,00-0033119,J.Brissett,QB,passing_yards,249.5,0.159176,0.840824,532,POSITION_2024_EMPIRICAL,,,,,False
,,2026_05_DET_ARI,2026,5,2026-10-11T20:25:00+00:00,ARI,00-0033119,J.Brissett,QB,passing_yards,274.5,0.102996,0.897004,532,POSITION_2024_EMPIRICAL,,,,,False
,,2026_05_DET_ARI,2026,5,2026-10-11T20:25:00+00:00,ARI,00-0033119,J.Brissett,QB,passing_yards,299.5,0.080524,0.919476,532,POSITION_2024_EMPIRICAL,,,,,False
,,2026_05_DET_ARI,2026,5,2026-10-11T20:25:00+00:00,ARI,00-0033119,J.Brissett,QB,rushing_yards,19.5,0.202899,0.797101,481,POSITION_2024_EMPIRICAL,,,,,False
,,2026_05_DET_ARI,2026,5,2026-10-11T20:25:00+00:00,ARI,00-0033119,J.Brissett,QB,rushing_yards,34.5,0.093168,0.906832,481,POSITION_2024_EMPIRICAL,,,,,False
,,2026_05_DET_ARI,2026,5,2026-10-11T20:25:00+00:00,ARI,00-0033119,J.Brissett,QB,rushing_yards,49.5,0.035197,0.964803,481,POSITION_2024_EMPIRICAL,,,,,False
,,2026_05_DET_ARI,2026,5,2026-10-11T20:25:00+00:00,ARI,00-0033119,J.Brissett,QB,rushing_yards,64.5,0.01,0.99,481,POSITION_2024_EMPIRICAL,,,,,False
,,2026_05_DET_ARI,2026,5,2026-10-11T20:25:00+00:00,ARI,00-0033119,J.Brissett,QB,rushing_yards,79.5,0.01,0.99,481,POSITION_2024_EMPIRICAL,,,,,False
,,2026_05_DET_ARI,2026,5,2026-10-11T20:25:00+00:00,ARI,00-0033119,J.Brissett,QB,rushing_yards,99.5,0.01,0.99,481,POSITION_2024_EMPIRICAL,,,,,False
,,2026_05_DET_ARI,2026,5,2026-10-11T20:25:00+00:00,ARI,00-0033119,J.Brissett,QB,rushing_yards,124.5,0.01,0.99,481,POSITION_2024_EMPIRICAL,,,,,False
,,2026_05_DET_ARI,2026,5,2026-10-11T20:25:00+00:00,ARI,00-0033307,K.Bourne,WR,receiving_yards,24.5,0.613319,0.386681,1860,POSITION_2024_EMPIRICAL,,,,,False
,,2026_05_DET_ARI,2026,5,2026-10-11T20:25:00+00:00,ARI,00-0033307,K.Bourne,WR,receiving_yards,39.5,0.332438,0.667562,1860,POSITION_2024_EMPIRICAL,,,,,False
,,2026_05_DET_ARI,2026,5,2026-10-11T20:25:00+00:00,ARI,00-0033307,K.Bourne,WR,receiving_yards,49.5,0.221805,0.778195,1860,POSITION_2024_EMPIRICAL,,,,,False
,,2026_05_DET_ARI,2026,5,2026-10-11T20:25:00+00:00,ARI,00-0033307,K.Bourne,WR,receiving_yards,64.5,0.122449,0.877551,1860,POSITION_2024_EMPIRICAL,,,,,False
,,2026_05_DET_ARI,2026,5,2026-10-11T20:25:00+00:00,ARI,00-0033307,K.Bourne,WR,receiving_yards,79.5,0.061762,0.938238,1860,POSITION_2024_EMPIRICAL,,,,,False
,,2026_05_DET_ARI,2026,5,2026-10-11T20:25:00+00:00,ARI,00-0033307,K.Bourne,WR,receiving_yards,99.5,0.026853,0.973147,1860,POSITION_2024_EMPIRICAL,,,,,False
,,2026_05_DET_ARI,2026,5,2026-10-11T20:25:00+00:00,ARI,00-0033307,K.Bourne,WR,receiving_yards,124.5,0.012352,0.987648,1860,POSITION_2024_EMPIRICAL,,,,,False
,,2026_05_DET_ARI,2026,5,2026-10-11T20:25:00+00:00,ARI,00-0033307,K.Bourne,WR,receptions,1.5,0.843148,0.156852,1866,POSITION_2024_EMPIRICAL,,,,,False
,,2026_05_DET_ARI,2026,5,2026-10-11T20:25:00+00:00,ARI,00-0033307,K.Bourne,WR,receptions,2.5,0.722698,0.277302,1866,POSITION_2024_EMPIRICAL,,,,,False
,,2026_05_DET_ARI,2026,5,2026-10-11T20:25:00+00:00,ARI,00-0033307,K.Bourne,WR,receptions,3.5,0.486617,0.513383,1866,POSITION_2024_EMPIRICAL,,,,,False
,,2026_05_DET_ARI,2026,5,2026-10-11T20:25:00+00:00,ARI,00-0033307,K.Bourne,WR,receptions,4.5,0.312634,0.687366,1866,POSITION_2024_EMPIRICAL,,,,,False
,,2026_05_DET_ARI,2026,5,2026-10-11T20:25:00+00:00,ARI,00-0033307,K.Bourne,WR,receptions,5.5,0.195931,0.804069,1866,POSITION_2024_EMPIRICAL,,,,,False
,,2026_05_DET_ARI,2026,5,2026-10-11T20:25:00+00:00,ARI,00-0033307,K.Bourne,WR,receptions,6.5,0.124732,0.875268,1866,POSITION_2024_EMPIRICAL,,,,,False
,,2026_05_DET_ARI,2026,5,2026-10-11T20:25:00+00:00,ARI,00-0033307,K.Bourne,WR,receptions,7.5,0.072805,0.927195,1866,POSITION_2024_EMPIRICAL,,,,,False
,,2026_05_DET_ARI,2026,5,2026-10-11T20:25:00+00:00,ARI,00-0037004,H.Long,TE,receiving_yards,24.5,0.127308,0.872692,1027,POSITION_2024_EMPIRICAL,,,,,False
,,2026_05_DET_ARI,2026,5,2026-10-11T20:25:00+00:00,ARI,00-0037004,H.Long,TE,receiving_yards,39.5,0.058309,0.941691,1027,POSITION_2024_EMPIRICAL,,,,,False
,,2026_05_DET_ARI,2026,5,2026-10-11T20:25:00+00:00,ARI,00-0037004,H.Long,TE,receiving_yards,49.5,0.023324,0.976676,1027,POSITION_2024_EMPIRICAL,,,,,False
,,2026_05_DET_ARI,2026,5,2026-10-11T20:25:00+00:00,ARI,00-0037004,H.Long,TE,receiving_yards,64.5,0.01069,0.98931,1027,POSITION_2024_EMPIRICAL,,,,,False
,,2026_05_DET_ARI,2026,5,2026-10-11T20:25:00+00:00,ARI,00-0037004,H.Long,TE,receiving_yards,79.5,0.01,0.99,1027,POSITION_2024_EMPIRICAL,,,,,False
,,2026_05_DET_ARI,2026,5,2026-10-11T20:25:00+00:00,ARI,00-0037004,H.Long,TE,receiving_yards,99.5,0.01,0.99,1027,POSITION_2024_EMPIRICAL,,,,,False
,,2026_05_DET_ARI,2026,5,2026-10-11T20:25:00+00:00,ARI,00-0037004,H.Long,TE,receiving_yards,124.5,0.01,0.99,1027,POSITION_2024_EMPIRICAL,,,,,False
,,2026_05_DET_ARI,2026,5,2026-10-11T20:25:00+00:00,ARI,00-0037004,H.Long,TE,receptions,1.5,0.192047,0.807953,1029,POSITION_2024_EMPIRICAL,,,,,False
,,2026_05_DET_ARI,2026,5,2026-10-11T20:25:00+00:00,ARI,00-0037004,H.Long,TE,receptions,2.5,0.095053,0.904947,1029,POSITION_2024_EMPIRICAL,,,,,False
,,2026_05_DET_ARI,2026,5,2026-10-11T20:25:00+00:00,ARI,00-0037004,H.Long,TE,receptions,3.5,0.048497,0.951503,1029,POSITION_2024_EMPIRICAL,,,,,False
,,2026_05_DET_ARI,2026,5,2026-10-11T20:25:00+00:00,ARI,00-0037004,H.Long,TE,receptions,4.5,0.020369,0.979631,1029,POSITION_2024_EMPIRICAL,,,,,False
,,2026_05_DET_ARI,2026,5,2026-10-11T20:25:00+00:00,ARI,00-0037004,H.Long,TE,receptions,5.5,0.01,0.99,1029,POSITION_2024_EMPIRICAL,,,,,False
,,2026_05_DET_ARI,2026,5,2026-10-11T20:25:00+00:00,ARI,00-0037004,H.Long,TE,receptions,6.5,0.01,0.99,1029,POSITION_2024_EMPIRICAL,,,,,False
,,2026_05_DET_ARI,2026,5,2026-10-11T20:25:00+00:00,ARI,00-0037004,H.Long,TE,receptions,7.5,0.01,0.99,1029,POSITION_2024_EMPIRICAL,,,,,False
,,2026_05_DET_ARI,2026,5,2026-10-11T20:25:00+00:00,ARI,00-0037263,T.Allgeier,RB,receiving_yards,24.5,0.105114,0.894886,1054,POSITION_2024_EMPIRICAL,,,,,False
,,2026_05_DET_ARI,2026,5,2026-10-11T20:25:00+00:00,ARI,00-0037263,T.Allgeier,RB,receiving_yards,39.5,0.042614,0.957386,1054,POSITION_2024_EMPIRICAL,,,,,False
,,2026_05_DET_ARI,2026,5,2026-10-11T20:25:00+00:00,ARI,00-0037263,T.Allgeier,RB,receiving_yards,49.5,0.027462,0.972538,1054,POSITION_2024_EMPIRICAL,,,,,False
,,2026_05_DET_ARI,2026,5,2026-10-11T20:25:00+00:00,ARI,00-0037263,T.Allgeier,RB,receiving_yards,64.5,0.01,0.99,1054,POSITION_2024_EMPIRICAL,,,,,False
,,2026_05_DET_ARI,2026,5,2026-10-11T20:25:00+00:00,ARI,00-0037263,T.Allgeier,RB,receiving_yards,79.5,0.01,0.99,1054,POSITION_2024_EMPIRICAL,,,,,False
,,2026_05_DET_ARI,2026,5,2026-10-11T20:25:00+00:00,ARI,00-0037263,T.Allgeier,RB,receiving_yards,99.5,0.01,0.99,1054,POSITION_2024_EMPIRICAL,,,,,False
,,2026_05_DET_ARI,2026,5,2026-10-11T20:25:00+00:00,ARI,00-0037263,T.Allgeier,RB,receiving_yards,124.5,0.01,0.99,1054,POSITION_2024_EMPIRICAL,,,,,False
,,2026_05_DET_ARI,2026,5,2026-10-11T20:25:00+00:00,ARI,00-0037263,T.Allgeier,RB,receptions,1.5,0.695933,0.304067,1080,POSITION_2024_EMPIRICAL,,,,,False
,,2026_05_DET_ARI,2026,5,2026-10-11T20:25:00+00:00,ARI,00-0037263,T.Allgeier,RB,receptions,2.5,0.330869,0.669131,1080,POSITION_2024_EMPIRICAL,,,,,False
,,2026_05_DET_ARI,2026,5,2026-10-11T20:25:00+00:00,ARI,00-0037263,T.Allgeier,RB,receptions,3.5,0.17098,0.82902,1080,POSITION_2024_EMPIRICAL,,,,,False
,,2026_05_DET_ARI,2026,5,2026-10-11T20:25:00+00:00,ARI,00-0037263,T.Allgeier,RB,receptions,4.5,0.080407,0.919593,1080,POSITION_2024_EMPIRICAL,,,,,False
,,2026_05_DET_ARI,2026,5,2026-10-11T20:25:00+00:00,ARI,00-0037263,T.Allgeier,RB,receptions,5.5,0.027726,0.972274,1080,POSITION_2024_EMPIRICAL,,,,,False
,,2026_05_DET_ARI,2026,5,2026-10-11T20:25:00+00:00,ARI,00-0037263,T.Allgeier,RB,receptions,6.5,0.015712,0.984288,1080,POSITION_2024_EMPIRICAL,,,,,False
,,2026_05_DET_ARI,2026,5,2026-10-11T20:25:00+00:00,ARI,00-0037263,T.Allgeier,RB,receptions,7.5,0.01,0.99,1080,POSITION_2024_EMPIRICAL,,,,,False
,,2026_05_DET_ARI,2026,5,2026-10-11T20:25:00+00:00,ARI,00-0037263,T.Allgeier,RB,rushing_yards,19.5,0.583612,0.416388,1194,POSITION_2024_EMPIRICAL,,,,,False
,,2026_05_DET_ARI,2026,5,2026-10-11T20:25:00+00:00,ARI,00-0037263,T.Allgeier,RB,rushing_yards,34.5,0.263378,0.736622,1194,POSITION_2024_EMPIRICAL,,,,,False
,,2026_05_DET_ARI,2026,5,2026-10-11T20:25:00+00:00,ARI,00-0037263,T.Allgeier,RB,rushing_yards,49.5,0.125418,0.874582,1194,POSITION_2024_EMPIRICAL,,,,,False
,,2026_05_DET_ARI,2026,5,2026-10-11T20:25:00+00:00,ARI,00-0037263,T.Allgeier,RB,rushing_yards,64.5,0.052676,0.947324,1194,POSITION_2024_EMPIRICAL,,,,,False
,,2026_05_DET_ARI,2026,5,2026-10-11T20:25:00+00:00,ARI,00-0037263,T.Allgeier,RB,rushing_yards,79.5,0.022575,0.977425,1194,POSITION_2024_EMPIRICAL,,,,,False
,,2026_05_DET_ARI,2026,5,2026-10-11T20:25:00+00:00,ARI,00-0037263,T.Allgeier,RB,rushing_yards,99.5,0.01,0.99,1194,POSITION_2024_EMPIRICAL,,,,,False
,,2026_05_DET_ARI,2026,5,2026-10-11T20:25:00+00:00,ARI,00-0037263,T.Allgeier,RB,rushing_yards,124.5,0.01,0.99,1194,POSITION_2024_EMPIRICAL,,,,,False
,,2026_05_DET_ARI,2026,5,2026-10-11T20:25:00+00:00,ARI,00-0037744,T.McBride,TE,receiving_yards,24.5,0.876579,0.123421,1027,POSITION_2024_EMPIRICAL,,,,,False
,,2026_05_DET_ARI,2026,5,2026-10-11T20:25:00+00:00,ARI,00-0037744,T.McBride,TE,receiving_yards,39.5,0.737609,0.262391,1027,POSITION_2024_EMPIRICAL,,,,,False
,,2026_05_DET_ARI,2026,5,2026-10-11T20:25:00+00:00,ARI,00-0037744,T.McBride,TE,receiving_yards,49.5,0.565598,0.434402,1027,POSITION_2024_EMPIRICAL,,,,,False
,,2026_05_DET_ARI,2026,5,2026-10-11T20:25:00+00:00,ARI,00-0037744,T.McBride,TE,receiving_yards,64.5,0.317784,0.682216,1027,POSITION_2024_EMPIRICAL,,,,,False
,,2026_05_DET_ARI,2026,5,2026-10-11T20:25:00+00:00,ARI,00-0037744,T.McBride,TE,receiving_yards,79.5,0.22449,0.77551,1027,POSITION_2024_EMPIRICAL,,,,,False
,,2026_05_DET_ARI,2026,5,2026-10-11T20:25:00+00:00,ARI,00-0037744,T.McBride,TE,receiving_yards,99.5,0.118562,0.881438,1027,POSITION_2024_EMPIRICAL,,,,,False
,,2026_05_DET_ARI,2026,5,2026-10-11T20:25:00+00:00,ARI,00-0037744,T.McBride,TE,receiving_yards,124.5,0.051506,0.948494,1027,POSITION_2024_EMPIRICAL,,,,,False
,,2026_05_DET_ARI,2026,5,2026-10-11T20:25:00+00:00,ARI,00-0037744,T.McBride,TE,receptions,1.5,0.941804,0.058196,1029,POSITION_2024_EMPIRICAL,,,,,False
,,2026_05_DET_ARI,2026,5,2026-10-11T20:25:00+00:00,ARI,00-0037744,T.McBride,TE,receptions,2.5,0.912706,0.087294,1029,POSITION_2024_EMPIRICAL,,,,,False
,,2026_05_DET_ARI,2026,5,2026-10-11T20:25:00+00:00,ARI,00-0037744,T.McBride,TE,receptions,3.5,0.877789,0.122211,1029,POSITION_2024_EMPIRICAL,,,,,False
,,2026_05_DET_ARI,2026,5,2026-10-11T20:25:00+00:00,ARI,00-0037744,T.McBride,TE,receptions,4.5,0.813773,0.186227,1029,POSITION_2024_EMPIRICAL,,,,,False
,,2026_05_DET_ARI,2026,5,2026-10-11T20:25:00+00:00,ARI,00-0037744,T.McBride,TE,receptions,5.5,0.731329,0.268671,1029,POSITION_2024_EMPIRICAL,,,,,False
,,2026_05_DET_ARI,2026,5,2026-10-11T20:25:00+00:00,ARI,00-0037744,T.McBride,TE,receptions,6.5,0.56644,0.43356,1029,POSITION_2024_EMPIRICAL,,,,,False
,,2026_05_DET_ARI,2026,5,2026-10-11T20:25:00+00:00,ARI,00-0037744,T.McBride,TE,receptions,7.5,0.449079,0.550921,1029,POSITION_2024_EMPIRICAL,,,,,False
,,2026_05_DET_ARI,2026,5,2026-10-11T20:25:00+00:00,ARI,00-0038559,Mi.Wilson,WR,receiving_yards,24.5,0.824919,0.175081,1860,POSITION_2024_EMPIRICAL,,,,,False
,,2026_05_DET_ARI,2026,5,2026-10-11T20:25:00+00:00,ARI,00-0038559,Mi.Wilson,WR,receiving_yards,39.5,0.684748,0.315252,1860,POSITION_2024_EMPIRICAL,,,,,False
,,2026_05_DET_ARI,2026,5,2026-10-11T20:25:00+00:00,ARI,00-0038559,Mi.Wilson,WR,receiving_yards,49.5,0.567132,0.432868,1860,POSITION_2024_EMPIRICAL,,,,,False
,,2026_05_DET_ARI,2026,5,2026-10-11T20:25:00+00:00,ARI,00-0038559,Mi.Wilson,WR,receiving_yards,64.5,0.367884,0.632116,1860,POSITION_2024_EMPIRICAL,,,,,False
,,2026_05_DET_ARI,2026,5,2026-10-11T20:25:00+00:00,ARI,00-0038559,Mi.Wilson,WR,receiving_yards,79.5,0.259398,0.740602,1860,POSITION_2024_EMPIRICAL,,,,,False
,,2026_05_DET_ARI,2026,5,2026-10-11T20:25:00+00:00,ARI,00-0038559,Mi.Wilson,WR,receiving_yards,99.5,0.153061,0.846939,1860,POSITION_2024_EMPIRICAL,,,,,False
,,2026_05_DET_ARI,2026,5,2026-10-11T20:25:00+00:00,ARI,00-0038559,Mi.Wilson,WR,receiving_yards,124.5,0.08217,0.91783,1860,POSITION_2024_EMPIRICAL,,,,,False
,,2026_05_DET_ARI,2026,5,2026-10-11T20:25:00+00:00,ARI,00-0038559,Mi.Wilson,WR,receptions,1.5,0.907923,0.092077,1866,POSITION_2024_EMPIRICAL,,,,,False
,,2026_05_DET_ARI,2026,5,2026-10-11T20:25:00+00:00,ARI,00-0038559,Mi.Wilson,WR,receptions,2.5,0.852784,0.147216,1866,POSITION_2024_EMPIRICAL,,,,,False
,,2026_05_DET_ARI,2026,5,2026-10-11T20:25:00+00:00,ARI,00-0038559,Mi.Wilson,WR,receptions,3.5,0.766595,0.233405,1866,POSITION_2024_EMPIRICAL,,,,,False
,,2026_05_DET_ARI,2026,5,2026-10-11T20:25:00+00:00,ARI,00-0038559,Mi.Wilson,WR,receptions,4.5,0.655782,0.344218,1866,POSITION_2024_EMPIRICAL,,,,,False
,,2026_05_DET_ARI,2026,5,2026-10-11T20:25:00+00:00,ARI,00-0038559,Mi.Wilson,WR,receptions,5.5,0.487152,0.512848,1866,POSITION_2024_EMPIRICAL,,,,,False
,,2026_05_DET_ARI,2026,5,2026-10-11T20:25:00+00:00,ARI,00-0038559,Mi.Wilson,WR,receptions,6.5,0.358137,0.641863,1866,POSITION_2024_EMPIRICAL,,,,,False
,,2026_05_DET_ARI,2026,5,2026-10-11T20:25:00+00:00,ARI,00-0038559,Mi.Wilson,WR,receptions,7.5,0.269272,0.730728,1866,POSITION_2024_EMPIRICAL,,,,,False
,,2026_05_DET_ARI,2026,5,2026-10-11T20:25:00+00:00,ARI,00-0039041,E.Higgins,TE,receiving_yards,24.5,0.215743,0.784257,1027,POSITION_2024_EMPIRICAL,,,,,False
,,2026_05_DET_ARI,2026,5,2026-10-11T20:25:00+00:00,ARI,00-0039041,E.Higgins,TE,receiving_yards,39.5,0.091351,0.908649,1027,POSITION_2024_EMPIRICAL,,,,,False
,,2026_05_DET_ARI,2026,5,2026-10-11T20:25:00+00:00,ARI,00-0039041,E.Higgins,TE,receiving_yards,49.5,0.049563,0.950437,1027,POSITION_2024_EMPIRICAL,,,,,False
,,2026_05_DET_ARI,2026,5,2026-10-11T20:25:00+00:00,ARI,00-0039041,E.Higgins,TE,receiving_yards,64.5,0.016521,0.983479,1027,POSITION_2024_EMPIRICAL,,,,,False
,,2026_05_DET_ARI,2026,5,2026-10-11T20:25:00+00:00,ARI,00-0039041,E.Higgins,TE,receiving_yards,79.5,0.01,0.99,1027,POSITION_2024_EMPIRICAL,,,,,False
,,2026_05_DET_ARI,2026,5,2026-10-11T20:25:00+00:00,ARI,00-0039041,E.Higgins,TE,receiving_yards,99.5,0.01,0.99,1027,POSITION_2024_EMPIRICAL,,,,,False
,,2026_05_DET_ARI,2026,5,2026-10-11T20:25:00+00:00,ARI,00-0039041,E.Higgins,TE,receiving_yards,124.5,0.01,0.99,1027,POSITION_2024_EMPIRICAL,,,,,False
,,2026_05_DET_ARI,2026,5,2026-10-11T20:25:00+00:00,ARI,00-0039041,E.Higgins,TE,receptions,1.5,0.419981,0.580019,1029,POSITION_2024_EMPIRICAL,,,,,False
,,2026_05_DET_ARI,2026,5,2026-10-11T20:25:00+00:00,ARI,00-0039041,E.Higgins,TE,receptions,2.5,0.213385,0.786615,1029,POSITION_2024_EMPIRICAL,,,,,False
,,2026_05_DET_ARI,2026,5,2026-10-11T20:25:00+00:00,ARI,00-0039041,E.Higgins,TE,receptions,3.5,0.109602,0.890398,1029,POSITION_2024_EMPIRICAL,,,,,False
,,2026_05_DET_ARI,2026,5,2026-10-11T20:25:00+00:00,ARI,00-0039041,E.Higgins,TE,receptions,4.5,0.056256,0.943744,1029,POSITION_2024_EMPIRICAL,,,,,False
,,2026_05_DET_ARI,2026,5,2026-10-11T20:25:00+00:00,ARI,00-0039041,E.Higgins,TE,receptions,5.5,0.024248,0.975752,1029,POSITION_2024_EMPIRICAL,,,,,False
,,2026_05_DET_ARI,2026,5,2026-10-11T20:25:00+00:00,ARI,00-0039041,E.Higgins,TE,receptions,6.5,0.01,0.99,1029,POSITION_2024_EMPIRICAL,,,,,False
,,2026_05_DET_ARI,2026,5,2026-10-11T20:25:00+00:00,ARI,00-0039041,E.Higgins,TE,receptions,7.5,0.01,0.99,1029,POSITION_2024_EMPIRICAL,,,,,False
,,2026_05_DET_ARI,2026,5,2026-10-11T20:25:00+00:00,ARI,00-0039849,M.Harrison,WR,receiving_yards,24.5,0.327605,0.672395,1860,POSITION_2024_EMPIRICAL,,,,,False
,,2026_05_DET_ARI,2026,5,2026-10-11T20:25:00+00:00,ARI,00-0039849,M.Harrison,WR,receiving_yards,39.5,0.156821,0.843179,1860,POSITION_2024_EMPIRICAL,,,,,False
,,2026_05_DET_ARI,2026,5,2026-10-11T20:25:00+00:00,ARI,00-0039849,M.Harrison,WR,receiving_yards,49.5,0.102578,0.897422,1860,POSITION_2024_EMPIRICAL,,,,,False
,,2026_05_DET_ARI,2026,5,2026-10-11T20:25:00+00:00,ARI,00-0039849,M.Harrison,WR,receiving_yards,64.5,0.047798,0.952202,1860,POSITION_2024_EMPIRICAL,,,,,False
,,2026_05_DET_ARI,2026,5,2026-10-11T20:25:00+00:00,ARI,00-0039849,M.Harrison,WR,receiving_yards,79.5,0.022556,0.977444,1860,POSITION_2024_EMPIRICAL,,,,,False
,,2026_05_DET_ARI,2026,5,2026-10-11T20:25:00+00:00,ARI,00-0039849,M.Harrison,WR,receiving_yards,99.5,0.011815,0.988185,1860,POSITION_2024_EMPIRICAL,,,,,False
,,2026_05_DET_ARI,2026,5,2026-10-11T20:25:00+00:00,ARI,00-0039849,M.Harrison,WR,receiving_yards,124.5,0.01,0.99,1860,POSITION_2024_EMPIRICAL,,,,,False
,,2026_05_DET_ARI,2026,5,2026-10-11T20:25:00+00:00,ARI,00-0039849,M.Harrison,WR,receptions,1.5,0.325482,0.674518,1866,POSITION_2024_EMPIRICAL,,,,,False
,,2026_05_DET_ARI,2026,5,2026-10-11T20:25:00+00:00,ARI,00-0039849,M.Harrison,WR,receptions,2.5,0.171306,0.828694,1866,POSITION_2024_EMPIRICAL,,,,,False
,,2026_05_DET_ARI,2026,5,2026-10-11T20:25:00+00:00,ARI,00-0039849,M.Harrison,WR,receptions,3.5,0.08137,0.91863,1866,POSITION_2024_EMPIRICAL,,,,,False
,,2026_05_DET_ARI,2026,5,2026-10-11T20:25:00+00:00,ARI,00-0039849,M.Harrison,WR,receptions,4.5,0.035867,0.964133,1866,POSITION_2024_EMPIRICAL,,,,,False
,,2026_05_DET_ARI,2026,5,2026-10-11T20:25:00+00:00,ARI,00-0039849,M.Harrison,WR,receptions,5.5,0.011777,0.988223,1866,POSITION_2024_EMPIRICAL,,,,,False
,,2026_05_DET_ARI,2026,5,2026-10-11T20:25:00+00:00,ARI,00-0039849,M.Harrison,WR,receptions,6.5,0.01,0.99,1866,POSITION_2024_EMPIRICAL,,,,,False
,,2026_05_DET_ARI,2026,5,2026-10-11T20:25:00+00:00,ARI,00-0039849,M.Harrison,WR,receptions,7.5,0.01,0.99,1866,POSITION_2024_EMPIRICAL,,,,,False
,,2026_05_DET_ARI,2026,5,2026-10-11T20:25:00+00:00,ARI,00-0041027,J.Love,RB,receiving_yards,24.5,0.106061,0.893939,1054,POSITION_2024_EMPIRICAL,,,,,False
,,2026_05_DET_ARI,2026,5,2026-10-11T20:25:00+00:00,ARI,00-0041027,J.Love,RB,receiving_yards,39.5,0.042614,0.957386,1054,POSITION_2024_EMPIRICAL,,,,,False
,,2026_05_DET_ARI,2026,5,2026-10-11T20:25:00+00:00,ARI,00-0041027,J.Love,RB,receiving_yards,49.5,0.027462,0.972538,1054,POSITION_2024_EMPIRICAL,,,,,False
,,2026_05_DET_ARI,2026,5,2026-10-11T20:25:00+00:00,ARI,00-0041027,J.Love,RB,receiving_yards,64.5,0.01,0.99,1054,POSITION_2024_EMPIRICAL,,,,,False
,,2026_05_DET_ARI,2026,5,2026-10-11T20:25:00+00:00,ARI,00-0041027,J.Love,RB,receiving_yards,79.5,0.01,0.99,1054,POSITION_2024_EMPIRICAL,,,,,False
,,2026_05_DET_ARI,2026,5,2026-10-11T20:25:00+00:00,ARI,00-0041027,J.Love,RB,receiving_yards,99.5,0.01,0.99,1054,POSITION_2024_EMPIRICAL,,,,,False
,,2026_05_DET_ARI,2026,5,2026-10-11T20:25:00+00:00,ARI,00-0041027,J.Love,RB,receiving_yards,124.5,0.01,0.99,1054,POSITION_2024_EMPIRICAL,,,,,False
,,2026_05_DET_ARI,2026,5,2026-10-11T20:25:00+00:00,ARI,00-0041027,J.Love,RB,receptions,1.5,0.770795,0.229205,1080,POSITION_2024_EMPIRICAL,,,,,False
,,2026_05_DET_ARI,2026,5,2026-10-11T20:25:00+00:00,ARI,00-0041027,J.Love,RB,receptions,2.5,0.407579,0.592421,1080,POSITION_2024_EMPIRICAL,,,,,False
,,2026_05_DET_ARI,2026,5,2026-10-11T20:25:00+00:00,ARI,00-0041027,J.Love,RB,receptions,3.5,0.225508,0.774492,1080,POSITION_2024_EMPIRICAL,,,,,False
,,2026_05_DET_ARI,2026,5,2026-10-11T20:25:00+00:00,ARI,00-0041027,J.Love,RB,receptions,4.5,0.101664,0.898336,1080,POSITION_2024_EMPIRICAL,,,,,False
,,2026_05_DET_ARI,2026,5,2026-10-11T20:25:00+00:00,ARI,00-0041027,J.Love,RB,receptions,5.5,0.051756,0.948244,1080,POSITION_2024_EMPIRICAL,,,,,False
,,2026_05_DET_ARI,2026,5,2026-10-11T20:25:00+00:00,ARI,00-0041027,J.Love,RB,receptions,6.5,0.020333,0.979667,1080,POSITION_2024_EMPIRICAL,,,,,False
,,2026_05_DET_ARI,2026,5,2026-10-11T20:25:00+00:00,ARI,00-0041027,J.Love,RB,receptions,7.5,0.012015,0.987985,1080,POSITION_2024_EMPIRICAL,,,,,False
,,2026_05_DET_ARI,2026,5,2026-10-11T20:25:00+00:00,ARI,00-0041027,J.Love,RB,rushing_yards,19.5,0.844482,0.155518,1194,POSITION_2024_EMPIRICAL,,,,,False
,,2026_05_DET_ARI,2026,5,2026-10-11T20:25:00+00:00,ARI,00-0041027,J.Love,RB,rushing_yards,34.5,0.683946,0.316054,1194,POSITION_2024_EMPIRICAL,,,,,False
,,2026_05_DET_ARI,2026,5,2026-10-11T20:25:00+00:00,ARI,00-0041027,J.Love,RB,rushing_yards,49.5,0.458194,0.541806,1194,POSITION_2024_EMPIRICAL,,,,,False
,,2026_05_DET_ARI,2026,5,2026-10-11T20:25:00+00:00,ARI,00-0041027,J.Love,RB,rushing_yards,64.5,0.285117,0.714883,1194,POSITION_2024_EMPIRICAL,,,,,False
,,2026_05_DET_ARI,2026,5,2026-10-11T20:25:00+00:00,ARI,00-0041027,J.Love,RB,rushing_yards,79.5,0.182274,0.817726,1194,POSITION_2024_EMPIRICAL,,,,,False
,,2026_05_DET_ARI,2026,5,2026-10-11T20:25:00+00:00,ARI,00-0041027,J.Love,RB,rushing_yards,99.5,0.091973,0.908027,1194,POSITION_2024_EMPIRICAL,,,,,False
,,2026_05_DET_ARI,2026,5,2026-10-11T20:25:00+00:00,ARI,00-0041027,J.Love,RB,rushing_yards,124.5,0.039298,0.960702,1194,POSITION_2024_EMPIRICAL,,,,,False
,,2026_05_DET_ARI,2026,5,2026-10-11T20:25:00+00:00,DET,00-0033106,J.Goff,QB,passing_yards,149.5,0.808989,0.191011,532,POSITION_2024_EMPIRICAL,,,,,False
,,2026_05_DET_ARI,2026,5,2026-10-11T20:25:00+00:00,DET,00-0033106,J.Goff,QB,passing_yards,174.5,0.790262,0.209738,532,POSITION_2024_EMPIRICAL,,,,,False
,,2026_05_DET_ARI,2026,5,2026-10-11T20:25:00+00:00,DET,00-0033106,J.Goff,QB,passing_yards,199.5,0.754682,0.245318,532,POSITION_2024_EMPIRICAL,,,,,False
,,2026_05_DET_ARI,2026,5,2026-10-11T20:25:00+00:00,DET,00-0033106,J.Goff,QB,passing_yards,224.5,0.709738,0.290262,532,POSITION_2024_EMPIRICAL,,,,,False
,,2026_05_DET_ARI,2026,5,2026-10-11T20:25:00+00:00,DET,00-0033106,J.Goff,QB,passing_yards,249.5,0.662921,0.337079,532,POSITION_2024_EMPIRICAL,,,,,False
,,2026_05_DET_ARI,2026,5,2026-10-11T20:25:00+00:00,DET,00-0033106,J.Goff,QB,passing_yards,274.5,0.614232,0.385768,532,POSITION_2024_EMPIRICAL,,,,,False
,,2026_05_DET_ARI,2026,5,2026-10-11T20:25:00+00:00,DET,00-0033106,J.Goff,QB,passing_yards,299.5,0.548689,0.451311,532,POSITION_2024_EMPIRICAL,,,,,False
,,2026_05_DET_ARI,2026,5,2026-10-11T20:25:00+00:00,DET,00-0033106,J.Goff,QB,rushing_yards,19.5,0.146998,0.853002,481,POSITION_2024_EMPIRICAL,,,,,False
,,2026_05_DET_ARI,2026,5,2026-10-11T20:25:00+00:00,DET,00-0033106,J.Goff,QB,rushing_yards,34.5,0.057971,0.942029,481,POSITION_2024_EMPIRICAL,,,,,False
,,2026_05_DET_ARI,2026,5,2026-10-11T20:25:00+00:00,DET,00-0033106,J.Goff,QB,rushing_yards,49.5,0.020704,0.979296,481,POSITION_2024_EMPIRICAL,,,,,False
,,2026_05_DET_ARI,2026,5,2026-10-11T20:25:00+00:00,DET,00-0033106,J.Goff,QB,rushing_yards,64.5,0.01,0.99,481,POSITION_2024_EMPIRICAL,,,,,False
,,2026_05_DET_ARI,2026,5,2026-10-11T20:25:00+00:00,DET,00-0033106,J.Goff,QB,rushing_yards,79.5,0.01,0.99,481,POSITION_2024_EMPIRICAL,,,,,False
,,2026_05_DET_ARI,2026,5,2026-10-11T20:25:00+00:00,DET,00-0033106,J.Goff,QB,rushing_yards,99.5,0.01,0.99,481,POSITION_2024_EMPIRICAL,,,,,False
,,2026_05_DET_ARI,2026,5,2026-10-11T20:25:00+00:00,DET,00-0033106,J.Goff,QB,rushing_yards,124.5,0.01,0.99,481,POSITION_2024_EMPIRICAL,,,,,False
,,2026_05_DET_ARI,2026,5,2026-10-11T20:25:00+00:00,DET,00-0036754,B.Wright,TE,receiving_yards,24.5,0.131195,0.868805,1027,POSITION_2024_EMPIRICAL,,,,,False
,,2026_05_DET_ARI,2026,5,2026-10-11T20:25:00+00:00,DET,00-0036754,B.Wright,TE,receiving_yards,39.5,0.06414,0.93586,1027,POSITION_2024_EMPIRICAL,,,,,False
,,2026_05_DET_ARI,2026,5,2026-10-11T20:25:00+00:00,DET,00-0036754,B.Wright,TE,receiving_yards,49.5,0.027211,0.972789,1027,POSITION_2024_EMPIRICAL,,,,,False
,,2026_05_DET_ARI,2026,5,2026-10-11T20:25:00+00:00,DET,00-0036754,B.Wright,TE,receiving_yards,64.5,0.01069,0.98931,1027,POSITION_2024_EMPIRICAL,,,,,False
,,2026_05_DET_ARI,2026,5,2026-10-11T20:25:00+00:00,DET,00-0036754,B.Wright,TE,receiving_yards,79.5,0.01,0.99,1027,POSITION_2024_EMPIRICAL,,,,,False
,,2026_05_DET_ARI,2026,5,2026-10-11T20:25:00+00:00,DET,00-0036754,B.Wright,TE,receiving_yards,99.5,0.01,0.99,1027,POSITION_2024_EMPIRICAL,,,,,False
,,2026_05_DET_ARI,2026,5,2026-10-11T20:25:00+00:00,DET,00-0036754,B.Wright,TE,receiving_yards,124.5,0.01,0.99,1027,POSITION_2024_EMPIRICAL,,,,,False
,,2026_05_DET_ARI,2026,5,2026-10-11T20:25:00+00:00,DET,00-0036754,B.Wright,TE,receptions,1.5,0.266731,0.733269,1029,POSITION_2024_EMPIRICAL,,,,,False
,,2026_05_DET_ARI,2026,5,2026-10-11T20:25:00+00:00,DET,00-0036754,B.Wright,TE,receptions,2.5,0.13676,0.86324,1029,POSITION_2024_EMPIRICAL,,,,,False
,,2026_05_DET_ARI,2026,5,2026-10-11T20:25:00+00:00,DET,00-0036754,B.Wright,TE,receptions,3.5,0.071775,0.928225,1029,POSITION_2024_EMPIRICAL,,,,,False
,,2026_05_DET_ARI,2026,5,2026-10-11T20:25:00+00:00,DET,00-0036754,B.Wright,TE,receptions,4.5,0.032978,0.967022,1029,POSITION_2024_EMPIRICAL,,,,,False
,,2026_05_DET_ARI,2026,5,2026-10-11T20:25:00+00:00,DET,00-0036754,B.Wright,TE,receptions,5.5,0.015519,0.984481,1029,POSITION_2024_EMPIRICAL,,,,,False
,,2026_05_DET_ARI,2026,5,2026-10-11T20:25:00+00:00,DET,00-0036754,B.Wright,TE,receptions,6.5,0.01,0.99,1029,POSITION_2024_EMPIRICAL,,,,,False
,,2026_05_DET_ARI,2026,5,2026-10-11T20:25:00+00:00,DET,00-0036754,B.Wright,TE,receptions,7.5,0.01,0.99,1029,POSITION_2024_EMPIRICAL,,,,,False
,,2026_05_DET_ARI,2026,5,2026-10-11T20:25:00+00:00,DET,00-0036963,A.St. Brown,WR,receiving_yards,24.5,0.861976,0.138024,1860,POSITION_2024_EMPIRICAL,,,,,False
,,2026_05_DET_ARI,2026,5,2026-10-11T20:25:00+00:00,DET,00-0036963,A.St. Brown,WR,receiving_yards,39.5,0.74812,0.25188,1860,POSITION_2024_EMPIRICAL,,,,,False
,,2026_05_DET_ARI,2026,5,2026-10-11T20:25:00+00:00,DET,00-0036963,A.St. Brown,WR,receiving_yards,49.5,0.663802,0.336198,1860,POSITION_2024_EMPIRICAL,,,,,False
,,2026_05_DET_ARI,2026,5,2026-10-11T20:25:00+00:00,DET,00-0036963,A.St. Brown,WR,receiving_yards,64.5,0.493555,0.506445,1860,POSITION_2024_EMPIRICAL,,,,,False
,,2026_05_DET_ARI,2026,5,2026-10-11T20:25:00+00:00,DET,00-0036963,A.St. Brown,WR,receiving_yards,79.5,0.350161,0.649839,1860,POSITION_2024_EMPIRICAL,,,,,False
,,2026_05_DET_ARI,2026,5,2026-10-11T20:25:00+00:00,DET,00-0036963,A.St. Brown,WR,receiving_yards,99.5,0.226638,0.773362,1860,POSITION_2024_EMPIRICAL,,,,,False
,,2026_05_DET_ARI,2026,5,2026-10-11T20:25:00+00:00,DET,00-0036963,A.St. Brown,WR,receiving_yards,124.5,0.131579,0.868421,1860,POSITION_2024_EMPIRICAL,,,,,False
,,2026_05_DET_ARI,2026,5,2026-10-11T20:25:00+00:00,DET,00-0036963,A.St. Brown,WR,receptions,1.5,0.92666,0.07334,1866,POSITION_2024_EMPIRICAL,,,,,False
,,2026_05_DET_ARI,2026,5,2026-10-11T20:25:00+00:00,DET,00-0036963,A.St. Brown,WR,receptions,2.5,0.891863,0.108137,1866,POSITION_2024_EMPIRICAL,,,,,False
,,2026_05_DET_ARI,2026,5,2026-10-11T20:25:00+00:00,DET,00-0036963,A.St. Brown,WR,receptions,3.5,0.829229,0.170771,1866,POSITION_2024_EMPIRICAL,,,,,False
,,2026_05_DET_ARI,2026,5,2026-10-11T20:25:00+00:00,DET,00-0036963,A.St. Brown,WR,receptions,4.5,0.759101,0.240899,1866,POSITION_2024_EMPIRICAL,,,,,False
,,2026_05_DET_ARI,2026,5,2026-10-11T20:25:00+00:00,DET,00-0036963,A.St. Brown,WR,receptions,5.5,0.662206,0.337794,1866,POSITION_2024_EMPIRICAL,,,,,False
,,2026_05_DET_ARI,2026,5,2026-10-11T20:25:00+00:00,DET,00-0036963,A.St. Brown,WR,receptions,6.5,0.523555,0.476445,1866,POSITION_2024_EMPIRICAL,,,,,False
,,2026_05_DET_ARI,2026,5,2026-10-11T20:25:00+00:00,DET,00-0036963,A.St. Brown,WR,receptions,7.5,0.404176,0.595824,1866,POSITION_2024_EMPIRICAL,,,,,False
,,2026_05_DET_ARI,2026,5,2026-10-11T20:25:00+00:00,DET,00-0037240,J.Williams,WR,receiving_yards,24.5,0.792696,0.207304,1860,POSITION_2024_EMPIRICAL,,,,,False
,,2026_05_DET_ARI,2026,5,2026-10-11T20:25:00+00:00,DET,00-0037240,J.Williams,WR,receiving_yards,39.5,0.622986,0.377014,1860,POSITION_2024_EMPIRICAL,,,,,False
,,2026_05_DET_ARI,2026,5,2026-10-11T20:25:00+00:00,DET,00-0037240,J.Williams,WR,receiving_yards,49.5,0.479055,0.520945,1860,POSITION_2024_EMPIRICAL,,,,,False
,,2026_05_DET_ARI,2026,5,2026-10-11T20:25:00+00:00,DET,00-0037240,J.Williams,WR,receiving_yards,64.5,0.311493,0.688507,1860,POSITION_2024_EMPIRICAL,,,,,False
,,2026_05_DET_ARI,2026,5,2026-10-11T20:25:00+00:00,DET,00-0037240,J.Williams,WR,receiving_yards,79.5,0.204619,0.795381,1860,POSITION_2024_EMPIRICAL,,,,,False
,,2026_05_DET_ARI,2026,5,2026-10-11T20:25:00+00:00,DET,00-0037240,J.Williams,WR,receiving_yards,99.5,0.119227,0.880773,1860,POSITION_2024_EMPIRICAL,,,,,False
,,2026_05_DET_ARI,2026,5,2026-10-11T20:25:00+00:00,DET,00-0037240,J.Williams,WR,receiving_yards,124.5,0.056391,0.943609,1860,POSITION_2024_EMPIRICAL,,,,,False
,,2026_05_DET_ARI,2026,5,2026-10-11T20:25:00+00:00,DET,00-0037240,J.Williams,WR,receptions,1.5,0.843148,0.156852,1866,POSITION_2024_EMPIRICAL,,,,,False
,,2026_05_DET_ARI,2026,5,2026-10-11T20:25:00+00:00,DET,00-0037240,J.Williams,WR,receptions,2.5,0.722698,0.277302,1866,POSITION_2024_EMPIRICAL,,,,,False
,,2026_05_DET_ARI,2026,5,2026-10-11T20:25:00+00:00,DET,00-0037240,J.Williams,WR,receptions,3.5,0.486617,0.513383,1866,POSITION_2024_EMPIRICAL,,,,,False
,,2026_05_DET_ARI,2026,5,2026-10-11T20:25:00+00:00,DET,00-0037240,J.Williams,WR,receptions,4.5,0.312634,0.687366,1866,POSITION_2024_EMPIRICAL,,,,,False
,,2026_05_DET_ARI,2026,5,2026-10-11T20:25:00+00:00,DET,00-0037240,J.Williams,WR,receptions,5.5,0.195931,0.804069,1866,POSITION_2024_EMPIRICAL,,,,,False
,,2026_05_DET_ARI,2026,5,2026-10-11T20:25:00+00:00,DET,00-0037240,J.Williams,WR,receptions,6.5,0.124732,0.875268,1866,POSITION_2024_EMPIRICAL,,,,,False
,,2026_05_DET_ARI,2026,5,2026-10-11T20:25:00+00:00,DET,00-0037240,J.Williams,WR,receptions,7.5,0.072805,0.927195,1866,POSITION_2024_EMPIRICAL,,,,,False
,,2026_05_DET_ARI,2026,5,2026-10-11T20:25:00+00:00,DET,00-0039065,S.LaPorta,TE,receiving_yards,24.5,0.863946,0.136054,1027,POSITION_2024_EMPIRICAL,,,,,False
,,2026_05_DET_ARI,2026,5,2026-10-11T20:25:00+00:00,DET,00-0039065,S.LaPorta,TE,receiving_yards,39.5,0.698737,0.301263,1027,POSITION_2024_EMPIRICAL,,,,,False
,,2026_05_DET_ARI,2026,5,2026-10-11T20:25:00+00:00,DET,00-0039065,S.LaPorta,TE,receiving_yards,49.5,0.495627,0.504373,1027,POSITION_2024_EMPIRICAL,,,,,False
,,2026_05_DET_ARI,2026,5,2026-10-11T20:25:00+00:00,DET,00-0039065,S.LaPorta,TE,receiving_yards,64.5,0.292517,0.707483,1027,POSITION_2024_EMPIRICAL,,,,,False
,,2026_05_DET_ARI,2026,5,2026-10-11T20:25:00+00:00,DET,00-0039065,S.LaPorta,TE,receiving_yards,79.5,0.194363,0.805637,1027,POSITION_2024_EMPIRICAL,,,,,False
,,2026_05_DET_ARI,2026,5,2026-10-11T20:25:00+00:00,DET,00-0039065,S.LaPorta,TE,receiving_yards,99.5,0.100097,0.899903,1027,POSITION_2024_EMPIRICAL,,,,,False
,,2026_05_DET_ARI,2026,5,2026-10-11T20:25:00+00:00,DET,00-0039065,S.LaPorta,TE,receiving_yards,124.5,0.037901,0.962099,1027,POSITION_2024_EMPIRICAL,,,,,False
,,2026_05_DET_ARI,2026,5,2026-10-11T20:25:00+00:00,DET,00-0039065,S.LaPorta,TE,receptions,1.5,0.912706,0.087294,1029,POSITION_2024_EMPIRICAL,,,,,False
,,2026_05_DET_ARI,2026,5,2026-10-11T20:25:00+00:00,DET,00-0039065,S.LaPorta,TE,receptions,2.5,0.8516,0.1484,1029,POSITION_2024_EMPIRICAL,,,,,False
,,2026_05_DET_ARI,2026,5,2026-10-11T20:25:00+00:00,DET,00-0039065,S.LaPorta,TE,receptions,3.5,0.734239,0.265761,1029,POSITION_2024_EMPIRICAL,,,,,False
,,2026_05_DET_ARI,2026,5,2026-10-11T20:25:00+00:00,DET,00-0039065,S.LaPorta,TE,receptions,4.5,0.539282,0.460718,1029,POSITION_2024_EMPIRICAL,,,,,False
,,2026_05_DET_ARI,2026,5,2026-10-11T20:25:00+00:00,DET,00-0039065,S.LaPorta,TE,receptions,5.5,0.368574,0.631426,1029,POSITION_2024_EMPIRICAL,,,,,False
,,2026_05_DET_ARI,2026,5,2026-10-11T20:25:00+00:00,DET,00-0039065,S.LaPorta,TE,receptions,6.5,0.266731,0.733269,1029,POSITION_2024_EMPIRICAL,,,,,False
,,2026_05_DET_ARI,2026,5,2026-10-11T20:25:00+00:00,DET,00-0039065,S.LaPorta,TE,receptions,7.5,0.183317,0.816683,1029,POSITION_2024_EMPIRICAL,,,,,False
,,2026_05_DET_ARI,2026,5,2026-10-11T20:25:00+00:00,DET,00-0039139,J.Gibbs,RB,receiving_yards,24.5,0.840909,0.159091,1054,POSITION_2024_EMPIRICAL,,,,,False
,,2026_05_DET_ARI,2026,5,2026-10-11T20:25:00+00:00,DET,00-0039139,J.Gibbs,RB,receiving_yards,39.5,0.548295,0.451705,1054,POSITION_2024_EMPIRICAL,,,,,False
,,2026_05_DET_ARI,2026,5,2026-10-11T20:25:00+00:00,DET,00-0039139,J.Gibbs,RB,receiving_yards,49.5,0.288826,0.711174,1054,POSITION_2024_EMPIRICAL,,,,,False
,,2026_05_DET_ARI,2026,5,2026-10-11T20:25:00+00:00,DET,00-0039139,J.Gibbs,RB,receiving_yards,64.5,0.142992,0.857008,1054,POSITION_2024_EMPIRICAL,,,,,False
,,2026_05_DET_ARI,2026,5,2026-10-11T20:25:00+00:00,DET,00-0039139,J.Gibbs,RB,receiving_yards,79.5,0.069129,0.930871,1054,POSITION_2024_EMPIRICAL,,,,,False
,,2026_05_DET_ARI,2026,5,2026-10-11T20:25:00+00:00,DET,00-0039139,J.Gibbs,RB,receiving_yards,99.5,0.03125,0.96875,1054,POSITION_2024_EMPIRICAL,,,,,False
,,2026_05_DET_ARI,2026,5,2026-10-11T20:25:00+00:00,DET,00-0039139,J.Gibbs,RB,receiving_yards,124.5,0.01,0.99,1054,POSITION_2024_EMPIRICAL,,,,,False
,,2026_05_DET_ARI,2026,5,2026-10-11T20:25:00+00:00,DET,00-0039139,J.Gibbs,RB,receptions,1.5,0.913124,0.086876,1080,POSITION_2024_EMPIRICAL,,,,,False
,,2026_05_DET_ARI,2026,5,2026-10-11T20:25:00+00:00,DET,00-0039139,J.Gibbs,RB,receptions,2.5,0.852126,0.147874,1080,POSITION_2024_EMPIRICAL,,,,,False
,,2026_05_DET_ARI,2026,5,2026-10-11T20:25:00+00:00,DET,00-0039139,J.Gibbs,RB,receptions,3.5,0.743068,0.256932,1080,POSITION_2024_EMPIRICAL,,,,,False
,,2026_05_DET_ARI,2026,5,2026-10-11T20:25:00+00:00,DET,00-0039139,J.Gibbs,RB,receptions,4.5,0.554529,0.445471,1080,POSITION_2024_EMPIRICAL,,,,,False
,,2026_05_DET_ARI,2026,5,2026-10-11T20:25:00+00:00,DET,00-0039139,J.Gibbs,RB,receptions,5.5,0.330869,0.669131,1080,POSITION_2024_EMPIRICAL,,,,,False
,,2026_05_DET_ARI,2026,5,2026-10-11T20:25:00+00:00,DET,00-0039139,J.Gibbs,RB,receptions,6.5,0.257856,0.742144,1080,POSITION_2024_EMPIRICAL,,,,,False
,,2026_05_DET_ARI,2026,5,2026-10-11T20:25:00+00:00,DET,00-0039139,J.Gibbs,RB,receptions,7.5,0.170055,0.829945,1080,POSITION_2024_EMPIRICAL,,,,,False
,,2026_05_DET_ARI,2026,5,2026-10-11T20:25:00+00:00,DET,00-0039139,J.Gibbs,RB,rushing_yards,19.5,0.912207,0.087793,1194,POSITION_2024_EMPIRICAL,,,,,False
,,2026_05_DET_ARI,2026,5,2026-10-11T20:25:00+00:00,DET,00-0039139,J.Gibbs,RB,rushing_yards,34.5,0.842809,0.157191,1194,POSITION_2024_EMPIRICAL,,,,,False
,,2026_05_DET_ARI,2026,5,2026-10-11T20:25:00+00:00,DET,00-0039139,J.Gibbs,RB,rushing_yards,49.5,0.744147,0.255853,1194,POSITION_2024_EMPIRICAL,,,,,False
,,2026_05_DET_ARI,2026,5,2026-10-11T20:25:00+00:00,DET,00-0039139,J.Gibbs,RB,rushing_yards,64.5,0.608696,0.391304,1194,POSITION_2024_EMPIRICAL,,,,,False
,,2026_05_DET_ARI,2026,5,2026-10-11T20:25:00+00:00,DET,00-0039139,J.Gibbs,RB,rushing_yards,79.5,0.452341,0.547659,1194,POSITION_2024_EMPIRICAL,,,,,False
,,2026_05_DET_ARI,2026,5,2026-10-11T20:25:00+00:00,DET,00-0039139,J.Gibbs,RB,rushing_yards,99.5,0.292642,0.707358,1194,POSITION_2024_EMPIRICAL,,,,,False
,,2026_05_DET_ARI,2026,5,2026-10-11T20:25:00+00:00,DET,00-0039139,J.Gibbs,RB,rushing_yards,124.5,0.180602,0.819398,1194,POSITION_2024_EMPIRICAL,,,,,False
,,2026_05_DET_ARI,2026,5,2026-10-11T20:25:00+00:00,DET,00-0039364,S.Vaki,RB,receiving_yards,24.5,0.151515,0.848485,1054,POSITION_2024_EMPIRICAL,,,,,False
,,2026_05_DET_ARI,2026,5,2026-10-11T20:25:00+00:00,DET,00-0039364,S.Vaki,RB,receiving_yards,39.5,0.055871,0.944129,1054,POSITION_2024_EMPIRICAL,,,,,False
,,2026_05_DET_ARI,2026,5,2026-10-11T20:25:00+00:00,DET,00-0039364,S.Vaki,RB,receiving_yards,49.5,0.03125,0.96875,1054,POSITION_2024_EMPIRICAL,,,,,False
,,2026_05_DET_ARI,2026,5,2026-10-11T20:25:00+00:00,DET,00-0039364,S.Vaki,RB,receiving_yards,64.5,0.014205,0.985795,1054,POSITION_2024_EMPIRICAL,,,,,False
,,2026_05_DET_ARI,2026,5,2026-10-11T20:25:00+00:00,DET,00-0039364,S.Vaki,RB,receiving_yards,79.5,0.01,0.99,1054,POSITION_2024_EMPIRICAL,,,,,False
,,2026_05_DET_ARI,2026,5,2026-10-11T20:25:00+00:00,DET,00-0039364,S.Vaki,RB,receiving_yards,99.5,0.01,0.99,1054,POSITION_2024_EMPIRICAL,,,,,False
,,2026_05_DET_ARI,2026,5,2026-10-11T20:25:00+00:00,DET,00-0039364,S.Vaki,RB,receiving_yards,124.5,0.01,0.99,1054,POSITION_2024_EMPIRICAL,,,,,False
,,2026_05_DET_ARI,2026,5,2026-10-11T20:25:00+00:00,DET,00-0039364,S.Vaki,RB,receptions,1.5,0.257856,0.742144,1080,POSITION_2024_EMPIRICAL,,,,,False
,,2026_05_DET_ARI,2026,5,2026-10-11T20:25:00+00:00,DET,00-0039364,S.Vaki,RB,receptions,2.5,0.113678,0.886322,1080,POSITION_2024_EMPIRICAL,,,,,False
,,2026_05_DET_ARI,2026,5,2026-10-11T20:25:00+00:00,DET,00-0039364,S.Vaki,RB,receptions,3.5,0.051756,0.948244,1080,POSITION_2024_EMPIRICAL,,,,,False
,,2026_05_DET_ARI,2026,5,2026-10-11T20:25:00+00:00,DET,00-0039364,S.Vaki,RB,receptions,4.5,0.019409,0.980591,1080,POSITION_2024_EMPIRICAL,,,,,False
,,2026_05_DET_ARI,2026,5,2026-10-11T20:25:00+00:00,DET,00-0039364,S.Vaki,RB,receptions,5.5,0.011091,0.988909,1080,POSITION_2024_EMPIRICAL,,,,,False
,,2026_05_DET_ARI,2026,5,2026-10-11T20:25:00+00:00,DET,00-0039364,S.Vaki,RB,receptions,6.5,0.01,0.99,1080,POSITION_2024_EMPIRICAL,,,,,False
,,2026_05_DET_ARI,2026,5,2026-10-11T20:25:00+00:00,DET,00-0039364,S.Vaki,RB,receptions,7.5,0.01,0.99,1080,POSITION_2024_EMPIRICAL,,,,,False
,,2026_05_DET_ARI,2026,5,2026-10-11T20:25:00+00:00,DET,00-0039364,S.Vaki,RB,rushing_yards,19.5,0.234114,0.765886,1194,POSITION_2024_EMPIRICAL,,,,,False
,,2026_05_DET_ARI,2026,5,2026-10-11T20:25:00+00:00,DET,00-0039364,S.Vaki,RB,rushing_yards,34.5,0.104515,0.895485,1194,POSITION_2024_EMPIRICAL,,,,,False
,,2026_05_DET_ARI,2026,5,2026-10-11T20:25:00+00:00,DET,00-0039364,S.Vaki,RB,rushing_yards,49.5,0.048495,0.951505,1194,POSITION_2024_EMPIRICAL,,,,,False
,,2026_05_DET_ARI,2026,5,2026-10-11T20:25:00+00:00,DET,00-0039364,S.Vaki,RB,rushing_yards,64.5,0.021739,0.978261,1194,POSITION_2024_EMPIRICAL,,,,,False
,,2026_05_DET_ARI,2026,5,2026-10-11T20:25:00+00:00,DET,00-0039364,S.Vaki,RB,rushing_yards,79.5,0.010033,0.989967,1194,POSITION_2024_EMPIRICAL,,,,,False
,,2026_05_DET_ARI,2026,5,2026-10-11T20:25:00+00:00,DET,00-0039364,S.Vaki,RB,rushing_yards,99.5,0.01,0.99,1194,POSITION_2024_EMPIRICAL,,,,,False
,,2026_05_DET_ARI,2026,5,2026-10-11T20:25:00+00:00,DET,00-0039364,S.Vaki,RB,rushing_yards,124.5,0.01,0.99,1194,POSITION_2024_EMPIRICAL,,,,,False
,,2026_05_DET_ARI,2026,5,2026-10-11T20:25:00+00:00,DET,00-0040669,I.TeSlaa,WR,receiving_yards,24.5,0.725027,0.274973,1860,POSITION_2024_EMPIRICAL,,,,,False
,,2026_05_DET_ARI,2026,5,2026-10-11T20:25:00+00:00,DET,00-0040669,I.TeSlaa,WR,receiving_yards,39.5,0.488185,0.511815,1860,POSITION_2024_EMPIRICAL,,,,,False
,,2026_05_DET_ARI,2026,5,2026-10-11T20:25:00+00:00,DET,00-0040669,I.TeSlaa,WR,receiving_yards,49.5,0.348013,0.651987,1860,POSITION_2024_EMPIRICAL,,,,,False
,,2026_05_DET_ARI,2026,5,2026-10-11T20:25:00+00:00,DET,00-0040669,I.TeSlaa,WR,receiving_yards,64.5,0.212675,0.787325,1860,POSITION_2024_EMPIRICAL,,,,,False
,,2026_05_DET_ARI,2026,5,2026-10-11T20:25:00+00:00,DET,00-0040669,I.TeSlaa,WR,receiving_yards,79.5,0.130505,0.869495,1860,POSITION_2024_EMPIRICAL,,,,,False
,,2026_05_DET_ARI,2026,5,2026-10-11T20:25:00+00:00,DET,00-0040669,I.TeSlaa,WR,receiving_yards,99.5,0.064447,0.935553,1860,POSITION_2024_EMPIRICAL,,,,,False
,,2026_05_DET_ARI,2026,5,2026-10-11T20:25:00+00:00,DET,00-0040669,I.TeSlaa,WR,receiving_yards,124.5,0.026853,0.973147,1860,POSITION_2024_EMPIRICAL,,,,,False
,,2026_05_DET_ARI,2026,5,2026-10-11T20:25:00+00:00,DET,00-0040669,I.TeSlaa,WR,receptions,1.5,0.62152,0.37848,1866,POSITION_2024_EMPIRICAL,,,,,False
,,2026_05_DET_ARI,2026,5,2026-10-11T20:25:00+00:00,DET,00-0040669,I.TeSlaa,WR,receptions,2.5,0.325482,0.674518,1866,POSITION_2024_EMPIRICAL,,,,,False
,,2026_05_DET_ARI,2026,5,2026-10-11T20:25:00+00:00,DET,00-0040669,I.TeSlaa,WR,receptions,3.5,0.171306,0.828694,1866,POSITION_2024_EMPIRICAL,,,,,False
,,2026_05_DET_ARI,2026,5,2026-10-11T20:25:00+00:00,DET,00-0040669,I.TeSlaa,WR,receptions,4.5,0.08137,0.91863,1866,POSITION_2024_EMPIRICAL,,,,,False
,,2026_05_DET_ARI,2026,5,2026-10-11T20:25:00+00:00,DET,00-0040669,I.TeSlaa,WR,receptions,5.5,0.035867,0.964133,1866,POSITION_2024_EMPIRICAL,,,,,False
,,2026_05_DET_ARI,2026,5,2026-10-11T20:25:00+00:00,DET,00-0040669,I.TeSlaa,WR,receptions,6.5,0.011777,0.988223,1866,POSITION_2024_EMPIRICAL,,,,,False
,,2026_05_DET_ARI,2026,5,2026-10-11T20:25:00+00:00,DET,00-0040669,I.TeSlaa,WR,receptions,7.5,0.01,0.99,1866,POSITION_2024_EMPIRICAL,,,,,False
,,2026_05_HOU_TEN,2026,5,2026-10-11T17:00:00+00:00,HOU,00-0034383,D.Schultz,TE,receiving_yards,24.5,0.852284,0.147716,1027,POSITION_2024_EMPIRICAL,,,,,False
,,2026_05_HOU_TEN,2026,5,2026-10-11T17:00:00+00:00,HOU,00-0034383,D.Schultz,TE,receiving_yards,39.5,0.652089,0.347911,1027,POSITION_2024_EMPIRICAL,,,,,False
,,2026_05_HOU_TEN,2026,5,2026-10-11T17:00:00+00:00,HOU,00-0034383,D.Schultz,TE,receiving_yards,49.5,0.441205,0.558795,1027,POSITION_2024_EMPIRICAL,,,,,False
,,2026_05_HOU_TEN,2026,5,2026-10-11T17:00:00+00:00,HOU,00-0034383,D.Schultz,TE,receiving_yards,64.5,0.258503,0.741497,1027,POSITION_2024_EMPIRICAL,,,,,False
,,2026_05_HOU_TEN,2026,5,2026-10-11T17:00:00+00:00,HOU,00-0034383,D.Schultz,TE,receiving_yards,79.5,0.155491,0.844509,1027,POSITION_2024_EMPIRICAL,,,,,False
,,2026_05_HOU_TEN,2026,5,2026-10-11T17:00:00+00:00,HOU,00-0034383,D.Schultz,TE,receiving_yards,99.5,0.088435,0.911565,1027,POSITION_2024_EMPIRICAL,,,,,False
,,2026_05_HOU_TEN,2026,5,2026-10-11T17:00:00+00:00,HOU,00-0034383,D.Schultz,TE,receiving_yards,124.5,0.026239,0.973761,1027,POSITION_2024_EMPIRICAL,,,,,False
,,2026_05_HOU_TEN,2026,5,2026-10-11T17:00:00+00:00,HOU,00-0034383,D.Schultz,TE,receptions,1.5,0.909796,0.090204,1029,POSITION_2024_EMPIRICAL,,,,,False
,,2026_05_HOU_TEN,2026,5,2026-10-11T17:00:00+00:00,HOU,00-0034383,D.Schultz,TE,receptions,2.5,0.844811,0.155189,1029,POSITION_2024_EMPIRICAL,,,,,False
,,2026_05_HOU_TEN,2026,5,2026-10-11T17:00:00+00:00,HOU,00-0034383,D.Schultz,TE,receptions,3.5,0.683802,0.316198,1029,POSITION_2024_EMPIRICAL,,,,,False
,,2026_05_HOU_TEN,2026,5,2026-10-11T17:00:00+00:00,HOU,00-0034383,D.Schultz,TE,receptions,4.5,0.503395,0.496605,1029,POSITION_2024_EMPIRICAL,,,,,False
,,2026_05_HOU_TEN,2026,5,2026-10-11T17:00:00+00:00,HOU,00-0034383,D.Schultz,TE,receptions,5.5,0.359845,0.640155,1029,POSITION_2024_EMPIRICAL,,,,,False
,,2026_05_HOU_TEN,2026,5,2026-10-11T17:00:00+00:00,HOU,00-0034383,D.Schultz,TE,receptions,6.5,0.234724,0.765276,1029,POSITION_2024_EMPIRICAL,,,,,False
,,2026_05_HOU_TEN,2026,5,2026-10-11T17:00:00+00:00,HOU,00-0034383,D.Schultz,TE,receptions,7.5,0.168768,0.831232,1029,POSITION_2024_EMPIRICAL,,,,,False
,,2026_05_HOU_TEN,2026,5,2026-10-11T17:00:00+00:00,HOU,00-0034981,F.Moreau,TE,receiving_yards,24.5,0.227405,0.772595,1027,POSITION_2024_EMPIRICAL,,,,,False
,,2026_05_HOU_TEN,2026,5,2026-10-11T17:00:00+00:00,HOU,00-0034981,F.Moreau,TE,receiving_yards,39.5,0.101069,0.898931,1027,POSITION_2024_EMPIRICAL,,,,,False
,,2026_05_HOU_TEN,2026,5,2026-10-11T17:00:00+00:00,HOU,00-0034981,F.Moreau,TE,receiving_yards,49.5,0.059281,0.940719,1027,POSITION_2024_EMPIRICAL,,,,,False
,,2026_05_HOU_TEN,2026,5,2026-10-11T17:00:00+00:00,HOU,00-0034981,F.Moreau,TE,receiving_yards,64.5,0.018465,0.981535,1027,POSITION_2024_EMPIRICAL,,,,,False
,,2026_05_HOU_TEN,2026,5,2026-10-11T17:00:00+00:00,HOU,00-0034981,F.Moreau,TE,receiving_yards,79.5,0.01,0.99,1027,POSITION_2024_EMPIRICAL,,,,,False
,,2026_05_HOU_TEN,2026,5,2026-10-11T17:00:00+00:00,HOU,00-0034981,F.Moreau,TE,receiving_yards,99.5,0.01,0.99,1027,POSITION_2024_EMPIRICAL,,,,,False
,,2026_05_HOU_TEN,2026,5,2026-10-11T17:00:00+00:00,HOU,00-0034981,F.Moreau,TE,receiving_yards,124.5,0.01,0.99,1027,POSITION_2024_EMPIRICAL,,,,,False
,,2026_05_HOU_TEN,2026,5,2026-10-11T17:00:00+00:00,HOU,00-0034981,F.Moreau,TE,receptions,1.5,0.43453,0.56547,1029,POSITION_2024_EMPIRICAL,,,,,False
,,2026_05_HOU_TEN,2026,5,2026-10-11T17:00:00+00:00,HOU,00-0034981,F.Moreau,TE,receptions,2.5,0.219205,0.780795,1029,POSITION_2024_EMPIRICAL,,,,,False
,,2026_05_HOU_TEN,2026,5,2026-10-11T17:00:00+00:00,HOU,00-0034981,F.Moreau,TE,receptions,3.5,0.113482,0.886518,1029,POSITION_2024_EMPIRICAL,,,,,False
,,2026_05_HOU_TEN,2026,5,2026-10-11T17:00:00+00:00,HOU,00-0034981,F.Moreau,TE,receptions,4.5,0.060136,0.939864,1029,POSITION_2024_EMPIRICAL,,,,,False
,,2026_05_HOU_TEN,2026,5,2026-10-11T17:00:00+00:00,HOU,00-0034981,F.Moreau,TE,receptions,5.5,0.026188,0.973812,1029,POSITION_2024_EMPIRICAL,,,,,False
,,2026_05_HOU_TEN,2026,5,2026-10-11T17:00:00+00:00,HOU,00-0034981,F.Moreau,TE,receptions,6.5,0.010669,0.989331,1029,POSITION_2024_EMPIRICAL,,,,,False
,,2026_05_HOU_TEN,2026,5,2026-10-11T17:00:00+00:00,HOU,00-0034981,F.Moreau,TE,receptions,7.5,0.01,0.99,1029,POSITION_2024_EMPIRICAL,,,,,False
,,2026_05_HOU_TEN,2026,5,2026-10-11T17:00:00+00:00,HOU,00-0035685,D.Montgomery,RB,receiving_yards,24.5,0.194129,0.805871,1054,POSITION_2024_EMPIRICAL,,,,,False
,,2026_05_HOU_TEN,2026,5,2026-10-11T17:00:00+00:00,HOU,00-0035685,D.Montgomery,RB,receiving_yards,39.5,0.069129,0.930871,1054,POSITION_2024_EMPIRICAL,,,,,False
,,2026_05_HOU_TEN,2026,5,2026-10-11T17:00:00+00:00,HOU,00-0035685,D.Montgomery,RB,receiving_yards,49.5,0.038826,0.961174,1054,POSITION_2024_EMPIRICAL,,,,,False
,,2026_05_HOU_TEN,2026,5,2026-10-11T17:00:00+00:00,HOU,00-0035685,D.Montgomery,RB,receiving_yards,64.5,0.018939,0.981061,1054,POSITION_2024_EMPIRICAL,,,,,False
,,2026_05_HOU_TEN,2026,5,2026-10-11T17:00:00+00:00,HOU,00-0035685,D.Montgomery,RB,receiving_yards,79.5,0.01,0.99,1054,POSITION_2024_EMPIRICAL,,,,,False
,,2026_05_HOU_TEN,2026,5,2026-10-11T17:00:00+00:00,HOU,00-0035685,D.Montgomery,RB,receiving_yards,99.5,0.01,0.99,1054,POSITION_2024_EMPIRICAL,,,,,False
,,2026_05_HOU_TEN,2026,5,2026-10-11T17:00:00+00:00,HOU,00-0035685,D.Montgomery,RB,receiving_yards,124.5,0.01,0.99,1054,POSITION_2024_EMPIRICAL,,,,,False
,,2026_05_HOU_TEN,2026,5,2026-10-11T17:00:00+00:00,HOU,00-0035685,D.Montgomery,RB,receptions,1.5,0.408503,0.591497,1080,POSITION_2024_EMPIRICAL,,,,,False
,,2026_05_HOU_TEN,2026,5,2026-10-11T17:00:00+00:00,HOU,00-0035685,D.Montgomery,RB,receptions,2.5,0.211645,0.788355,1080,POSITION_2024_EMPIRICAL,,,,,False
,,2026_05_HOU_TEN,2026,5,2026-10-11T17:00:00+00:00,HOU,00-0035685,D.Montgomery,RB,receptions,3.5,0.093346,0.906654,1080,POSITION_2024_EMPIRICAL,,,,,False
,,2026_05_HOU_TEN,2026,5,2026-10-11T17:00:00+00:00,HOU,00-0035685,D.Montgomery,RB,receptions,4.5,0.042514,0.957486,1080,POSITION_2024_EMPIRICAL,,,,,False
,,2026_05_HOU_TEN,2026,5,2026-10-11T17:00:00+00:00,HOU,00-0035685,D.Montgomery,RB,receptions,5.5,0.01756,0.98244,1080,POSITION_2024_EMPIRICAL,,,,,False
,,2026_05_HOU_TEN,2026,5,2026-10-11T17:00:00+00:00,HOU,00-0035685,D.Montgomery,RB,receptions,6.5,0.011091,0.988909,1080,POSITION_2024_EMPIRICAL,,,,,False
,,2026_05_HOU_TEN,2026,5,2026-10-11T17:00:00+00:00,HOU,00-0035685,D.Montgomery,RB,receptions,7.5,0.01,0.99,1080,POSITION_2024_EMPIRICAL,,,,,False
,,2026_05_HOU_TEN,2026,5,2026-10-11T17:00:00+00:00,HOU,00-0035685,D.Montgomery,RB,rushing_yards,19.5,0.655518,0.344482,1194,POSITION_2024_EMPIRICAL,,,,,False
,,2026_05_HOU_TEN,2026,5,2026-10-11T17:00:00+00:00,HOU,00-0035685,D.Montgomery,RB,rushing_yards,34.5,0.317726,0.682274,1194,POSITION_2024_EMPIRICAL,,,,,False
,,2026_05_HOU_TEN,2026,5,2026-10-11T17:00:00+00:00,HOU,00-0035685,D.Montgomery,RB,rushing_yards,49.5,0.163043,0.836957,1194,POSITION_2024_EMPIRICAL,,,,,False
,,2026_05_HOU_TEN,2026,5,2026-10-11T17:00:00+00:00,HOU,00-0035685,D.Montgomery,RB,rushing_yards,64.5,0.06689,0.93311,1194,POSITION_2024_EMPIRICAL,,,,,False
,,2026_05_HOU_TEN,2026,5,2026-10-11T17:00:00+00:00,HOU,00-0035685,D.Montgomery,RB,rushing_yards,79.5,0.033445,0.966555,1194,POSITION_2024_EMPIRICAL,,,,,False
,,2026_05_HOU_TEN,2026,5,2026-10-11T17:00:00+00:00,HOU,00-0035685,D.Montgomery,RB,rushing_yards,99.5,0.011706,0.988294,1194,POSITION_2024_EMPIRICAL,,,,,False
,,2026_05_HOU_TEN,2026,5,2026-10-11T17:00:00+00:00,HOU,00-0035685,D.Montgomery,RB,rushing_yards,124.5,0.01,0.99,1194,POSITION_2024_EMPIRICAL,,,,,False
,,2026_05_HOU_TEN,2026,5,2026-10-11T17:00:00+00:00,HOU,00-0038608,K.Boutte,WR,receiving_yards,24.5,0.46724,0.53276,1860,POSITION_2024_EMPIRICAL,,,,,False
,,2026_05_HOU_TEN,2026,5,2026-10-11T17:00:00+00:00,HOU,00-0038608,K.Boutte,WR,receiving_yards,39.5,0.228249,0.771751,1860,POSITION_2024_EMPIRICAL,,,,,False
,,2026_05_HOU_TEN,2026,5,2026-10-11T17:00:00+00:00,HOU,00-0038608,K.Boutte,WR,receiving_yards,49.5,0.140709,0.859291,1860,POSITION_2024_EMPIRICAL,,,,,False
,,2026_05_HOU_TEN,2026,5,2026-10-11T17:00:00+00:00,HOU,00-0038608,K.Boutte,WR,receiving_yards,64.5,0.06928,0.93072,1860,POSITION_2024_EMPIRICAL,,,,,False
,,2026_05_HOU_TEN,2026,5,2026-10-11T17:00:00+00:00,HOU,00-0038608,K.Boutte,WR,receiving_yards,79.5,0.033835,0.966165,1860,POSITION_2024_EMPIRICAL,,,,,False
,,2026_05_HOU_TEN,2026,5,2026-10-11T17:00:00+00:00,HOU,00-0038608,K.Boutte,WR,receiving_yards,99.5,0.014501,0.985499,1860,POSITION_2024_EMPIRICAL,,,,,False
,,2026_05_HOU_TEN,2026,5,2026-10-11T17:00:00+00:00,HOU,00-0038608,K.Boutte,WR,receiving_yards,124.5,0.01,0.99,1860,POSITION_2024_EMPIRICAL,,,,,False
,,2026_05_HOU_TEN,2026,5,2026-10-11T17:00:00+00:00,HOU,00-0038608,K.Boutte,WR,receptions,1.5,0.62152,0.37848,1866,POSITION_2024_EMPIRICAL,,,,,False
,,2026_05_HOU_TEN,2026,5,2026-10-11T17:00:00+00:00,HOU,00-0038608,K.Boutte,WR,receptions,2.5,0.325482,0.674518,1866,POSITION_2024_EMPIRICAL,,,,,False
,,2026_05_HOU_TEN,2026,5,2026-10-11T17:00:00+00:00,HOU,00-0038608,K.Boutte,WR,receptions,3.5,0.171306,0.828694,1866,POSITION_2024_EMPIRICAL,,,,,False
,,2026_05_HOU_TEN,2026,5,2026-10-11T17:00:00+00:00,HOU,00-0038608,K.Boutte,WR,receptions,4.5,0.08137,0.91863,1866,POSITION_2024_EMPIRICAL,,,,,False
,,2026_05_HOU_TEN,2026,5,2026-10-11T17:00:00+00:00,HOU,00-0038608,K.Boutte,WR,receptions,5.5,0.035867,0.964133,1866,POSITION_2024_EMPIRICAL,,,,,False
,,2026_05_HOU_TEN,2026,5,2026-10-11T17:00:00+00:00,HOU,00-0038608,K.Boutte,WR,receptions,6.5,0.011777,0.988223,1866,POSITION_2024_EMPIRICAL,,,,,False
,,2026_05_HOU_TEN,2026,5,2026-10-11T17:00:00+00:00,HOU,00-0038608,K.Boutte,WR,receptions,7.5,0.01,0.99,1866,POSITION_2024_EMPIRICAL,,,,,False
,,2026_05_HOU_TEN,2026,5,2026-10-11T17:00:00+00:00,HOU,00-0038618,X.Hutchinson,WR,receiving_yards,24.5,0.680451,0.319549,1860,POSITION_2024_EMPIRICAL,,,,,False
,,2026_05_HOU_TEN,2026,5,2026-10-11T17:00:00+00:00,HOU,00-0038618,X.Hutchinson,WR,receiving_yards,39.5,0.401182,0.598818,1860,POSITION_2024_EMPIRICAL,,,,,False
,,2026_05_HOU_TEN,2026,5,2026-10-11T17:00:00+00:00,HOU,00-0038618,X.Hutchinson,WR,receiving_yards,49.5,0.28464,0.71536,1860,POSITION_2024_EMPIRICAL,,,,,False
,,2026_05_HOU_TEN,2026,5,2026-10-11T17:00:00+00:00,HOU,00-0038618,X.Hutchinson,WR,receiving_yards,64.5,0.161117,0.838883,1860,POSITION_2024_EMPIRICAL,,,,,False
,,2026_05_HOU_TEN,2026,5,2026-10-11T17:00:00+00:00,HOU,00-0038618,X.Hutchinson,WR,receiving_yards,79.5,0.098281,0.901719,1860,POSITION_2024_EMPIRICAL,,,,,False
,,2026_05_HOU_TEN,2026,5,2026-10-11T17:00:00+00:00,HOU,00-0038618,X.Hutchinson,WR,receiving_yards,99.5,0.040816,0.959184,1860,POSITION_2024_EMPIRICAL,,,,,False
,,2026_05_HOU_TEN,2026,5,2026-10-11T17:00:00+00:00,HOU,00-0038618,X.Hutchinson,WR,receiving_yards,124.5,0.017723,0.982277,1860,POSITION_2024_EMPIRICAL,,,,,False
,,2026_05_HOU_TEN,2026,5,2026-10-11T17:00:00+00:00,HOU,00-0038618,X.Hutchinson,WR,receptions,1.5,0.767131,0.232869,1866,POSITION_2024_EMPIRICAL,,,,,False
,,2026_05_HOU_TEN,2026,5,2026-10-11T17:00:00+00:00,HOU,00-0038618,X.Hutchinson,WR,receptions,2.5,0.520878,0.479122,1866,POSITION_2024_EMPIRICAL,,,,,False
,,2026_05_HOU_TEN,2026,5,2026-10-11T17:00:00+00:00,HOU,00-0038618,X.Hutchinson,WR,receptions,3.5,0.296039,0.703961,1866,POSITION_2024_EMPIRICAL,,,,,False
,,2026_05_HOU_TEN,2026,5,2026-10-11T17:00:00+00:00,HOU,00-0038618,X.Hutchinson,WR,receptions,4.5,0.16863,0.83137,1866,POSITION_2024_EMPIRICAL,,,,,False
,,2026_05_HOU_TEN,2026,5,2026-10-11T17:00:00+00:00,HOU,00-0038618,X.Hutchinson,WR,receptions,5.5,0.084582,0.915418,1866,POSITION_2024_EMPIRICAL,,,,,False
,,2026_05_HOU_TEN,2026,5,2026-10-11T17:00:00+00:00,HOU,00-0038618,X.Hutchinson,WR,receptions,6.5,0.043897,0.956103,1866,POSITION_2024_EMPIRICAL,,,,,False
,,2026_05_HOU_TEN,2026,5,2026-10-11T17:00:00+00:00,HOU,00-0038618,X.Hutchinson,WR,receptions,7.5,0.018201,0.981799,1866,POSITION_2024_EMPIRICAL,,,,,False
,,2026_05_HOU_TEN,2026,5,2026-10-11T17:00:00+00:00,HOU,00-0038618,X.Hutchinson,WR,rushing_yards,19.5,0.013423,0.986577,445,POSITION_2024_EMPIRICAL,,,,,False
,,2026_05_HOU_TEN,2026,5,2026-10-11T17:00:00+00:00,HOU,00-0038618,X.Hutchinson,WR,rushing_yards,34.5,0.01,0.99,445,POSITION_2024_EMPIRICAL,,,,,False
,,2026_05_HOU_TEN,2026,5,2026-10-11T17:00:00+00:00,HOU,00-0038618,X.Hutchinson,WR,rushing_yards,49.5,0.01,0.99,445,POSITION_2024_EMPIRICAL,,,,,False
,,2026_05_HOU_TEN,2026,5,2026-10-11T17:00:00+00:00,HOU,00-0038618,X.Hutchinson,WR,rushing_yards,64.5,0.01,0.99,445,POSITION_2024_EMPIRICAL,,,,,False
,,2026_05_HOU_TEN,2026,5,2026-10-11T17:00:00+00:00,HOU,00-0038618,X.Hutchinson,WR,rushing_yards,79.5,0.01,0.99,445,POSITION_2024_EMPIRICAL,,,,,False
,,2026_05_HOU_TEN,2026,5,2026-10-11T17:00:00+00:00,HOU,00-0038618,X.Hutchinson,WR,rushing_yards,99.5,0.01,0.99,445,POSITION_2024_EMPIRICAL,,,,,False
,,2026_05_HOU_TEN,2026,5,2026-10-11T17:00:00+00:00,HOU,00-0038618,X.Hutchinson,WR,rushing_yards,124.5,0.01,0.99,445,POSITION_2024_EMPIRICAL,,,,,False
,,2026_05_HOU_TEN,2026,5,2026-10-11T17:00:00+00:00,HOU,00-0038728,J.Wayne,WR,receiving_yards,24.5,0.336198,0.663802,1860,POSITION_2024_EMPIRICAL,,,,,False
,,2026_05_HOU_TEN,2026,5,2026-10-11T17:00:00+00:00,HOU,00-0038728,J.Wayne,WR,receiving_yards,39.5,0.161654,0.838346,1860,POSITION_2024_EMPIRICAL,,,,,False
,,2026_05_HOU_TEN,2026,5,2026-10-11T17:00:00+00:00,HOU,00-0038728,J.Wayne,WR,receiving_yards,49.5,0.103652,0.896348,1860,POSITION_2024_EMPIRICAL,,,,,False
,,2026_05_HOU_TEN,2026,5,2026-10-11T17:00:00+00:00,HOU,00-0038728,J.Wayne,WR,receiving_yards,64.5,0.048872,0.951128,1860,POSITION_2024_EMPIRICAL,,,,,False
,,2026_05_HOU_TEN,2026,5,2026-10-11T17:00:00+00:00,HOU,00-0038728,J.Wayne,WR,receiving_yards,79.5,0.022556,0.977444,1860,POSITION_2024_EMPIRICAL,,,,,False
,,2026_05_HOU_TEN,2026,5,2026-10-11T17:00:00+00:00,HOU,00-0038728,J.Wayne,WR,receiving_yards,99.5,0.012352,0.987648,1860,POSITION_2024_EMPIRICAL,,,,,False
,,2026_05_HOU_TEN,2026,5,2026-10-11T17:00:00+00:00,HOU,00-0038728,J.Wayne,WR,receiving_yards,124.5,0.01,0.99,1860,POSITION_2024_EMPIRICAL,,,,,False
,,2026_05_HOU_TEN,2026,5,2026-10-11T17:00:00+00:00,HOU,00-0038728,J.Wayne,WR,receptions,1.5,0.34636,0.65364,1866,POSITION_2024_EMPIRICAL,,,,,False
,,2026_05_HOU_TEN,2026,5,2026-10-11T17:00:00+00:00,HOU,00-0038728,J.Wayne,WR,receptions,2.5,0.182013,0.817987,1866,POSITION_2024_EMPIRICAL,,,,,False
,,2026_05_HOU_TEN,2026,5,2026-10-11T17:00:00+00:00,HOU,00-0038728,J.Wayne,WR,receptions,3.5,0.084582,0.915418,1866,POSITION_2024_EMPIRICAL,,,,,False
,,2026_05_HOU_TEN,2026,5,2026-10-11T17:00:00+00:00,HOU,00-0038728,J.Wayne,WR,receptions,4.5,0.038009,0.961991,1866,POSITION_2024_EMPIRICAL,,,,,False
,,2026_05_HOU_TEN,2026,5,2026-10-11T17:00:00+00:00,HOU,00-0038728,J.Wayne,WR,receptions,5.5,0.012848,0.987152,1866,POSITION_2024_EMPIRICAL,,,,,False
,,2026_05_HOU_TEN,2026,5,2026-10-11T17:00:00+00:00,HOU,00-0038728,J.Wayne,WR,receptions,6.5,0.01,0.99,1866,POSITION_2024_EMPIRICAL,,,,,False
,,2026_05_HOU_TEN,2026,5,2026-10-11T17:00:00+00:00,HOU,00-0038728,J.Wayne,WR,receptions,7.5,0.01,0.99,1866,POSITION_2024_EMPIRICAL,,,,,False
,,2026_05_HOU_TEN,2026,5,2026-10-11T17:00:00+00:00,HOU,00-0039163,C.Stroud,QB,passing_yards,149.5,0.790262,0.209738,532,POSITION_2024_EMPIRICAL,,,,,False
,,2026_05_HOU_TEN,2026,5,2026-10-11T17:00:00+00:00,HOU,00-0039163,C.Stroud,QB,passing_yards,174.5,0.750936,0.249064,532,POSITION_2024_EMPIRICAL,,,,,False
,,2026_05_HOU_TEN,2026,5,2026-10-11T17:00:00+00:00,HOU,00-0039163,C.Stroud,QB,passing_yards,199.5,0.689139,0.310861,532,POSITION_2024_EMPIRICAL,,,,,False
,,2026_05_HOU_TEN,2026,5,2026-10-11T17:00:00+00:00,HOU,00-0039163,C.Stroud,QB,passing_yards,224.5,0.642322,0.357678,532,POSITION_2024_EMPIRICAL,,,,,False
,,2026_05_HOU_TEN,2026,5,2026-10-11T17:00:00+00:00,HOU,00-0039163,C.Stroud,QB,passing_yards,249.5,0.565543,0.434457,532,POSITION_2024_EMPIRICAL,,,,,False
,,2026_05_HOU_TEN,2026,5,2026-10-11T17:00:00+00:00,HOU,00-0039163,C.Stroud,QB,passing_yards,274.5,0.494382,0.505618,532,POSITION_2024_EMPIRICAL,,,,,False
,,2026_05_HOU_TEN,2026,5,2026-10-11T17:00:00+00:00,HOU,00-0039163,C.Stroud,QB,passing_yards,299.5,0.367041,0.632959,532,POSITION_2024_EMPIRICAL,,,,,False
,,2026_05_HOU_TEN,2026,5,2026-10-11T17:00:00+00:00,HOU,00-0039163,C.Stroud,QB,rushing_yards,19.5,0.285714,0.714286,481,POSITION_2024_EMPIRICAL,,,,,False
,,2026_05_HOU_TEN,2026,5,2026-10-11T17:00:00+00:00,HOU,00-0039163,C.Stroud,QB,rushing_yards,34.5,0.132505,0.867495,481,POSITION_2024_EMPIRICAL,,,,,False
,,2026_05_HOU_TEN,2026,5,2026-10-11T17:00:00+00:00,HOU,00-0039163,C.Stroud,QB,rushing_yards,49.5,0.05176,0.94824,481,POSITION_2024_EMPIRICAL,,,,,False
,,2026_05_HOU_TEN,2026,5,2026-10-11T17:00:00+00:00,HOU,00-0039163,C.Stroud,QB,rushing_yards,64.5,0.018634,0.981366,481,POSITION_2024_EMPIRICAL,,,,,False
,,2026_05_HOU_TEN,2026,5,2026-10-11T17:00:00+00:00,HOU,00-0039163,C.Stroud,QB,rushing_yards,79.5,0.01,0.99,481,POSITION_2024_EMPIRICAL,,,,,False
,,2026_05_HOU_TEN,2026,5,2026-10-11T17:00:00+00:00,HOU,00-0039163,C.Stroud,QB,rushing_yards,99.5,0.01,0.99,481,POSITION_2024_EMPIRICAL,,,,,False
,,2026_05_HOU_TEN,2026,5,2026-10-11T17:00:00+00:00,HOU,00-0039163,C.Stroud,QB,rushing_yards,124.5,0.01,0.99,481,POSITION_2024_EMPIRICAL,,,,,False
,,2026_05_HOU_TEN,2026,5,2026-10-11T17:00:00+00:00,HOU,00-0040138,J.Noel,WR,receiving_yards,24.5,0.725027,0.274973,1860,POSITION_2024_EMPIRICAL,,,,,False
,,2026_05_HOU_TEN,2026,5,2026-10-11T17:00:00+00:00,HOU,00-0040138,J.Noel,WR,receiving_yards,39.5,0.483888,0.516112,1860,POSITION_2024_EMPIRICAL,,,,,False
,,2026_05_HOU_TEN,2026,5,2026-10-11T17:00:00+00:00,HOU,00-0040138,J.Noel,WR,receiving_yards,49.5,0.344253,0.655747,1860,POSITION_2024_EMPIRICAL,,,,,False
,,2026_05_HOU_TEN,2026,5,2026-10-11T17:00:00+00:00,HOU,00-0040138,J.Noel,WR,receiving_yards,64.5,0.208378,0.791622,1860,POSITION_2024_EMPIRICAL,,,,,False
,,2026_05_HOU_TEN,2026,5,2026-10-11T17:00:00+00:00,HOU,00-0040138,J.Noel,WR,receiving_yards,79.5,0.130505,0.869495,1860,POSITION_2024_EMPIRICAL,,,,,False
,,2026_05_HOU_TEN,2026,5,2026-10-11T17:00:00+00:00,HOU,00-0040138,J.Noel,WR,receiving_yards,99.5,0.063373,0.936627,1860,POSITION_2024_EMPIRICAL,,,,,False
,,2026_05_HOU_TEN,2026,5,2026-10-11T17:00:00+00:00,HOU,00-0040138,J.Noel,WR,receiving_yards,124.5,0.026853,0.973147,1860,POSITION_2024_EMPIRICAL,,,,,False
,,2026_05_HOU_TEN,2026,5,2026-10-11T17:00:00+00:00,HOU,00-0040138,J.Noel,WR,receptions,1.5,0.526767,0.473233,1866,POSITION_2024_EMPIRICAL,,,,,False
,,2026_05_HOU_TEN,2026,5,2026-10-11T17:00:00+00:00,HOU,00-0040138,J.Noel,WR,receptions,2.5,0.277837,0.722163,1866,POSITION_2024_EMPIRICAL,,,,,False
,,2026_05_HOU_TEN,2026,5,2026-10-11T17:00:00+00:00,HOU,00-0040138,J.Noel,WR,receptions,3.5,0.144004,0.855996,1866,POSITION_2024_EMPIRICAL,,,,,False
,,2026_05_HOU_TEN,2026,5,2026-10-11T17:00:00+00:00,HOU,00-0040138,J.Noel,WR,receptions,4.5,0.066381,0.933619,1866,POSITION_2024_EMPIRICAL,,,,,False
,,2026_05_HOU_TEN,2026,5,2026-10-11T17:00:00+00:00,HOU,00-0040138,J.Noel,WR,receptions,5.5,0.028373,0.971627,1866,POSITION_2024_EMPIRICAL,,,,,False
,,2026_05_HOU_TEN,2026,5,2026-10-11T17:00:00+00:00,HOU,00-0040138,J.Noel,WR,receptions,6.5,0.01,0.99,1866,POSITION_2024_EMPIRICAL,,,,,False
,,2026_05_HOU_TEN,2026,5,2026-10-11T17:00:00+00:00,HOU,00-0040138,J.Noel,WR,receptions,7.5,0.01,0.99,1866,POSITION_2024_EMPIRICAL,,,,,False
,,2026_05_HOU_TEN,2026,5,2026-10-11T17:00:00+00:00,HOU,00-0040138,J.Noel,WR,rushing_yards,19.5,0.040268,0.959732,445,POSITION_2024_EMPIRICAL,,,,,False
,,2026_05_HOU_TEN,2026,5,2026-10-11T17:00:00+00:00,HOU,00-0040138,J.Noel,WR,rushing_yards,34.5,0.01,0.99,445,POSITION_2024_EMPIRICAL,,,,,False
,,2026_05_HOU_TEN,2026,5,2026-10-11T17:00:00+00:00,HOU,00-0040138,J.Noel,WR,rushing_yards,49.5,0.01,0.99,445,POSITION_2024_EMPIRICAL,,,,,False
,,2026_05_HOU_TEN,2026,5,2026-10-11T17:00:00+00:00,HOU,00-0040138,J.Noel,WR,rushing_yards,64.5,0.01,0.99,445,POSITION_2024_EMPIRICAL,,,,,False
,,2026_05_HOU_TEN,2026,5,2026-10-11T17:00:00+00:00,HOU,00-0040138,J.Noel,WR,rushing_yards,79.5,0.01,0.99,445,POSITION_2024_EMPIRICAL,,,,,False
,,2026_05_HOU_TEN,2026,5,2026-10-11T17:00:00+00:00,HOU,00-0040138,J.Noel,WR,rushing_yards,99.5,0.01,0.99,445,POSITION_2024_EMPIRICAL,,,,,False
,,2026_05_HOU_TEN,2026,5,2026-10-11T17:00:00+00:00,HOU,00-0040138,J.Noel,WR,rushing_yards,124.5,0.01,0.99,445,POSITION_2024_EMPIRICAL,,,,,False
,,2026_05_HOU_TEN,2026,5,2026-10-11T17:00:00+00:00,HOU,00-0040583,W.Marks,RB,receiving_yards,24.5,0.096591,0.903409,1054,POSITION_2024_EMPIRICAL,,,,,False
,,2026_05_HOU_TEN,2026,5,2026-10-11T17:00:00+00:00,HOU,00-0040583,W.Marks,RB,receiving_yards,39.5,0.039773,0.960227,1054,POSITION_2024_EMPIRICAL,,,,,False
,,2026_05_HOU_TEN,2026,5,2026-10-11T17:00:00+00:00,HOU,00-0040583,W.Marks,RB,receiving_yards,49.5,0.026515,0.973485,1054,POSITION_2024_EMPIRICAL,,,,,False
,,2026_05_HOU_TEN,2026,5,2026-10-11T17:00:00+00:00,HOU,00-0040583,W.Marks,RB,receiving_yards,64.5,0.01,0.99,1054,POSITION_2024_EMPIRICAL,,,,,False
,,2026_05_HOU_TEN,2026,5,2026-10-11T17:00:00+00:00,HOU,00-0040583,W.Marks,RB,receiving_yards,79.5,0.01,0.99,1054,POSITION_2024_EMPIRICAL,,,,,False
,,2026_05_HOU_TEN,2026,5,2026-10-11T17:00:00+00:00,HOU,00-0040583,W.Marks,RB,receiving_yards,99.5,0.01,0.99,1054,POSITION_2024_EMPIRICAL,,,,,False
,,2026_05_HOU_TEN,2026,5,2026-10-11T17:00:00+00:00,HOU,00-0040583,W.Marks,RB,receiving_yards,124.5,0.01,0.99,1054,POSITION_2024_EMPIRICAL,,,,,False
,,2026_05_HOU_TEN,2026,5,2026-10-11T17:00:00+00:00,HOU,00-0040583,W.Marks,RB,receptions,1.5,0.408503,0.591497,1080,POSITION_2024_EMPIRICAL,,,,,False
,,2026_05_HOU_TEN,2026,5,2026-10-11T17:00:00+00:00,HOU,00-0040583,W.Marks,RB,receptions,2.5,0.211645,0.788355,1080,POSITION_2024_EMPIRICAL,,,,,False
,,2026_05_HOU_TEN,2026,5,2026-10-11T17:00:00+00:00,HOU,00-0040583,W.Marks,RB,receptions,3.5,0.093346,0.906654,1080,POSITION_2024_EMPIRICAL,,,,,False
,,2026_05_HOU_TEN,2026,5,2026-10-11T17:00:00+00:00,HOU,00-0040583,W.Marks,RB,receptions,4.5,0.042514,0.957486,1080,POSITION_2024_EMPIRICAL,,,,,False
,,2026_05_HOU_TEN,2026,5,2026-10-11T17:00:00+00:00,HOU,00-0040583,W.Marks,RB,receptions,5.5,0.01756,0.98244,1080,POSITION_2024_EMPIRICAL,,,,,False
,,2026_05_HOU_TEN,2026,5,2026-10-11T17:00:00+00:00,HOU,00-0040583,W.Marks,RB,receptions,6.5,0.011091,0.988909,1080,POSITION_2024_EMPIRICAL,,,,,False
,,2026_05_HOU_TEN,2026,5,2026-10-11T17:00:00+00:00,HOU,00-0040583,W.Marks,RB,receptions,7.5,0.01,0.99,1080,POSITION_2024_EMPIRICAL,,,,,False
,,2026_05_HOU_TEN,2026,5,2026-10-11T17:00:00+00:00,HOU,00-0040583,W.Marks,RB,rushing_yards,19.5,0.413043,0.586957,1194,POSITION_2024_EMPIRICAL,,,,,False
,,2026_05_HOU_TEN,2026,5,2026-10-11T17:00:00+00:00,HOU,00-0040583,W.Marks,RB,rushing_yards,34.5,0.198997,0.801003,1194,POSITION_2024_EMPIRICAL,,,,,False
,,2026_05_HOU_TEN,2026,5,2026-10-11T17:00:00+00:00,HOU,00-0040583,W.Marks,RB,rushing_yards,49.5,0.082776,0.917224,1194,POSITION_2024_EMPIRICAL,,,,,False
,,2026_05_HOU_TEN,2026,5,2026-10-11T17:00:00+00:00,HOU,00-0040583,W.Marks,RB,rushing_yards,64.5,0.037625,0.962375,1194,POSITION_2024_EMPIRICAL,,,,,False
,,2026_05_HOU_TEN,2026,5,2026-10-11T17:00:00+00:00,HOU,00-0040583,W.Marks,RB,rushing_yards,79.5,0.020067,0.979933,1194,POSITION_2024_EMPIRICAL,,,,,False
,,2026_05_HOU_TEN,2026,5,2026-10-11T17:00:00+00:00,HOU,00-0040583,W.Marks,RB,rushing_yards,99.5,0.01,0.99,1194,POSITION_2024_EMPIRICAL,,,,,False
,,2026_05_HOU_TEN,2026,5,2026-10-11T17:00:00+00:00,HOU,00-0040583,W.Marks,RB,rushing_yards,124.5,0.01,0.99,1194,POSITION_2024_EMPIRICAL,,,,,False
,,2026_05_HOU_TEN,2026,5,2026-10-11T17:00:00+00:00,TEN,00-0034837,C.Ridley,WR,receiving_yards,24.5,0.253491,0.746509,1860,POSITION_2024_EMPIRICAL,,,,,False
,,2026_05_HOU_TEN,2026,5,2026-10-11T17:00:00+00:00,TEN,00-0034837,C.Ridley,WR,receiving_yards,39.5,0.128894,0.871106,1860,POSITION_2024_EMPIRICAL,,,,,False
,,2026_05_HOU_TEN,2026,5,2026-10-11T17:00:00+00:00,TEN,00-0034837,C.Ridley,WR,receiving_yards,49.5,0.07841,0.92159,1860,POSITION_2024_EMPIRICAL,,,,,False
,,2026_05_HOU_TEN,2026,5,2026-10-11T17:00:00+00:00,TEN,00-0034837,C.Ridley,WR,receiving_yards,64.5,0.035983,0.964017,1860,POSITION_2024_EMPIRICAL,,,,,False
,,2026_05_HOU_TEN,2026,5,2026-10-11T17:00:00+00:00,TEN,00-0034837,C.Ridley,WR,receiving_yards,79.5,0.018797,0.981203,1860,POSITION_2024_EMPIRICAL,,,,,False
,,2026_05_HOU_TEN,2026,5,2026-10-11T17:00:00+00:00,TEN,00-0034837,C.Ridley,WR,receiving_yards,99.5,0.01,0.99,1860,POSITION_2024_EMPIRICAL,,,,,False
,,2026_05_HOU_TEN,2026,5,2026-10-11T17:00:00+00:00,TEN,00-0034837,C.Ridley,WR,receiving_yards,124.5,0.01,0.99,1860,POSITION_2024_EMPIRICAL,,,,,False
,,2026_05_HOU_TEN,2026,5,2026-10-11T17:00:00+00:00,TEN,00-0034837,C.Ridley,WR,receptions,1.5,0.277837,0.722163,1866,POSITION_2024_EMPIRICAL,,,,,False
,,2026_05_HOU_TEN,2026,5,2026-10-11T17:00:00+00:00,TEN,00-0034837,C.Ridley,WR,receptions,2.5,0.144004,0.855996,1866,POSITION_2024_EMPIRICAL,,,,,False
,,2026_05_HOU_TEN,2026,5,2026-10-11T17:00:00+00:00,TEN,00-0034837,C.Ridley,WR,receptions,3.5,0.066381,0.933619,1866,POSITION_2024_EMPIRICAL,,,,,False
,,2026_05_HOU_TEN,2026,5,2026-10-11T17:00:00+00:00,TEN,00-0034837,C.Ridley,WR,receptions,4.5,0.028373,0.971627,1866,POSITION_2024_EMPIRICAL,,,,,False
,,2026_05_HOU_TEN,2026,5,2026-10-11T17:00:00+00:00,TEN,00-0034837,C.Ridley,WR,receptions,5.5,0.01,0.99,1866,POSITION_2024_EMPIRICAL,,,,,False
,,2026_05_HOU_TEN,2026,5,2026-10-11T17:00:00+00:00,TEN,00-0034837,C.Ridley,WR,receptions,6.5,0.01,0.99,1866,POSITION_2024_EMPIRICAL,,,,,False
,,2026_05_HOU_TEN,2026,5,2026-10-11T17:00:00+00:00,TEN,00-0034837,C.Ridley,WR,receptions,7.5,0.01,0.99,1866,POSITION_2024_EMPIRICAL,,,,,False
,,2026_05_HOU_TEN,2026,5,2026-10-11T17:00:00+00:00,TEN,00-0035261,T.Pollard,RB,receiving_yards,24.5,0.089962,0.910038,1054,POSITION_2024_EMPIRICAL,,,,,False
,,2026_05_HOU_TEN,2026,5,2026-10-11T17:00:00+00:00,TEN,00-0035261,T.Pollard,RB,receiving_yards,39.5,0.035985,0.964015,1054,POSITION_2024_EMPIRICAL,,,,,False
,,2026_05_HOU_TEN,2026,5,2026-10-11T17:00:00+00:00,TEN,00-0035261,T.Pollard,RB,receiving_yards,49.5,0.023674,0.976326,1054,POSITION_2024_EMPIRICAL,,,,,False
,,2026_05_HOU_TEN,2026,5,2026-10-11T17:00:00+00:00,TEN,00-0035261,T.Pollard,RB,receiving_yards,64.5,0.01,0.99,1054,POSITION_2024_EMPIRICAL,,,,,False
,,2026_05_HOU_TEN,2026,5,2026-10-11T17:00:00+00:00,TEN,00-0035261,T.Pollard,RB,receiving_yards,79.5,0.01,0.99,1054,POSITION_2024_EMPIRICAL,,,,,False
,,2026_05_HOU_TEN,2026,5,2026-10-11T17:00:00+00:00,TEN,00-0035261,T.Pollard,RB,receiving_yards,99.5,0.01,0.99,1054,POSITION_2024_EMPIRICAL,,,,,False
,,2026_05_HOU_TEN,2026,5,2026-10-11T17:00:00+00:00,TEN,00-0035261,T.Pollard,RB,receiving_yards,124.5,0.01,0.99,1054,POSITION_2024_EMPIRICAL,,,,,False
,,2026_05_HOU_TEN,2026,5,2026-10-11T17:00:00+00:00,TEN,00-0035261,T.Pollard,RB,receptions,1.5,0.520333,0.479667,1080,POSITION_2024_EMPIRICAL,,,,,False
,,2026_05_HOU_TEN,2026,5,2026-10-11T17:00:00+00:00,TEN,00-0035261,T.Pollard,RB,receptions,2.5,0.257856,0.742144,1080,POSITION_2024_EMPIRICAL,,,,,False
,,2026_05_HOU_TEN,2026,5,2026-10-11T17:00:00+00:00,TEN,00-0035261,T.Pollard,RB,receptions,3.5,0.113678,0.886322,1080,POSITION_2024_EMPIRICAL,,,,,False
,,2026_05_HOU_TEN,2026,5,2026-10-11T17:00:00+00:00,TEN,00-0035261,T.Pollard,RB,receptions,4.5,0.051756,0.948244,1080,POSITION_2024_EMPIRICAL,,,,,False
,,2026_05_HOU_TEN,2026,5,2026-10-11T17:00:00+00:00,TEN,00-0035261,T.Pollard,RB,receptions,5.5,0.019409,0.980591,1080,POSITION_2024_EMPIRICAL,,,,,False
,,2026_05_HOU_TEN,2026,5,2026-10-11T17:00:00+00:00,TEN,00-0035261,T.Pollard,RB,receptions,6.5,0.011091,0.988909,1080,POSITION_2024_EMPIRICAL,,,,,False
,,2026_05_HOU_TEN,2026,5,2026-10-11T17:00:00+00:00,TEN,00-0035261,T.Pollard,RB,receptions,7.5,0.01,0.99,1080,POSITION_2024_EMPIRICAL,,,,,False
,,2026_05_HOU_TEN,2026,5,2026-10-11T17:00:00+00:00,TEN,00-0035261,T.Pollard,RB,rushing_yards,19.5,0.842809,0.157191,1194,POSITION_2024_EMPIRICAL,,,,,False
,,2026_05_HOU_TEN,2026,5,2026-10-11T17:00:00+00:00,TEN,00-0035261,T.Pollard,RB,rushing_yards,34.5,0.679766,0.320234,1194,POSITION_2024_EMPIRICAL,,,,,False
,,2026_05_HOU_TEN,2026,5,2026-10-11T17:00:00+00:00,TEN,00-0035261,T.Pollard,RB,rushing_yards,49.5,0.451505,0.548495,1194,POSITION_2024_EMPIRICAL,,,,,False
,,2026_05_HOU_TEN,2026,5,2026-10-11T17:00:00+00:00,TEN,00-0035261,T.Pollard,RB,rushing_yards,64.5,0.280936,0.719064,1194,POSITION_2024_EMPIRICAL,,,,,False
,,2026_05_HOU_TEN,2026,5,2026-10-11T17:00:00+00:00,TEN,00-0035261,T.Pollard,RB,rushing_yards,79.5,0.179766,0.820234,1194,POSITION_2024_EMPIRICAL,,,,,False
,,2026_05_HOU_TEN,2026,5,2026-10-11T17:00:00+00:00,TEN,00-0035261,T.Pollard,RB,rushing_yards,99.5,0.087793,0.912207,1194,POSITION_2024_EMPIRICAL,,,,,False
,,2026_05_HOU_TEN,2026,5,2026-10-11T17:00:00+00:00,TEN,00-0035261,T.Pollard,RB,rushing_yards,124.5,0.038462,0.961538,1194,POSITION_2024_EMPIRICAL,,,,,False
,,2026_05_HOU_TEN,2026,5,2026-10-11T17:00:00+00:00,TEN,00-0038115,D.Bellinger,TE,receiving_yards,24.5,0.137998,0.862002,1027,POSITION_2024_EMPIRICAL,,,,,False
,,2026_05_HOU_TEN,2026,5,2026-10-11T17:00:00+00:00,TEN,00-0038115,D.Bellinger,TE,receiving_yards,39.5,0.070943,0.929057,1027,POSITION_2024_EMPIRICAL,,,,,False
,,2026_05_HOU_TEN,2026,5,2026-10-11T17:00:00+00:00,TEN,00-0038115,D.Bellinger,TE,receiving_yards,49.5,0.030126,0.969874,1027,POSITION_2024_EMPIRICAL,,,,,False
,,2026_05_HOU_TEN,2026,5,2026-10-11T17:00:00+00:00,TEN,00-0038115,D.Bellinger,TE,receiving_yards,64.5,0.011662,0.988338,1027,POSITION_2024_EMPIRICAL,,,,,False
,,2026_05_HOU_TEN,2026,5,2026-10-11T17:00:00+00:00,TEN,00-0038115,D.Bellinger,TE,receiving_yards,79.5,0.01,0.99,1027,POSITION_2024_EMPIRICAL,,,,,False
,,2026_05_HOU_TEN,2026,5,2026-10-11T17:00:00+00:00,TEN,00-0038115,D.Bellinger,TE,receiving_yards,99.5,0.01,0.99,1027,POSITION_2024_EMPIRICAL,,,,,False
,,2026_05_HOU_TEN,2026,5,2026-10-11T17:00:00+00:00,TEN,00-0038115,D.Bellinger,TE,receiving_yards,124.5,0.01,0.99,1027,POSITION_2024_EMPIRICAL,,,,,False
,,2026_05_HOU_TEN,2026,5,2026-10-11T17:00:00+00:00,TEN,00-0038115,D.Bellinger,TE,receptions,1.5,0.266731,0.733269,1029,POSITION_2024_EMPIRICAL,,,,,False
,,2026_05_HOU_TEN,2026,5,2026-10-11T17:00:00+00:00,TEN,00-0038115,D.Bellinger,TE,receptions,2.5,0.13676,0.86324,1029,POSITION_2024_EMPIRICAL,,,,,False
,,2026_05_HOU_TEN,2026,5,2026-10-11T17:00:00+00:00,TEN,00-0038115,D.Bellinger,TE,receptions,3.5,0.071775,0.928225,1029,POSITION_2024_EMPIRICAL,,,,,False
,,2026_05_HOU_TEN,2026,5,2026-10-11T17:00:00+00:00,TEN,00-0038115,D.Bellinger,TE,receptions,4.5,0.032978,0.967022,1029,POSITION_2024_EMPIRICAL,,,,,False
,,2026_05_HOU_TEN,2026,5,2026-10-11T17:00:00+00:00,TEN,00-0038115,D.Bellinger,TE,receptions,5.5,0.015519,0.984481,1029,POSITION_2024_EMPIRICAL,,,,,False
,,2026_05_HOU_TEN,2026,5,2026-10-11T17:00:00+00:00,TEN,00-0038115,D.Bellinger,TE,receptions,6.5,0.01,0.99,1029,POSITION_2024_EMPIRICAL,,,,,False
,,2026_05_HOU_TEN,2026,5,2026-10-11T17:00:00+00:00,TEN,00-0038115,D.Bellinger,TE,receptions,7.5,0.01,0.99,1029,POSITION_2024_EMPIRICAL,,,,,False
,,2026_05_HOU_TEN,2026,5,2026-10-11T17:00:00+00:00,TEN,00-0038117,W.Robinson,WR,receiving_yards,24.5,0.519871,0.480129,1860,POSITION_2024_EMPIRICAL,,,,,False
,,2026_05_HOU_TEN,2026,5,2026-10-11T17:00:00+00:00,TEN,00-0038117,W.Robinson,WR,receiving_yards,39.5,0.252954,0.747046,1860,POSITION_2024_EMPIRICAL,,,,,False
,,2026_05_HOU_TEN,2026,5,2026-10-11T17:00:00+00:00,TEN,00-0038117,W.Robinson,WR,receiving_yards,49.5,0.156284,0.843716,1860,POSITION_2024_EMPIRICAL,,,,,False
,,2026_05_HOU_TEN,2026,5,2026-10-11T17:00:00+00:00,TEN,00-0038117,W.Robinson,WR,receiving_yards,64.5,0.079484,0.920516,1860,POSITION_2024_EMPIRICAL,,,,,False
,,2026_05_HOU_TEN,2026,5,2026-10-11T17:00:00+00:00,TEN,00-0038117,W.Robinson,WR,receiving_yards,79.5,0.037057,0.962943,1860,POSITION_2024_EMPIRICAL,,,,,False
,,2026_05_HOU_TEN,2026,5,2026-10-11T17:00:00+00:00,TEN,00-0038117,W.Robinson,WR,receiving_yards,99.5,0.016112,0.983888,1860,POSITION_2024_EMPIRICAL,,,,,False
,,2026_05_HOU_TEN,2026,5,2026-10-11T17:00:00+00:00,TEN,00-0038117,W.Robinson,WR,receiving_yards,124.5,0.01,0.99,1860,POSITION_2024_EMPIRICAL,,,,,False
,,2026_05_HOU_TEN,2026,5,2026-10-11T17:00:00+00:00,TEN,00-0038117,W.Robinson,WR,receptions,1.5,0.843148,0.156852,1866,POSITION_2024_EMPIRICAL,,,,,False
,,2026_05_HOU_TEN,2026,5,2026-10-11T17:00:00+00:00,TEN,00-0038117,W.Robinson,WR,receptions,2.5,0.722698,0.277302,1866,POSITION_2024_EMPIRICAL,,,,,False
,,2026_05_HOU_TEN,2026,5,2026-10-11T17:00:00+00:00,TEN,00-0038117,W.Robinson,WR,receptions,3.5,0.486617,0.513383,1866,POSITION_2024_EMPIRICAL,,,,,False
,,2026_05_HOU_TEN,2026,5,2026-10-11T17:00:00+00:00,TEN,00-0038117,W.Robinson,WR,receptions,4.5,0.312634,0.687366,1866,POSITION_2024_EMPIRICAL,,,,,False
,,2026_05_HOU_TEN,2026,5,2026-10-11T17:00:00+00:00,TEN,00-0038117,W.Robinson,WR,receptions,5.5,0.195931,0.804069,1866,POSITION_2024_EMPIRICAL,,,,,False
,,2026_05_HOU_TEN,2026,5,2026-10-11T17:00:00+00:00,TEN,00-0038117,W.Robinson,WR,receptions,6.5,0.124732,0.875268,1866,POSITION_2024_EMPIRICAL,,,,,False
,,2026_05_HOU_TEN,2026,5,2026-10-11T17:00:00+00:00,TEN,00-0038117,W.Robinson,WR,receptions,7.5,0.072805,0.927195,1866,POSITION_2024_EMPIRICAL,,,,,False
,,2026_05_HOU_TEN,2026,5,2026-10-11T17:00:00+00:00,TEN,00-0038117,W.Robinson,WR,rushing_yards,19.5,0.013423,0.986577,445,POSITION_2024_EMPIRICAL,,,,,False
,,2026_05_HOU_TEN,2026,5,2026-10-11T17:00:00+00:00,TEN,00-0038117,W.Robinson,WR,rushing_yards,34.5,0.01,0.99,445,POSITION_2024_EMPIRICAL,,,,,False
,,2026_05_HOU_TEN,2026,5,2026-10-11T17:00:00+00:00,TEN,00-0038117,W.Robinson,WR,rushing_yards,49.5,0.01,0.99,445,POSITION_2024_EMPIRICAL,,,,,False
,,2026_05_HOU_TEN,2026,5,2026-10-11T17:00:00+00:00,TEN,00-0038117,W.Robinson,WR,rushing_yards,64.5,0.01,0.99,445,POSITION_2024_EMPIRICAL,,,,,False
,,2026_05_HOU_TEN,2026,5,2026-10-11T17:00:00+00:00,TEN,00-0038117,W.Robinson,WR,rushing_yards,79.5,0.01,0.99,445,POSITION_2024_EMPIRICAL,,,,,False
,,2026_05_HOU_TEN,2026,5,2026-10-11T17:00:00+00:00,TEN,00-0038117,W.Robinson,WR,rushing_yards,99.5,0.01,0.99,445,POSITION_2024_EMPIRICAL,,,,,False
,,2026_05_HOU_TEN,2026,5,2026-10-11T17:00:00+00:00,TEN,00-0038117,W.Robinson,WR,rushing_yards,124.5,0.01,0.99,445,POSITION_2024_EMPIRICAL,,,,,False
,,2026_05_HOU_TEN,2026,5,2026-10-11T17:00:00+00:00,TEN,00-0039032,T.Spears,RB,receiving_yards,24.5,0.114583,0.885417,1054,POSITION_2024_EMPIRICAL,,,,,False
,,2026_05_HOU_TEN,2026,5,2026-10-11T17:00:00+00:00,TEN,00-0039032,T.Spears,RB,receiving_yards,39.5,0.045455,0.954545,1054,POSITION_2024_EMPIRICAL,,,,,False
,,2026_05_HOU_TEN,2026,5,2026-10-11T17:00:00+00:00,TEN,00-0039032,T.Spears,RB,receiving_yards,49.5,0.028409,0.971591,1054,POSITION_2024_EMPIRICAL,,,,,False
,,2026_05_HOU_TEN,2026,5,2026-10-11T17:00:00+00:00,TEN,00-0039032,T.Spears,RB,receiving_yards,64.5,0.010417,0.989583,1054,POSITION_2024_EMPIRICAL,,,,,False
,,2026_05_HOU_TEN,2026,5,2026-10-11T17:00:00+00:00,TEN,00-0039032,T.Spears,RB,receiving_yards,79.5,0.01,0.99,1054,POSITION_2024_EMPIRICAL,,,,,False
,,2026_05_HOU_TEN,2026,5,2026-10-11T17:00:00+00:00,TEN,00-0039032,T.Spears,RB,receiving_yards,99.5,0.01,0.99,1054,POSITION_2024_EMPIRICAL,,,,,False
,,2026_05_HOU_TEN,2026,5,2026-10-11T17:00:00+00:00,TEN,00-0039032,T.Spears,RB,receiving_yards,124.5,0.01,0.99,1054,POSITION_2024_EMPIRICAL,,,,,False
,,2026_05_HOU_TEN,2026,5,2026-10-11T17:00:00+00:00,TEN,00-0039032,T.Spears,RB,receptions,1.5,0.298521,0.701479,1080,POSITION_2024_EMPIRICAL,,,,,False
,,2026_05_HOU_TEN,2026,5,2026-10-11T17:00:00+00:00,TEN,00-0039032,T.Spears,RB,receptions,2.5,0.14695,0.85305,1080,POSITION_2024_EMPIRICAL,,,,,False
,,2026_05_HOU_TEN,2026,5,2026-10-11T17:00:00+00:00,TEN,00-0039032,T.Spears,RB,receptions,3.5,0.067468,0.932532,1080,POSITION_2024_EMPIRICAL,,,,,False
,,2026_05_HOU_TEN,2026,5,2026-10-11T17:00:00+00:00,TEN,00-0039032,T.Spears,RB,receptions,4.5,0.021257,0.978743,1080,POSITION_2024_EMPIRICAL,,,,,False
,,2026_05_HOU_TEN,2026,5,2026-10-11T17:00:00+00:00,TEN,00-0039032,T.Spears,RB,receptions,5.5,0.012015,0.987985,1080,POSITION_2024_EMPIRICAL,,,,,False
,,2026_05_HOU_TEN,2026,5,2026-10-11T17:00:00+00:00,TEN,00-0039032,T.Spears,RB,receptions,6.5,0.01,0.99,1080,POSITION_2024_EMPIRICAL,,,,,False
,,2026_05_HOU_TEN,2026,5,2026-10-11T17:00:00+00:00,TEN,00-0039032,T.Spears,RB,receptions,7.5,0.01,0.99,1080,POSITION_2024_EMPIRICAL,,,,,False
,,2026_05_HOU_TEN,2026,5,2026-10-11T17:00:00+00:00,TEN,00-0039032,T.Spears,RB,rushing_yards,19.5,0.311873,0.688127,1194,POSITION_2024_EMPIRICAL,,,,,False
,,2026_05_HOU_TEN,2026,5,2026-10-11T17:00:00+00:00,TEN,00-0039032,T.Spears,RB,rushing_yards,34.5,0.146321,0.853679,1194,POSITION_2024_EMPIRICAL,,,,,False
,,2026_05_HOU_TEN,2026,5,2026-10-11T17:00:00+00:00,TEN,00-0039032,T.Spears,RB,rushing_yards,49.5,0.061037,0.938963,1194,POSITION_2024_EMPIRICAL,,,,,False
,,2026_05_HOU_TEN,2026,5,2026-10-11T17:00:00+00:00,TEN,00-0039032,T.Spears,RB,rushing_yards,64.5,0.026756,0.973244,1194,POSITION_2024_EMPIRICAL,,,,,False
,,2026_05_HOU_TEN,2026,5,2026-10-11T17:00:00+00:00,TEN,00-0039032,T.Spears,RB,rushing_yards,79.5,0.012542,0.987458,1194,POSITION_2024_EMPIRICAL,,,,,False
,,2026_05_HOU_TEN,2026,5,2026-10-11T17:00:00+00:00,TEN,00-0039032,T.Spears,RB,rushing_yards,99.5,0.01,0.99,1194,POSITION_2024_EMPIRICAL,,,,,False
,,2026_05_HOU_TEN,2026,5,2026-10-11T17:00:00+00:00,TEN,00-0039032,T.Spears,RB,rushing_yards,124.5,0.01,0.99,1194,POSITION_2024_EMPIRICAL,,,,,False
,,2026_05_HOU_TEN,2026,5,2026-10-11T17:00:00+00:00,TEN,00-0040170,E.Ayomanor,WR,receiving_yards,24.5,0.45435,0.54565,1860,POSITION_2024_EMPIRICAL,,,,,False
,,2026_05_HOU_TEN,2026,5,2026-10-11T17:00:00+00:00,TEN,00-0040170,E.Ayomanor,WR,receiving_yards,39.5,0.225564,0.774436,1860,POSITION_2024_EMPIRICAL,,,,,False
,,2026_05_HOU_TEN,2026,5,2026-10-11T17:00:00+00:00,TEN,00-0040170,E.Ayomanor,WR,receiving_yards,49.5,0.137487,0.862513,1860,POSITION_2024_EMPIRICAL,,,,,False
,,2026_05_HOU_TEN,2026,5,2026-10-11T17:00:00+00:00,TEN,00-0040170,E.Ayomanor,WR,receiving_yards,64.5,0.066595,0.933405,1860,POSITION_2024_EMPIRICAL,,,,,False
,,2026_05_HOU_TEN,2026,5,2026-10-11T17:00:00+00:00,TEN,00-0040170,E.Ayomanor,WR,receiving_yards,79.5,0.032223,0.967777,1860,POSITION_2024_EMPIRICAL,,,,,False
,,2026_05_HOU_TEN,2026,5,2026-10-11T17:00:00+00:00,TEN,00-0040170,E.Ayomanor,WR,receiving_yards,99.5,0.014501,0.985499,1860,POSITION_2024_EMPIRICAL,,,,,False
,,2026_05_HOU_TEN,2026,5,2026-10-11T17:00:00+00:00,TEN,00-0040170,E.Ayomanor,WR,receiving_yards,124.5,0.01,0.99,1860,POSITION_2024_EMPIRICAL,,,,,False
,,2026_05_HOU_TEN,2026,5,2026-10-11T17:00:00+00:00,TEN,00-0040170,E.Ayomanor,WR,receptions,1.5,0.325482,0.674518,1866,POSITION_2024_EMPIRICAL,,,,,False
,,2026_05_HOU_TEN,2026,5,2026-10-11T17:00:00+00:00,TEN,00-0040170,E.Ayomanor,WR,receptions,2.5,0.171306,0.828694,1866,POSITION_2024_EMPIRICAL,,,,,False
,,2026_05_HOU_TEN,2026,5,2026-10-11T17:00:00+00:00,TEN,00-0040170,E.Ayomanor,WR,receptions,3.5,0.08137,0.91863,1866,POSITION_2024_EMPIRICAL,,,,,False
,,2026_05_HOU_TEN,2026,5,2026-10-11T17:00:00+00:00,TEN,00-0040170,E.Ayomanor,WR,receptions,4.5,0.035867,0.964133,1866,POSITION_2024_EMPIRICAL,,,,,False
,,2026_05_HOU_TEN,2026,5,2026-10-11T17:00:00+00:00,TEN,00-0040170,E.Ayomanor,WR,receptions,5.5,0.011777,0.988223,1866,POSITION_2024_EMPIRICAL,,,,,False
,,2026_05_HOU_TEN,2026,5,2026-10-11T17:00:00+00:00,TEN,00-0040170,E.Ayomanor,WR,receptions,6.5,0.01,0.99,1866,POSITION_2024_EMPIRICAL,,,,,False
,,2026_05_HOU_TEN,2026,5,2026-10-11T17:00:00+00:00,TEN,00-0040170,E.Ayomanor,WR,receptions,7.5,0.01,0.99,1866,POSITION_2024_EMPIRICAL,,,,,False
,,2026_05_HOU_TEN,2026,5,2026-10-11T17:00:00+00:00,TEN,00-0040584,G.Helm,TE,receiving_yards,24.5,0.234208,0.765792,1027,POSITION_2024_EMPIRICAL,,,,,False
,,2026_05_HOU_TEN,2026,5,2026-10-11T17:00:00+00:00,TEN,00-0040584,G.Helm,TE,receiving_yards,39.5,0.103984,0.896016,1027,POSITION_2024_EMPIRICAL,,,,,False
,,2026_05_HOU_TEN,2026,5,2026-10-11T17:00:00+00:00,TEN,00-0040584,G.Helm,TE,receiving_yards,49.5,0.06414,0.93586,1027,POSITION_2024_EMPIRICAL,,,,,False
,,2026_05_HOU_TEN,2026,5,2026-10-11T17:00:00+00:00,TEN,00-0040584,G.Helm,TE,receiving_yards,64.5,0.019436,0.980564,1027,POSITION_2024_EMPIRICAL,,,,,False
,,2026_05_HOU_TEN,2026,5,2026-10-11T17:00:00+00:00,TEN,00-0040584,G.Helm,TE,receiving_yards,79.5,0.01,0.99,1027,POSITION_2024_EMPIRICAL,,,,,False
,,2026_05_HOU_TEN,2026,5,2026-10-11T17:00:00+00:00,TEN,00-0040584,G.Helm,TE,receiving_yards,99.5,0.01,0.99,1027,POSITION_2024_EMPIRICAL,,,,,False
,,2026_05_HOU_TEN,2026,5,2026-10-11T17:00:00+00:00,TEN,00-0040584,G.Helm,TE,receiving_yards,124.5,0.01,0.99,1027,POSITION_2024_EMPIRICAL,,,,,False
,,2026_05_HOU_TEN,2026,5,2026-10-11T17:00:00+00:00,TEN,00-0040584,G.Helm,TE,receptions,1.5,0.604268,0.395732,1029,POSITION_2024_EMPIRICAL,,,,,False
,,2026_05_HOU_TEN,2026,5,2026-10-11T17:00:00+00:00,TEN,00-0040584,G.Helm,TE,receptions,2.5,0.317168,0.682832,1029,POSITION_2024_EMPIRICAL,,,,,False
,,2026_05_HOU_TEN,2026,5,2026-10-11T17:00:00+00:00,TEN,00-0040584,G.Helm,TE,receptions,3.5,0.164888,0.835112,1029,POSITION_2024_EMPIRICAL,,,,,False
,,2026_05_HOU_TEN,2026,5,2026-10-11T17:00:00+00:00,TEN,00-0040584,G.Helm,TE,receptions,4.5,0.083414,0.916586,1029,POSITION_2024_EMPIRICAL,,,,,False
,,2026_05_HOU_TEN,2026,5,2026-10-11T17:00:00+00:00,TEN,00-0040584,G.Helm,TE,receptions,5.5,0.041707,0.958293,1029,POSITION_2024_EMPIRICAL,,,,,False
,,2026_05_HOU_TEN,2026,5,2026-10-11T17:00:00+00:00,TEN,00-0040584,G.Helm,TE,receptions,6.5,0.017459,0.982541,1029,POSITION_2024_EMPIRICAL,,,,,False
,,2026_05_HOU_TEN,2026,5,2026-10-11T17:00:00+00:00,TEN,00-0040584,G.Helm,TE,receptions,7.5,0.01,0.99,1029,POSITION_2024_EMPIRICAL,,,,,False
,,2026_05_HOU_TEN,2026,5,2026-10-11T17:00:00+00:00,TEN,00-0040676,C.Ward,QB,passing_yards,149.5,0.64794,0.35206,532,POSITION_2024_EMPIRICAL,,,,,False
,,2026_05_HOU_TEN,2026,5,2026-10-11T17:00:00+00:00,TEN,00-0040676,C.Ward,QB,passing_yards,174.5,0.544944,0.455056,532,POSITION_2024_EMPIRICAL,,,,,False
,,2026_05_HOU_TEN,2026,5,2026-10-11T17:00:00+00:00,TEN,00-0040676,C.Ward,QB,passing_yards,199.5,0.382022,0.617978,532,POSITION_2024_EMPIRICAL,,,,,False
,,2026_05_HOU_TEN,2026,5,2026-10-11T17:00:00+00:00,TEN,00-0040676,C.Ward,QB,passing_yards,224.5,0.280899,0.719101,532,POSITION_2024_EMPIRICAL,,,,,False
,,2026_05_HOU_TEN,2026,5,2026-10-11T17:00:00+00:00,TEN,00-0040676,C.Ward,QB,passing_yards,249.5,0.207865,0.792135,532,POSITION_2024_EMPIRICAL,,,,,False
,,2026_05_HOU_TEN,2026,5,2026-10-11T17:00:00+00:00,TEN,00-0040676,C.Ward,QB,passing_yards,274.5,0.149813,0.850187,532,POSITION_2024_EMPIRICAL,,,,,False
,,2026_05_HOU_TEN,2026,5,2026-10-11T17:00:00+00:00,TEN,00-0040676,C.Ward,QB,passing_yards,299.5,0.095506,0.904494,532,POSITION_2024_EMPIRICAL,,,,,False
,,2026_05_HOU_TEN,2026,5,2026-10-11T17:00:00+00:00,TEN,00-0040676,C.Ward,QB,rushing_yards,19.5,0.242236,0.757764,481,POSITION_2024_EMPIRICAL,,,,,False
,,2026_05_HOU_TEN,2026,5,2026-10-11T17:00:00+00:00,TEN,00-0040676,C.Ward,QB,rushing_yards,34.5,0.118012,0.881988,481,POSITION_2024_EMPIRICAL,,,,,False
,,2026_05_HOU_TEN,2026,5,2026-10-11T17:00:00+00:00,TEN,00-0040676,C.Ward,QB,rushing_yards,49.5,0.043478,0.956522,481,POSITION_2024_EMPIRICAL,,,,,False
,,2026_05_HOU_TEN,2026,5,2026-10-11T17:00:00+00:00,TEN,00-0040676,C.Ward,QB,rushing_yards,64.5,0.016563,0.983437,481,POSITION_2024_EMPIRICAL,,,,,False
,,2026_05_HOU_TEN,2026,5,2026-10-11T17:00:00+00:00,TEN,00-0040676,C.Ward,QB,rushing_yards,79.5,0.01,0.99,481,POSITION_2024_EMPIRICAL,,,,,False
,,2026_05_HOU_TEN,2026,5,2026-10-11T17:00:00+00:00,TEN,00-0040676,C.Ward,QB,rushing_yards,99.5,0.01,0.99,481,POSITION_2024_EMPIRICAL,,,,,False
,,2026_05_HOU_TEN,2026,5,2026-10-11T17:00:00+00:00,TEN,00-0040676,C.Ward,QB,rushing_yards,124.5,0.01,0.99,481,POSITION_2024_EMPIRICAL,,,,,False
,,2026_05_HOU_TEN,2026,5,2026-10-11T17:00:00+00:00,TEN,00-0040705,C.Dike,WR,receiving_yards,24.5,0.156821,0.843179,1860,POSITION_2024_EMPIRICAL,,,,,False
,,2026_05_HOU_TEN,2026,5,2026-10-11T17:00:00+00:00,TEN,00-0040705,C.Dike,WR,receiving_yards,39.5,0.079484,0.920516,1860,POSITION_2024_EMPIRICAL,,,,,False
,,2026_05_HOU_TEN,2026,5,2026-10-11T17:00:00+00:00,TEN,00-0040705,C.Dike,WR,receiving_yards,49.5,0.047798,0.952202,1860,POSITION_2024_EMPIRICAL,,,,,False
,,2026_05_HOU_TEN,2026,5,2026-10-11T17:00:00+00:00,TEN,00-0040705,C.Dike,WR,receiving_yards,64.5,0.022556,0.977444,1860,POSITION_2024_EMPIRICAL,,,,,False
,,2026_05_HOU_TEN,2026,5,2026-10-11T17:00:00+00:00,TEN,00-0040705,C.Dike,WR,receiving_yards,79.5,0.012889,0.987111,1860,POSITION_2024_EMPIRICAL,,,,,False
,,2026_05_HOU_TEN,2026,5,2026-10-11T17:00:00+00:00,TEN,00-0040705,C.Dike,WR,receiving_yards,99.5,0.01,0.99,1860,POSITION_2024_EMPIRICAL,,,,,False
,,2026_05_HOU_TEN,2026,5,2026-10-11T17:00:00+00:00,TEN,00-0040705,C.Dike,WR,receiving_yards,124.5,0.01,0.99,1860,POSITION_2024_EMPIRICAL,,,,,False
,,2026_05_HOU_TEN,2026,5,2026-10-11T17:00:00+00:00,TEN,00-0040705,C.Dike,WR,receptions,1.5,0.239829,0.760171,1866,POSITION_2024_EMPIRICAL,,,,,False
,,2026_05_HOU_TEN,2026,5,2026-10-11T17:00:00+00:00,TEN,00-0040705,C.Dike,WR,receptions,2.5,0.114561,0.885439,1866,POSITION_2024_EMPIRICAL,,,,,False
,,2026_05_HOU_TEN,2026,5,2026-10-11T17:00:00+00:00,TEN,00-0040705,C.Dike,WR,receptions,3.5,0.05621,0.94379,1866,POSITION_2024_EMPIRICAL,,,,,False
,,2026_05_HOU_TEN,2026,5,2026-10-11T17:00:00+00:00,TEN,00-0040705,C.Dike,WR,receptions,4.5,0.021949,0.978051,1866,POSITION_2024_EMPIRICAL,,,,,False
,,2026_05_HOU_TEN,2026,5,2026-10-11T17:00:00+00:00,TEN,00-0040705,C.Dike,WR,receptions,5.5,0.01,0.99,1866,POSITION_2024_EMPIRICAL,,,,,False
,,2026_05_HOU_TEN,2026,5,2026-10-11T17:00:00+00:00,TEN,00-0040705,C.Dike,WR,receptions,6.5,0.01,0.99,1866,POSITION_2024_EMPIRICAL,,,,,False
,,2026_05_HOU_TEN,2026,5,2026-10-11T17:00:00+00:00,TEN,00-0040705,C.Dike,WR,receptions,7.5,0.01,0.99,1866,POSITION_2024_EMPIRICAL,,,,,False
,,2026_05_HOU_TEN,2026,5,2026-10-11T17:00:00+00:00,TEN,00-0041438,C.Tate,WR,receiving_yards,24.5,0.831901,0.168099,1860,POSITION_2024_EMPIRICAL,,,,,False
,,2026_05_HOU_TEN,2026,5,2026-10-11T17:00:00+00:00,TEN,00-0041438,C.Tate,WR,receiving_yards,39.5,0.703008,0.296992,1860,POSITION_2024_EMPIRICAL,,,,,False
,,2026_05_HOU_TEN,2026,5,2026-10-11T17:00:00+00:00,TEN,00-0041438,C.Tate,WR,receiving_yards,49.5,0.593985,0.406015,1860,POSITION_2024_EMPIRICAL,,,,,False
,,2026_05_HOU_TEN,2026,5,2026-10-11T17:00:00+00:00,TEN,00-0041438,C.Tate,WR,receiving_yards,64.5,0.393126,0.606874,1860,POSITION_2024_EMPIRICAL,,,,,False
,,2026_05_HOU_TEN,2026,5,2026-10-11T17:00:00+00:00,TEN,00-0041438,C.Tate,WR,receiving_yards,79.5,0.280881,0.719119,1860,POSITION_2024_EMPIRICAL,,,,,False
,,2026_05_HOU_TEN,2026,5,2026-10-11T17:00:00+00:00,TEN,00-0041438,C.Tate,WR,receiving_yards,99.5,0.167562,0.832438,1860,POSITION_2024_EMPIRICAL,,,,,False
,,2026_05_HOU_TEN,2026,5,2026-10-11T17:00:00+00:00,TEN,00-0041438,C.Tate,WR,receiving_yards,124.5,0.09667,0.90333,1860,POSITION_2024_EMPIRICAL,,,,,False
,,2026_05_HOU_TEN,2026,5,2026-10-11T17:00:00+00:00,TEN,00-0041438,C.Tate,WR,receptions,1.5,0.897752,0.102248,1866,POSITION_2024_EMPIRICAL,,,,,False
,,2026_05_HOU_TEN,2026,5,2026-10-11T17:00:00+00:00,TEN,00-0041438,C.Tate,WR,receptions,2.5,0.816381,0.183619,1866,POSITION_2024_EMPIRICAL,,,,,False
,,2026_05_HOU_TEN,2026,5,2026-10-11T17:00:00+00:00,TEN,00-0041438,C.Tate,WR,receptions,3.5,0.723233,0.276767,1866,POSITION_2024_EMPIRICAL,,,,,False
,,2026_05_HOU_TEN,2026,5,2026-10-11T17:00:00+00:00,TEN,00-0041438,C.Tate,WR,receptions,4.5,0.551927,0.448073,1866,POSITION_2024_EMPIRICAL,,,,,False
,,2026_05_HOU_TEN,2026,5,2026-10-11T17:00:00+00:00,TEN,00-0041438,C.Tate,WR,receptions,5.5,0.366702,0.633298,1866,POSITION_2024_EMPIRICAL,,,,,False
,,2026_05_HOU_TEN,2026,5,2026-10-11T17:00:00+00:00,TEN,00-0041438,C.Tate,WR,receptions,6.5,0.277302,0.722698,1866,POSITION_2024_EMPIRICAL,,,,,False
,,2026_05_HOU_TEN,2026,5,2026-10-11T17:00:00+00:00,TEN,00-0041438,C.Tate,WR,receptions,7.5,0.19379,0.80621,1866,POSITION_2024_EMPIRICAL,,,,,False
,,2026_05_IND_PIT,2026,5,2026-10-11T17:00:00+00:00,IND,00-0030279,K.Allen,WR,receiving_yards,24.5,0.570354,0.429646,1860,POSITION_2024_EMPIRICAL,,,,,False
,,2026_05_IND_PIT,2026,5,2026-10-11T17:00:00+00:00,IND,00-0030279,K.Allen,WR,receiving_yards,39.5,0.294307,0.705693,1860,POSITION_2024_EMPIRICAL,,,,,False
,,2026_05_IND_PIT,2026,5,2026-10-11T17:00:00+00:00,IND,00-0030279,K.Allen,WR,receiving_yards,49.5,0.187433,0.812567,1860,POSITION_2024_EMPIRICAL,,,,,False
,,2026_05_IND_PIT,2026,5,2026-10-11T17:00:00+00:00,IND,00-0030279,K.Allen,WR,receiving_yards,64.5,0.099356,0.900644,1860,POSITION_2024_EMPIRICAL,,,,,False
,,2026_05_IND_PIT,2026,5,2026-10-11T17:00:00+00:00,IND,00-0030279,K.Allen,WR,receiving_yards,79.5,0.049409,0.950591,1860,POSITION_2024_EMPIRICAL,,,,,False
,,2026_05_IND_PIT,2026,5,2026-10-11T17:00:00+00:00,IND,00-0030279,K.Allen,WR,receiving_yards,99.5,0.020408,0.979592,1860,POSITION_2024_EMPIRICAL,,,,,False
,,2026_05_IND_PIT,2026,5,2026-10-11T17:00:00+00:00,IND,00-0030279,K.Allen,WR,receiving_yards,124.5,0.01,0.99,1860,POSITION_2024_EMPIRICAL,,,,,False
,,2026_05_IND_PIT,2026,5,2026-10-11T17:00:00+00:00,IND,00-0030279,K.Allen,WR,receptions,1.5,0.858672,0.141328,1866,POSITION_2024_EMPIRICAL,,,,,False
,,2026_05_IND_PIT,2026,5,2026-10-11T17:00:00+00:00,IND,00-0030279,K.Allen,WR,receptions,2.5,0.744111,0.255889,1866,POSITION_2024_EMPIRICAL,,,,,False
,,2026_05_IND_PIT,2026,5,2026-10-11T17:00:00+00:00,IND,00-0030279,K.Allen,WR,receptions,3.5,0.552463,0.447537,1866,POSITION_2024_EMPIRICAL,,,,,False
,,2026_05_IND_PIT,2026,5,2026-10-11T17:00:00+00:00,IND,00-0030279,K.Allen,WR,receptions,4.5,0.361349,0.638651,1866,POSITION_2024_EMPIRICAL,,,,,False
,,2026_05_IND_PIT,2026,5,2026-10-11T17:00:00+00:00,IND,00-0030279,K.Allen,WR,receptions,5.5,0.238758,0.761242,1866,POSITION_2024_EMPIRICAL,,,,,False
,,2026_05_IND_PIT,2026,5,2026-10-11T17:00:00+00:00,IND,00-0030279,K.Allen,WR,receptions,6.5,0.152034,0.847966,1866,POSITION_2024_EMPIRICAL,,,,,False
,,2026_05_IND_PIT,2026,5,2026-10-11T17:00:00+00:00,IND,00-0030279,K.Allen,WR,receptions,7.5,0.094754,0.905246,1866,POSITION_2024_EMPIRICAL,,,,,False
,,2026_05_IND_PIT,2026,5,2026-10-11T17:00:00+00:00,IND,00-0032951,L.Treadwell,WR,receiving_yards,24.5,0.519871,0.480129,1860,POSITION_2024_EMPIRICAL,,,,,False
,,2026_05_IND_PIT,2026,5,2026-10-11T17:00:00+00:00,IND,00-0032951,L.Treadwell,WR,receiving_yards,39.5,0.252954,0.747046,1860,POSITION_2024_EMPIRICAL,,,,,False
,,2026_05_IND_PIT,2026,5,2026-10-11T17:00:00+00:00,IND,00-0032951,L.Treadwell,WR,receiving_yards,49.5,0.156284,0.843716,1860,POSITION_2024_EMPIRICAL,,,,,False
,,2026_05_IND_PIT,2026,5,2026-10-11T17:00:00+00:00,IND,00-0032951,L.Treadwell,WR,receiving_yards,64.5,0.079484,0.920516,1860,POSITION_2024_EMPIRICAL,,,,,False
,,2026_05_IND_PIT,2026,5,2026-10-11T17:00:00+00:00,IND,00-0032951,L.Treadwell,WR,receiving_yards,79.5,0.037057,0.962943,1860,POSITION_2024_EMPIRICAL,,,,,False
,,2026_05_IND_PIT,2026,5,2026-10-11T17:00:00+00:00,IND,00-0032951,L.Treadwell,WR,receiving_yards,99.5,0.016112,0.983888,1860,POSITION_2024_EMPIRICAL,,,,,False
,,2026_05_IND_PIT,2026,5,2026-10-11T17:00:00+00:00,IND,00-0032951,L.Treadwell,WR,receiving_yards,124.5,0.01,0.99,1860,POSITION_2024_EMPIRICAL,,,,,False
,,2026_05_IND_PIT,2026,5,2026-10-11T17:00:00+00:00,IND,00-0032951,L.Treadwell,WR,receptions,1.5,0.62152,0.37848,1866,POSITION_2024_EMPIRICAL,,,,,False
,,2026_05_IND_PIT,2026,5,2026-10-11T17:00:00+00:00,IND,00-0032951,L.Treadwell,WR,receptions,2.5,0.325482,0.674518,1866,POSITION_2024_EMPIRICAL,,,,,False
,,2026_05_IND_PIT,2026,5,2026-10-11T17:00:00+00:00,IND,00-0032951,L.Treadwell,WR,receptions,3.5,0.171306,0.828694,1866,POSITION_2024_EMPIRICAL,,,,,False
,,2026_05_IND_PIT,2026,5,2026-10-11T17:00:00+00:00,IND,00-0032951,L.Treadwell,WR,receptions,4.5,0.08137,0.91863,1866,POSITION_2024_EMPIRICAL,,,,,False
,,2026_05_IND_PIT,2026,5,2026-10-11T17:00:00+00:00,IND,00-0032951,L.Treadwell,WR,receptions,5.5,0.035867,0.964133,1866,POSITION_2024_EMPIRICAL,,,,,False
,,2026_05_IND_PIT,2026,5,2026-10-11T17:00:00+00:00,IND,00-0032951,L.Treadwell,WR,receptions,6.5,0.011777,0.988223,1866,POSITION_2024_EMPIRICAL,,,,,False
,,2026_05_IND_PIT,2026,5,2026-10-11T17:00:00+00:00,IND,00-0032951,L.Treadwell,WR,receptions,7.5,0.01,0.99,1866,POSITION_2024_EMPIRICAL,,,,,False
,,2026_05_IND_PIT,2026,5,2026-10-11T17:00:00+00:00,IND,00-0035710,D.Jones,QB,passing_yards,149.5,0.64794,0.35206,532,POSITION_2024_EMPIRICAL,,,,,False
,,2026_05_IND_PIT,2026,5,2026-10-11T17:00:00+00:00,IND,00-0035710,D.Jones,QB,passing_yards,174.5,0.544944,0.455056,532,POSITION_2024_EMPIRICAL,,,,,False
,,2026_05_IND_PIT,2026,5,2026-10-11T17:00:00+00:00,IND,00-0035710,D.Jones,QB,passing_yards,199.5,0.389513,0.610487,532,POSITION_2024_EMPIRICAL,,,,,False
,,2026_05_IND_PIT,2026,5,2026-10-11T17:00:00+00:00,IND,00-0035710,D.Jones,QB,passing_yards,224.5,0.280899,0.719101,532,POSITION_2024_EMPIRICAL,,,,,False
,,2026_05_IND_PIT,2026,5,2026-10-11T17:00:00+00:00,IND,00-0035710,D.Jones,QB,passing_yards,249.5,0.207865,0.792135,532,POSITION_2024_EMPIRICAL,,,,,False
,,2026_05_IND_PIT,2026,5,2026-10-11T17:00:00+00:00,IND,00-0035710,D.Jones,QB,passing_yards,274.5,0.157303,0.842697,532,POSITION_2024_EMPIRICAL,,,,,False
,,2026_05_IND_PIT,2026,5,2026-10-11T17:00:00+00:00,IND,00-0035710,D.Jones,QB,passing_yards,299.5,0.099251,0.900749,532,POSITION_2024_EMPIRICAL,,,,,False
,,2026_05_IND_PIT,2026,5,2026-10-11T17:00:00+00:00,IND,00-0035710,D.Jones,QB,rushing_yards,19.5,0.15735,0.84265,481,POSITION_2024_EMPIRICAL,,,,,False
,,2026_05_IND_PIT,2026,5,2026-10-11T17:00:00+00:00,IND,00-0035710,D.Jones,QB,rushing_yards,34.5,0.060041,0.939959,481,POSITION_2024_EMPIRICAL,,,,,False
,,2026_05_IND_PIT,2026,5,2026-10-11T17:00:00+00:00,IND,00-0035710,D.Jones,QB,rushing_yards,49.5,0.024845,0.975155,481,POSITION_2024_EMPIRICAL,,,,,False
,,2026_05_IND_PIT,2026,5,2026-10-11T17:00:00+00:00,IND,00-0035710,D.Jones,QB,rushing_yards,64.5,0.01,0.99,481,POSITION_2024_EMPIRICAL,,,,,False
,,2026_05_IND_PIT,2026,5,2026-10-11T17:00:00+00:00,IND,00-0035710,D.Jones,QB,rushing_yards,79.5,0.01,0.99,481,POSITION_2024_EMPIRICAL,,,,,False
,,2026_05_IND_PIT,2026,5,2026-10-11T17:00:00+00:00,IND,00-0035710,D.Jones,QB,rushing_yards,99.5,0.01,0.99,481,POSITION_2024_EMPIRICAL,,,,,False
,,2026_05_IND_PIT,2026,5,2026-10-11T17:00:00+00:00,IND,00-0035710,D.Jones,QB,rushing_yards,124.5,0.01,0.99,481,POSITION_2024_EMPIRICAL,,,,,False
,,2026_05_IND_PIT,2026,5,2026-10-11T17:00:00+00:00,IND,00-0036223,J.Taylor,RB,receiving_yards,24.5,0.199811,0.800189,1054,POSITION_2024_EMPIRICAL,,,,,False
,,2026_05_IND_PIT,2026,5,2026-10-11T17:00:00+00:00,IND,00-0036223,J.Taylor,RB,receiving_yards,39.5,0.07197,0.92803,1054,POSITION_2024_EMPIRICAL,,,,,False
,,2026_05_IND_PIT,2026,5,2026-10-11T17:00:00+00:00,IND,00-0036223,J.Taylor,RB,receiving_yards,49.5,0.039773,0.960227,1054,POSITION_2024_EMPIRICAL,,,,,False
,,2026_05_IND_PIT,2026,5,2026-10-11T17:00:00+00:00,IND,00-0036223,J.Taylor,RB,receiving_yards,64.5,0.018939,0.981061,1054,POSITION_2024_EMPIRICAL,,,,,False
,,2026_05_IND_PIT,2026,5,2026-10-11T17:00:00+00:00,IND,00-0036223,J.Taylor,RB,receiving_yards,79.5,0.01,0.99,1054,POSITION_2024_EMPIRICAL,,,,,False
,,2026_05_IND_PIT,2026,5,2026-10-11T17:00:00+00:00,IND,00-0036223,J.Taylor,RB,receiving_yards,99.5,0.01,0.99,1054,POSITION_2024_EMPIRICAL,,,,,False
,,2026_05_IND_PIT,2026,5,2026-10-11T17:00:00+00:00,IND,00-0036223,J.Taylor,RB,receiving_yards,124.5,0.01,0.99,1054,POSITION_2024_EMPIRICAL,,,,,False
,,2026_05_IND_PIT,2026,5,2026-10-11T17:00:00+00:00,IND,00-0036223,J.Taylor,RB,receptions,1.5,0.695933,0.304067,1080,POSITION_2024_EMPIRICAL,,,,,False
,,2026_05_IND_PIT,2026,5,2026-10-11T17:00:00+00:00,IND,00-0036223,J.Taylor,RB,receptions,2.5,0.330869,0.669131,1080,POSITION_2024_EMPIRICAL,,,,,False
,,2026_05_IND_PIT,2026,5,2026-10-11T17:00:00+00:00,IND,00-0036223,J.Taylor,RB,receptions,3.5,0.17098,0.82902,1080,POSITION_2024_EMPIRICAL,,,,,False
,,2026_05_IND_PIT,2026,5,2026-10-11T17:00:00+00:00,IND,00-0036223,J.Taylor,RB,receptions,4.5,0.080407,0.919593,1080,POSITION_2024_EMPIRICAL,,,,,False
,,2026_05_IND_PIT,2026,5,2026-10-11T17:00:00+00:00,IND,00-0036223,J.Taylor,RB,receptions,5.5,0.027726,0.972274,1080,POSITION_2024_EMPIRICAL,,,,,False
,,2026_05_IND_PIT,2026,5,2026-10-11T17:00:00+00:00,IND,00-0036223,J.Taylor,RB,receptions,6.5,0.015712,0.984288,1080,POSITION_2024_EMPIRICAL,,,,,False
,,2026_05_IND_PIT,2026,5,2026-10-11T17:00:00+00:00,IND,00-0036223,J.Taylor,RB,receptions,7.5,0.01,0.99,1080,POSITION_2024_EMPIRICAL,,,,,False
,,2026_05_IND_PIT,2026,5,2026-10-11T17:00:00+00:00,IND,00-0036223,J.Taylor,RB,rushing_yards,19.5,0.912207,0.087793,1194,POSITION_2024_EMPIRICAL,,,,,False
,,2026_05_IND_PIT,2026,5,2026-10-11T17:00:00+00:00,IND,00-0036223,J.Taylor,RB,rushing_yards,34.5,0.842809,0.157191,1194,POSITION_2024_EMPIRICAL,,,,,False
,,2026_05_IND_PIT,2026,5,2026-10-11T17:00:00+00:00,IND,00-0036223,J.Taylor,RB,rushing_yards,49.5,0.744147,0.255853,1194,POSITION_2024_EMPIRICAL,,,,,False
,,2026_05_IND_PIT,2026,5,2026-10-11T17:00:00+00:00,IND,00-0036223,J.Taylor,RB,rushing_yards,64.5,0.608696,0.391304,1194,POSITION_2024_EMPIRICAL,,,,,False
,,2026_05_IND_PIT,2026,5,2026-10-11T17:00:00+00:00,IND,00-0036223,J.Taylor,RB,rushing_yards,79.5,0.452341,0.547659,1194,POSITION_2024_EMPIRICAL,,,,,False
,,2026_05_IND_PIT,2026,5,2026-10-11T17:00:00+00:00,IND,00-0036223,J.Taylor,RB,rushing_yards,99.5,0.292642,0.707358,1194,POSITION_2024_EMPIRICAL,,,,,False
,,2026_05_IND_PIT,2026,5,2026-10-11T17:00:00+00:00,IND,00-0036223,J.Taylor,RB,rushing_yards,124.5,0.180602,0.819398,1194,POSITION_2024_EMPIRICAL,,,,,False
,,2026_05_IND_PIT,2026,5,2026-10-11T17:00:00+00:00,IND,00-0038997,J.Downs,WR,receiving_yards,24.5,0.750269,0.249731,1860,POSITION_2024_EMPIRICAL,,,,,False
,,2026_05_IND_PIT,2026,5,2026-10-11T17:00:00+00:00,IND,00-0038997,J.Downs,WR,receiving_yards,39.5,0.547798,0.452202,1860,POSITION_2024_EMPIRICAL,,,,,False
,,2026_05_IND_PIT,2026,5,2026-10-11T17:00:00+00:00,IND,00-0038997,J.Downs,WR,receiving_yards,49.5,0.377551,0.622449,1860,POSITION_2024_EMPIRICAL,,,,,False
,,2026_05_IND_PIT,2026,5,2026-10-11T17:00:00+00:00,IND,00-0038997,J.Downs,WR,receiving_yards,64.5,0.244361,0.755639,1860,POSITION_2024_EMPIRICAL,,,,,False
,,2026_05_IND_PIT,2026,5,2026-10-11T17:00:00+00:00,IND,00-0038997,J.Downs,WR,receiving_yards,79.5,0.15145,0.84855,1860,POSITION_2024_EMPIRICAL,,,,,False
,,2026_05_IND_PIT,2026,5,2026-10-11T17:00:00+00:00,IND,00-0038997,J.Downs,WR,receiving_yards,99.5,0.081096,0.918904,1860,POSITION_2024_EMPIRICAL,,,,,False
,,2026_05_IND_PIT,2026,5,2026-10-11T17:00:00+00:00,IND,00-0038997,J.Downs,WR,receiving_yards,124.5,0.035983,0.964017,1860,POSITION_2024_EMPIRICAL,,,,,False
,,2026_05_IND_PIT,2026,5,2026-10-11T17:00:00+00:00,IND,00-0038997,J.Downs,WR,receptions,1.5,0.857066,0.142934,1866,POSITION_2024_EMPIRICAL,,,,,False
,,2026_05_IND_PIT,2026,5,2026-10-11T17:00:00+00:00,IND,00-0038997,J.Downs,WR,receptions,2.5,0.738758,0.261242,1866,POSITION_2024_EMPIRICAL,,,,,False
,,2026_05_IND_PIT,2026,5,2026-10-11T17:00:00+00:00,IND,00-0038997,J.Downs,WR,receptions,3.5,0.526231,0.473769,1866,POSITION_2024_EMPIRICAL,,,,,False
,,2026_05_IND_PIT,2026,5,2026-10-11T17:00:00+00:00,IND,00-0038997,J.Downs,WR,receptions,4.5,0.34743,0.65257,1866,POSITION_2024_EMPIRICAL,,,,,False
,,2026_05_IND_PIT,2026,5,2026-10-11T17:00:00+00:00,IND,00-0038997,J.Downs,WR,receptions,5.5,0.232334,0.767666,1866,POSITION_2024_EMPIRICAL,,,,,False
,,2026_05_IND_PIT,2026,5,2026-10-11T17:00:00+00:00,IND,00-0038997,J.Downs,WR,receptions,6.5,0.148822,0.851178,1866,POSITION_2024_EMPIRICAL,,,,,False
,,2026_05_IND_PIT,2026,5,2026-10-11T17:00:00+00:00,IND,00-0038997,J.Downs,WR,receptions,7.5,0.086724,0.913276,1866,POSITION_2024_EMPIRICAL,,,,,False
,,2026_05_IND_PIT,2026,5,2026-10-11T17:00:00+00:00,IND,00-0040128,T.Warren,TE,receiving_yards,24.5,0.614189,0.385811,1027,POSITION_2024_EMPIRICAL,,,,,False
,,2026_05_IND_PIT,2026,5,2026-10-11T17:00:00+00:00,IND,00-0040128,T.Warren,TE,receiving_yards,39.5,0.262391,0.737609,1027,POSITION_2024_EMPIRICAL,,,,,False
,,2026_05_IND_PIT,2026,5,2026-10-11T17:00:00+00:00,IND,00-0040128,T.Warren,TE,receiving_yards,49.5,0.157434,0.842566,1027,POSITION_2024_EMPIRICAL,,,,,False
,,2026_05_IND_PIT,2026,5,2026-10-11T17:00:00+00:00,IND,00-0040128,T.Warren,TE,receiving_yards,64.5,0.082604,0.917396,1027,POSITION_2024_EMPIRICAL,,,,,False
,,2026_05_IND_PIT,2026,5,2026-10-11T17:00:00+00:00,IND,00-0040128,T.Warren,TE,receiving_yards,79.5,0.027211,0.972789,1027,POSITION_2024_EMPIRICAL,,,,,False
,,2026_05_IND_PIT,2026,5,2026-10-11T17:00:00+00:00,IND,00-0040128,T.Warren,TE,receiving_yards,99.5,0.01,0.99,1027,POSITION_2024_EMPIRICAL,,,,,False
,,2026_05_IND_PIT,2026,5,2026-10-11T17:00:00+00:00,IND,00-0040128,T.Warren,TE,receiving_yards,124.5,0.01,0.99,1027,POSITION_2024_EMPIRICAL,,,,,False
,,2026_05_IND_PIT,2026,5,2026-10-11T17:00:00+00:00,IND,00-0040128,T.Warren,TE,receptions,1.5,0.918526,0.081474,1029,POSITION_2024_EMPIRICAL,,,,,False
,,2026_05_IND_PIT,2026,5,2026-10-11T17:00:00+00:00,IND,00-0040128,T.Warren,TE,receptions,2.5,0.865179,0.134821,1029,POSITION_2024_EMPIRICAL,,,,,False
,,2026_05_IND_PIT,2026,5,2026-10-11T17:00:00+00:00,IND,00-0040128,T.Warren,TE,receptions,3.5,0.750727,0.249273,1029,POSITION_2024_EMPIRICAL,,,,,False
,,2026_05_IND_PIT,2026,5,2026-10-11T17:00:00+00:00,IND,00-0040128,T.Warren,TE,receptions,4.5,0.5645,0.4355,1029,POSITION_2024_EMPIRICAL,,,,,False
,,2026_05_IND_PIT,2026,5,2026-10-11T17:00:00+00:00,IND,00-0040128,T.Warren,TE,receptions,5.5,0.418041,0.581959,1029,POSITION_2024_EMPIRICAL,,,,,False
,,2026_05_IND_PIT,2026,5,2026-10-11T17:00:00+00:00,IND,00-0040128,T.Warren,TE,receptions,6.5,0.28807,0.71193,1029,POSITION_2024_EMPIRICAL,,,,,False
,,2026_05_IND_PIT,2026,5,2026-10-11T17:00:00+00:00,IND,00-0040128,T.Warren,TE,receptions,7.5,0.204656,0.795344,1029,POSITION_2024_EMPIRICAL,,,,,False
,,2026_05_IND_PIT,2026,5,2026-10-11T17:00:00+00:00,IND,00-0041125,S.McGowan,RB,receiving_yards,24.5,0.069129,0.930871,1054,POSITION_2024_EMPIRICAL,,,,,False
,,2026_05_IND_PIT,2026,5,2026-10-11T17:00:00+00:00,IND,00-0041125,S.McGowan,RB,receiving_yards,39.5,0.03125,0.96875,1054,POSITION_2024_EMPIRICAL,,,,,False
,,2026_05_IND_PIT,2026,5,2026-10-11T17:00:00+00:00,IND,00-0041125,S.McGowan,RB,receiving_yards,49.5,0.018939,0.981061,1054,POSITION_2024_EMPIRICAL,,,,,False
,,2026_05_IND_PIT,2026,5,2026-10-11T17:00:00+00:00,IND,00-0041125,S.McGowan,RB,receiving_yards,64.5,0.01,0.99,1054,POSITION_2024_EMPIRICAL,,,,,False
,,2026_05_IND_PIT,2026,5,2026-10-11T17:00:00+00:00,IND,00-0041125,S.McGowan,RB,receiving_yards,79.5,0.01,0.99,1054,POSITION_2024_EMPIRICAL,,,,,False
,,2026_05_IND_PIT,2026,5,2026-10-11T17:00:00+00:00,IND,00-0041125,S.McGowan,RB,receiving_yards,99.5,0.01,0.99,1054,POSITION_2024_EMPIRICAL,,,,,False
,,2026_05_IND_PIT,2026,5,2026-10-11T17:00:00+00:00,IND,00-0041125,S.McGowan,RB,receiving_yards,124.5,0.01,0.99,1054,POSITION_2024_EMPIRICAL,,,,,False
,,2026_05_IND_PIT,2026,5,2026-10-11T17:00:00+00:00,IND,00-0041125,S.McGowan,RB,receptions,1.5,0.17098,0.82902,1080,POSITION_2024_EMPIRICAL,,,,,False
,,2026_05_IND_PIT,2026,5,2026-10-11T17:00:00+00:00,IND,00-0041125,S.McGowan,RB,receptions,2.5,0.080407,0.919593,1080,POSITION_2024_EMPIRICAL,,,,,False
,,2026_05_IND_PIT,2026,5,2026-10-11T17:00:00+00:00,IND,00-0041125,S.McGowan,RB,receptions,3.5,0.027726,0.972274,1080,POSITION_2024_EMPIRICAL,,,,,False
,,2026_05_IND_PIT,2026,5,2026-10-11T17:00:00+00:00,IND,00-0041125,S.McGowan,RB,receptions,4.5,0.015712,0.984288,1080,POSITION_2024_EMPIRICAL,,,,,False
,,2026_05_IND_PIT,2026,5,2026-10-11T17:00:00+00:00,IND,00-0041125,S.McGowan,RB,receptions,5.5,0.01,0.99,1080,POSITION_2024_EMPIRICAL,,,,,False
,,2026_05_IND_PIT,2026,5,2026-10-11T17:00:00+00:00,IND,00-0041125,S.McGowan,RB,receptions,6.5,0.01,0.99,1080,POSITION_2024_EMPIRICAL,,,,,False
,,2026_05_IND_PIT,2026,5,2026-10-11T17:00:00+00:00,IND,00-0041125,S.McGowan,RB,receptions,7.5,0.01,0.99,1080,POSITION_2024_EMPIRICAL,,,,,False
,,2026_05_IND_PIT,2026,5,2026-10-11T17:00:00+00:00,IND,00-0041125,S.McGowan,RB,rushing_yards,19.5,0.245819,0.754181,1194,POSITION_2024_EMPIRICAL,,,,,False
,,2026_05_IND_PIT,2026,5,2026-10-11T17:00:00+00:00,IND,00-0041125,S.McGowan,RB,rushing_yards,34.5,0.11204,0.88796,1194,POSITION_2024_EMPIRICAL,,,,,False
,,2026_05_IND_PIT,2026,5,2026-10-11T17:00:00+00:00,IND,00-0041125,S.McGowan,RB,rushing_yards,49.5,0.049331,0.950669,1194,POSITION_2024_EMPIRICAL,,,,,False
,,2026_05_IND_PIT,2026,5,2026-10-11T17:00:00+00:00,IND,00-0041125,S.McGowan,RB,rushing_yards,64.5,0.022575,0.977425,1194,POSITION_2024_EMPIRICAL,,,,,False
,,2026_05_IND_PIT,2026,5,2026-10-11T17:00:00+00:00,IND,00-0041125,S.McGowan,RB,rushing_yards,79.5,0.01087,0.98913,1194,POSITION_2024_EMPIRICAL,,,,,False
,,2026_05_IND_PIT,2026,5,2026-10-11T17:00:00+00:00,IND,00-0041125,S.McGowan,RB,rushing_yards,99.5,0.01,0.99,1194,POSITION_2024_EMPIRICAL,,,,,False
,,2026_05_IND_PIT,2026,5,2026-10-11T17:00:00+00:00,IND,00-0041125,S.McGowan,RB,rushing_yards,124.5,0.01,0.99,1194,POSITION_2024_EMPIRICAL,,,,,False
,,2026_05_IND_PIT,2026,5,2026-10-11T17:00:00+00:00,PIT,00-0023459,A.Rodgers,QB,passing_yards,149.5,0.7603,0.2397,532,POSITION_2024_EMPIRICAL,,,,,False
,,2026_05_IND_PIT,2026,5,2026-10-11T17:00:00+00:00,PIT,00-0023459,A.Rodgers,QB,passing_yards,174.5,0.702247,0.297753,532,POSITION_2024_EMPIRICAL,,,,,False
,,2026_05_IND_PIT,2026,5,2026-10-11T17:00:00+00:00,PIT,00-0023459,A.Rodgers,QB,passing_yards,199.5,0.64794,0.35206,532,POSITION_2024_EMPIRICAL,,,,,False
,,2026_05_IND_PIT,2026,5,2026-10-11T17:00:00+00:00,PIT,00-0023459,A.Rodgers,QB,passing_yards,224.5,0.56367,0.43633,532,POSITION_2024_EMPIRICAL,,,,,False
,,2026_05_IND_PIT,2026,5,2026-10-11T17:00:00+00:00,PIT,00-0023459,A.Rodgers,QB,passing_yards,249.5,0.475655,0.524345,532,POSITION_2024_EMPIRICAL,,,,,False
,,2026_05_IND_PIT,2026,5,2026-10-11T17:00:00+00:00,PIT,00-0023459,A.Rodgers,QB,passing_yards,274.5,0.350187,0.649813,532,POSITION_2024_EMPIRICAL,,,,,False
,,2026_05_IND_PIT,2026,5,2026-10-11T17:00:00+00:00,PIT,00-0023459,A.Rodgers,QB,passing_yards,299.5,0.275281,0.724719,532,POSITION_2024_EMPIRICAL,,,,,False
,,2026_05_IND_PIT,2026,5,2026-10-11T17:00:00+00:00,PIT,00-0023459,A.Rodgers,QB,rushing_yards,19.5,0.144928,0.855072,481,POSITION_2024_EMPIRICAL,,,,,False
,,2026_05_IND_PIT,2026,5,2026-10-11T17:00:00+00:00,PIT,00-0023459,A.Rodgers,QB,rushing_yards,34.5,0.05383,0.94617,481,POSITION_2024_EMPIRICAL,,,,,False
,,2026_05_IND_PIT,2026,5,2026-10-11T17:00:00+00:00,PIT,00-0023459,A.Rodgers,QB,rushing_yards,49.5,0.020704,0.979296,481,POSITION_2024_EMPIRICAL,,,,,False
,,2026_05_IND_PIT,2026,5,2026-10-11T17:00:00+00:00,PIT,00-0023459,A.Rodgers,QB,rushing_yards,64.5,0.01,0.99,481,POSITION_2024_EMPIRICAL,,,,,False
,,2026_05_IND_PIT,2026,5,2026-10-11T17:00:00+00:00,PIT,00-0023459,A.Rodgers,QB,rushing_yards,79.5,0.01,0.99,481,POSITION_2024_EMPIRICAL,,,,,False
,,2026_05_IND_PIT,2026,5,2026-10-11T17:00:00+00:00,PIT,00-0023459,A.Rodgers,QB,rushing_yards,99.5,0.01,0.99,481,POSITION_2024_EMPIRICAL,,,,,False
,,2026_05_IND_PIT,2026,5,2026-10-11T17:00:00+00:00,PIT,00-0023459,A.Rodgers,QB,rushing_yards,124.5,0.01,0.99,481,POSITION_2024_EMPIRICAL,,,,,False
,,2026_05_IND_PIT,2026,5,2026-10-11T17:00:00+00:00,PIT,00-0035594,T.Homer,RB,rushing_yards,19.5,0.181438,0.818562,1194,POSITION_2024_EMPIRICAL,,,,,False
,,2026_05_IND_PIT,2026,5,2026-10-11T17:00:00+00:00,PIT,00-0035594,T.Homer,RB,rushing_yards,34.5,0.073579,0.926421,1194,POSITION_2024_EMPIRICAL,,,,,False
,,2026_05_IND_PIT,2026,5,2026-10-11T17:00:00+00:00,PIT,00-0035594,T.Homer,RB,rushing_yards,49.5,0.033445,0.966555,1194,POSITION_2024_EMPIRICAL,,,,,False
,,2026_05_IND_PIT,2026,5,2026-10-11T17:00:00+00:00,PIT,00-0035594,T.Homer,RB,rushing_yards,64.5,0.019231,0.980769,1194,POSITION_2024_EMPIRICAL,,,,,False
,,2026_05_IND_PIT,2026,5,2026-10-11T17:00:00+00:00,PIT,00-0035594,T.Homer,RB,rushing_yards,79.5,0.01,0.99,1194,POSITION_2024_EMPIRICAL,,,,,False
,,2026_05_IND_PIT,2026,5,2026-10-11T17:00:00+00:00,PIT,00-0035594,T.Homer,RB,rushing_yards,99.5,0.01,0.99,1194,POSITION_2024_EMPIRICAL,,,,,False
,,2026_05_IND_PIT,2026,5,2026-10-11T17:00:00+00:00,PIT,00-0035594,T.Homer,RB,rushing_yards,124.5,0.01,0.99,1194,POSITION_2024_EMPIRICAL,,,,,False
,,2026_05_IND_PIT,2026,5,2026-10-11T17:00:00+00:00,PIT,00-0035640,D.Metcalf,WR,receiving_yards,24.5,0.773362,0.226638,1860,POSITION_2024_EMPIRICAL,,,,,False
,,2026_05_IND_PIT,2026,5,2026-10-11T17:00:00+00:00,PIT,00-0035640,D.Metcalf,WR,receiving_yards,39.5,0.583781,0.416219,1860,POSITION_2024_EMPIRICAL,,,,,False
,,2026_05_IND_PIT,2026,5,2026-10-11T17:00:00+00:00,PIT,00-0035640,D.Metcalf,WR,receiving_yards,49.5,0.424812,0.575188,1860,POSITION_2024_EMPIRICAL,,,,,False
,,2026_05_IND_PIT,2026,5,2026-10-11T17:00:00+00:00,PIT,00-0035640,D.Metcalf,WR,receiving_yards,64.5,0.272825,0.727175,1860,POSITION_2024_EMPIRICAL,,,,,False
,,2026_05_IND_PIT,2026,5,2026-10-11T17:00:00+00:00,PIT,00-0035640,D.Metcalf,WR,receiving_yards,79.5,0.171858,0.828142,1860,POSITION_2024_EMPIRICAL,,,,,False
,,2026_05_IND_PIT,2026,5,2026-10-11T17:00:00+00:00,PIT,00-0035640,D.Metcalf,WR,receiving_yards,99.5,0.098818,0.901182,1860,POSITION_2024_EMPIRICAL,,,,,False
,,2026_05_IND_PIT,2026,5,2026-10-11T17:00:00+00:00,PIT,00-0035640,D.Metcalf,WR,receiving_yards,124.5,0.040816,0.959184,1860,POSITION_2024_EMPIRICAL,,,,,False
,,2026_05_IND_PIT,2026,5,2026-10-11T17:00:00+00:00,PIT,00-0035640,D.Metcalf,WR,receptions,1.5,0.843148,0.156852,1866,POSITION_2024_EMPIRICAL,,,,,False
,,2026_05_IND_PIT,2026,5,2026-10-11T17:00:00+00:00,PIT,00-0035640,D.Metcalf,WR,receptions,2.5,0.722698,0.277302,1866,POSITION_2024_EMPIRICAL,,,,,False
,,2026_05_IND_PIT,2026,5,2026-10-11T17:00:00+00:00,PIT,00-0035640,D.Metcalf,WR,receptions,3.5,0.486617,0.513383,1866,POSITION_2024_EMPIRICAL,,,,,False
,,2026_05_IND_PIT,2026,5,2026-10-11T17:00:00+00:00,PIT,00-0035640,D.Metcalf,WR,receptions,4.5,0.312634,0.687366,1866,POSITION_2024_EMPIRICAL,,,,,False
,,2026_05_IND_PIT,2026,5,2026-10-11T17:00:00+00:00,PIT,00-0035640,D.Metcalf,WR,receptions,5.5,0.195931,0.804069,1866,POSITION_2024_EMPIRICAL,,,,,False
,,2026_05_IND_PIT,2026,5,2026-10-11T17:00:00+00:00,PIT,00-0035640,D.Metcalf,WR,receptions,6.5,0.124732,0.875268,1866,POSITION_2024_EMPIRICAL,,,,,False
,,2026_05_IND_PIT,2026,5,2026-10-11T17:00:00+00:00,PIT,00-0035640,D.Metcalf,WR,receptions,7.5,0.072805,0.927195,1866,POSITION_2024_EMPIRICAL,,,,,False
,,2026_05_IND_PIT,2026,5,2026-10-11T17:00:00+00:00,PIT,00-0036252,M.Pittman,WR,receiving_yards,24.5,0.489796,0.510204,1860,POSITION_2024_EMPIRICAL,,,,,False
,,2026_05_IND_PIT,2026,5,2026-10-11T17:00:00+00:00,PIT,00-0036252,M.Pittman,WR,receiving_yards,39.5,0.236842,0.763158,1860,POSITION_2024_EMPIRICAL,,,,,False
,,2026_05_IND_PIT,2026,5,2026-10-11T17:00:00+00:00,PIT,00-0036252,M.Pittman,WR,receiving_yards,49.5,0.146079,0.853921,1860,POSITION_2024_EMPIRICAL,,,,,False
,,2026_05_IND_PIT,2026,5,2026-10-11T17:00:00+00:00,PIT,00-0036252,M.Pittman,WR,receiving_yards,64.5,0.071966,0.928034,1860,POSITION_2024_EMPIRICAL,,,,,False
,,2026_05_IND_PIT,2026,5,2026-10-11T17:00:00+00:00,PIT,00-0036252,M.Pittman,WR,receiving_yards,79.5,0.033835,0.966165,1860,POSITION_2024_EMPIRICAL,,,,,False
,,2026_05_IND_PIT,2026,5,2026-10-11T17:00:00+00:00,PIT,00-0036252,M.Pittman,WR,receiving_yards,99.5,0.015038,0.984962,1860,POSITION_2024_EMPIRICAL,,,,,False
,,2026_05_IND_PIT,2026,5,2026-10-11T17:00:00+00:00,PIT,00-0036252,M.Pittman,WR,receiving_yards,124.5,0.01,0.99,1860,POSITION_2024_EMPIRICAL,,,,,False
,,2026_05_IND_PIT,2026,5,2026-10-11T17:00:00+00:00,PIT,00-0036252,M.Pittman,WR,receptions,1.5,0.657388,0.342612,1866,POSITION_2024_EMPIRICAL,,,,,False
,,2026_05_IND_PIT,2026,5,2026-10-11T17:00:00+00:00,PIT,00-0036252,M.Pittman,WR,receptions,2.5,0.34636,0.65364,1866,POSITION_2024_EMPIRICAL,,,,,False
,,2026_05_IND_PIT,2026,5,2026-10-11T17:00:00+00:00,PIT,00-0036252,M.Pittman,WR,receptions,3.5,0.182013,0.817987,1866,POSITION_2024_EMPIRICAL,,,,,False
,,2026_05_IND_PIT,2026,5,2026-10-11T17:00:00+00:00,PIT,00-0036252,M.Pittman,WR,receptions,4.5,0.084582,0.915418,1866,POSITION_2024_EMPIRICAL,,,,,False
,,2026_05_IND_PIT,2026,5,2026-10-11T17:00:00+00:00,PIT,00-0036252,M.Pittman,WR,receptions,5.5,0.038009,0.961991,1866,POSITION_2024_EMPIRICAL,,,,,False
,,2026_05_IND_PIT,2026,5,2026-10-11T17:00:00+00:00,PIT,00-0036252,M.Pittman,WR,receptions,6.5,0.012848,0.987152,1866,POSITION_2024_EMPIRICAL,,,,,False
,,2026_05_IND_PIT,2026,5,2026-10-11T17:00:00+00:00,PIT,00-0036252,M.Pittman,WR,receptions,7.5,0.01,0.99,1866,POSITION_2024_EMPIRICAL,,,,,False
,,2026_05_IND_PIT,2026,5,2026-10-11T17:00:00+00:00,PIT,00-0036862,B.Skowronek,WR,receiving_yards,24.5,0.199248,0.800752,1860,POSITION_2024_EMPIRICAL,,,,,False
,,2026_05_IND_PIT,2026,5,2026-10-11T17:00:00+00:00,PIT,00-0036862,B.Skowronek,WR,receiving_yards,39.5,0.099356,0.900644,1860,POSITION_2024_EMPIRICAL,,,,,False
,,2026_05_IND_PIT,2026,5,2026-10-11T17:00:00+00:00,PIT,00-0036862,B.Skowronek,WR,receiving_yards,49.5,0.058002,0.941998,1860,POSITION_2024_EMPIRICAL,,,,,False
,,2026_05_IND_PIT,2026,5,2026-10-11T17:00:00+00:00,PIT,00-0036862,B.Skowronek,WR,receiving_yards,64.5,0.028464,0.971536,1860,POSITION_2024_EMPIRICAL,,,,,False
,,2026_05_IND_PIT,2026,5,2026-10-11T17:00:00+00:00,PIT,00-0036862,B.Skowronek,WR,receiving_yards,79.5,0.016112,0.983888,1860,POSITION_2024_EMPIRICAL,,,,,False
,,2026_05_IND_PIT,2026,5,2026-10-11T17:00:00+00:00,PIT,00-0036862,B.Skowronek,WR,receiving_yards,99.5,0.01,0.99,1860,POSITION_2024_EMPIRICAL,,,,,False
,,2026_05_IND_PIT,2026,5,2026-10-11T17:00:00+00:00,PIT,00-0036862,B.Skowronek,WR,receiving_yards,124.5,0.01,0.99,1860,POSITION_2024_EMPIRICAL,,,,,False
,,2026_05_IND_PIT,2026,5,2026-10-11T17:00:00+00:00,PIT,00-0036862,B.Skowronek,WR,receptions,1.5,0.277837,0.722163,1866,POSITION_2024_EMPIRICAL,,,,,False
,,2026_05_IND_PIT,2026,5,2026-10-11T17:00:00+00:00,PIT,00-0036862,B.Skowronek,WR,receptions,2.5,0.144004,0.855996,1866,POSITION_2024_EMPIRICAL,,,,,False
,,2026_05_IND_PIT,2026,5,2026-10-11T17:00:00+00:00,PIT,00-0036862,B.Skowronek,WR,receptions,3.5,0.066381,0.933619,1866,POSITION_2024_EMPIRICAL,,,,,False
,,2026_05_IND_PIT,2026,5,2026-10-11T17:00:00+00:00,PIT,00-0036862,B.Skowronek,WR,receptions,4.5,0.028373,0.971627,1866,POSITION_2024_EMPIRICAL,,,,,False
,,2026_05_IND_PIT,2026,5,2026-10-11T17:00:00+00:00,PIT,00-0036862,B.Skowronek,WR,receptions,5.5,0.01,0.99,1866,POSITION_2024_EMPIRICAL,,,,,False
,,2026_05_IND_PIT,2026,5,2026-10-11T17:00:00+00:00,PIT,00-0036862,B.Skowronek,WR,receptions,6.5,0.01,0.99,1866,POSITION_2024_EMPIRICAL,,,,,False
,,2026_05_IND_PIT,2026,5,2026-10-11T17:00:00+00:00,PIT,00-0036862,B.Skowronek,WR,receptions,7.5,0.01,0.99,1866,POSITION_2024_EMPIRICAL,,,,,False
,,2026_05_IND_PIT,2026,5,2026-10-11T17:00:00+00:00,PIT,00-0036894,P.Freiermuth,TE,receiving_yards,24.5,0.582119,0.417881,1027,POSITION_2024_EMPIRICAL,,,,,False
,,2026_05_IND_PIT,2026,5,2026-10-11T17:00:00+00:00,PIT,00-0036894,P.Freiermuth,TE,receiving_yards,39.5,0.247813,0.752187,1027,POSITION_2024_EMPIRICAL,,,,,False
,,2026_05_IND_PIT,2026,5,2026-10-11T17:00:00+00:00,PIT,00-0036894,P.Freiermuth,TE,receiving_yards,49.5,0.145773,0.854227,1027,POSITION_2024_EMPIRICAL,,,,,False
,,2026_05_IND_PIT,2026,5,2026-10-11T17:00:00+00:00,PIT,00-0036894,P.Freiermuth,TE,receiving_yards,64.5,0.07483,0.92517,1027,POSITION_2024_EMPIRICAL,,,,,False
,,2026_05_IND_PIT,2026,5,2026-10-11T17:00:00+00:00,PIT,00-0036894,P.Freiermuth,TE,receiving_yards,79.5,0.02138,0.97862,1027,POSITION_2024_EMPIRICAL,,,,,False
,,2026_05_IND_PIT,2026,5,2026-10-11T17:00:00+00:00,PIT,00-0036894,P.Freiermuth,TE,receiving_yards,99.5,0.01,0.99,1027,POSITION_2024_EMPIRICAL,,,,,False
,,2026_05_IND_PIT,2026,5,2026-10-11T17:00:00+00:00,PIT,00-0036894,P.Freiermuth,TE,receiving_yards,124.5,0.01,0.99,1027,POSITION_2024_EMPIRICAL,,,,,False
,,2026_05_IND_PIT,2026,5,2026-10-11T17:00:00+00:00,PIT,00-0036894,P.Freiermuth,TE,receptions,1.5,0.845781,0.154219,1029,POSITION_2024_EMPIRICAL,,,,,False
,,2026_05_IND_PIT,2026,5,2026-10-11T17:00:00+00:00,PIT,00-0036894,P.Freiermuth,TE,receptions,2.5,0.634336,0.365664,1029,POSITION_2024_EMPIRICAL,,,,,False
,,2026_05_IND_PIT,2026,5,2026-10-11T17:00:00+00:00,PIT,00-0036894,P.Freiermuth,TE,receptions,3.5,0.368574,0.631426,1029,POSITION_2024_EMPIRICAL,,,,,False
,,2026_05_IND_PIT,2026,5,2026-10-11T17:00:00+00:00,PIT,00-0036894,P.Freiermuth,TE,receptions,4.5,0.217265,0.782735,1029,POSITION_2024_EMPIRICAL,,,,,False
,,2026_05_IND_PIT,2026,5,2026-10-11T17:00:00+00:00,PIT,00-0036894,P.Freiermuth,TE,receptions,5.5,0.134821,0.865179,1029,POSITION_2024_EMPIRICAL,,,,,False
,,2026_05_IND_PIT,2026,5,2026-10-11T17:00:00+00:00,PIT,00-0036894,P.Freiermuth,TE,receptions,6.5,0.081474,0.918526,1029,POSITION_2024_EMPIRICAL,,,,,False
,,2026_05_IND_PIT,2026,5,2026-10-11T17:00:00+00:00,PIT,00-0036894,P.Freiermuth,TE,receptions,7.5,0.044617,0.955383,1029,POSITION_2024_EMPIRICAL,,,,,False
,,2026_05_IND_PIT,2026,5,2026-10-11T17:00:00+00:00,PIT,00-0037228,J.Warren,RB,receiving_yards,24.5,0.74053,0.25947,1054,POSITION_2024_EMPIRICAL,,,,,False
,,2026_05_IND_PIT,2026,5,2026-10-11T17:00:00+00:00,PIT,00-0037228,J.Warren,RB,receiving_yards,39.5,0.270833,0.729167,1054,POSITION_2024_EMPIRICAL,,,,,False
,,2026_05_IND_PIT,2026,5,2026-10-11T17:00:00+00:00,PIT,00-0037228,J.Warren,RB,receiving_yards,49.5,0.14678,0.85322,1054,POSITION_2024_EMPIRICAL,,,,,False
,,2026_05_IND_PIT,2026,5,2026-10-11T17:00:00+00:00,PIT,00-0037228,J.Warren,RB,receiving_yards,64.5,0.059659,0.940341,1054,POSITION_2024_EMPIRICAL,,,,,False
,,2026_05_IND_PIT,2026,5,2026-10-11T17:00:00+00:00,PIT,00-0037228,J.Warren,RB,receiving_yards,79.5,0.03125,0.96875,1054,POSITION_2024_EMPIRICAL,,,,,False
,,2026_05_IND_PIT,2026,5,2026-10-11T17:00:00+00:00,PIT,00-0037228,J.Warren,RB,receiving_yards,99.5,0.01,0.99,1054,POSITION_2024_EMPIRICAL,,,,,False
,,2026_05_IND_PIT,2026,5,2026-10-11T17:00:00+00:00,PIT,00-0037228,J.Warren,RB,receiving_yards,124.5,0.01,0.99,1054,POSITION_2024_EMPIRICAL,,,,,False
,,2026_05_IND_PIT,2026,5,2026-10-11T17:00:00+00:00,PIT,00-0037228,J.Warren,RB,receptions,1.5,0.823475,0.176525,1080,POSITION_2024_EMPIRICAL,,,,,False
,,2026_05_IND_PIT,2026,5,2026-10-11T17:00:00+00:00,PIT,00-0037228,J.Warren,RB,receptions,2.5,0.562847,0.437153,1080,POSITION_2024_EMPIRICAL,,,,,False
,,2026_05_IND_PIT,2026,5,2026-10-11T17:00:00+00:00,PIT,00-0037228,J.Warren,RB,receptions,3.5,0.31793,0.68207,1080,POSITION_2024_EMPIRICAL,,,,,False
,,2026_05_IND_PIT,2026,5,2026-10-11T17:00:00+00:00,PIT,00-0037228,J.Warren,RB,receptions,4.5,0.170055,0.829945,1080,POSITION_2024_EMPIRICAL,,,,,False
,,2026_05_IND_PIT,2026,5,2026-10-11T17:00:00+00:00,PIT,00-0037228,J.Warren,RB,receptions,5.5,0.092421,0.907579,1080,POSITION_2024_EMPIRICAL,,,,,False
,,2026_05_IND_PIT,2026,5,2026-10-11T17:00:00+00:00,PIT,00-0037228,J.Warren,RB,receptions,6.5,0.048059,0.951941,1080,POSITION_2024_EMPIRICAL,,,,,False
,,2026_05_IND_PIT,2026,5,2026-10-11T17:00:00+00:00,PIT,00-0037228,J.Warren,RB,receptions,7.5,0.020333,0.979667,1080,POSITION_2024_EMPIRICAL,,,,,False
,,2026_05_IND_PIT,2026,5,2026-10-11T17:00:00+00:00,PIT,00-0037228,J.Warren,RB,rushing_yards,19.5,0.901338,0.098662,1194,POSITION_2024_EMPIRICAL,,,,,False
,,2026_05_IND_PIT,2026,5,2026-10-11T17:00:00+00:00,PIT,00-0037228,J.Warren,RB,rushing_yards,34.5,0.809365,0.190635,1194,POSITION_2024_EMPIRICAL,,,,,False
,,2026_05_IND_PIT,2026,5,2026-10-11T17:00:00+00:00,PIT,00-0037228,J.Warren,RB,rushing_yards,49.5,0.679766,0.320234,1194,POSITION_2024_EMPIRICAL,,,,,False
,,2026_05_IND_PIT,2026,5,2026-10-11T17:00:00+00:00,PIT,00-0037228,J.Warren,RB,rushing_yards,64.5,0.506689,0.493311,1194,POSITION_2024_EMPIRICAL,,,,,False
,,2026_05_IND_PIT,2026,5,2026-10-11T17:00:00+00:00,PIT,00-0037228,J.Warren,RB,rushing_yards,79.5,0.347826,0.652174,1194,POSITION_2024_EMPIRICAL,,,,,False
,,2026_05_IND_PIT,2026,5,2026-10-11T17:00:00+00:00,PIT,00-0037228,J.Warren,RB,rushing_yards,99.5,0.224916,0.775084,1194,POSITION_2024_EMPIRICAL,,,,,False
,,2026_05_IND_PIT,2026,5,2026-10-11T17:00:00+00:00,PIT,00-0037228,J.Warren,RB,rushing_yards,124.5,0.12291,0.87709,1194,POSITION_2024_EMPIRICAL,,,,,False
,,2026_05_IND_PIT,2026,5,2026-10-11T17:00:00+00:00,PIT,00-0038558,D.Washington,TE,receiving_yards,24.5,0.526725,0.473275,1027,POSITION_2024_EMPIRICAL,,,,,False
,,2026_05_IND_PIT,2026,5,2026-10-11T17:00:00+00:00,PIT,00-0038558,D.Washington,TE,receiving_yards,39.5,0.232264,0.767736,1027,POSITION_2024_EMPIRICAL,,,,,False
,,2026_05_IND_PIT,2026,5,2026-10-11T17:00:00+00:00,PIT,00-0038558,D.Washington,TE,receiving_yards,49.5,0.130224,0.869776,1027,POSITION_2024_EMPIRICAL,,,,,False
,,2026_05_IND_PIT,2026,5,2026-10-11T17:00:00+00:00,PIT,00-0038558,D.Washington,TE,receiving_yards,64.5,0.061224,0.938776,1027,POSITION_2024_EMPIRICAL,,,,,False
,,2026_05_IND_PIT,2026,5,2026-10-11T17:00:00+00:00,PIT,00-0038558,D.Washington,TE,receiving_yards,79.5,0.019436,0.980564,1027,POSITION_2024_EMPIRICAL,,,,,False
,,2026_05_IND_PIT,2026,5,2026-10-11T17:00:00+00:00,PIT,00-0038558,D.Washington,TE,receiving_yards,99.5,0.01,0.99,1027,POSITION_2024_EMPIRICAL,,,,,False
,,2026_05_IND_PIT,2026,5,2026-10-11T17:00:00+00:00,PIT,00-0038558,D.Washington,TE,receiving_yards,124.5,0.01,0.99,1027,POSITION_2024_EMPIRICAL,,,,,False
,,2026_05_IND_PIT,2026,5,2026-10-11T17:00:00+00:00,PIT,00-0038558,D.Washington,TE,receptions,1.5,0.604268,0.395732,1029,POSITION_2024_EMPIRICAL,,,,,False
,,2026_05_IND_PIT,2026,5,2026-10-11T17:00:00+00:00,PIT,00-0038558,D.Washington,TE,receptions,2.5,0.317168,0.682832,1029,POSITION_2024_EMPIRICAL,,,,,False
,,2026_05_IND_PIT,2026,5,2026-10-11T17:00:00+00:00,PIT,00-0038558,D.Washington,TE,receptions,3.5,0.164888,0.835112,1029,POSITION_2024_EMPIRICAL,,,,,False
,,2026_05_IND_PIT,2026,5,2026-10-11T17:00:00+00:00,PIT,00-0038558,D.Washington,TE,receptions,4.5,0.083414,0.916586,1029,POSITION_2024_EMPIRICAL,,,,,False
,,2026_05_IND_PIT,2026,5,2026-10-11T17:00:00+00:00,PIT,00-0038558,D.Washington,TE,receptions,5.5,0.041707,0.958293,1029,POSITION_2024_EMPIRICAL,,,,,False
,,2026_05_IND_PIT,2026,5,2026-10-11T17:00:00+00:00,PIT,00-0038558,D.Washington,TE,receptions,6.5,0.017459,0.982541,1029,POSITION_2024_EMPIRICAL,,,,,False
,,2026_05_IND_PIT,2026,5,2026-10-11T17:00:00+00:00,PIT,00-0038558,D.Washington,TE,receptions,7.5,0.01,0.99,1029,POSITION_2024_EMPIRICAL,,,,,False
,,2026_05_IND_PIT,2026,5,2026-10-11T17:00:00+00:00,PIT,00-0039739,R.Wilson,WR,receiving_yards,24.5,0.726101,0.273899,1860,POSITION_2024_EMPIRICAL,,,,,False
,,2026_05_IND_PIT,2026,5,2026-10-11T17:00:00+00:00,PIT,00-0039739,R.Wilson,WR,receiving_yards,39.5,0.496778,0.503222,1860,POSITION_2024_EMPIRICAL,,,,,False
,,2026_05_IND_PIT,2026,5,2026-10-11T17:00:00+00:00,PIT,00-0039739,R.Wilson,WR,receiving_yards,49.5,0.349624,0.650376,1860,POSITION_2024_EMPIRICAL,,,,,False
,,2026_05_IND_PIT,2026,5,2026-10-11T17:00:00+00:00,PIT,00-0039739,R.Wilson,WR,receiving_yards,64.5,0.215897,0.784103,1860,POSITION_2024_EMPIRICAL,,,,,False
,,2026_05_IND_PIT,2026,5,2026-10-11T17:00:00+00:00,PIT,00-0039739,R.Wilson,WR,receiving_yards,79.5,0.131042,0.868958,1860,POSITION_2024_EMPIRICAL,,,,,False
,,2026_05_IND_PIT,2026,5,2026-10-11T17:00:00+00:00,PIT,00-0039739,R.Wilson,WR,receiving_yards,99.5,0.066058,0.933942,1860,POSITION_2024_EMPIRICAL,,,,,False
,,2026_05_IND_PIT,2026,5,2026-10-11T17:00:00+00:00,PIT,00-0039739,R.Wilson,WR,receiving_yards,124.5,0.027927,0.972073,1860,POSITION_2024_EMPIRICAL,,,,,False
,,2026_05_IND_PIT,2026,5,2026-10-11T17:00:00+00:00,PIT,00-0039739,R.Wilson,WR,receptions,1.5,0.811028,0.188972,1866,POSITION_2024_EMPIRICAL,,,,,False
,,2026_05_IND_PIT,2026,5,2026-10-11T17:00:00+00:00,PIT,00-0039739,R.Wilson,WR,receptions,2.5,0.640257,0.359743,1866,POSITION_2024_EMPIRICAL,,,,,False
,,2026_05_IND_PIT,2026,5,2026-10-11T17:00:00+00:00,PIT,00-0039739,R.Wilson,WR,receptions,3.5,0.366702,0.633298,1866,POSITION_2024_EMPIRICAL,,,,,False
,,2026_05_IND_PIT,2026,5,2026-10-11T17:00:00+00:00,PIT,00-0039739,R.Wilson,WR,receptions,4.5,0.238758,0.761242,1866,POSITION_2024_EMPIRICAL,,,,,False
,,2026_05_IND_PIT,2026,5,2026-10-11T17:00:00+00:00,PIT,00-0039739,R.Wilson,WR,receptions,5.5,0.142934,0.857066,1866,POSITION_2024_EMPIRICAL,,,,,False
,,2026_05_IND_PIT,2026,5,2026-10-11T17:00:00+00:00,PIT,00-0039739,R.Wilson,WR,receptions,6.5,0.0803,0.9197,1866,POSITION_2024_EMPIRICAL,,,,,False
,,2026_05_IND_PIT,2026,5,2026-10-11T17:00:00+00:00,PIT,00-0039739,R.Wilson,WR,receptions,7.5,0.042291,0.957709,1866,POSITION_2024_EMPIRICAL,,,,,False
,,2026_05_IND_PIT,2026,5,2026-10-11T17:00:00+00:00,PIT,00-0041489,G.Bernard,WR,receiving_yards,24.5,0.308271,0.691729,1860,POSITION_2024_EMPIRICAL,,,,,False
,,2026_05_IND_PIT,2026,5,2026-10-11T17:00:00+00:00,PIT,00-0041489,G.Bernard,WR,receiving_yards,39.5,0.149839,0.850161,1860,POSITION_2024_EMPIRICAL,,,,,False
,,2026_05_IND_PIT,2026,5,2026-10-11T17:00:00+00:00,PIT,00-0041489,G.Bernard,WR,receiving_yards,49.5,0.098281,0.901719,1860,POSITION_2024_EMPIRICAL,,,,,False
,,2026_05_IND_PIT,2026,5,2026-10-11T17:00:00+00:00,PIT,00-0041489,G.Bernard,WR,receiving_yards,64.5,0.044576,0.955424,1860,POSITION_2024_EMPIRICAL,,,,,False
,,2026_05_IND_PIT,2026,5,2026-10-11T17:00:00+00:00,PIT,00-0041489,G.Bernard,WR,receiving_yards,79.5,0.021482,0.978518,1860,POSITION_2024_EMPIRICAL,,,,,False
,,2026_05_IND_PIT,2026,5,2026-10-11T17:00:00+00:00,PIT,00-0041489,G.Bernard,WR,receiving_yards,99.5,0.010204,0.989796,1860,POSITION_2024_EMPIRICAL,,,,,False
,,2026_05_IND_PIT,2026,5,2026-10-11T17:00:00+00:00,PIT,00-0041489,G.Bernard,WR,receiving_yards,124.5,0.01,0.99,1860,POSITION_2024_EMPIRICAL,,,,,False
,,2026_05_IND_PIT,2026,5,2026-10-11T17:00:00+00:00,PIT,00-0041489,G.Bernard,WR,receptions,1.5,0.657388,0.342612,1866,POSITION_2024_EMPIRICAL,,,,,False
,,2026_05_IND_PIT,2026,5,2026-10-11T17:00:00+00:00,PIT,00-0041489,G.Bernard,WR,receptions,2.5,0.34636,0.65364,1866,POSITION_2024_EMPIRICAL,,,,,False
,,2026_05_IND_PIT,2026,5,2026-10-11T17:00:00+00:00,PIT,00-0041489,G.Bernard,WR,receptions,3.5,0.182013,0.817987,1866,POSITION_2024_EMPIRICAL,,,,,False
,,2026_05_IND_PIT,2026,5,2026-10-11T17:00:00+00:00,PIT,00-0041489,G.Bernard,WR,receptions,4.5,0.084582,0.915418,1866,POSITION_2024_EMPIRICAL,,,,,False
,,2026_05_IND_PIT,2026,5,2026-10-11T17:00:00+00:00,PIT,00-0041489,G.Bernard,WR,receptions,5.5,0.038009,0.961991,1866,POSITION_2024_EMPIRICAL,,,,,False
,,2026_05_IND_PIT,2026,5,2026-10-11T17:00:00+00:00,PIT,00-0041489,G.Bernard,WR,receptions,6.5,0.012848,0.987152,1866,POSITION_2024_EMPIRICAL,,,,,False
,,2026_05_IND_PIT,2026,5,2026-10-11T17:00:00+00:00,PIT,00-0041489,G.Bernard,WR,receptions,7.5,0.01,0.99,1866,POSITION_2024_EMPIRICAL,,,,,False
,,2026_05_LV_NE,2026,5,2026-10-11T17:00:00+00:00,LV,00-0029604,K.Cousins,QB,passing_yards,149.5,0.790262,0.209738,532,POSITION_2024_EMPIRICAL,,,,,False
,,2026_05_LV_NE,2026,5,2026-10-11T17:00:00+00:00,LV,00-0029604,K.Cousins,QB,passing_yards,174.5,0.749064,0.250936,532,POSITION_2024_EMPIRICAL,,,,,False
,,2026_05_LV_NE,2026,5,2026-10-11T17:00:00+00:00,LV,00-0029604,K.Cousins,QB,passing_yards,199.5,0.687266,0.312734,532,POSITION_2024_EMPIRICAL,,,,,False
,,2026_05_LV_NE,2026,5,2026-10-11T17:00:00+00:00,LV,00-0029604,K.Cousins,QB,passing_yards,224.5,0.642322,0.357678,532,POSITION_2024_EMPIRICAL,,,,,False
,,2026_05_LV_NE,2026,5,2026-10-11T17:00:00+00:00,LV,00-0029604,K.Cousins,QB,passing_yards,249.5,0.56367,0.43633,532,POSITION_2024_EMPIRICAL,,,,,False
,,2026_05_LV_NE,2026,5,2026-10-11T17:00:00+00:00,LV,00-0029604,K.Cousins,QB,passing_yards,274.5,0.494382,0.505618,532,POSITION_2024_EMPIRICAL,,,,,False
,,2026_05_LV_NE,2026,5,2026-10-11T17:00:00+00:00,LV,00-0029604,K.Cousins,QB,passing_yards,299.5,0.365169,0.634831,532,POSITION_2024_EMPIRICAL,,,,,False
,,2026_05_LV_NE,2026,5,2026-10-11T17:00:00+00:00,LV,00-0029604,K.Cousins,QB,rushing_yards,19.5,0.118012,0.881988,481,POSITION_2024_EMPIRICAL,,,,,False
,,2026_05_LV_NE,2026,5,2026-10-11T17:00:00+00:00,LV,00-0029604,K.Cousins,QB,rushing_yards,34.5,0.043478,0.956522,481,POSITION_2024_EMPIRICAL,,,,,False
,,2026_05_LV_NE,2026,5,2026-10-11T17:00:00+00:00,LV,00-0029604,K.Cousins,QB,rushing_yards,49.5,0.016563,0.983437,481,POSITION_2024_EMPIRICAL,,,,,False
,,2026_05_LV_NE,2026,5,2026-10-11T17:00:00+00:00,LV,00-0029604,K.Cousins,QB,rushing_yards,64.5,0.01,0.99,481,POSITION_2024_EMPIRICAL,,,,,False
,,2026_05_LV_NE,2026,5,2026-10-11T17:00:00+00:00,LV,00-0029604,K.Cousins,QB,rushing_yards,79.5,0.01,0.99,481,POSITION_2024_EMPIRICAL,,,,,False
,,2026_05_LV_NE,2026,5,2026-10-11T17:00:00+00:00,LV,00-0029604,K.Cousins,QB,rushing_yards,99.5,0.01,0.99,481,POSITION_2024_EMPIRICAL,,,,,False
,,2026_05_LV_NE,2026,5,2026-10-11T17:00:00+00:00,LV,00-0029604,K.Cousins,QB,rushing_yards,124.5,0.01,0.99,481,POSITION_2024_EMPIRICAL,,,,,False
,,2026_05_LV_NE,2026,5,2026-10-11T17:00:00+00:00,LV,00-0035891,C.White,WR,receiving_yards,24.5,0.253491,0.746509,1860,POSITION_2024_EMPIRICAL,,,,,False
,,2026_05_LV_NE,2026,5,2026-10-11T17:00:00+00:00,LV,00-0035891,C.White,WR,receiving_yards,39.5,0.128894,0.871106,1860,POSITION_2024_EMPIRICAL,,,,,False
,,2026_05_LV_NE,2026,5,2026-10-11T17:00:00+00:00,LV,00-0035891,C.White,WR,receiving_yards,49.5,0.07841,0.92159,1860,POSITION_2024_EMPIRICAL,,,,,False
,,2026_05_LV_NE,2026,5,2026-10-11T17:00:00+00:00,LV,00-0035891,C.White,WR,receiving_yards,64.5,0.035983,0.964017,1860,POSITION_2024_EMPIRICAL,,,,,False
,,2026_05_LV_NE,2026,5,2026-10-11T17:00:00+00:00,LV,00-0035891,C.White,WR,receiving_yards,79.5,0.018797,0.981203,1860,POSITION_2024_EMPIRICAL,,,,,False
,,2026_05_LV_NE,2026,5,2026-10-11T17:00:00+00:00,LV,00-0035891,C.White,WR,receiving_yards,99.5,0.01,0.99,1860,POSITION_2024_EMPIRICAL,,,,,False
,,2026_05_LV_NE,2026,5,2026-10-11T17:00:00+00:00,LV,00-0035891,C.White,WR,receiving_yards,124.5,0.01,0.99,1860,POSITION_2024_EMPIRICAL,,,,,False
,,2026_05_LV_NE,2026,5,2026-10-11T17:00:00+00:00,LV,00-0035891,C.White,WR,receptions,1.5,0.325482,0.674518,1866,POSITION_2024_EMPIRICAL,,,,,False
,,2026_05_LV_NE,2026,5,2026-10-11T17:00:00+00:00,LV,00-0035891,C.White,WR,receptions,2.5,0.171306,0.828694,1866,POSITION_2024_EMPIRICAL,,,,,False
,,2026_05_LV_NE,2026,5,2026-10-11T17:00:00+00:00,LV,00-0035891,C.White,WR,receptions,3.5,0.08137,0.91863,1866,POSITION_2024_EMPIRICAL,,,,,False
,,2026_05_LV_NE,2026,5,2026-10-11T17:00:00+00:00,LV,00-0035891,C.White,WR,receptions,4.5,0.035867,0.964133,1866,POSITION_2024_EMPIRICAL,,,,,False
,,2026_05_LV_NE,2026,5,2026-10-11T17:00:00+00:00,LV,00-0035891,C.White,WR,receptions,5.5,0.011777,0.988223,1866,POSITION_2024_EMPIRICAL,,,,,False
,,2026_05_LV_NE,2026,5,2026-10-11T17:00:00+00:00,LV,00-0035891,C.White,WR,receptions,6.5,0.01,0.99,1866,POSITION_2024_EMPIRICAL,,,,,False
,,2026_05_LV_NE,2026,5,2026-10-11T17:00:00+00:00,LV,00-0035891,C.White,WR,receptions,7.5,0.01,0.99,1866,POSITION_2024_EMPIRICAL,,,,,False
,,2026_05_LV_NE,2026,5,2026-10-11T17:00:00+00:00,LV,00-0037093,D.Young,WR,receiving_yards,24.5,0.182599,0.817401,1860,POSITION_2024_EMPIRICAL,,,,,False
,,2026_05_LV_NE,2026,5,2026-10-11T17:00:00+00:00,LV,00-0037093,D.Young,WR,receiving_yards,39.5,0.092911,0.907089,1860,POSITION_2024_EMPIRICAL,,,,,False
,,2026_05_LV_NE,2026,5,2026-10-11T17:00:00+00:00,LV,00-0037093,D.Young,WR,receiving_yards,49.5,0.055854,0.944146,1860,POSITION_2024_EMPIRICAL,,,,,False
,,2026_05_LV_NE,2026,5,2026-10-11T17:00:00+00:00,LV,00-0037093,D.Young,WR,receiving_yards,64.5,0.025779,0.974221,1860,POSITION_2024_EMPIRICAL,,,,,False
,,2026_05_LV_NE,2026,5,2026-10-11T17:00:00+00:00,LV,00-0037093,D.Young,WR,receiving_yards,79.5,0.015038,0.984962,1860,POSITION_2024_EMPIRICAL,,,,,False
,,2026_05_LV_NE,2026,5,2026-10-11T17:00:00+00:00,LV,00-0037093,D.Young,WR,receiving_yards,99.5,0.01,0.99,1860,POSITION_2024_EMPIRICAL,,,,,False
,,2026_05_LV_NE,2026,5,2026-10-11T17:00:00+00:00,LV,00-0037093,D.Young,WR,receiving_yards,124.5,0.01,0.99,1860,POSITION_2024_EMPIRICAL,,,,,False
,,2026_05_LV_NE,2026,5,2026-10-11T17:00:00+00:00,LV,00-0037093,D.Young,WR,receptions,1.5,0.198073,0.801927,1866,POSITION_2024_EMPIRICAL,,,,,False
,,2026_05_LV_NE,2026,5,2026-10-11T17:00:00+00:00,LV,00-0037093,D.Young,WR,receptions,2.5,0.095824,0.904176,1866,POSITION_2024_EMPIRICAL,,,,,False
,,2026_05_LV_NE,2026,5,2026-10-11T17:00:00+00:00,LV,00-0037093,D.Young,WR,receptions,3.5,0.043897,0.956103,1866,POSITION_2024_EMPIRICAL,,,,,False
,,2026_05_LV_NE,2026,5,2026-10-11T17:00:00+00:00,LV,00-0037093,D.Young,WR,receptions,4.5,0.015525,0.984475,1866,POSITION_2024_EMPIRICAL,,,,,False
,,2026_05_LV_NE,2026,5,2026-10-11T17:00:00+00:00,LV,00-0037093,D.Young,WR,receptions,5.5,0.01,0.99,1866,POSITION_2024_EMPIRICAL,,,,,False
,,2026_05_LV_NE,2026,5,2026-10-11T17:00:00+00:00,LV,00-0037093,D.Young,WR,receptions,6.5,0.01,0.99,1866,POSITION_2024_EMPIRICAL,,,,,False
,,2026_05_LV_NE,2026,5,2026-10-11T17:00:00+00:00,LV,00-0037093,D.Young,WR,receptions,7.5,0.01,0.99,1866,POSITION_2024_EMPIRICAL,,,,,False
,,2026_05_LV_NE,2026,5,2026-10-11T17:00:00+00:00,LV,00-0037291,J.Nailor,WR,receiving_yards,24.5,0.272825,0.727175,1860,POSITION_2024_EMPIRICAL,,,,,False
,,2026_05_LV_NE,2026,5,2026-10-11T17:00:00+00:00,LV,00-0037291,J.Nailor,WR,receiving_yards,39.5,0.133727,0.866273,1860,POSITION_2024_EMPIRICAL,,,,,False
,,2026_05_LV_NE,2026,5,2026-10-11T17:00:00+00:00,LV,00-0037291,J.Nailor,WR,receiving_yards,49.5,0.08217,0.91783,1860,POSITION_2024_EMPIRICAL,,,,,False
,,2026_05_LV_NE,2026,5,2026-10-11T17:00:00+00:00,LV,00-0037291,J.Nailor,WR,receiving_yards,64.5,0.037594,0.962406,1860,POSITION_2024_EMPIRICAL,,,,,False
,,2026_05_LV_NE,2026,5,2026-10-11T17:00:00+00:00,LV,00-0037291,J.Nailor,WR,receiving_yards,79.5,0.019871,0.980129,1860,POSITION_2024_EMPIRICAL,,,,,False
,,2026_05_LV_NE,2026,5,2026-10-11T17:00:00+00:00,LV,00-0037291,J.Nailor,WR,receiving_yards,99.5,0.01,0.99,1860,POSITION_2024_EMPIRICAL,,,,,False
,,2026_05_LV_NE,2026,5,2026-10-11T17:00:00+00:00,LV,00-0037291,J.Nailor,WR,receiving_yards,124.5,0.01,0.99,1860,POSITION_2024_EMPIRICAL,,,,,False
,,2026_05_LV_NE,2026,5,2026-10-11T17:00:00+00:00,LV,00-0037291,J.Nailor,WR,receptions,1.5,0.423448,0.576552,1866,POSITION_2024_EMPIRICAL,,,,,False
,,2026_05_LV_NE,2026,5,2026-10-11T17:00:00+00:00,LV,00-0037291,J.Nailor,WR,receptions,2.5,0.229657,0.770343,1866,POSITION_2024_EMPIRICAL,,,,,False
,,2026_05_LV_NE,2026,5,2026-10-11T17:00:00+00:00,LV,00-0037291,J.Nailor,WR,receptions,3.5,0.109208,0.890792,1866,POSITION_2024_EMPIRICAL,,,,,False
,,2026_05_LV_NE,2026,5,2026-10-11T17:00:00+00:00,LV,00-0037291,J.Nailor,WR,receptions,4.5,0.052998,0.947002,1866,POSITION_2024_EMPIRICAL,,,,,False
,,2026_05_LV_NE,2026,5,2026-10-11T17:00:00+00:00,LV,00-0037291,J.Nailor,WR,receptions,5.5,0.020343,0.979657,1866,POSITION_2024_EMPIRICAL,,,,,False
,,2026_05_LV_NE,2026,5,2026-10-11T17:00:00+00:00,LV,00-0037291,J.Nailor,WR,receptions,6.5,0.01,0.99,1866,POSITION_2024_EMPIRICAL,,,,,False
,,2026_05_LV_NE,2026,5,2026-10-11T17:00:00+00:00,LV,00-0037291,J.Nailor,WR,receptions,7.5,0.01,0.99,1866,POSITION_2024_EMPIRICAL,,,,,False
,,2026_05_LV_NE,2026,5,2026-10-11T17:00:00+00:00,LV,00-0037304,C.Heyward,FB,receiving_yards,24.5,0.110972,0.889028,3990,MARKET_2024_EMPIRICAL,,,,,False
,,2026_05_LV_NE,2026,5,2026-10-11T17:00:00+00:00,LV,00-0037304,C.Heyward,FB,receiving_yards,39.5,0.0501,0.9499,3990,MARKET_2024_EMPIRICAL,,,,,False
,,2026_05_LV_NE,2026,5,2026-10-11T17:00:00+00:00,LV,00-0037304,C.Heyward,FB,receiving_yards,49.5,0.027305,0.972695,3990,MARKET_2024_EMPIRICAL,,,,,False
,,2026_05_LV_NE,2026,5,2026-10-11T17:00:00+00:00,LV,00-0037304,C.Heyward,FB,receiving_yards,64.5,0.012275,0.987725,3990,MARKET_2024_EMPIRICAL,,,,,False
,,2026_05_LV_NE,2026,5,2026-10-11T17:00:00+00:00,LV,00-0037304,C.Heyward,FB,receiving_yards,79.5,0.01,0.99,3990,MARKET_2024_EMPIRICAL,,,,,False
,,2026_05_LV_NE,2026,5,2026-10-11T17:00:00+00:00,LV,00-0037304,C.Heyward,FB,receiving_yards,99.5,0.01,0.99,3990,MARKET_2024_EMPIRICAL,,,,,False
,,2026_05_LV_NE,2026,5,2026-10-11T17:00:00+00:00,LV,00-0037304,C.Heyward,FB,receiving_yards,124.5,0.01,0.99,3990,MARKET_2024_EMPIRICAL,,,,,False
,,2026_05_LV_NE,2026,5,2026-10-11T17:00:00+00:00,LV,00-0037304,C.Heyward,FB,receptions,1.5,0.161699,0.838301,4024,MARKET_2024_EMPIRICAL,,,,,False
,,2026_05_LV_NE,2026,5,2026-10-11T17:00:00+00:00,LV,00-0037304,C.Heyward,FB,receptions,2.5,0.077,0.923,4024,MARKET_2024_EMPIRICAL,,,,,False
,,2026_05_LV_NE,2026,5,2026-10-11T17:00:00+00:00,LV,00-0037304,C.Heyward,FB,receptions,3.5,0.032538,0.967462,4024,MARKET_2024_EMPIRICAL,,,,,False
,,2026_05_LV_NE,2026,5,2026-10-11T17:00:00+00:00,LV,00-0037304,C.Heyward,FB,receptions,4.5,0.012668,0.987332,4024,MARKET_2024_EMPIRICAL,,,,,False
,,2026_05_LV_NE,2026,5,2026-10-11T17:00:00+00:00,LV,00-0037304,C.Heyward,FB,receptions,5.5,0.01,0.99,4024,MARKET_2024_EMPIRICAL,,,,,False
,,2026_05_LV_NE,2026,5,2026-10-11T17:00:00+00:00,LV,00-0037304,C.Heyward,FB,receptions,6.5,0.01,0.99,4024,MARKET_2024_EMPIRICAL,,,,,False
,,2026_05_LV_NE,2026,5,2026-10-11T17:00:00+00:00,LV,00-0037304,C.Heyward,FB,receptions,7.5,0.01,0.99,4024,MARKET_2024_EMPIRICAL,,,,,False
,,2026_05_LV_NE,2026,5,2026-10-11T17:00:00+00:00,LV,00-0038563,T.Tucker,WR,receiving_yards,24.5,0.79753,0.20247,1860,POSITION_2024_EMPIRICAL,,,,,False
,,2026_05_LV_NE,2026,5,2026-10-11T17:00:00+00:00,LV,00-0038563,T.Tucker,WR,receiving_yards,39.5,0.628894,0.371106,1860,POSITION_2024_EMPIRICAL,,,,,False
,,2026_05_LV_NE,2026,5,2026-10-11T17:00:00+00:00,LV,00-0038563,T.Tucker,WR,receiving_yards,49.5,0.488185,0.511815,1860,POSITION_2024_EMPIRICAL,,,,,False
,,2026_05_LV_NE,2026,5,2026-10-11T17:00:00+00:00,LV,00-0038563,T.Tucker,WR,receiving_yards,64.5,0.321697,0.678303,1860,POSITION_2024_EMPIRICAL,,,,,False
,,2026_05_LV_NE,2026,5,2026-10-11T17:00:00+00:00,LV,00-0038563,T.Tucker,WR,receiving_yards,79.5,0.214286,0.785714,1860,POSITION_2024_EMPIRICAL,,,,,False
,,2026_05_LV_NE,2026,5,2026-10-11T17:00:00+00:00,LV,00-0038563,T.Tucker,WR,receiving_yards,99.5,0.126208,0.873792,1860,POSITION_2024_EMPIRICAL,,,,,False
,,2026_05_LV_NE,2026,5,2026-10-11T17:00:00+00:00,LV,00-0038563,T.Tucker,WR,receiving_yards,124.5,0.058002,0.941998,1860,POSITION_2024_EMPIRICAL,,,,,False
,,2026_05_LV_NE,2026,5,2026-10-11T17:00:00+00:00,LV,00-0038563,T.Tucker,WR,receptions,1.5,0.828694,0.171306,1866,POSITION_2024_EMPIRICAL,,,,,False
,,2026_05_LV_NE,2026,5,2026-10-11T17:00:00+00:00,LV,00-0038563,T.Tucker,WR,receptions,2.5,0.675054,0.324946,1866,POSITION_2024_EMPIRICAL,,,,,False
,,2026_05_LV_NE,2026,5,2026-10-11T17:00:00+00:00,LV,00-0038563,T.Tucker,WR,receptions,3.5,0.430407,0.569593,1866,POSITION_2024_EMPIRICAL,,,,,False
,,2026_05_LV_NE,2026,5,2026-10-11T17:00:00+00:00,LV,00-0038563,T.Tucker,WR,receptions,4.5,0.276231,0.723769,1866,POSITION_2024_EMPIRICAL,,,,,False
,,2026_05_LV_NE,2026,5,2026-10-11T17:00:00+00:00,LV,00-0038563,T.Tucker,WR,receptions,5.5,0.170236,0.829764,1866,POSITION_2024_EMPIRICAL,,,,,False
,,2026_05_LV_NE,2026,5,2026-10-11T17:00:00+00:00,LV,00-0038563,T.Tucker,WR,receptions,6.5,0.095824,0.904176,1866,POSITION_2024_EMPIRICAL,,,,,False
,,2026_05_LV_NE,2026,5,2026-10-11T17:00:00+00:00,LV,00-0038563,T.Tucker,WR,receptions,7.5,0.058351,0.941649,1866,POSITION_2024_EMPIRICAL,,,,,False
,,2026_05_LV_NE,2026,5,2026-10-11T17:00:00+00:00,LV,00-0039066,M.Mayer,TE,receiving_yards,24.5,0.770651,0.229349,1027,POSITION_2024_EMPIRICAL,,,,,False
,,2026_05_LV_NE,2026,5,2026-10-11T17:00:00+00:00,LV,00-0039066,M.Mayer,TE,receiving_yards,39.5,0.419825,0.580175,1027,POSITION_2024_EMPIRICAL,,,,,False
,,2026_05_LV_NE,2026,5,2026-10-11T17:00:00+00:00,LV,00-0039066,M.Mayer,TE,receiving_yards,49.5,0.280855,0.719145,1027,POSITION_2024_EMPIRICAL,,,,,False
,,2026_05_LV_NE,2026,5,2026-10-11T17:00:00+00:00,LV,00-0039066,M.Mayer,TE,receiving_yards,64.5,0.150632,0.849368,1027,POSITION_2024_EMPIRICAL,,,,,False
,,2026_05_LV_NE,2026,5,2026-10-11T17:00:00+00:00,LV,00-0039066,M.Mayer,TE,receiving_yards,79.5,0.088435,0.911565,1027,POSITION_2024_EMPIRICAL,,,,,False
,,2026_05_LV_NE,2026,5,2026-10-11T17:00:00+00:00,LV,00-0039066,M.Mayer,TE,receiving_yards,99.5,0.029155,0.970845,1027,POSITION_2024_EMPIRICAL,,,,,False
,,2026_05_LV_NE,2026,5,2026-10-11T17:00:00+00:00,LV,00-0039066,M.Mayer,TE,receiving_yards,124.5,0.01,0.99,1027,POSITION_2024_EMPIRICAL,,,,,False
,,2026_05_LV_NE,2026,5,2026-10-11T17:00:00+00:00,LV,00-0039066,M.Mayer,TE,receptions,1.5,0.898157,0.101843,1029,POSITION_2024_EMPIRICAL,,,,,False
,,2026_05_LV_NE,2026,5,2026-10-11T17:00:00+00:00,LV,00-0039066,M.Mayer,TE,receptions,2.5,0.825412,0.174588,1029,POSITION_2024_EMPIRICAL,,,,,False
,,2026_05_LV_NE,2026,5,2026-10-11T17:00:00+00:00,LV,00-0039066,M.Mayer,TE,receptions,3.5,0.652764,0.347236,1029,POSITION_2024_EMPIRICAL,,,,,False
,,2026_05_LV_NE,2026,5,2026-10-11T17:00:00+00:00,LV,00-0039066,M.Mayer,TE,receptions,4.5,0.451018,0.548982,1029,POSITION_2024_EMPIRICAL,,,,,False
,,2026_05_LV_NE,2026,5,2026-10-11T17:00:00+00:00,LV,00-0039066,M.Mayer,TE,receptions,5.5,0.314258,0.685742,1029,POSITION_2024_EMPIRICAL,,,,,False
,,2026_05_LV_NE,2026,5,2026-10-11T17:00:00+00:00,LV,00-0039066,M.Mayer,TE,receptions,6.5,0.213385,0.786615,1029,POSITION_2024_EMPIRICAL,,,,,False
,,2026_05_LV_NE,2026,5,2026-10-11T17:00:00+00:00,LV,00-0039066,M.Mayer,TE,receptions,7.5,0.14549,0.85451,1029,POSITION_2024_EMPIRICAL,,,,,False
,,2026_05_LV_NE,2026,5,2026-10-11T17:00:00+00:00,LV,00-0040122,A.Jeanty,RB,receiving_yards,24.5,0.796402,0.203598,1054,POSITION_2024_EMPIRICAL,,,,,False
,,2026_05_LV_NE,2026,5,2026-10-11T17:00:00+00:00,LV,00-0040122,A.Jeanty,RB,receiving_yards,39.5,0.383523,0.616477,1054,POSITION_2024_EMPIRICAL,,,,,False
,,2026_05_LV_NE,2026,5,2026-10-11T17:00:00+00:00,LV,00-0040122,A.Jeanty,RB,receiving_yards,49.5,0.214962,0.785038,1054,POSITION_2024_EMPIRICAL,,,,,False
,,2026_05_LV_NE,2026,5,2026-10-11T17:00:00+00:00,LV,00-0040122,A.Jeanty,RB,receiving_yards,64.5,0.089962,0.910038,1054,POSITION_2024_EMPIRICAL,,,,,False
,,2026_05_LV_NE,2026,5,2026-10-11T17:00:00+00:00,LV,00-0040122,A.Jeanty,RB,receiving_yards,79.5,0.045455,0.954545,1054,POSITION_2024_EMPIRICAL,,,,,False
,,2026_05_LV_NE,2026,5,2026-10-11T17:00:00+00:00,LV,00-0040122,A.Jeanty,RB,receiving_yards,99.5,0.020833,0.979167,1054,POSITION_2024_EMPIRICAL,,,,,False
,,2026_05_LV_NE,2026,5,2026-10-11T17:00:00+00:00,LV,00-0040122,A.Jeanty,RB,receiving_yards,124.5,0.01,0.99,1054,POSITION_2024_EMPIRICAL,,,,,False
,,2026_05_LV_NE,2026,5,2026-10-11T17:00:00+00:00,LV,00-0040122,A.Jeanty,RB,receptions,1.5,0.902033,0.097967,1080,POSITION_2024_EMPIRICAL,,,,,False
,,2026_05_LV_NE,2026,5,2026-10-11T17:00:00+00:00,LV,00-0040122,A.Jeanty,RB,receptions,2.5,0.807763,0.192237,1080,POSITION_2024_EMPIRICAL,,,,,False
,,2026_05_LV_NE,2026,5,2026-10-11T17:00:00+00:00,LV,00-0040122,A.Jeanty,RB,receptions,3.5,0.614603,0.385397,1080,POSITION_2024_EMPIRICAL,,,,,False
,,2026_05_LV_NE,2026,5,2026-10-11T17:00:00+00:00,LV,00-0040122,A.Jeanty,RB,receptions,4.5,0.390018,0.609982,1080,POSITION_2024_EMPIRICAL,,,,,False
,,2026_05_LV_NE,2026,5,2026-10-11T17:00:00+00:00,LV,00-0040122,A.Jeanty,RB,receptions,5.5,0.273567,0.726433,1080,POSITION_2024_EMPIRICAL,,,,,False
,,2026_05_LV_NE,2026,5,2026-10-11T17:00:00+00:00,LV,00-0040122,A.Jeanty,RB,receptions,6.5,0.170055,0.829945,1080,POSITION_2024_EMPIRICAL,,,,,False
,,2026_05_LV_NE,2026,5,2026-10-11T17:00:00+00:00,LV,00-0040122,A.Jeanty,RB,receptions,7.5,0.101664,0.898336,1080,POSITION_2024_EMPIRICAL,,,,,False
,,2026_05_LV_NE,2026,5,2026-10-11T17:00:00+00:00,LV,00-0040122,A.Jeanty,RB,rushing_yards,19.5,0.87709,0.12291,1194,POSITION_2024_EMPIRICAL,,,,,False
,,2026_05_LV_NE,2026,5,2026-10-11T17:00:00+00:00,LV,00-0040122,A.Jeanty,RB,rushing_yards,34.5,0.758361,0.241639,1194,POSITION_2024_EMPIRICAL,,,,,False
,,2026_05_LV_NE,2026,5,2026-10-11T17:00:00+00:00,LV,00-0040122,A.Jeanty,RB,rushing_yards,49.5,0.588629,0.411371,1194,POSITION_2024_EMPIRICAL,,,,,False
,,2026_05_LV_NE,2026,5,2026-10-11T17:00:00+00:00,LV,00-0040122,A.Jeanty,RB,rushing_yards,64.5,0.380435,0.619565,1194,POSITION_2024_EMPIRICAL,,,,,False
,,2026_05_LV_NE,2026,5,2026-10-11T17:00:00+00:00,LV,00-0040122,A.Jeanty,RB,rushing_yards,79.5,0.257525,0.742475,1194,POSITION_2024_EMPIRICAL,,,,,False
,,2026_05_LV_NE,2026,5,2026-10-11T17:00:00+00:00,LV,00-0040122,A.Jeanty,RB,rushing_yards,99.5,0.153846,0.846154,1194,POSITION_2024_EMPIRICAL,,,,,False
,,2026_05_LV_NE,2026,5,2026-10-11T17:00:00+00:00,LV,00-0040122,A.Jeanty,RB,rushing_yards,124.5,0.069398,0.930602,1194,POSITION_2024_EMPIRICAL,,,,,False
,,2026_05_LV_NE,2026,5,2026-10-11T17:00:00+00:00,LV,00-0040878,M.Washington,RB,receptions,1.5,0.14695,0.85305,1080,POSITION_2024_EMPIRICAL,,,,,False
,,2026_05_LV_NE,2026,5,2026-10-11T17:00:00+00:00,LV,00-0040878,M.Washington,RB,receptions,2.5,0.067468,0.932532,1080,POSITION_2024_EMPIRICAL,,,,,False
,,2026_05_LV_NE,2026,5,2026-10-11T17:00:00+00:00,LV,00-0040878,M.Washington,RB,receptions,3.5,0.021257,0.978743,1080,POSITION_2024_EMPIRICAL,,,,,False
,,2026_05_LV_NE,2026,5,2026-10-11T17:00:00+00:00,LV,00-0040878,M.Washington,RB,receptions,4.5,0.012015,0.987985,1080,POSITION_2024_EMPIRICAL,,,,,False
,,2026_05_LV_NE,2026,5,2026-10-11T17:00:00+00:00,LV,00-0040878,M.Washington,RB,receptions,5.5,0.01,0.99,1080,POSITION_2024_EMPIRICAL,,,,,False
,,2026_05_LV_NE,2026,5,2026-10-11T17:00:00+00:00,LV,00-0040878,M.Washington,RB,receptions,6.5,0.01,0.99,1080,POSITION_2024_EMPIRICAL,,,,,False
,,2026_05_LV_NE,2026,5,2026-10-11T17:00:00+00:00,LV,00-0040878,M.Washington,RB,receptions,7.5,0.01,0.99,1080,POSITION_2024_EMPIRICAL,,,,,False
,,2026_05_LV_NE,2026,5,2026-10-11T17:00:00+00:00,LV,00-0040878,M.Washington,RB,rushing_yards,19.5,0.628763,0.371237,1194,POSITION_2024_EMPIRICAL,,,,,False
,,2026_05_LV_NE,2026,5,2026-10-11T17:00:00+00:00,LV,00-0040878,M.Washington,RB,rushing_yards,34.5,0.293478,0.706522,1194,POSITION_2024_EMPIRICAL,,,,,False
,,2026_05_LV_NE,2026,5,2026-10-11T17:00:00+00:00,LV,00-0040878,M.Washington,RB,rushing_yards,49.5,0.136288,0.863712,1194,POSITION_2024_EMPIRICAL,,,,,False
,,2026_05_LV_NE,2026,5,2026-10-11T17:00:00+00:00,LV,00-0040878,M.Washington,RB,rushing_yards,64.5,0.058528,0.941472,1194,POSITION_2024_EMPIRICAL,,,,,False
,,2026_05_LV_NE,2026,5,2026-10-11T17:00:00+00:00,LV,00-0040878,M.Washington,RB,rushing_yards,79.5,0.02592,0.97408,1194,POSITION_2024_EMPIRICAL,,,,,False
,,2026_05_LV_NE,2026,5,2026-10-11T17:00:00+00:00,LV,00-0040878,M.Washington,RB,rushing_yards,99.5,0.010033,0.989967,1194,POSITION_2024_EMPIRICAL,,,,,False
,,2026_05_LV_NE,2026,5,2026-10-11T17:00:00+00:00,LV,00-0040878,M.Washington,RB,rushing_yards,124.5,0.01,0.99,1194,POSITION_2024_EMPIRICAL,,,,,False
,,2026_05_LV_NE,2026,5,2026-10-11T17:00:00+00:00,NE,00-0033090,H.Henry,TE,receiving_yards,24.5,0.627794,0.372206,1027,POSITION_2024_EMPIRICAL,,,,,False
,,2026_05_LV_NE,2026,5,2026-10-11T17:00:00+00:00,NE,00-0033090,H.Henry,TE,receiving_yards,39.5,0.278912,0.721088,1027,POSITION_2024_EMPIRICAL,,,,,False
,,2026_05_LV_NE,2026,5,2026-10-11T17:00:00+00:00,NE,00-0033090,H.Henry,TE,receiving_yards,49.5,0.172983,0.827017,1027,POSITION_2024_EMPIRICAL,,,,,False
,,2026_05_LV_NE,2026,5,2026-10-11T17:00:00+00:00,NE,00-0033090,H.Henry,TE,receiving_yards,64.5,0.088435,0.911565,1027,POSITION_2024_EMPIRICAL,,,,,False
,,2026_05_LV_NE,2026,5,2026-10-11T17:00:00+00:00,NE,00-0033090,H.Henry,TE,receiving_yards,79.5,0.031098,0.968902,1027,POSITION_2024_EMPIRICAL,,,,,False
,,2026_05_LV_NE,2026,5,2026-10-11T17:00:00+00:00,NE,00-0033090,H.Henry,TE,receiving_yards,99.5,0.01,0.99,1027,POSITION_2024_EMPIRICAL,,,,,False
,,2026_05_LV_NE,2026,5,2026-10-11T17:00:00+00:00,NE,00-0033090,H.Henry,TE,receiving_yards,124.5,0.01,0.99,1027,POSITION_2024_EMPIRICAL,,,,,False
,,2026_05_LV_NE,2026,5,2026-10-11T17:00:00+00:00,NE,00-0033090,H.Henry,TE,receptions,1.5,0.791465,0.208535,1029,POSITION_2024_EMPIRICAL,,,,,False
,,2026_05_LV_NE,2026,5,2026-10-11T17:00:00+00:00,NE,00-0033090,H.Henry,TE,receptions,2.5,0.505335,0.494665,1029,POSITION_2024_EMPIRICAL,,,,,False
,,2026_05_LV_NE,2026,5,2026-10-11T17:00:00+00:00,NE,00-0033090,H.Henry,TE,receptions,3.5,0.27934,0.72066,1029,POSITION_2024_EMPIRICAL,,,,,False
,,2026_05_LV_NE,2026,5,2026-10-11T17:00:00+00:00,NE,00-0033090,H.Henry,TE,receptions,4.5,0.159069,0.840931,1029,POSITION_2024_EMPIRICAL,,,,,False
,,2026_05_LV_NE,2026,5,2026-10-11T17:00:00+00:00,NE,00-0033090,H.Henry,TE,receptions,5.5,0.090204,0.909796,1029,POSITION_2024_EMPIRICAL,,,,,False
,,2026_05_LV_NE,2026,5,2026-10-11T17:00:00+00:00,NE,00-0033090,H.Henry,TE,receptions,6.5,0.046557,0.953443,1029,POSITION_2024_EMPIRICAL,,,,,False
,,2026_05_LV_NE,2026,5,2026-10-11T17:00:00+00:00,NE,00-0033090,H.Henry,TE,receptions,7.5,0.023278,0.976722,1029,POSITION_2024_EMPIRICAL,,,,,False
,,2026_05_LV_NE,2026,5,2026-10-11T17:00:00+00:00,NE,00-0033555,M.Hollins,WR,receiving_yards,24.5,0.764232,0.235768,1860,POSITION_2024_EMPIRICAL,,,,,False
,,2026_05_LV_NE,2026,5,2026-10-11T17:00:00+00:00,NE,00-0033555,M.Hollins,WR,receiving_yards,39.5,0.570892,0.429108,1860,POSITION_2024_EMPIRICAL,,,,,False
,,2026_05_LV_NE,2026,5,2026-10-11T17:00:00+00:00,NE,00-0033555,M.Hollins,WR,receiving_yards,49.5,0.408163,0.591837,1860,POSITION_2024_EMPIRICAL,,,,,False
,,2026_05_LV_NE,2026,5,2026-10-11T17:00:00+00:00,NE,00-0033555,M.Hollins,WR,receiving_yards,64.5,0.261547,0.738453,1860,POSITION_2024_EMPIRICAL,,,,,False
,,2026_05_LV_NE,2026,5,2026-10-11T17:00:00+00:00,NE,00-0033555,M.Hollins,WR,receiving_yards,79.5,0.163802,0.836198,1860,POSITION_2024_EMPIRICAL,,,,,False
,,2026_05_LV_NE,2026,5,2026-10-11T17:00:00+00:00,NE,00-0033555,M.Hollins,WR,receiving_yards,99.5,0.093448,0.906552,1860,POSITION_2024_EMPIRICAL,,,,,False
,,2026_05_LV_NE,2026,5,2026-10-11T17:00:00+00:00,NE,00-0033555,M.Hollins,WR,receiving_yards,124.5,0.038668,0.961332,1860,POSITION_2024_EMPIRICAL,,,,,False
,,2026_05_LV_NE,2026,5,2026-10-11T17:00:00+00:00,NE,00-0033555,M.Hollins,WR,receptions,1.5,0.828694,0.171306,1866,POSITION_2024_EMPIRICAL,,,,,False
,,2026_05_LV_NE,2026,5,2026-10-11T17:00:00+00:00,NE,00-0033555,M.Hollins,WR,receptions,2.5,0.675054,0.324946,1866,POSITION_2024_EMPIRICAL,,,,,False
,,2026_05_LV_NE,2026,5,2026-10-11T17:00:00+00:00,NE,00-0033555,M.Hollins,WR,receptions,3.5,0.430407,0.569593,1866,POSITION_2024_EMPIRICAL,,,,,False
,,2026_05_LV_NE,2026,5,2026-10-11T17:00:00+00:00,NE,00-0033555,M.Hollins,WR,receptions,4.5,0.276231,0.723769,1866,POSITION_2024_EMPIRICAL,,,,,False
,,2026_05_LV_NE,2026,5,2026-10-11T17:00:00+00:00,NE,00-0033555,M.Hollins,WR,receptions,5.5,0.170236,0.829764,1866,POSITION_2024_EMPIRICAL,,,,,False
,,2026_05_LV_NE,2026,5,2026-10-11T17:00:00+00:00,NE,00-0033555,M.Hollins,WR,receptions,6.5,0.095824,0.904176,1866,POSITION_2024_EMPIRICAL,,,,,False
,,2026_05_LV_NE,2026,5,2026-10-11T17:00:00+00:00,NE,00-0033555,M.Hollins,WR,receptions,7.5,0.058351,0.941649,1866,POSITION_2024_EMPIRICAL,,,,,False
,,2026_05_LV_NE,2026,5,2026-10-11T17:00:00+00:00,NE,00-0036875,R.Stevenson,RB,receiving_yards,24.5,0.288826,0.711174,1054,POSITION_2024_EMPIRICAL,,,,,False
,,2026_05_LV_NE,2026,5,2026-10-11T17:00:00+00:00,NE,00-0036875,R.Stevenson,RB,receiving_yards,39.5,0.095644,0.904356,1054,POSITION_2024_EMPIRICAL,,,,,False
,,2026_05_LV_NE,2026,5,2026-10-11T17:00:00+00:00,NE,00-0036875,R.Stevenson,RB,receiving_yards,49.5,0.053977,0.946023,1054,POSITION_2024_EMPIRICAL,,,,,False
,,2026_05_LV_NE,2026,5,2026-10-11T17:00:00+00:00,NE,00-0036875,R.Stevenson,RB,receiving_yards,64.5,0.025568,0.974432,1054,POSITION_2024_EMPIRICAL,,,,,False
,,2026_05_LV_NE,2026,5,2026-10-11T17:00:00+00:00,NE,00-0036875,R.Stevenson,RB,receiving_yards,79.5,0.01,0.99,1054,POSITION_2024_EMPIRICAL,,,,,False
,,2026_05_LV_NE,2026,5,2026-10-11T17:00:00+00:00,NE,00-0036875,R.Stevenson,RB,receiving_yards,99.5,0.01,0.99,1054,POSITION_2024_EMPIRICAL,,,,,False
,,2026_05_LV_NE,2026,5,2026-10-11T17:00:00+00:00,NE,00-0036875,R.Stevenson,RB,receiving_yards,124.5,0.01,0.99,1054,POSITION_2024_EMPIRICAL,,,,,False
,,2026_05_LV_NE,2026,5,2026-10-11T17:00:00+00:00,NE,00-0036875,R.Stevenson,RB,receptions,1.5,0.803142,0.196858,1080,POSITION_2024_EMPIRICAL,,,,,False
,,2026_05_LV_NE,2026,5,2026-10-11T17:00:00+00:00,NE,00-0036875,R.Stevenson,RB,receptions,2.5,0.519409,0.480591,1080,POSITION_2024_EMPIRICAL,,,,,False
,,2026_05_LV_NE,2026,5,2026-10-11T17:00:00+00:00,NE,00-0036875,R.Stevenson,RB,receptions,3.5,0.273567,0.726433,1080,POSITION_2024_EMPIRICAL,,,,,False
,,2026_05_LV_NE,2026,5,2026-10-11T17:00:00+00:00,NE,00-0036875,R.Stevenson,RB,receptions,4.5,0.142329,0.857671,1080,POSITION_2024_EMPIRICAL,,,,,False
,,2026_05_LV_NE,2026,5,2026-10-11T17:00:00+00:00,NE,00-0036875,R.Stevenson,RB,receptions,5.5,0.073937,0.926063,1080,POSITION_2024_EMPIRICAL,,,,,False
,,2026_05_LV_NE,2026,5,2026-10-11T17:00:00+00:00,NE,00-0036875,R.Stevenson,RB,receptions,6.5,0.027726,0.972274,1080,POSITION_2024_EMPIRICAL,,,,,False
,,2026_05_LV_NE,2026,5,2026-10-11T17:00:00+00:00,NE,00-0036875,R.Stevenson,RB,receptions,7.5,0.016636,0.983364,1080,POSITION_2024_EMPIRICAL,,,,,False
,,2026_05_LV_NE,2026,5,2026-10-11T17:00:00+00:00,NE,00-0036875,R.Stevenson,RB,rushing_yards,19.5,0.763378,0.236622,1194,POSITION_2024_EMPIRICAL,,,,,False
,,2026_05_LV_NE,2026,5,2026-10-11T17:00:00+00:00,NE,00-0036875,R.Stevenson,RB,rushing_yards,34.5,0.480769,0.519231,1194,POSITION_2024_EMPIRICAL,,,,,False
,,2026_05_LV_NE,2026,5,2026-10-11T17:00:00+00:00,NE,00-0036875,R.Stevenson,RB,rushing_yards,49.5,0.260033,0.739967,1194,POSITION_2024_EMPIRICAL,,,,,False
,,2026_05_LV_NE,2026,5,2026-10-11T17:00:00+00:00,NE,00-0036875,R.Stevenson,RB,rushing_yards,64.5,0.14214,0.85786,1194,POSITION_2024_EMPIRICAL,,,,,False
,,2026_05_LV_NE,2026,5,2026-10-11T17:00:00+00:00,NE,00-0036875,R.Stevenson,RB,rushing_yards,79.5,0.069398,0.930602,1194,POSITION_2024_EMPIRICAL,,,,,False
,,2026_05_LV_NE,2026,5,2026-10-11T17:00:00+00:00,NE,00-0036875,R.Stevenson,RB,rushing_yards,99.5,0.030936,0.969064,1194,POSITION_2024_EMPIRICAL,,,,,False
,,2026_05_LV_NE,2026,5,2026-10-11T17:00:00+00:00,NE,00-0036875,R.Stevenson,RB,rushing_yards,124.5,0.01087,0.98913,1194,POSITION_2024_EMPIRICAL,,,,,False
,,2026_05_LV_NE,2026,5,2026-10-11T17:00:00+00:00,NE,00-0037816,R.Doubs,WR,receiving_yards,24.5,0.752417,0.247583,1860,POSITION_2024_EMPIRICAL,,,,,False
,,2026_05_LV_NE,2026,5,2026-10-11T17:00:00+00:00,NE,00-0037816,R.Doubs,WR,receiving_yards,39.5,0.552095,0.447905,1860,POSITION_2024_EMPIRICAL,,,,,False
,,2026_05_LV_NE,2026,5,2026-10-11T17:00:00+00:00,NE,00-0037816,R.Doubs,WR,receiving_yards,49.5,0.381847,0.618153,1860,POSITION_2024_EMPIRICAL,,,,,False
,,2026_05_LV_NE,2026,5,2026-10-11T17:00:00+00:00,NE,00-0037816,R.Doubs,WR,receiving_yards,64.5,0.247583,0.752417,1860,POSITION_2024_EMPIRICAL,,,,,False
,,2026_05_LV_NE,2026,5,2026-10-11T17:00:00+00:00,NE,00-0037816,R.Doubs,WR,receiving_yards,79.5,0.153061,0.846939,1860,POSITION_2024_EMPIRICAL,,,,,False
,,2026_05_LV_NE,2026,5,2026-10-11T17:00:00+00:00,NE,00-0037816,R.Doubs,WR,receiving_yards,99.5,0.082707,0.917293,1860,POSITION_2024_EMPIRICAL,,,,,False
,,2026_05_LV_NE,2026,5,2026-10-11T17:00:00+00:00,NE,00-0037816,R.Doubs,WR,receiving_yards,124.5,0.035983,0.964017,1860,POSITION_2024_EMPIRICAL,,,,,False
,,2026_05_LV_NE,2026,5,2026-10-11T17:00:00+00:00,NE,00-0037816,R.Doubs,WR,receptions,1.5,0.767131,0.232869,1866,POSITION_2024_EMPIRICAL,,,,,False
,,2026_05_LV_NE,2026,5,2026-10-11T17:00:00+00:00,NE,00-0037816,R.Doubs,WR,receptions,2.5,0.520878,0.479122,1866,POSITION_2024_EMPIRICAL,,,,,False
,,2026_05_LV_NE,2026,5,2026-10-11T17:00:00+00:00,NE,00-0037816,R.Doubs,WR,receptions,3.5,0.296039,0.703961,1866,POSITION_2024_EMPIRICAL,,,,,False
,,2026_05_LV_NE,2026,5,2026-10-11T17:00:00+00:00,NE,00-0037816,R.Doubs,WR,receptions,4.5,0.16863,0.83137,1866,POSITION_2024_EMPIRICAL,,,,,False
,,2026_05_LV_NE,2026,5,2026-10-11T17:00:00+00:00,NE,00-0037816,R.Doubs,WR,receptions,5.5,0.084582,0.915418,1866,POSITION_2024_EMPIRICAL,,,,,False
,,2026_05_LV_NE,2026,5,2026-10-11T17:00:00+00:00,NE,00-0037816,R.Doubs,WR,receptions,6.5,0.043897,0.956103,1866,POSITION_2024_EMPIRICAL,,,,,False
,,2026_05_LV_NE,2026,5,2026-10-11T17:00:00+00:00,NE,00-0037816,R.Doubs,WR,receptions,7.5,0.018201,0.981799,1866,POSITION_2024_EMPIRICAL,,,,,False
,,2026_05_LV_NE,2026,5,2026-10-11T17:00:00+00:00,NE,00-0038621,D.Douglas,WR,receiving_yards,24.5,0.317938,0.682062,1860,POSITION_2024_EMPIRICAL,,,,,False
,,2026_05_LV_NE,2026,5,2026-10-11T17:00:00+00:00,NE,00-0038621,D.Douglas,WR,receiving_yards,39.5,0.153061,0.846939,1860,POSITION_2024_EMPIRICAL,,,,,False
,,2026_05_LV_NE,2026,5,2026-10-11T17:00:00+00:00,NE,00-0038621,D.Douglas,WR,receiving_yards,49.5,0.098818,0.901182,1860,POSITION_2024_EMPIRICAL,,,,,False
,,2026_05_LV_NE,2026,5,2026-10-11T17:00:00+00:00,NE,00-0038621,D.Douglas,WR,receiving_yards,64.5,0.045113,0.954887,1860,POSITION_2024_EMPIRICAL,,,,,False
,,2026_05_LV_NE,2026,5,2026-10-11T17:00:00+00:00,NE,00-0038621,D.Douglas,WR,receiving_yards,79.5,0.022019,0.977981,1860,POSITION_2024_EMPIRICAL,,,,,False
,,2026_05_LV_NE,2026,5,2026-10-11T17:00:00+00:00,NE,00-0038621,D.Douglas,WR,receiving_yards,99.5,0.010741,0.989259,1860,POSITION_2024_EMPIRICAL,,,,,False
,,2026_05_LV_NE,2026,5,2026-10-11T17:00:00+00:00,NE,00-0038621,D.Douglas,WR,receiving_yards,124.5,0.01,0.99,1860,POSITION_2024_EMPIRICAL,,,,,False
,,2026_05_LV_NE,2026,5,2026-10-11T17:00:00+00:00,NE,00-0038621,D.Douglas,WR,receptions,1.5,0.62152,0.37848,1866,POSITION_2024_EMPIRICAL,,,,,False
,,2026_05_LV_NE,2026,5,2026-10-11T17:00:00+00:00,NE,00-0038621,D.Douglas,WR,receptions,2.5,0.325482,0.674518,1866,POSITION_2024_EMPIRICAL,,,,,False
,,2026_05_LV_NE,2026,5,2026-10-11T17:00:00+00:00,NE,00-0038621,D.Douglas,WR,receptions,3.5,0.171306,0.828694,1866,POSITION_2024_EMPIRICAL,,,,,False
,,2026_05_LV_NE,2026,5,2026-10-11T17:00:00+00:00,NE,00-0038621,D.Douglas,WR,receptions,4.5,0.08137,0.91863,1866,POSITION_2024_EMPIRICAL,,,,,False
,,2026_05_LV_NE,2026,5,2026-10-11T17:00:00+00:00,NE,00-0038621,D.Douglas,WR,receptions,5.5,0.035867,0.964133,1866,POSITION_2024_EMPIRICAL,,,,,False
,,2026_05_LV_NE,2026,5,2026-10-11T17:00:00+00:00,NE,00-0038621,D.Douglas,WR,receptions,6.5,0.011777,0.988223,1866,POSITION_2024_EMPIRICAL,,,,,False
,,2026_05_LV_NE,2026,5,2026-10-11T17:00:00+00:00,NE,00-0038621,D.Douglas,WR,receptions,7.5,0.01,0.99,1866,POSITION_2024_EMPIRICAL,,,,,False
,,2026_05_LV_NE,2026,5,2026-10-11T17:00:00+00:00,NE,00-0039851,D.Maye,QB,passing_yards,149.5,0.709738,0.290262,532,POSITION_2024_EMPIRICAL,,,,,False
,,2026_05_LV_NE,2026,5,2026-10-11T17:00:00+00:00,NE,00-0039851,D.Maye,QB,passing_yards,174.5,0.642322,0.357678,532,POSITION_2024_EMPIRICAL,,,,,False
,,2026_05_LV_NE,2026,5,2026-10-11T17:00:00+00:00,NE,00-0039851,D.Maye,QB,passing_yards,199.5,0.550562,0.449438,532,POSITION_2024_EMPIRICAL,,,,,False
,,2026_05_LV_NE,2026,5,2026-10-11T17:00:00+00:00,NE,00-0039851,D.Maye,QB,passing_yards,224.5,0.413858,0.586142,532,POSITION_2024_EMPIRICAL,,,,,False
,,2026_05_LV_NE,2026,5,2026-10-11T17:00:00+00:00,NE,00-0039851,D.Maye,QB,passing_yards,249.5,0.314607,0.685393,532,POSITION_2024_EMPIRICAL,,,,,False
,,2026_05_LV_NE,2026,5,2026-10-11T17:00:00+00:00,NE,00-0039851,D.Maye,QB,passing_yards,274.5,0.234082,0.765918,532,POSITION_2024_EMPIRICAL,,,,,False
,,2026_05_LV_NE,2026,5,2026-10-11T17:00:00+00:00,NE,00-0039851,D.Maye,QB,passing_yards,299.5,0.181648,0.818352,532,POSITION_2024_EMPIRICAL,,,,,False
,,2026_05_LV_NE,2026,5,2026-10-11T17:00:00+00:00,NE,00-0039851,D.Maye,QB,rushing_yards,19.5,0.770186,0.229814,481,POSITION_2024_EMPIRICAL,,,,,False
,,2026_05_LV_NE,2026,5,2026-10-11T17:00:00+00:00,NE,00-0039851,D.Maye,QB,rushing_yards,34.5,0.331263,0.668737,481,POSITION_2024_EMPIRICAL,,,,,False
,,2026_05_LV_NE,2026,5,2026-10-11T17:00:00+00:00,NE,00-0039851,D.Maye,QB,rushing_yards,49.5,0.165631,0.834369,481,POSITION_2024_EMPIRICAL,,,,,False
,,2026_05_LV_NE,2026,5,2026-10-11T17:00:00+00:00,NE,00-0039851,D.Maye,QB,rushing_yards,64.5,0.068323,0.931677,481,POSITION_2024_EMPIRICAL,,,,,False
,,2026_05_LV_NE,2026,5,2026-10-11T17:00:00+00:00,NE,00-0039851,D.Maye,QB,rushing_yards,79.5,0.033126,0.966874,481,POSITION_2024_EMPIRICAL,,,,,False
,,2026_05_LV_NE,2026,5,2026-10-11T17:00:00+00:00,NE,00-0039851,D.Maye,QB,rushing_yards,99.5,0.01,0.99,481,POSITION_2024_EMPIRICAL,,,,,False
,,2026_05_LV_NE,2026,5,2026-10-11T17:00:00+00:00,NE,00-0039851,D.Maye,QB,rushing_yards,124.5,0.01,0.99,481,POSITION_2024_EMPIRICAL,,,,,False
,,2026_05_LV_NE,2026,5,2026-10-11T17:00:00+00:00,NE,00-0040131,K.Williams,WR,receiving_yards,24.5,0.201933,0.798067,1860,POSITION_2024_EMPIRICAL,,,,,False
,,2026_05_LV_NE,2026,5,2026-10-11T17:00:00+00:00,NE,00-0040131,K.Williams,WR,receiving_yards,39.5,0.100967,0.899033,1860,POSITION_2024_EMPIRICAL,,,,,False
,,2026_05_LV_NE,2026,5,2026-10-11T17:00:00+00:00,NE,00-0040131,K.Williams,WR,receiving_yards,49.5,0.058539,0.941461,1860,POSITION_2024_EMPIRICAL,,,,,False
,,2026_05_LV_NE,2026,5,2026-10-11T17:00:00+00:00,NE,00-0040131,K.Williams,WR,receiving_yards,64.5,0.029001,0.970999,1860,POSITION_2024_EMPIRICAL,,,,,False
,,2026_05_LV_NE,2026,5,2026-10-11T17:00:00+00:00,NE,00-0040131,K.Williams,WR,receiving_yards,79.5,0.016112,0.983888,1860,POSITION_2024_EMPIRICAL,,,,,False
,,2026_05_LV_NE,2026,5,2026-10-11T17:00:00+00:00,NE,00-0040131,K.Williams,WR,receiving_yards,99.5,0.01,0.99,1860,POSITION_2024_EMPIRICAL,,,,,False
,,2026_05_LV_NE,2026,5,2026-10-11T17:00:00+00:00,NE,00-0040131,K.Williams,WR,receiving_yards,124.5,0.01,0.99,1860,POSITION_2024_EMPIRICAL,,,,,False
,,2026_05_LV_NE,2026,5,2026-10-11T17:00:00+00:00,NE,00-0040131,K.Williams,WR,receptions,1.5,0.198073,0.801927,1866,POSITION_2024_EMPIRICAL,,,,,False
,,2026_05_LV_NE,2026,5,2026-10-11T17:00:00+00:00,NE,00-0040131,K.Williams,WR,receptions,2.5,0.095824,0.904176,1866,POSITION_2024_EMPIRICAL,,,,,False
,,2026_05_LV_NE,2026,5,2026-10-11T17:00:00+00:00,NE,00-0040131,K.Williams,WR,receptions,3.5,0.043897,0.956103,1866,POSITION_2024_EMPIRICAL,,,,,False
,,2026_05_LV_NE,2026,5,2026-10-11T17:00:00+00:00,NE,00-0040131,K.Williams,WR,receptions,4.5,0.015525,0.984475,1866,POSITION_2024_EMPIRICAL,,,,,False
,,2026_05_LV_NE,2026,5,2026-10-11T17:00:00+00:00,NE,00-0040131,K.Williams,WR,receptions,5.5,0.01,0.99,1866,POSITION_2024_EMPIRICAL,,,,,False
,,2026_05_LV_NE,2026,5,2026-10-11T17:00:00+00:00,NE,00-0040131,K.Williams,WR,receptions,6.5,0.01,0.99,1866,POSITION_2024_EMPIRICAL,,,,,False
,,2026_05_LV_NE,2026,5,2026-10-11T17:00:00+00:00,NE,00-0040131,K.Williams,WR,receptions,7.5,0.01,0.99,1866,POSITION_2024_EMPIRICAL,,,,,False
,,2026_05_LV_NE,2026,5,2026-10-11T17:00:00+00:00,NE,00-0040556,C.Kiner,RB,receiving_yards,24.5,0.07197,0.92803,1054,POSITION_2024_EMPIRICAL,,,,,False
,,2026_05_LV_NE,2026,5,2026-10-11T17:00:00+00:00,NE,00-0040556,C.Kiner,RB,receiving_yards,39.5,0.03125,0.96875,1054,POSITION_2024_EMPIRICAL,,,,,False
,,2026_05_LV_NE,2026,5,2026-10-11T17:00:00+00:00,NE,00-0040556,C.Kiner,RB,receiving_yards,49.5,0.018939,0.981061,1054,POSITION_2024_EMPIRICAL,,,,,False
,,2026_05_LV_NE,2026,5,2026-10-11T17:00:00+00:00,NE,00-0040556,C.Kiner,RB,receiving_yards,64.5,0.01,0.99,1054,POSITION_2024_EMPIRICAL,,,,,False
,,2026_05_LV_NE,2026,5,2026-10-11T17:00:00+00:00,NE,00-0040556,C.Kiner,RB,receiving_yards,79.5,0.01,0.99,1054,POSITION_2024_EMPIRICAL,,,,,False
,,2026_05_LV_NE,2026,5,2026-10-11T17:00:00+00:00,NE,00-0040556,C.Kiner,RB,receiving_yards,99.5,0.01,0.99,1054,POSITION_2024_EMPIRICAL,,,,,False
,,2026_05_LV_NE,2026,5,2026-10-11T17:00:00+00:00,NE,00-0040556,C.Kiner,RB,receiving_yards,124.5,0.01,0.99,1054,POSITION_2024_EMPIRICAL,,,,,False
,,2026_05_LV_NE,2026,5,2026-10-11T17:00:00+00:00,NE,00-0040556,C.Kiner,RB,receptions,1.5,0.14695,0.85305,1080,POSITION_2024_EMPIRICAL,,,,,False
,,2026_05_LV_NE,2026,5,2026-10-11T17:00:00+00:00,NE,00-0040556,C.Kiner,RB,receptions,2.5,0.067468,0.932532,1080,POSITION_2024_EMPIRICAL,,,,,False
,,2026_05_LV_NE,2026,5,2026-10-11T17:00:00+00:00,NE,00-0040556,C.Kiner,RB,receptions,3.5,0.021257,0.978743,1080,POSITION_2024_EMPIRICAL,,,,,False
,,2026_05_LV_NE,2026,5,2026-10-11T17:00:00+00:00,NE,00-0040556,C.Kiner,RB,receptions,4.5,0.012015,0.987985,1080,POSITION_2024_EMPIRICAL,,,,,False
,,2026_05_LV_NE,2026,5,2026-10-11T17:00:00+00:00,NE,00-0040556,C.Kiner,RB,receptions,5.5,0.01,0.99,1080,POSITION_2024_EMPIRICAL,,,,,False
,,2026_05_LV_NE,2026,5,2026-10-11T17:00:00+00:00,NE,00-0040556,C.Kiner,RB,receptions,6.5,0.01,0.99,1080,POSITION_2024_EMPIRICAL,,,,,False
,,2026_05_LV_NE,2026,5,2026-10-11T17:00:00+00:00,NE,00-0040556,C.Kiner,RB,receptions,7.5,0.01,0.99,1080,POSITION_2024_EMPIRICAL,,,,,False
,,2026_05_LV_NE,2026,5,2026-10-11T17:00:00+00:00,NE,00-0040556,C.Kiner,RB,rushing_yards,19.5,0.201505,0.798495,1194,POSITION_2024_EMPIRICAL,,,,,False
,,2026_05_LV_NE,2026,5,2026-10-11T17:00:00+00:00,NE,00-0040556,C.Kiner,RB,rushing_yards,34.5,0.086957,0.913043,1194,POSITION_2024_EMPIRICAL,,,,,False
,,2026_05_LV_NE,2026,5,2026-10-11T17:00:00+00:00,NE,00-0040556,C.Kiner,RB,rushing_yards,49.5,0.039298,0.960702,1194,POSITION_2024_EMPIRICAL,,,,,False
,,2026_05_LV_NE,2026,5,2026-10-11T17:00:00+00:00,NE,00-0040556,C.Kiner,RB,rushing_yards,64.5,0.020067,0.979933,1194,POSITION_2024_EMPIRICAL,,,,,False
,,2026_05_LV_NE,2026,5,2026-10-11T17:00:00+00:00,NE,00-0040556,C.Kiner,RB,rushing_yards,79.5,0.01,0.99,1194,POSITION_2024_EMPIRICAL,,,,,False
,,2026_05_LV_NE,2026,5,2026-10-11T17:00:00+00:00,NE,00-0040556,C.Kiner,RB,rushing_yards,99.5,0.01,0.99,1194,POSITION_2024_EMPIRICAL,,,,,False
,,2026_05_LV_NE,2026,5,2026-10-11T17:00:00+00:00,NE,00-0040556,C.Kiner,RB,rushing_yards,124.5,0.01,0.99,1194,POSITION_2024_EMPIRICAL,,,,,False
,,2026_05_LV_NE,2026,5,2026-10-11T17:00:00+00:00,NE,00-0040563,E.Chism,WR,receiving_yards,24.5,0.227712,0.772288,1860,POSITION_2024_EMPIRICAL,,,,,False
,,2026_05_LV_NE,2026,5,2026-10-11T17:00:00+00:00,NE,00-0040563,E.Chism,WR,receiving_yards,39.5,0.114393,0.885607,1860,POSITION_2024_EMPIRICAL,,,,,False
,,2026_05_LV_NE,2026,5,2026-10-11T17:00:00+00:00,NE,00-0040563,E.Chism,WR,receiving_yards,49.5,0.06928,0.93072,1860,POSITION_2024_EMPIRICAL,,,,,False
,,2026_05_LV_NE,2026,5,2026-10-11T17:00:00+00:00,NE,00-0040563,E.Chism,WR,receiving_yards,64.5,0.033298,0.966702,1860,POSITION_2024_EMPIRICAL,,,,,False
,,2026_05_LV_NE,2026,5,2026-10-11T17:00:00+00:00,NE,00-0040563,E.Chism,WR,receiving_yards,79.5,0.017186,0.982814,1860,POSITION_2024_EMPIRICAL,,,,,False
,,2026_05_LV_NE,2026,5,2026-10-11T17:00:00+00:00,NE,00-0040563,E.Chism,WR,receiving_yards,99.5,0.01,0.99,1860,POSITION_2024_EMPIRICAL,,,,,False
,,2026_05_LV_NE,2026,5,2026-10-11T17:00:00+00:00,NE,00-0040563,E.Chism,WR,receiving_yards,124.5,0.01,0.99,1860,POSITION_2024_EMPIRICAL,,,,,False
,,2026_05_LV_NE,2026,5,2026-10-11T17:00:00+00:00,NE,00-0040563,E.Chism,WR,receptions,1.5,0.34636,0.65364,1866,POSITION_2024_EMPIRICAL,,,,,False
,,2026_05_LV_NE,2026,5,2026-10-11T17:00:00+00:00,NE,00-0040563,E.Chism,WR,receptions,2.5,0.182013,0.817987,1866,POSITION_2024_EMPIRICAL,,,,,False
,,2026_05_LV_NE,2026,5,2026-10-11T17:00:00+00:00,NE,00-0040563,E.Chism,WR,receptions,3.5,0.084582,0.915418,1866,POSITION_2024_EMPIRICAL,,,,,False
,,2026_05_LV_NE,2026,5,2026-10-11T17:00:00+00:00,NE,00-0040563,E.Chism,WR,receptions,4.5,0.038009,0.961991,1866,POSITION_2024_EMPIRICAL,,,,,False
,,2026_05_LV_NE,2026,5,2026-10-11T17:00:00+00:00,NE,00-0040563,E.Chism,WR,receptions,5.5,0.012848,0.987152,1866,POSITION_2024_EMPIRICAL,,,,,False
,,2026_05_LV_NE,2026,5,2026-10-11T17:00:00+00:00,NE,00-0040563,E.Chism,WR,receptions,6.5,0.01,0.99,1866,POSITION_2024_EMPIRICAL,,,,,False
,,2026_05_LV_NE,2026,5,2026-10-11T17:00:00+00:00,NE,00-0040563,E.Chism,WR,receptions,7.5,0.01,0.99,1866,POSITION_2024_EMPIRICAL,,,,,False
,,2026_05_LV_NE,2026,5,2026-10-11T17:00:00+00:00,NE,00-0040734,T.Henderson,RB,receiving_yards,24.5,0.071023,0.928977,1054,POSITION_2024_EMPIRICAL,,,,,False
,,2026_05_LV_NE,2026,5,2026-10-11T17:00:00+00:00,NE,00-0040734,T.Henderson,RB,receiving_yards,39.5,0.03125,0.96875,1054,POSITION_2024_EMPIRICAL,,,,,False
,,2026_05_LV_NE,2026,5,2026-10-11T17:00:00+00:00,NE,00-0040734,T.Henderson,RB,receiving_yards,49.5,0.018939,0.981061,1054,POSITION_2024_EMPIRICAL,,,,,False
,,2026_05_LV_NE,2026,5,2026-10-11T17:00:00+00:00,NE,00-0040734,T.Henderson,RB,receiving_yards,64.5,0.01,0.99,1054,POSITION_2024_EMPIRICAL,,,,,False
,,2026_05_LV_NE,2026,5,2026-10-11T17:00:00+00:00,NE,00-0040734,T.Henderson,RB,receiving_yards,79.5,0.01,0.99,1054,POSITION_2024_EMPIRICAL,,,,,False
,,2026_05_LV_NE,2026,5,2026-10-11T17:00:00+00:00,NE,00-0040734,T.Henderson,RB,receiving_yards,99.5,0.01,0.99,1054,POSITION_2024_EMPIRICAL,,,,,False
,,2026_05_LV_NE,2026,5,2026-10-11T17:00:00+00:00,NE,00-0040734,T.Henderson,RB,receiving_yards,124.5,0.01,0.99,1054,POSITION_2024_EMPIRICAL,,,,,False
,,2026_05_LV_NE,2026,5,2026-10-11T17:00:00+00:00,NE,00-0040734,T.Henderson,RB,receptions,1.5,0.155268,0.844732,1080,POSITION_2024_EMPIRICAL,,,,,False
,,2026_05_LV_NE,2026,5,2026-10-11T17:00:00+00:00,NE,00-0040734,T.Henderson,RB,receptions,2.5,0.073937,0.926063,1080,POSITION_2024_EMPIRICAL,,,,,False
,,2026_05_LV_NE,2026,5,2026-10-11T17:00:00+00:00,NE,00-0040734,T.Henderson,RB,receptions,3.5,0.022181,0.977819,1080,POSITION_2024_EMPIRICAL,,,,,False
,,2026_05_LV_NE,2026,5,2026-10-11T17:00:00+00:00,NE,00-0040734,T.Henderson,RB,receptions,4.5,0.014787,0.985213,1080,POSITION_2024_EMPIRICAL,,,,,False
,,2026_05_LV_NE,2026,5,2026-10-11T17:00:00+00:00,NE,00-0040734,T.Henderson,RB,receptions,5.5,0.01,0.99,1080,POSITION_2024_EMPIRICAL,,,,,False
,,2026_05_LV_NE,2026,5,2026-10-11T17:00:00+00:00,NE,00-0040734,T.Henderson,RB,receptions,6.5,0.01,0.99,1080,POSITION_2024_EMPIRICAL,,,,,False
,,2026_05_LV_NE,2026,5,2026-10-11T17:00:00+00:00,NE,00-0040734,T.Henderson,RB,receptions,7.5,0.01,0.99,1080,POSITION_2024_EMPIRICAL,,,,,False
,,2026_05_LV_NE,2026,5,2026-10-11T17:00:00+00:00,NE,00-0040734,T.Henderson,RB,rushing_yards,19.5,0.805184,0.194816,1194,POSITION_2024_EMPIRICAL,,,,,False
,,2026_05_LV_NE,2026,5,2026-10-11T17:00:00+00:00,NE,00-0040734,T.Henderson,RB,rushing_yards,34.5,0.589465,0.410535,1194,POSITION_2024_EMPIRICAL,,,,,False
,,2026_05_LV_NE,2026,5,2026-10-11T17:00:00+00:00,NE,00-0040734,T.Henderson,RB,rushing_yards,49.5,0.332776,0.667224,1194,POSITION_2024_EMPIRICAL,,,,,False
,,2026_05_LV_NE,2026,5,2026-10-11T17:00:00+00:00,NE,00-0040734,T.Henderson,RB,rushing_yards,64.5,0.201505,0.798495,1194,POSITION_2024_EMPIRICAL,,,,,False
,,2026_05_LV_NE,2026,5,2026-10-11T17:00:00+00:00,NE,00-0040734,T.Henderson,RB,rushing_yards,79.5,0.114548,0.885452,1194,POSITION_2024_EMPIRICAL,,,,,False
,,2026_05_LV_NE,2026,5,2026-10-11T17:00:00+00:00,NE,00-0040734,T.Henderson,RB,rushing_yards,99.5,0.051839,0.948161,1194,POSITION_2024_EMPIRICAL,,,,,False
,,2026_05_LV_NE,2026,5,2026-10-11T17:00:00+00:00,NE,00-0040734,T.Henderson,RB,rushing_yards,124.5,0.021739,0.978261,1194,POSITION_2024_EMPIRICAL,,,,,False
,,2026_05_LV_NE,2026,5,2026-10-11T17:00:00+00:00,NE,00-0041395,E.Raridon,TE,receiving_yards,24.5,0.231293,0.768707,1027,POSITION_2024_EMPIRICAL,,,,,False
,,2026_05_LV_NE,2026,5,2026-10-11T17:00:00+00:00,NE,00-0041395,E.Raridon,TE,receiving_yards,39.5,0.102041,0.897959,1027,POSITION_2024_EMPIRICAL,,,,,False
,,2026_05_LV_NE,2026,5,2026-10-11T17:00:00+00:00,NE,00-0041395,E.Raridon,TE,receiving_yards,49.5,0.061224,0.938776,1027,POSITION_2024_EMPIRICAL,,,,,False
,,2026_05_LV_NE,2026,5,2026-10-11T17:00:00+00:00,NE,00-0041395,E.Raridon,TE,receiving_yards,64.5,0.019436,0.980564,1027,POSITION_2024_EMPIRICAL,,,,,False
,,2026_05_LV_NE,2026,5,2026-10-11T17:00:00+00:00,NE,00-0041395,E.Raridon,TE,receiving_yards,79.5,0.01,0.99,1027,POSITION_2024_EMPIRICAL,,,,,False
,,2026_05_LV_NE,2026,5,2026-10-11T17:00:00+00:00,NE,00-0041395,E.Raridon,TE,receiving_yards,99.5,0.01,0.99,1027,POSITION_2024_EMPIRICAL,,,,,False
,,2026_05_LV_NE,2026,5,2026-10-11T17:00:00+00:00,NE,00-0041395,E.Raridon,TE,receiving_yards,124.5,0.01,0.99,1027,POSITION_2024_EMPIRICAL,,,,,False
,,2026_05_LV_NE,2026,5,2026-10-11T17:00:00+00:00,NE,00-0041395,E.Raridon,TE,receptions,1.5,0.266731,0.733269,1029,POSITION_2024_EMPIRICAL,,,,,False
,,2026_05_LV_NE,2026,5,2026-10-11T17:00:00+00:00,NE,00-0041395,E.Raridon,TE,receptions,2.5,0.13676,0.86324,1029,POSITION_2024_EMPIRICAL,,,,,False
,,2026_05_LV_NE,2026,5,2026-10-11T17:00:00+00:00,NE,00-0041395,E.Raridon,TE,receptions,3.5,0.071775,0.928225,1029,POSITION_2024_EMPIRICAL,,,,,False
,,2026_05_LV_NE,2026,5,2026-10-11T17:00:00+00:00,NE,00-0041395,E.Raridon,TE,receptions,4.5,0.032978,0.967022,1029,POSITION_2024_EMPIRICAL,,,,,False
,,2026_05_LV_NE,2026,5,2026-10-11T17:00:00+00:00,NE,00-0041395,E.Raridon,TE,receptions,5.5,0.015519,0.984481,1029,POSITION_2024_EMPIRICAL,,,,,False
,,2026_05_LV_NE,2026,5,2026-10-11T17:00:00+00:00,NE,00-0041395,E.Raridon,TE,receptions,6.5,0.01,0.99,1029,POSITION_2024_EMPIRICAL,,,,,False
,,2026_05_LV_NE,2026,5,2026-10-11T17:00:00+00:00,NE,00-0041395,E.Raridon,TE,receptions,7.5,0.01,0.99,1029,POSITION_2024_EMPIRICAL,,,,,False
,,2026_05_MIN_NO,2026,5,2026-10-11T17:00:00+00:00,MIN,00-0033293,A.Jones,RB,receiving_yards,24.5,0.197917,0.802083,1054,POSITION_2024_EMPIRICAL,,,,,False
,,2026_05_MIN_NO,2026,5,2026-10-11T17:00:00+00:00,MIN,00-0033293,A.Jones,RB,receiving_yards,39.5,0.071023,0.928977,1054,POSITION_2024_EMPIRICAL,,,,,False
,,2026_05_MIN_NO,2026,5,2026-10-11T17:00:00+00:00,MIN,00-0033293,A.Jones,RB,receiving_yards,49.5,0.038826,0.961174,1054,POSITION_2024_EMPIRICAL,,,,,False
,,2026_05_MIN_NO,2026,5,2026-10-11T17:00:00+00:00,MIN,00-0033293,A.Jones,RB,receiving_yards,64.5,0.018939,0.981061,1054,POSITION_2024_EMPIRICAL,,,,,False
,,2026_05_MIN_NO,2026,5,2026-10-11T17:00:00+00:00,MIN,00-0033293,A.Jones,RB,receiving_yards,79.5,0.01,0.99,1054,POSITION_2024_EMPIRICAL,,,,,False
,,2026_05_MIN_NO,2026,5,2026-10-11T17:00:00+00:00,MIN,00-0033293,A.Jones,RB,receiving_yards,99.5,0.01,0.99,1054,POSITION_2024_EMPIRICAL,,,,,False
,,2026_05_MIN_NO,2026,5,2026-10-11T17:00:00+00:00,MIN,00-0033293,A.Jones,RB,receiving_yards,124.5,0.01,0.99,1054,POSITION_2024_EMPIRICAL,,,,,False
,,2026_05_MIN_NO,2026,5,2026-10-11T17:00:00+00:00,MIN,00-0033293,A.Jones,RB,receptions,1.5,0.614603,0.385397,1080,POSITION_2024_EMPIRICAL,,,,,False
,,2026_05_MIN_NO,2026,5,2026-10-11T17:00:00+00:00,MIN,00-0033293,A.Jones,RB,receptions,2.5,0.298521,0.701479,1080,POSITION_2024_EMPIRICAL,,,,,False
,,2026_05_MIN_NO,2026,5,2026-10-11T17:00:00+00:00,MIN,00-0033293,A.Jones,RB,receptions,3.5,0.14695,0.85305,1080,POSITION_2024_EMPIRICAL,,,,,False
,,2026_05_MIN_NO,2026,5,2026-10-11T17:00:00+00:00,MIN,00-0033293,A.Jones,RB,receptions,4.5,0.067468,0.932532,1080,POSITION_2024_EMPIRICAL,,,,,False
,,2026_05_MIN_NO,2026,5,2026-10-11T17:00:00+00:00,MIN,00-0033293,A.Jones,RB,receptions,5.5,0.021257,0.978743,1080,POSITION_2024_EMPIRICAL,,,,,False
,,2026_05_MIN_NO,2026,5,2026-10-11T17:00:00+00:00,MIN,00-0033293,A.Jones,RB,receptions,6.5,0.012015,0.987985,1080,POSITION_2024_EMPIRICAL,,,,,False
,,2026_05_MIN_NO,2026,5,2026-10-11T17:00:00+00:00,MIN,00-0033293,A.Jones,RB,receptions,7.5,0.01,0.99,1080,POSITION_2024_EMPIRICAL,,,,,False
,,2026_05_MIN_NO,2026,5,2026-10-11T17:00:00+00:00,MIN,00-0033293,A.Jones,RB,rushing_yards,19.5,0.892977,0.107023,1194,POSITION_2024_EMPIRICAL,,,,,False
,,2026_05_MIN_NO,2026,5,2026-10-11T17:00:00+00:00,MIN,00-0033293,A.Jones,RB,rushing_yards,34.5,0.799331,0.200669,1194,POSITION_2024_EMPIRICAL,,,,,False
,,2026_05_MIN_NO,2026,5,2026-10-11T17:00:00+00:00,MIN,00-0033293,A.Jones,RB,rushing_yards,49.5,0.655518,0.344482,1194,POSITION_2024_EMPIRICAL,,,,,False
,,2026_05_MIN_NO,2026,5,2026-10-11T17:00:00+00:00,MIN,00-0033293,A.Jones,RB,rushing_yards,64.5,0.477425,0.522575,1194,POSITION_2024_EMPIRICAL,,,,,False
,,2026_05_MIN_NO,2026,5,2026-10-11T17:00:00+00:00,MIN,00-0033293,A.Jones,RB,rushing_yards,79.5,0.32107,0.67893,1194,POSITION_2024_EMPIRICAL,,,,,False
,,2026_05_MIN_NO,2026,5,2026-10-11T17:00:00+00:00,MIN,00-0033293,A.Jones,RB,rushing_yards,99.5,0.204849,0.795151,1194,POSITION_2024_EMPIRICAL,,,,,False
,,2026_05_MIN_NO,2026,5,2026-10-11T17:00:00+00:00,MIN,00-0033293,A.Jones,RB,rushing_yards,124.5,0.108696,0.891304,1194,POSITION_2024_EMPIRICAL,,,,,False
,,2026_05_MIN_NO,2026,5,2026-10-11T17:00:00+00:00,MIN,00-0035228,K.Murray,QB,passing_yards,149.5,0.370787,0.629213,532,POSITION_2024_EMPIRICAL,,,,,False
,,2026_05_MIN_NO,2026,5,2026-10-11T17:00:00+00:00,MIN,00-0035228,K.Murray,QB,passing_yards,174.5,0.247191,0.752809,532,POSITION_2024_EMPIRICAL,,,,,False
,,2026_05_MIN_NO,2026,5,2026-10-11T17:00:00+00:00,MIN,00-0035228,K.Murray,QB,passing_yards,199.5,0.166667,0.833333,532,POSITION_2024_EMPIRICAL,,,,,False
,,2026_05_MIN_NO,2026,5,2026-10-11T17:00:00+00:00,MIN,00-0035228,K.Murray,QB,passing_yards,224.5,0.095506,0.904494,532,POSITION_2024_EMPIRICAL,,,,,False
,,2026_05_MIN_NO,2026,5,2026-10-11T17:00:00+00:00,MIN,00-0035228,K.Murray,QB,passing_yards,249.5,0.073034,0.926966,532,POSITION_2024_EMPIRICAL,,,,,False
,,2026_05_MIN_NO,2026,5,2026-10-11T17:00:00+00:00,MIN,00-0035228,K.Murray,QB,passing_yards,274.5,0.054307,0.945693,532,POSITION_2024_EMPIRICAL,,,,,False
,,2026_05_MIN_NO,2026,5,2026-10-11T17:00:00+00:00,MIN,00-0035228,K.Murray,QB,passing_yards,299.5,0.039326,0.960674,532,POSITION_2024_EMPIRICAL,,,,,False
,,2026_05_MIN_NO,2026,5,2026-10-11T17:00:00+00:00,MIN,00-0035228,K.Murray,QB,rushing_yards,19.5,0.242236,0.757764,481,POSITION_2024_EMPIRICAL,,,,,False
,,2026_05_MIN_NO,2026,5,2026-10-11T17:00:00+00:00,MIN,00-0035228,K.Murray,QB,rushing_yards,34.5,0.113872,0.886128,481,POSITION_2024_EMPIRICAL,,,,,False
,,2026_05_MIN_NO,2026,5,2026-10-11T17:00:00+00:00,MIN,00-0035228,K.Murray,QB,rushing_yards,49.5,0.043478,0.956522,481,POSITION_2024_EMPIRICAL,,,,,False
,,2026_05_MIN_NO,2026,5,2026-10-11T17:00:00+00:00,MIN,00-0035228,K.Murray,QB,rushing_yards,64.5,0.014493,0.985507,481,POSITION_2024_EMPIRICAL,,,,,False
,,2026_05_MIN_NO,2026,5,2026-10-11T17:00:00+00:00,MIN,00-0035228,K.Murray,QB,rushing_yards,79.5,0.01,0.99,481,POSITION_2024_EMPIRICAL,,,,,False
,,2026_05_MIN_NO,2026,5,2026-10-11T17:00:00+00:00,MIN,00-0035228,K.Murray,QB,rushing_yards,99.5,0.01,0.99,481,POSITION_2024_EMPIRICAL,,,,,False
,,2026_05_MIN_NO,2026,5,2026-10-11T17:00:00+00:00,MIN,00-0035228,K.Murray,QB,rushing_yards,124.5,0.01,0.99,481,POSITION_2024_EMPIRICAL,,,,,False
,,2026_05_MIN_NO,2026,5,2026-10-11T17:00:00+00:00,MIN,00-0035229,T.Hockenson,TE,receiving_yards,24.5,0.826045,0.173955,1027,POSITION_2024_EMPIRICAL,,,,,False
,,2026_05_MIN_NO,2026,5,2026-10-11T17:00:00+00:00,MIN,00-0035229,T.Hockenson,TE,receiving_yards,39.5,0.565598,0.434402,1027,POSITION_2024_EMPIRICAL,,,,,False
,,2026_05_MIN_NO,2026,5,2026-10-11T17:00:00+00:00,MIN,00-0035229,T.Hockenson,TE,receiving_yards,49.5,0.34208,0.65792,1027,POSITION_2024_EMPIRICAL,,,,,False
,,2026_05_MIN_NO,2026,5,2026-10-11T17:00:00+00:00,MIN,00-0035229,T.Hockenson,TE,receiving_yards,64.5,0.225462,0.774538,1027,POSITION_2024_EMPIRICAL,,,,,False
,,2026_05_MIN_NO,2026,5,2026-10-11T17:00:00+00:00,MIN,00-0035229,T.Hockenson,TE,receiving_yards,79.5,0.126336,0.873664,1027,POSITION_2024_EMPIRICAL,,,,,False
,,2026_05_MIN_NO,2026,5,2026-10-11T17:00:00+00:00,MIN,00-0035229,T.Hockenson,TE,receiving_yards,99.5,0.063168,0.936832,1027,POSITION_2024_EMPIRICAL,,,,,False
,,2026_05_MIN_NO,2026,5,2026-10-11T17:00:00+00:00,MIN,00-0035229,T.Hockenson,TE,receiving_yards,124.5,0.016521,0.983479,1027,POSITION_2024_EMPIRICAL,,,,,False
,,2026_05_MIN_NO,2026,5,2026-10-11T17:00:00+00:00,MIN,00-0035229,T.Hockenson,TE,receptions,1.5,0.912706,0.087294,1029,POSITION_2024_EMPIRICAL,,,,,False
,,2026_05_MIN_NO,2026,5,2026-10-11T17:00:00+00:00,MIN,00-0035229,T.Hockenson,TE,receptions,2.5,0.8516,0.1484,1029,POSITION_2024_EMPIRICAL,,,,,False
,,2026_05_MIN_NO,2026,5,2026-10-11T17:00:00+00:00,MIN,00-0035229,T.Hockenson,TE,receptions,3.5,0.734239,0.265761,1029,POSITION_2024_EMPIRICAL,,,,,False
,,2026_05_MIN_NO,2026,5,2026-10-11T17:00:00+00:00,MIN,00-0035229,T.Hockenson,TE,receptions,4.5,0.539282,0.460718,1029,POSITION_2024_EMPIRICAL,,,,,False
,,2026_05_MIN_NO,2026,5,2026-10-11T17:00:00+00:00,MIN,00-0035229,T.Hockenson,TE,receptions,5.5,0.368574,0.631426,1029,POSITION_2024_EMPIRICAL,,,,,False
,,2026_05_MIN_NO,2026,5,2026-10-11T17:00:00+00:00,MIN,00-0035229,T.Hockenson,TE,receptions,6.5,0.266731,0.733269,1029,POSITION_2024_EMPIRICAL,,,,,False
,,2026_05_MIN_NO,2026,5,2026-10-11T17:00:00+00:00,MIN,00-0035229,T.Hockenson,TE,receptions,7.5,0.183317,0.816683,1029,POSITION_2024_EMPIRICAL,,,,,False
,,2026_05_MIN_NO,2026,5,2026-10-11T17:00:00+00:00,MIN,00-0035249,J.Oliver,TE,receiving_yards,24.5,0.238095,0.761905,1027,POSITION_2024_EMPIRICAL,,,,,False
,,2026_05_MIN_NO,2026,5,2026-10-11T17:00:00+00:00,MIN,00-0035249,J.Oliver,TE,receiving_yards,39.5,0.103984,0.896016,1027,POSITION_2024_EMPIRICAL,,,,,False
,,2026_05_MIN_NO,2026,5,2026-10-11T17:00:00+00:00,MIN,00-0035249,J.Oliver,TE,receiving_yards,49.5,0.066084,0.933916,1027,POSITION_2024_EMPIRICAL,,,,,False
,,2026_05_MIN_NO,2026,5,2026-10-11T17:00:00+00:00,MIN,00-0035249,J.Oliver,TE,receiving_yards,64.5,0.019436,0.980564,1027,POSITION_2024_EMPIRICAL,,,,,False
,,2026_05_MIN_NO,2026,5,2026-10-11T17:00:00+00:00,MIN,00-0035249,J.Oliver,TE,receiving_yards,79.5,0.01,0.99,1027,POSITION_2024_EMPIRICAL,,,,,False
,,2026_05_MIN_NO,2026,5,2026-10-11T17:00:00+00:00,MIN,00-0035249,J.Oliver,TE,receiving_yards,99.5,0.01,0.99,1027,POSITION_2024_EMPIRICAL,,,,,False
,,2026_05_MIN_NO,2026,5,2026-10-11T17:00:00+00:00,MIN,00-0035249,J.Oliver,TE,receiving_yards,124.5,0.01,0.99,1027,POSITION_2024_EMPIRICAL,,,,,False
,,2026_05_MIN_NO,2026,5,2026-10-11T17:00:00+00:00,MIN,00-0035249,J.Oliver,TE,receptions,1.5,0.266731,0.733269,1029,POSITION_2024_EMPIRICAL,,,,,False
,,2026_05_MIN_NO,2026,5,2026-10-11T17:00:00+00:00,MIN,00-0035249,J.Oliver,TE,receptions,2.5,0.13676,0.86324,1029,POSITION_2024_EMPIRICAL,,,,,False
,,2026_05_MIN_NO,2026,5,2026-10-11T17:00:00+00:00,MIN,00-0035249,J.Oliver,TE,receptions,3.5,0.071775,0.928225,1029,POSITION_2024_EMPIRICAL,,,,,False
,,2026_05_MIN_NO,2026,5,2026-10-11T17:00:00+00:00,MIN,00-0035249,J.Oliver,TE,receptions,4.5,0.032978,0.967022,1029,POSITION_2024_EMPIRICAL,,,,,False
,,2026_05_MIN_NO,2026,5,2026-10-11T17:00:00+00:00,MIN,00-0035249,J.Oliver,TE,receptions,5.5,0.015519,0.984481,1029,POSITION_2024_EMPIRICAL,,,,,False
,,2026_05_MIN_NO,2026,5,2026-10-11T17:00:00+00:00,MIN,00-0035249,J.Oliver,TE,receptions,6.5,0.01,0.99,1029,POSITION_2024_EMPIRICAL,,,,,False
,,2026_05_MIN_NO,2026,5,2026-10-11T17:00:00+00:00,MIN,00-0035249,J.Oliver,TE,receptions,7.5,0.01,0.99,1029,POSITION_2024_EMPIRICAL,,,,,False
,,2026_05_MIN_NO,2026,5,2026-10-11T17:00:00+00:00,MIN,00-0036259,J.Jennings,WR,receiving_yards,24.5,0.137487,0.862513,1860,POSITION_2024_EMPIRICAL,,,,,False
,,2026_05_MIN_NO,2026,5,2026-10-11T17:00:00+00:00,MIN,00-0036259,J.Jennings,WR,receiving_yards,39.5,0.066058,0.933942,1860,POSITION_2024_EMPIRICAL,,,,,False
,,2026_05_MIN_NO,2026,5,2026-10-11T17:00:00+00:00,MIN,00-0036259,J.Jennings,WR,receiving_yards,49.5,0.038131,0.961869,1860,POSITION_2024_EMPIRICAL,,,,,False
,,2026_05_MIN_NO,2026,5,2026-10-11T17:00:00+00:00,MIN,00-0036259,J.Jennings,WR,receiving_yards,64.5,0.020408,0.979592,1860,POSITION_2024_EMPIRICAL,,,,,False
,,2026_05_MIN_NO,2026,5,2026-10-11T17:00:00+00:00,MIN,00-0036259,J.Jennings,WR,receiving_yards,79.5,0.012352,0.987648,1860,POSITION_2024_EMPIRICAL,,,,,False
,,2026_05_MIN_NO,2026,5,2026-10-11T17:00:00+00:00,MIN,00-0036259,J.Jennings,WR,receiving_yards,99.5,0.01,0.99,1860,POSITION_2024_EMPIRICAL,,,,,False
,,2026_05_MIN_NO,2026,5,2026-10-11T17:00:00+00:00,MIN,00-0036259,J.Jennings,WR,receiving_yards,124.5,0.01,0.99,1860,POSITION_2024_EMPIRICAL,,,,,False
,,2026_05_MIN_NO,2026,5,2026-10-11T17:00:00+00:00,MIN,00-0036259,J.Jennings,WR,receptions,1.5,0.231799,0.768201,1866,POSITION_2024_EMPIRICAL,,,,,False
,,2026_05_MIN_NO,2026,5,2026-10-11T17:00:00+00:00,MIN,00-0036259,J.Jennings,WR,receptions,2.5,0.109208,0.890792,1866,POSITION_2024_EMPIRICAL,,,,,False
,,2026_05_MIN_NO,2026,5,2026-10-11T17:00:00+00:00,MIN,00-0036259,J.Jennings,WR,receptions,3.5,0.052998,0.947002,1866,POSITION_2024_EMPIRICAL,,,,,False
,,2026_05_MIN_NO,2026,5,2026-10-11T17:00:00+00:00,MIN,00-0036259,J.Jennings,WR,receptions,4.5,0.020343,0.979657,1866,POSITION_2024_EMPIRICAL,,,,,False
,,2026_05_MIN_NO,2026,5,2026-10-11T17:00:00+00:00,MIN,00-0036259,J.Jennings,WR,receptions,5.5,0.01,0.99,1866,POSITION_2024_EMPIRICAL,,,,,False
,,2026_05_MIN_NO,2026,5,2026-10-11T17:00:00+00:00,MIN,00-0036259,J.Jennings,WR,receptions,6.5,0.01,0.99,1866,POSITION_2024_EMPIRICAL,,,,,False
,,2026_05_MIN_NO,2026,5,2026-10-11T17:00:00+00:00,MIN,00-0036259,J.Jennings,WR,receptions,7.5,0.01,0.99,1866,POSITION_2024_EMPIRICAL,,,,,False
,,2026_05_MIN_NO,2026,5,2026-10-11T17:00:00+00:00,MIN,00-0036322,J.Jefferson,WR,receiving_yards,24.5,0.806122,0.193878,1860,POSITION_2024_EMPIRICAL,,,,,False
,,2026_05_MIN_NO,2026,5,2026-10-11T17:00:00+00:00,MIN,00-0036322,J.Jefferson,WR,receiving_yards,39.5,0.650913,0.349087,1860,POSITION_2024_EMPIRICAL,,,,,False
,,2026_05_MIN_NO,2026,5,2026-10-11T17:00:00+00:00,MIN,00-0036322,J.Jefferson,WR,receiving_yards,49.5,0.511815,0.488185,1860,POSITION_2024_EMPIRICAL,,,,,False
,,2026_05_MIN_NO,2026,5,2026-10-11T17:00:00+00:00,MIN,00-0036322,J.Jefferson,WR,receiving_yards,64.5,0.336198,0.663802,1860,POSITION_2024_EMPIRICAL,,,,,False
,,2026_05_MIN_NO,2026,5,2026-10-11T17:00:00+00:00,MIN,00-0036322,J.Jefferson,WR,receiving_yards,79.5,0.22449,0.77551,1860,POSITION_2024_EMPIRICAL,,,,,False
,,2026_05_MIN_NO,2026,5,2026-10-11T17:00:00+00:00,MIN,00-0036322,J.Jefferson,WR,receiving_yards,99.5,0.130505,0.869495,1860,POSITION_2024_EMPIRICAL,,,,,False
,,2026_05_MIN_NO,2026,5,2026-10-11T17:00:00+00:00,MIN,00-0036322,J.Jefferson,WR,receiving_yards,124.5,0.064447,0.935553,1860,POSITION_2024_EMPIRICAL,,,,,False
,,2026_05_MIN_NO,2026,5,2026-10-11T17:00:00+00:00,MIN,00-0036322,J.Jefferson,WR,receptions,1.5,0.858672,0.141328,1866,POSITION_2024_EMPIRICAL,,,,,False
,,2026_05_MIN_NO,2026,5,2026-10-11T17:00:00+00:00,MIN,00-0036322,J.Jefferson,WR,receptions,2.5,0.744111,0.255889,1866,POSITION_2024_EMPIRICAL,,,,,False
,,2026_05_MIN_NO,2026,5,2026-10-11T17:00:00+00:00,MIN,00-0036322,J.Jefferson,WR,receptions,3.5,0.552463,0.447537,1866,POSITION_2024_EMPIRICAL,,,,,False
,,2026_05_MIN_NO,2026,5,2026-10-11T17:00:00+00:00,MIN,00-0036322,J.Jefferson,WR,receptions,4.5,0.361349,0.638651,1866,POSITION_2024_EMPIRICAL,,,,,False
,,2026_05_MIN_NO,2026,5,2026-10-11T17:00:00+00:00,MIN,00-0036322,J.Jefferson,WR,receptions,5.5,0.238758,0.761242,1866,POSITION_2024_EMPIRICAL,,,,,False
,,2026_05_MIN_NO,2026,5,2026-10-11T17:00:00+00:00,MIN,00-0036322,J.Jefferson,WR,receptions,6.5,0.152034,0.847966,1866,POSITION_2024_EMPIRICAL,,,,,False
,,2026_05_MIN_NO,2026,5,2026-10-11T17:00:00+00:00,MIN,00-0036322,J.Jefferson,WR,receptions,7.5,0.094754,0.905246,1866,POSITION_2024_EMPIRICAL,,,,,False
,,2026_05_MIN_NO,2026,5,2026-10-11T17:00:00+00:00,MIN,00-0036425,D.Dallas,RB,receiving_yards,24.5,0.087121,0.912879,1054,POSITION_2024_EMPIRICAL,,,,,False
,,2026_05_MIN_NO,2026,5,2026-10-11T17:00:00+00:00,MIN,00-0036425,D.Dallas,RB,receiving_yards,39.5,0.035985,0.964015,1054,POSITION_2024_EMPIRICAL,,,,,False
,,2026_05_MIN_NO,2026,5,2026-10-11T17:00:00+00:00,MIN,00-0036425,D.Dallas,RB,receiving_yards,49.5,0.023674,0.976326,1054,POSITION_2024_EMPIRICAL,,,,,False
,,2026_05_MIN_NO,2026,5,2026-10-11T17:00:00+00:00,MIN,00-0036425,D.Dallas,RB,receiving_yards,64.5,0.01,0.99,1054,POSITION_2024_EMPIRICAL,,,,,False
,,2026_05_MIN_NO,2026,5,2026-10-11T17:00:00+00:00,MIN,00-0036425,D.Dallas,RB,receiving_yards,79.5,0.01,0.99,1054,POSITION_2024_EMPIRICAL,,,,,False
,,2026_05_MIN_NO,2026,5,2026-10-11T17:00:00+00:00,MIN,00-0036425,D.Dallas,RB,receiving_yards,99.5,0.01,0.99,1054,POSITION_2024_EMPIRICAL,,,,,False
,,2026_05_MIN_NO,2026,5,2026-10-11T17:00:00+00:00,MIN,00-0036425,D.Dallas,RB,receiving_yards,124.5,0.01,0.99,1054,POSITION_2024_EMPIRICAL,,,,,False
,,2026_05_MIN_NO,2026,5,2026-10-11T17:00:00+00:00,MIN,00-0036425,D.Dallas,RB,receptions,1.5,0.211645,0.788355,1080,POSITION_2024_EMPIRICAL,,,,,False
,,2026_05_MIN_NO,2026,5,2026-10-11T17:00:00+00:00,MIN,00-0036425,D.Dallas,RB,receptions,2.5,0.093346,0.906654,1080,POSITION_2024_EMPIRICAL,,,,,False
,,2026_05_MIN_NO,2026,5,2026-10-11T17:00:00+00:00,MIN,00-0036425,D.Dallas,RB,receptions,3.5,0.042514,0.957486,1080,POSITION_2024_EMPIRICAL,,,,,False
,,2026_05_MIN_NO,2026,5,2026-10-11T17:00:00+00:00,MIN,00-0036425,D.Dallas,RB,receptions,4.5,0.01756,0.98244,1080,POSITION_2024_EMPIRICAL,,,,,False
,,2026_05_MIN_NO,2026,5,2026-10-11T17:00:00+00:00,MIN,00-0036425,D.Dallas,RB,receptions,5.5,0.011091,0.988909,1080,POSITION_2024_EMPIRICAL,,,,,False
,,2026_05_MIN_NO,2026,5,2026-10-11T17:00:00+00:00,MIN,00-0036425,D.Dallas,RB,receptions,6.5,0.01,0.99,1080,POSITION_2024_EMPIRICAL,,,,,False
,,2026_05_MIN_NO,2026,5,2026-10-11T17:00:00+00:00,MIN,00-0036425,D.Dallas,RB,receptions,7.5,0.01,0.99,1080,POSITION_2024_EMPIRICAL,,,,,False
,,2026_05_MIN_NO,2026,5,2026-10-11T17:00:00+00:00,MIN,00-0036425,D.Dallas,RB,rushing_yards,19.5,0.163043,0.836957,1194,POSITION_2024_EMPIRICAL,,,,,False
,,2026_05_MIN_NO,2026,5,2026-10-11T17:00:00+00:00,MIN,00-0036425,D.Dallas,RB,rushing_yards,34.5,0.064381,0.935619,1194,POSITION_2024_EMPIRICAL,,,,,False
,,2026_05_MIN_NO,2026,5,2026-10-11T17:00:00+00:00,MIN,00-0036425,D.Dallas,RB,rushing_yards,49.5,0.028428,0.971572,1194,POSITION_2024_EMPIRICAL,,,,,False
,,2026_05_MIN_NO,2026,5,2026-10-11T17:00:00+00:00,MIN,00-0036425,D.Dallas,RB,rushing_yards,64.5,0.014214,0.985786,1194,POSITION_2024_EMPIRICAL,,,,,False
,,2026_05_MIN_NO,2026,5,2026-10-11T17:00:00+00:00,MIN,00-0036425,D.Dallas,RB,rushing_yards,79.5,0.01,0.99,1194,POSITION_2024_EMPIRICAL,,,,,False
,,2026_05_MIN_NO,2026,5,2026-10-11T17:00:00+00:00,MIN,00-0036425,D.Dallas,RB,rushing_yards,99.5,0.01,0.99,1194,POSITION_2024_EMPIRICAL,,,,,False
,,2026_05_MIN_NO,2026,5,2026-10-11T17:00:00+00:00,MIN,00-0036425,D.Dallas,RB,rushing_yards,124.5,0.01,0.99,1194,POSITION_2024_EMPIRICAL,,,,,False
,,2026_05_MIN_NO,2026,5,2026-10-11T17:00:00+00:00,MIN,00-0038994,J.Addison,WR,receiving_yards,24.5,0.675618,0.324382,1860,POSITION_2024_EMPIRICAL,,,,,False
,,2026_05_MIN_NO,2026,5,2026-10-11T17:00:00+00:00,MIN,00-0038994,J.Addison,WR,receiving_yards,39.5,0.382922,0.617078,1860,POSITION_2024_EMPIRICAL,,,,,False
,,2026_05_MIN_NO,2026,5,2026-10-11T17:00:00+00:00,MIN,00-0038994,J.Addison,WR,receiving_yards,49.5,0.274973,0.725027,1860,POSITION_2024_EMPIRICAL,,,,,False
,,2026_05_MIN_NO,2026,5,2026-10-11T17:00:00+00:00,MIN,00-0038994,J.Addison,WR,receiving_yards,64.5,0.153598,0.846402,1860,POSITION_2024_EMPIRICAL,,,,,False
,,2026_05_MIN_NO,2026,5,2026-10-11T17:00:00+00:00,MIN,00-0038994,J.Addison,WR,receiving_yards,79.5,0.092911,0.907089,1860,POSITION_2024_EMPIRICAL,,,,,False
,,2026_05_MIN_NO,2026,5,2026-10-11T17:00:00+00:00,MIN,00-0038994,J.Addison,WR,receiving_yards,99.5,0.038668,0.961332,1860,POSITION_2024_EMPIRICAL,,,,,False
,,2026_05_MIN_NO,2026,5,2026-10-11T17:00:00+00:00,MIN,00-0038994,J.Addison,WR,receiving_yards,124.5,0.016649,0.983351,1860,POSITION_2024_EMPIRICAL,,,,,False
,,2026_05_MIN_NO,2026,5,2026-10-11T17:00:00+00:00,MIN,00-0038994,J.Addison,WR,receptions,1.5,0.740899,0.259101,1866,POSITION_2024_EMPIRICAL,,,,,False
,,2026_05_MIN_NO,2026,5,2026-10-11T17:00:00+00:00,MIN,00-0038994,J.Addison,WR,receptions,2.5,0.444325,0.555675,1866,POSITION_2024_EMPIRICAL,,,,,False
,,2026_05_MIN_NO,2026,5,2026-10-11T17:00:00+00:00,MIN,00-0038994,J.Addison,WR,receptions,3.5,0.253212,0.746788,1866,POSITION_2024_EMPIRICAL,,,,,False
,,2026_05_MIN_NO,2026,5,2026-10-11T17:00:00+00:00,MIN,00-0038994,J.Addison,WR,receptions,4.5,0.132762,0.867238,1866,POSITION_2024_EMPIRICAL,,,,,False
,,2026_05_MIN_NO,2026,5,2026-10-11T17:00:00+00:00,MIN,00-0038994,J.Addison,WR,receptions,5.5,0.06531,0.93469,1866,POSITION_2024_EMPIRICAL,,,,,False
,,2026_05_MIN_NO,2026,5,2026-10-11T17:00:00+00:00,MIN,00-0038994,J.Addison,WR,receptions,6.5,0.029979,0.970021,1866,POSITION_2024_EMPIRICAL,,,,,False
,,2026_05_MIN_NO,2026,5,2026-10-11T17:00:00+00:00,MIN,00-0038994,J.Addison,WR,receptions,7.5,0.01,0.99,1866,POSITION_2024_EMPIRICAL,,,,,False
,,2026_05_MIN_NO,2026,5,2026-10-11T17:00:00+00:00,MIN,00-0040506,M.Price,WR,receiving_yards,24.5,0.130505,0.869495,1860,POSITION_2024_EMPIRICAL,,,,,False
,,2026_05_MIN_NO,2026,5,2026-10-11T17:00:00+00:00,MIN,00-0040506,M.Price,WR,receiving_yards,39.5,0.060687,0.939313,1860,POSITION_2024_EMPIRICAL,,,,,False
,,2026_05_MIN_NO,2026,5,2026-10-11T17:00:00+00:00,MIN,00-0040506,M.Price,WR,receiving_yards,49.5,0.03652,0.96348,1860,POSITION_2024_EMPIRICAL,,,,,False
,,2026_05_MIN_NO,2026,5,2026-10-11T17:00:00+00:00,MIN,00-0040506,M.Price,WR,receiving_yards,64.5,0.019334,0.980666,1860,POSITION_2024_EMPIRICAL,,,,,False
,,2026_05_MIN_NO,2026,5,2026-10-11T17:00:00+00:00,MIN,00-0040506,M.Price,WR,receiving_yards,79.5,0.012352,0.987648,1860,POSITION_2024_EMPIRICAL,,,,,False
,,2026_05_MIN_NO,2026,5,2026-10-11T17:00:00+00:00,MIN,00-0040506,M.Price,WR,receiving_yards,99.5,0.01,0.99,1860,POSITION_2024_EMPIRICAL,,,,,False
,,2026_05_MIN_NO,2026,5,2026-10-11T17:00:00+00:00,MIN,00-0040506,M.Price,WR,receiving_yards,124.5,0.01,0.99,1860,POSITION_2024_EMPIRICAL,,,,,False
,,2026_05_MIN_NO,2026,5,2026-10-11T17:00:00+00:00,MIN,00-0040506,M.Price,WR,receptions,1.5,0.198073,0.801927,1866,POSITION_2024_EMPIRICAL,,,,,False
,,2026_05_MIN_NO,2026,5,2026-10-11T17:00:00+00:00,MIN,00-0040506,M.Price,WR,receptions,2.5,0.095824,0.904176,1866,POSITION_2024_EMPIRICAL,,,,,False
,,2026_05_MIN_NO,2026,5,2026-10-11T17:00:00+00:00,MIN,00-0040506,M.Price,WR,receptions,3.5,0.043897,0.956103,1866,POSITION_2024_EMPIRICAL,,,,,False
,,2026_05_MIN_NO,2026,5,2026-10-11T17:00:00+00:00,MIN,00-0040506,M.Price,WR,receptions,4.5,0.015525,0.984475,1866,POSITION_2024_EMPIRICAL,,,,,False
,,2026_05_MIN_NO,2026,5,2026-10-11T17:00:00+00:00,MIN,00-0040506,M.Price,WR,receptions,5.5,0.01,0.99,1866,POSITION_2024_EMPIRICAL,,,,,False
,,2026_05_MIN_NO,2026,5,2026-10-11T17:00:00+00:00,MIN,00-0040506,M.Price,WR,receptions,6.5,0.01,0.99,1866,POSITION_2024_EMPIRICAL,,,,,False
,,2026_05_MIN_NO,2026,5,2026-10-11T17:00:00+00:00,MIN,00-0040506,M.Price,WR,receptions,7.5,0.01,0.99,1866,POSITION_2024_EMPIRICAL,,,,,False
,,2026_05_MIN_NO,2026,5,2026-10-11T17:00:00+00:00,MIN,00-0040506,M.Price,WR,rushing_yards,19.5,0.013423,0.986577,445,POSITION_2024_EMPIRICAL,,,,,False
,,2026_05_MIN_NO,2026,5,2026-10-11T17:00:00+00:00,MIN,00-0040506,M.Price,WR,rushing_yards,34.5,0.01,0.99,445,POSITION_2024_EMPIRICAL,,,,,False
,,2026_05_MIN_NO,2026,5,2026-10-11T17:00:00+00:00,MIN,00-0040506,M.Price,WR,rushing_yards,49.5,0.01,0.99,445,POSITION_2024_EMPIRICAL,,,,,False
,,2026_05_MIN_NO,2026,5,2026-10-11T17:00:00+00:00,MIN,00-0040506,M.Price,WR,rushing_yards,64.5,0.01,0.99,445,POSITION_2024_EMPIRICAL,,,,,False
,,2026_05_MIN_NO,2026,5,2026-10-11T17:00:00+00:00,MIN,00-0040506,M.Price,WR,rushing_yards,79.5,0.01,0.99,445,POSITION_2024_EMPIRICAL,,,,,False
,,2026_05_MIN_NO,2026,5,2026-10-11T17:00:00+00:00,MIN,00-0040506,M.Price,WR,rushing_yards,99.5,0.01,0.99,445,POSITION_2024_EMPIRICAL,,,,,False
,,2026_05_MIN_NO,2026,5,2026-10-11T17:00:00+00:00,MIN,00-0040506,M.Price,WR,rushing_yards,124.5,0.01,0.99,445,POSITION_2024_EMPIRICAL,,,,,False
,,2026_05_MIN_NO,2026,5,2026-10-11T17:00:00+00:00,MIN,00-0041104,D.Claiborne,RB,receiving_yards,24.5,0.066288,0.933712,1054,POSITION_2024_EMPIRICAL,,,,,False
,,2026_05_MIN_NO,2026,5,2026-10-11T17:00:00+00:00,MIN,00-0041104,D.Claiborne,RB,receiving_yards,39.5,0.030303,0.969697,1054,POSITION_2024_EMPIRICAL,,,,,False
,,2026_05_MIN_NO,2026,5,2026-10-11T17:00:00+00:00,MIN,00-0041104,D.Claiborne,RB,receiving_yards,49.5,0.017045,0.982955,1054,POSITION_2024_EMPIRICAL,,,,,False
,,2026_05_MIN_NO,2026,5,2026-10-11T17:00:00+00:00,MIN,00-0041104,D.Claiborne,RB,receiving_yards,64.5,0.01,0.99,1054,POSITION_2024_EMPIRICAL,,,,,False
,,2026_05_MIN_NO,2026,5,2026-10-11T17:00:00+00:00,MIN,00-0041104,D.Claiborne,RB,receiving_yards,79.5,0.01,0.99,1054,POSITION_2024_EMPIRICAL,,,,,False
,,2026_05_MIN_NO,2026,5,2026-10-11T17:00:00+00:00,MIN,00-0041104,D.Claiborne,RB,receiving_yards,99.5,0.01,0.99,1054,POSITION_2024_EMPIRICAL,,,,,False
,,2026_05_MIN_NO,2026,5,2026-10-11T17:00:00+00:00,MIN,00-0041104,D.Claiborne,RB,receiving_yards,124.5,0.01,0.99,1054,POSITION_2024_EMPIRICAL,,,,,False
,,2026_05_MIN_NO,2026,5,2026-10-11T17:00:00+00:00,MIN,00-0041104,D.Claiborne,RB,receptions,1.5,0.155268,0.844732,1080,POSITION_2024_EMPIRICAL,,,,,False
,,2026_05_MIN_NO,2026,5,2026-10-11T17:00:00+00:00,MIN,00-0041104,D.Claiborne,RB,receptions,2.5,0.073937,0.926063,1080,POSITION_2024_EMPIRICAL,,,,,False
,,2026_05_MIN_NO,2026,5,2026-10-11T17:00:00+00:00,MIN,00-0041104,D.Claiborne,RB,receptions,3.5,0.022181,0.977819,1080,POSITION_2024_EMPIRICAL,,,,,False
,,2026_05_MIN_NO,2026,5,2026-10-11T17:00:00+00:00,MIN,00-0041104,D.Claiborne,RB,receptions,4.5,0.014787,0.985213,1080,POSITION_2024_EMPIRICAL,,,,,False
,,2026_05_MIN_NO,2026,5,2026-10-11T17:00:00+00:00,MIN,00-0041104,D.Claiborne,RB,receptions,5.5,0.01,0.99,1080,POSITION_2024_EMPIRICAL,,,,,False
,,2026_05_MIN_NO,2026,5,2026-10-11T17:00:00+00:00,MIN,00-0041104,D.Claiborne,RB,receptions,6.5,0.01,0.99,1080,POSITION_2024_EMPIRICAL,,,,,False
,,2026_05_MIN_NO,2026,5,2026-10-11T17:00:00+00:00,MIN,00-0041104,D.Claiborne,RB,receptions,7.5,0.01,0.99,1080,POSITION_2024_EMPIRICAL,,,,,False
,,2026_05_MIN_NO,2026,5,2026-10-11T17:00:00+00:00,MIN,00-0041104,D.Claiborne,RB,rushing_yards,19.5,0.178094,0.821906,1194,POSITION_2024_EMPIRICAL,,,,,False
,,2026_05_MIN_NO,2026,5,2026-10-11T17:00:00+00:00,MIN,00-0041104,D.Claiborne,RB,rushing_yards,34.5,0.070234,0.929766,1194,POSITION_2024_EMPIRICAL,,,,,False
,,2026_05_MIN_NO,2026,5,2026-10-11T17:00:00+00:00,MIN,00-0041104,D.Claiborne,RB,rushing_yards,49.5,0.033445,0.966555,1194,POSITION_2024_EMPIRICAL,,,,,False
,,2026_05_MIN_NO,2026,5,2026-10-11T17:00:00+00:00,MIN,00-0041104,D.Claiborne,RB,rushing_yards,64.5,0.015886,0.984114,1194,POSITION_2024_EMPIRICAL,,,,,False
,,2026_05_MIN_NO,2026,5,2026-10-11T17:00:00+00:00,MIN,00-0041104,D.Claiborne,RB,rushing_yards,79.5,0.01,0.99,1194,POSITION_2024_EMPIRICAL,,,,,False
,,2026_05_MIN_NO,2026,5,2026-10-11T17:00:00+00:00,MIN,00-0041104,D.Claiborne,RB,rushing_yards,99.5,0.01,0.99,1194,POSITION_2024_EMPIRICAL,,,,,False
,,2026_05_MIN_NO,2026,5,2026-10-11T17:00:00+00:00,MIN,00-0041104,D.Claiborne,RB,rushing_yards,124.5,0.01,0.99,1194,POSITION_2024_EMPIRICAL,,,,,False
,,2026_05_MIN_NO,2026,5,2026-10-11T17:00:00+00:00,NO,00-0033906,A.Kamara,RB,receiving_yards,24.5,0.177083,0.822917,1054,POSITION_2024_EMPIRICAL,,,,,False
,,2026_05_MIN_NO,2026,5,2026-10-11T17:00:00+00:00,NO,00-0033906,A.Kamara,RB,receiving_yards,39.5,0.066288,0.933712,1054,POSITION_2024_EMPIRICAL,,,,,False
,,2026_05_MIN_NO,2026,5,2026-10-11T17:00:00+00:00,NO,00-0033906,A.Kamara,RB,receiving_yards,49.5,0.035985,0.964015,1054,POSITION_2024_EMPIRICAL,,,,,False
,,2026_05_MIN_NO,2026,5,2026-10-11T17:00:00+00:00,NO,00-0033906,A.Kamara,RB,receiving_yards,64.5,0.017045,0.982955,1054,POSITION_2024_EMPIRICAL,,,,,False
,,2026_05_MIN_NO,2026,5,2026-10-11T17:00:00+00:00,NO,00-0033906,A.Kamara,RB,receiving_yards,79.5,0.01,0.99,1054,POSITION_2024_EMPIRICAL,,,,,False
,,2026_05_MIN_NO,2026,5,2026-10-11T17:00:00+00:00,NO,00-0033906,A.Kamara,RB,receiving_yards,99.5,0.01,0.99,1054,POSITION_2024_EMPIRICAL,,,,,False
,,2026_05_MIN_NO,2026,5,2026-10-11T17:00:00+00:00,NO,00-0033906,A.Kamara,RB,receiving_yards,124.5,0.01,0.99,1054,POSITION_2024_EMPIRICAL,,,,,False
,,2026_05_MIN_NO,2026,5,2026-10-11T17:00:00+00:00,NO,00-0033906,A.Kamara,RB,receptions,1.5,0.859519,0.140481,1080,POSITION_2024_EMPIRICAL,,,,,False
,,2026_05_MIN_NO,2026,5,2026-10-11T17:00:00+00:00,NO,00-0033906,A.Kamara,RB,receptions,2.5,0.655268,0.344732,1080,POSITION_2024_EMPIRICAL,,,,,False
,,2026_05_MIN_NO,2026,5,2026-10-11T17:00:00+00:00,NO,00-0033906,A.Kamara,RB,receptions,3.5,0.376155,0.623845,1080,POSITION_2024_EMPIRICAL,,,,,False
,,2026_05_MIN_NO,2026,5,2026-10-11T17:00:00+00:00,NO,00-0033906,A.Kamara,RB,receptions,4.5,0.247689,0.752311,1080,POSITION_2024_EMPIRICAL,,,,,False
,,2026_05_MIN_NO,2026,5,2026-10-11T17:00:00+00:00,NO,00-0033906,A.Kamara,RB,receptions,5.5,0.134935,0.865065,1080,POSITION_2024_EMPIRICAL,,,,,False
,,2026_05_MIN_NO,2026,5,2026-10-11T17:00:00+00:00,NO,00-0033906,A.Kamara,RB,receptions,6.5,0.079482,0.920518,1080,POSITION_2024_EMPIRICAL,,,,,False
,,2026_05_MIN_NO,2026,5,2026-10-11T17:00:00+00:00,NO,00-0033906,A.Kamara,RB,receptions,7.5,0.038817,0.961183,1080,POSITION_2024_EMPIRICAL,,,,,False
,,2026_05_MIN_NO,2026,5,2026-10-11T17:00:00+00:00,NO,00-0033906,A.Kamara,RB,rushing_yards,19.5,0.482441,0.517559,1194,POSITION_2024_EMPIRICAL,,,,,False
,,2026_05_MIN_NO,2026,5,2026-10-11T17:00:00+00:00,NO,00-0033906,A.Kamara,RB,rushing_yards,34.5,0.228261,0.771739,1194,POSITION_2024_EMPIRICAL,,,,,False
,,2026_05_MIN_NO,2026,5,2026-10-11T17:00:00+00:00,NO,00-0033906,A.Kamara,RB,rushing_yards,49.5,0.101171,0.898829,1194,POSITION_2024_EMPIRICAL,,,,,False
,,2026_05_MIN_NO,2026,5,2026-10-11T17:00:00+00:00,NO,00-0033906,A.Kamara,RB,rushing_yards,64.5,0.047659,0.952341,1194,POSITION_2024_EMPIRICAL,,,,,False
,,2026_05_MIN_NO,2026,5,2026-10-11T17:00:00+00:00,NO,00-0033906,A.Kamara,RB,rushing_yards,79.5,0.020903,0.979097,1194,POSITION_2024_EMPIRICAL,,,,,False
,,2026_05_MIN_NO,2026,5,2026-10-11T17:00:00+00:00,NO,00-0033906,A.Kamara,RB,rushing_yards,99.5,0.01,0.99,1194,POSITION_2024_EMPIRICAL,,,,,False
,,2026_05_MIN_NO,2026,5,2026-10-11T17:00:00+00:00,NO,00-0033906,A.Kamara,RB,rushing_yards,124.5,0.01,0.99,1194,POSITION_2024_EMPIRICAL,,,,,False
,,2026_05_MIN_NO,2026,5,2026-10-11T17:00:00+00:00,NO,00-0035644,N.Fant,TE,receiving_yards,24.5,0.317784,0.682216,1027,POSITION_2024_EMPIRICAL,,,,,False
,,2026_05_MIN_NO,2026,5,2026-10-11T17:00:00+00:00,NO,00-0035644,N.Fant,TE,receiving_yards,39.5,0.147716,0.852284,1027,POSITION_2024_EMPIRICAL,,,,,False
,,2026_05_MIN_NO,2026,5,2026-10-11T17:00:00+00:00,NO,00-0035644,N.Fant,TE,receiving_yards,49.5,0.089407,0.910593,1027,POSITION_2024_EMPIRICAL,,,,,False
,,2026_05_MIN_NO,2026,5,2026-10-11T17:00:00+00:00,NO,00-0035644,N.Fant,TE,receiving_yards,64.5,0.031098,0.968902,1027,POSITION_2024_EMPIRICAL,,,,,False
,,2026_05_MIN_NO,2026,5,2026-10-11T17:00:00+00:00,NO,00-0035644,N.Fant,TE,receiving_yards,79.5,0.011662,0.988338,1027,POSITION_2024_EMPIRICAL,,,,,False
,,2026_05_MIN_NO,2026,5,2026-10-11T17:00:00+00:00,NO,00-0035644,N.Fant,TE,receiving_yards,99.5,0.01,0.99,1027,POSITION_2024_EMPIRICAL,,,,,False
,,2026_05_MIN_NO,2026,5,2026-10-11T17:00:00+00:00,NO,00-0035644,N.Fant,TE,receiving_yards,124.5,0.01,0.99,1027,POSITION_2024_EMPIRICAL,,,,,False
,,2026_05_MIN_NO,2026,5,2026-10-11T17:00:00+00:00,NO,00-0035644,N.Fant,TE,receptions,1.5,0.738118,0.261882,1029,POSITION_2024_EMPIRICAL,,,,,False
,,2026_05_MIN_NO,2026,5,2026-10-11T17:00:00+00:00,NO,00-0035644,N.Fant,TE,receptions,2.5,0.419011,0.580989,1029,POSITION_2024_EMPIRICAL,,,,,False
,,2026_05_MIN_NO,2026,5,2026-10-11T17:00:00+00:00,NO,00-0035644,N.Fant,TE,receptions,3.5,0.217265,0.782735,1029,POSITION_2024_EMPIRICAL,,,,,False
,,2026_05_MIN_NO,2026,5,2026-10-11T17:00:00+00:00,NO,00-0035644,N.Fant,TE,receptions,4.5,0.115422,0.884578,1029,POSITION_2024_EMPIRICAL,,,,,False
,,2026_05_MIN_NO,2026,5,2026-10-11T17:00:00+00:00,NO,00-0035644,N.Fant,TE,receptions,5.5,0.063046,0.936954,1029,POSITION_2024_EMPIRICAL,,,,,False
,,2026_05_MIN_NO,2026,5,2026-10-11T17:00:00+00:00,NO,00-0035644,N.Fant,TE,receptions,6.5,0.031038,0.968962,1029,POSITION_2024_EMPIRICAL,,,,,False
,,2026_05_MIN_NO,2026,5,2026-10-11T17:00:00+00:00,NO,00-0035644,N.Fant,TE,receptions,7.5,0.012609,0.987391,1029,POSITION_2024_EMPIRICAL,,,,,False
,,2026_05_MIN_NO,2026,5,2026-10-11T17:00:00+00:00,NO,00-0036040,J.Johnson,TE,receiving_yards,24.5,0.868805,0.131195,1027,POSITION_2024_EMPIRICAL,,,,,False
,,2026_05_MIN_NO,2026,5,2026-10-11T17:00:00+00:00,NO,00-0036040,J.Johnson,TE,receiving_yards,39.5,0.710398,0.289602,1027,POSITION_2024_EMPIRICAL,,,,,False
,,2026_05_MIN_NO,2026,5,2026-10-11T17:00:00+00:00,NO,00-0036040,J.Johnson,TE,receiving_yards,49.5,0.517979,0.482021,1027,POSITION_2024_EMPIRICAL,,,,,False
,,2026_05_MIN_NO,2026,5,2026-10-11T17:00:00+00:00,NO,00-0036040,J.Johnson,TE,receiving_yards,64.5,0.304179,0.695821,1027,POSITION_2024_EMPIRICAL,,,,,False
,,2026_05_MIN_NO,2026,5,2026-10-11T17:00:00+00:00,NO,00-0036040,J.Johnson,TE,receiving_yards,79.5,0.20311,0.79689,1027,POSITION_2024_EMPIRICAL,,,,,False
,,2026_05_MIN_NO,2026,5,2026-10-11T17:00:00+00:00,NO,00-0036040,J.Johnson,TE,receiving_yards,99.5,0.103984,0.896016,1027,POSITION_2024_EMPIRICAL,,,,,False
,,2026_05_MIN_NO,2026,5,2026-10-11T17:00:00+00:00,NO,00-0036040,J.Johnson,TE,receiving_yards,124.5,0.041788,0.958212,1027,POSITION_2024_EMPIRICAL,,,,,False
,,2026_05_MIN_NO,2026,5,2026-10-11T17:00:00+00:00,NO,00-0036040,J.Johnson,TE,receptions,1.5,0.909796,0.090204,1029,POSITION_2024_EMPIRICAL,,,,,False
,,2026_05_MIN_NO,2026,5,2026-10-11T17:00:00+00:00,NO,00-0036040,J.Johnson,TE,receptions,2.5,0.844811,0.155189,1029,POSITION_2024_EMPIRICAL,,,,,False
,,2026_05_MIN_NO,2026,5,2026-10-11T17:00:00+00:00,NO,00-0036040,J.Johnson,TE,receptions,3.5,0.683802,0.316198,1029,POSITION_2024_EMPIRICAL,,,,,False
,,2026_05_MIN_NO,2026,5,2026-10-11T17:00:00+00:00,NO,00-0036040,J.Johnson,TE,receptions,4.5,0.503395,0.496605,1029,POSITION_2024_EMPIRICAL,,,,,False
,,2026_05_MIN_NO,2026,5,2026-10-11T17:00:00+00:00,NO,00-0036040,J.Johnson,TE,receptions,5.5,0.359845,0.640155,1029,POSITION_2024_EMPIRICAL,,,,,False
,,2026_05_MIN_NO,2026,5,2026-10-11T17:00:00+00:00,NO,00-0036040,J.Johnson,TE,receptions,6.5,0.234724,0.765276,1029,POSITION_2024_EMPIRICAL,,,,,False
,,2026_05_MIN_NO,2026,5,2026-10-11T17:00:00+00:00,NO,00-0036040,J.Johnson,TE,receptions,7.5,0.168768,0.831232,1029,POSITION_2024_EMPIRICAL,,,,,False
,,2026_05_MIN_NO,2026,5,2026-10-11T17:00:00+00:00,NO,00-0036973,T.Etienne,RB,receiving_yards,24.5,0.197917,0.802083,1054,POSITION_2024_EMPIRICAL,,,,,False
,,2026_05_MIN_NO,2026,5,2026-10-11T17:00:00+00:00,NO,00-0036973,T.Etienne,RB,receiving_yards,39.5,0.071023,0.928977,1054,POSITION_2024_EMPIRICAL,,,,,False
,,2026_05_MIN_NO,2026,5,2026-10-11T17:00:00+00:00,NO,00-0036973,T.Etienne,RB,receiving_yards,49.5,0.038826,0.961174,1054,POSITION_2024_EMPIRICAL,,,,,False
,,2026_05_MIN_NO,2026,5,2026-10-11T17:00:00+00:00,NO,00-0036973,T.Etienne,RB,receiving_yards,64.5,0.018939,0.981061,1054,POSITION_2024_EMPIRICAL,,,,,False
,,2026_05_MIN_NO,2026,5,2026-10-11T17:00:00+00:00,NO,00-0036973,T.Etienne,RB,receiving_yards,79.5,0.01,0.99,1054,POSITION_2024_EMPIRICAL,,,,,False
,,2026_05_MIN_NO,2026,5,2026-10-11T17:00:00+00:00,NO,00-0036973,T.Etienne,RB,receiving_yards,99.5,0.01,0.99,1054,POSITION_2024_EMPIRICAL,,,,,False
,,2026_05_MIN_NO,2026,5,2026-10-11T17:00:00+00:00,NO,00-0036973,T.Etienne,RB,receiving_yards,124.5,0.01,0.99,1054,POSITION_2024_EMPIRICAL,,,,,False
,,2026_05_MIN_NO,2026,5,2026-10-11T17:00:00+00:00,NO,00-0036973,T.Etienne,RB,receptions,1.5,0.859519,0.140481,1080,POSITION_2024_EMPIRICAL,,,,,False
,,2026_05_MIN_NO,2026,5,2026-10-11T17:00:00+00:00,NO,00-0036973,T.Etienne,RB,receptions,2.5,0.655268,0.344732,1080,POSITION_2024_EMPIRICAL,,,,,False
,,2026_05_MIN_NO,2026,5,2026-10-11T17:00:00+00:00,NO,00-0036973,T.Etienne,RB,receptions,3.5,0.376155,0.623845,1080,POSITION_2024_EMPIRICAL,,,,,False
,,2026_05_MIN_NO,2026,5,2026-10-11T17:00:00+00:00,NO,00-0036973,T.Etienne,RB,receptions,4.5,0.247689,0.752311,1080,POSITION_2024_EMPIRICAL,,,,,False
,,2026_05_MIN_NO,2026,5,2026-10-11T17:00:00+00:00,NO,00-0036973,T.Etienne,RB,receptions,5.5,0.134935,0.865065,1080,POSITION_2024_EMPIRICAL,,,,,False
,,2026_05_MIN_NO,2026,5,2026-10-11T17:00:00+00:00,NO,00-0036973,T.Etienne,RB,receptions,6.5,0.079482,0.920518,1080,POSITION_2024_EMPIRICAL,,,,,False
,,2026_05_MIN_NO,2026,5,2026-10-11T17:00:00+00:00,NO,00-0036973,T.Etienne,RB,receptions,7.5,0.038817,0.961183,1080,POSITION_2024_EMPIRICAL,,,,,False
,,2026_05_MIN_NO,2026,5,2026-10-11T17:00:00+00:00,NO,00-0036973,T.Etienne,RB,rushing_yards,19.5,0.7801,0.2199,1194,POSITION_2024_EMPIRICAL,,,,,False
,,2026_05_MIN_NO,2026,5,2026-10-11T17:00:00+00:00,NO,00-0036973,T.Etienne,RB,rushing_yards,34.5,0.513378,0.486622,1194,POSITION_2024_EMPIRICAL,,,,,False
,,2026_05_MIN_NO,2026,5,2026-10-11T17:00:00+00:00,NO,00-0036973,T.Etienne,RB,rushing_yards,49.5,0.285953,0.714047,1194,POSITION_2024_EMPIRICAL,,,,,False
,,2026_05_MIN_NO,2026,5,2026-10-11T17:00:00+00:00,NO,00-0036973,T.Etienne,RB,rushing_yards,64.5,0.165552,0.834448,1194,POSITION_2024_EMPIRICAL,,,,,False
,,2026_05_MIN_NO,2026,5,2026-10-11T17:00:00+00:00,NO,00-0036973,T.Etienne,RB,rushing_yards,79.5,0.082776,0.917224,1194,POSITION_2024_EMPIRICAL,,,,,False
,,2026_05_MIN_NO,2026,5,2026-10-11T17:00:00+00:00,NO,00-0036973,T.Etienne,RB,rushing_yards,99.5,0.036789,0.963211,1194,POSITION_2024_EMPIRICAL,,,,,False
,,2026_05_MIN_NO,2026,5,2026-10-11T17:00:00+00:00,NO,00-0036973,T.Etienne,RB,rushing_yards,124.5,0.014214,0.985786,1194,POSITION_2024_EMPIRICAL,,,,,False
,,2026_05_MIN_NO,2026,5,2026-10-11T17:00:00+00:00,NO,00-0037239,C.Olave,WR,receiving_yards,24.5,0.910849,0.089151,1860,POSITION_2024_EMPIRICAL,,,,,False
,,2026_05_MIN_NO,2026,5,2026-10-11T17:00:00+00:00,NO,00-0037239,C.Olave,WR,receiving_yards,39.5,0.871643,0.128357,1860,POSITION_2024_EMPIRICAL,,,,,False
,,2026_05_MIN_NO,2026,5,2026-10-11T17:00:00+00:00,NO,00-0037239,C.Olave,WR,receiving_yards,49.5,0.831901,0.168099,1860,POSITION_2024_EMPIRICAL,,,,,False
,,2026_05_MIN_NO,2026,5,2026-10-11T17:00:00+00:00,NO,00-0037239,C.Olave,WR,receiving_yards,64.5,0.758324,0.241676,1860,POSITION_2024_EMPIRICAL,,,,,False
,,2026_05_MIN_NO,2026,5,2026-10-11T17:00:00+00:00,NO,00-0037239,C.Olave,WR,receiving_yards,79.5,0.67884,0.32116,1860,POSITION_2024_EMPIRICAL,,,,,False
,,2026_05_MIN_NO,2026,5,2026-10-11T17:00:00+00:00,NO,00-0037239,C.Olave,WR,receiving_yards,99.5,0.544039,0.455961,1860,POSITION_2024_EMPIRICAL,,,,,False
,,2026_05_MIN_NO,2026,5,2026-10-11T17:00:00+00:00,NO,00-0037239,C.Olave,WR,receiving_yards,124.5,0.362513,0.637487,1860,POSITION_2024_EMPIRICAL,,,,,False
,,2026_05_MIN_NO,2026,5,2026-10-11T17:00:00+00:00,NO,00-0037239,C.Olave,WR,receptions,1.5,0.933619,0.066381,1866,POSITION_2024_EMPIRICAL,,,,,False
,,2026_05_MIN_NO,2026,5,2026-10-11T17:00:00+00:00,NO,00-0037239,C.Olave,WR,receptions,2.5,0.904711,0.095289,1866,POSITION_2024_EMPIRICAL,,,,,False
,,2026_05_MIN_NO,2026,5,2026-10-11T17:00:00+00:00,NO,00-0037239,C.Olave,WR,receptions,3.5,0.858672,0.141328,1866,POSITION_2024_EMPIRICAL,,,,,False
,,2026_05_MIN_NO,2026,5,2026-10-11T17:00:00+00:00,NO,00-0037239,C.Olave,WR,receptions,4.5,0.79818,0.20182,1866,POSITION_2024_EMPIRICAL,,,,,False
,,2026_05_MIN_NO,2026,5,2026-10-11T17:00:00+00:00,NO,00-0037239,C.Olave,WR,receptions,5.5,0.735546,0.264454,1866,POSITION_2024_EMPIRICAL,,,,,False
,,2026_05_MIN_NO,2026,5,2026-10-11T17:00:00+00:00,NO,00-0037239,C.Olave,WR,receptions,6.5,0.641328,0.358672,1866,POSITION_2024_EMPIRICAL,,,,,False
,,2026_05_MIN_NO,2026,5,2026-10-11T17:00:00+00:00,NO,00-0037239,C.Olave,WR,receptions,7.5,0.520878,0.479122,1866,POSITION_2024_EMPIRICAL,,,,,False
,,2026_05_MIN_NO,2026,5,2026-10-11T17:00:00+00:00,NO,00-0038551,K.Miller,RB,receiving_yards,24.5,0.085227,0.914773,1054,POSITION_2024_EMPIRICAL,,,,,False
,,2026_05_MIN_NO,2026,5,2026-10-11T17:00:00+00:00,NO,00-0038551,K.Miller,RB,receiving_yards,39.5,0.035038,0.964962,1054,POSITION_2024_EMPIRICAL,,,,,False
,,2026_05_MIN_NO,2026,5,2026-10-11T17:00:00+00:00,NO,00-0038551,K.Miller,RB,receiving_yards,49.5,0.020833,0.979167,1054,POSITION_2024_EMPIRICAL,,,,,False
,,2026_05_MIN_NO,2026,5,2026-10-11T17:00:00+00:00,NO,00-0038551,K.Miller,RB,receiving_yards,64.5,0.01,0.99,1054,POSITION_2024_EMPIRICAL,,,,,False
,,2026_05_MIN_NO,2026,5,2026-10-11T17:00:00+00:00,NO,00-0038551,K.Miller,RB,receiving_yards,79.5,0.01,0.99,1054,POSITION_2024_EMPIRICAL,,,,,False
,,2026_05_MIN_NO,2026,5,2026-10-11T17:00:00+00:00,NO,00-0038551,K.Miller,RB,receiving_yards,99.5,0.01,0.99,1054,POSITION_2024_EMPIRICAL,,,,,False
,,2026_05_MIN_NO,2026,5,2026-10-11T17:00:00+00:00,NO,00-0038551,K.Miller,RB,receiving_yards,124.5,0.01,0.99,1054,POSITION_2024_EMPIRICAL,,,,,False
,,2026_05_MIN_NO,2026,5,2026-10-11T17:00:00+00:00,NO,00-0038551,K.Miller,RB,receptions,1.5,0.319778,0.680222,1080,POSITION_2024_EMPIRICAL,,,,,False
,,2026_05_MIN_NO,2026,5,2026-10-11T17:00:00+00:00,NO,00-0038551,K.Miller,RB,receptions,2.5,0.155268,0.844732,1080,POSITION_2024_EMPIRICAL,,,,,False
,,2026_05_MIN_NO,2026,5,2026-10-11T17:00:00+00:00,NO,00-0038551,K.Miller,RB,receptions,3.5,0.073937,0.926063,1080,POSITION_2024_EMPIRICAL,,,,,False
,,2026_05_MIN_NO,2026,5,2026-10-11T17:00:00+00:00,NO,00-0038551,K.Miller,RB,receptions,4.5,0.022181,0.977819,1080,POSITION_2024_EMPIRICAL,,,,,False
,,2026_05_MIN_NO,2026,5,2026-10-11T17:00:00+00:00,NO,00-0038551,K.Miller,RB,receptions,5.5,0.014787,0.985213,1080,POSITION_2024_EMPIRICAL,,,,,False
,,2026_05_MIN_NO,2026,5,2026-10-11T17:00:00+00:00,NO,00-0038551,K.Miller,RB,receptions,6.5,0.01,0.99,1080,POSITION_2024_EMPIRICAL,,,,,False
,,2026_05_MIN_NO,2026,5,2026-10-11T17:00:00+00:00,NO,00-0038551,K.Miller,RB,receptions,7.5,0.01,0.99,1080,POSITION_2024_EMPIRICAL,,,,,False
,,2026_05_MIN_NO,2026,5,2026-10-11T17:00:00+00:00,NO,00-0038551,K.Miller,RB,rushing_yards,19.5,0.332776,0.667224,1194,POSITION_2024_EMPIRICAL,,,,,False
,,2026_05_MIN_NO,2026,5,2026-10-11T17:00:00+00:00,NO,00-0038551,K.Miller,RB,rushing_yards,34.5,0.16388,0.83612,1194,POSITION_2024_EMPIRICAL,,,,,False
,,2026_05_MIN_NO,2026,5,2026-10-11T17:00:00+00:00,NO,00-0038551,K.Miller,RB,rushing_yards,49.5,0.064381,0.935619,1194,POSITION_2024_EMPIRICAL,,,,,False
,,2026_05_MIN_NO,2026,5,2026-10-11T17:00:00+00:00,NO,00-0038551,K.Miller,RB,rushing_yards,64.5,0.029264,0.970736,1194,POSITION_2024_EMPIRICAL,,,,,False
,,2026_05_MIN_NO,2026,5,2026-10-11T17:00:00+00:00,NO,00-0038551,K.Miller,RB,rushing_yards,79.5,0.014214,0.985786,1194,POSITION_2024_EMPIRICAL,,,,,False
,,2026_05_MIN_NO,2026,5,2026-10-11T17:00:00+00:00,NO,00-0038551,K.Miller,RB,rushing_yards,99.5,0.01,0.99,1194,POSITION_2024_EMPIRICAL,,,,,False
,,2026_05_MIN_NO,2026,5,2026-10-11T17:00:00+00:00,NO,00-0038551,K.Miller,RB,rushing_yards,124.5,0.01,0.99,1194,POSITION_2024_EMPIRICAL,,,,,False
,,2026_05_MIN_NO,2026,5,2026-10-11T17:00:00+00:00,NO,00-0039424,D.Vele,WR,receiving_yards,24.5,0.788937,0.211063,1860,POSITION_2024_EMPIRICAL,,,,,False
,,2026_05_MIN_NO,2026,5,2026-10-11T17:00:00+00:00,NO,00-0039424,D.Vele,WR,receiving_yards,39.5,0.617615,0.382385,1860,POSITION_2024_EMPIRICAL,,,,,False
,,2026_05_MIN_NO,2026,5,2026-10-11T17:00:00+00:00,NO,00-0039424,D.Vele,WR,receiving_yards,49.5,0.46724,0.53276,1860,POSITION_2024_EMPIRICAL,,,,,False
,,2026_05_MIN_NO,2026,5,2026-10-11T17:00:00+00:00,NO,00-0039424,D.Vele,WR,receiving_yards,64.5,0.305048,0.694952,1860,POSITION_2024_EMPIRICAL,,,,,False
,,2026_05_MIN_NO,2026,5,2026-10-11T17:00:00+00:00,NO,00-0039424,D.Vele,WR,receiving_yards,79.5,0.199248,0.800752,1860,POSITION_2024_EMPIRICAL,,,,,False
,,2026_05_MIN_NO,2026,5,2026-10-11T17:00:00+00:00,NO,00-0039424,D.Vele,WR,receiving_yards,99.5,0.114393,0.885607,1860,POSITION_2024_EMPIRICAL,,,,,False
,,2026_05_MIN_NO,2026,5,2026-10-11T17:00:00+00:00,NO,00-0039424,D.Vele,WR,receiving_yards,124.5,0.05478,0.94522,1860,POSITION_2024_EMPIRICAL,,,,,False
,,2026_05_MIN_NO,2026,5,2026-10-11T17:00:00+00:00,NO,00-0039424,D.Vele,WR,receptions,1.5,0.892934,0.107066,1866,POSITION_2024_EMPIRICAL,,,,,False
,,2026_05_MIN_NO,2026,5,2026-10-11T17:00:00+00:00,NO,00-0039424,D.Vele,WR,receptions,2.5,0.809957,0.190043,1866,POSITION_2024_EMPIRICAL,,,,,False
,,2026_05_MIN_NO,2026,5,2026-10-11T17:00:00+00:00,NO,00-0039424,D.Vele,WR,receptions,3.5,0.678801,0.321199,1866,POSITION_2024_EMPIRICAL,,,,,False
,,2026_05_MIN_NO,2026,5,2026-10-11T17:00:00+00:00,NO,00-0039424,D.Vele,WR,receptions,4.5,0.514454,0.485546,1866,POSITION_2024_EMPIRICAL,,,,,False
,,2026_05_MIN_NO,2026,5,2026-10-11T17:00:00+00:00,NO,00-0039424,D.Vele,WR,receptions,5.5,0.351713,0.648287,1866,POSITION_2024_EMPIRICAL,,,,,False
,,2026_05_MIN_NO,2026,5,2026-10-11T17:00:00+00:00,NO,00-0039424,D.Vele,WR,receptions,6.5,0.253747,0.746253,1866,POSITION_2024_EMPIRICAL,,,,,False
,,2026_05_MIN_NO,2026,5,2026-10-11T17:00:00+00:00,NO,00-0039424,D.Vele,WR,receptions,7.5,0.176124,0.823876,1866,POSITION_2024_EMPIRICAL,,,,,False
,,2026_05_MIN_NO,2026,5,2026-10-11T17:00:00+00:00,NO,00-0040743,T.Shough,QB,passing_yards,149.5,0.76779,0.23221,532,POSITION_2024_EMPIRICAL,,,,,False
,,2026_05_MIN_NO,2026,5,2026-10-11T17:00:00+00:00,NO,00-0040743,T.Shough,QB,passing_yards,174.5,0.709738,0.290262,532,POSITION_2024_EMPIRICAL,,,,,False
,,2026_05_MIN_NO,2026,5,2026-10-11T17:00:00+00:00,NO,00-0040743,T.Shough,QB,passing_yards,199.5,0.655431,0.344569,532,POSITION_2024_EMPIRICAL,,,,,False
,,2026_05_MIN_NO,2026,5,2026-10-11T17:00:00+00:00,NO,00-0040743,T.Shough,QB,passing_yards,224.5,0.582397,0.417603,532,POSITION_2024_EMPIRICAL,,,,,False
,,2026_05_MIN_NO,2026,5,2026-10-11T17:00:00+00:00,NO,00-0040743,T.Shough,QB,passing_yards,249.5,0.498127,0.501873,532,POSITION_2024_EMPIRICAL,,,,,False
,,2026_05_MIN_NO,2026,5,2026-10-11T17:00:00+00:00,NO,00-0040743,T.Shough,QB,passing_yards,274.5,0.365169,0.634831,532,POSITION_2024_EMPIRICAL,,,,,False
,,2026_05_MIN_NO,2026,5,2026-10-11T17:00:00+00:00,NO,00-0040743,T.Shough,QB,passing_yards,299.5,0.286517,0.713483,532,POSITION_2024_EMPIRICAL,,,,,False
,,2026_05_MIN_NO,2026,5,2026-10-11T17:00:00+00:00,NO,00-0040743,T.Shough,QB,rushing_yards,19.5,0.308489,0.691511,481,POSITION_2024_EMPIRICAL,,,,,False
,,2026_05_MIN_NO,2026,5,2026-10-11T17:00:00+00:00,NO,00-0040743,T.Shough,QB,rushing_yards,34.5,0.144928,0.855072,481,POSITION_2024_EMPIRICAL,,,,,False
,,2026_05_MIN_NO,2026,5,2026-10-11T17:00:00+00:00,NO,00-0040743,T.Shough,QB,rushing_yards,49.5,0.05383,0.94617,481,POSITION_2024_EMPIRICAL,,,,,False
,,2026_05_MIN_NO,2026,5,2026-10-11T17:00:00+00:00,NO,00-0040743,T.Shough,QB,rushing_yards,64.5,0.020704,0.979296,481,POSITION_2024_EMPIRICAL,,,,,False
,,2026_05_MIN_NO,2026,5,2026-10-11T17:00:00+00:00,NO,00-0040743,T.Shough,QB,rushing_yards,79.5,0.01,0.99,481,POSITION_2024_EMPIRICAL,,,,,False
,,2026_05_MIN_NO,2026,5,2026-10-11T17:00:00+00:00,NO,00-0040743,T.Shough,QB,rushing_yards,99.5,0.01,0.99,481,POSITION_2024_EMPIRICAL,,,,,False
,,2026_05_MIN_NO,2026,5,2026-10-11T17:00:00+00:00,NO,00-0040743,T.Shough,QB,rushing_yards,124.5,0.01,0.99,481,POSITION_2024_EMPIRICAL,,,,,False
,,2026_05_MIN_NO,2026,5,2026-10-11T17:00:00+00:00,NO,00-0041067,B.Lance,WR,receiving_yards,24.5,0.234157,0.765843,1860,POSITION_2024_EMPIRICAL,,,,,False
,,2026_05_MIN_NO,2026,5,2026-10-11T17:00:00+00:00,NO,00-0041067,B.Lance,WR,receiving_yards,39.5,0.117615,0.882385,1860,POSITION_2024_EMPIRICAL,,,,,False
,,2026_05_MIN_NO,2026,5,2026-10-11T17:00:00+00:00,NO,00-0041067,B.Lance,WR,receiving_yards,49.5,0.070354,0.929646,1860,POSITION_2024_EMPIRICAL,,,,,False
,,2026_05_MIN_NO,2026,5,2026-10-11T17:00:00+00:00,NO,00-0041067,B.Lance,WR,receiving_yards,64.5,0.033835,0.966165,1860,POSITION_2024_EMPIRICAL,,,,,False
,,2026_05_MIN_NO,2026,5,2026-10-11T17:00:00+00:00,NO,00-0041067,B.Lance,WR,receiving_yards,79.5,0.017723,0.982277,1860,POSITION_2024_EMPIRICAL,,,,,False
,,2026_05_MIN_NO,2026,5,2026-10-11T17:00:00+00:00,NO,00-0041067,B.Lance,WR,receiving_yards,99.5,0.01,0.99,1860,POSITION_2024_EMPIRICAL,,,,,False
,,2026_05_MIN_NO,2026,5,2026-10-11T17:00:00+00:00,NO,00-0041067,B.Lance,WR,receiving_yards,124.5,0.01,0.99,1860,POSITION_2024_EMPIRICAL,,,,,False
,,2026_05_MIN_NO,2026,5,2026-10-11T17:00:00+00:00,NO,00-0041067,B.Lance,WR,receptions,1.5,0.325482,0.674518,1866,POSITION_2024_EMPIRICAL,,,,,False
,,2026_05_MIN_NO,2026,5,2026-10-11T17:00:00+00:00,NO,00-0041067,B.Lance,WR,receptions,2.5,0.171306,0.828694,1866,POSITION_2024_EMPIRICAL,,,,,False
,,2026_05_MIN_NO,2026,5,2026-10-11T17:00:00+00:00,NO,00-0041067,B.Lance,WR,receptions,3.5,0.08137,0.91863,1866,POSITION_2024_EMPIRICAL,,,,,False
,,2026_05_MIN_NO,2026,5,2026-10-11T17:00:00+00:00,NO,00-0041067,B.Lance,WR,receptions,4.5,0.035867,0.964133,1866,POSITION_2024_EMPIRICAL,,,,,False
,,2026_05_MIN_NO,2026,5,2026-10-11T17:00:00+00:00,NO,00-0041067,B.Lance,WR,receptions,5.5,0.011777,0.988223,1866,POSITION_2024_EMPIRICAL,,,,,False
,,2026_05_MIN_NO,2026,5,2026-10-11T17:00:00+00:00,NO,00-0041067,B.Lance,WR,receptions,6.5,0.01,0.99,1866,POSITION_2024_EMPIRICAL,,,,,False
,,2026_05_MIN_NO,2026,5,2026-10-11T17:00:00+00:00,NO,00-0041067,B.Lance,WR,receptions,7.5,0.01,0.99,1866,POSITION_2024_EMPIRICAL,,,,,False
,,2026_05_MIN_NO,2026,5,2026-10-11T17:00:00+00:00,NO,00-0041326,C.Donaldson,RB,receiving_yards,24.5,0.066288,0.933712,1054,POSITION_2024_EMPIRICAL,,,,,False
,,2026_05_MIN_NO,2026,5,2026-10-11T17:00:00+00:00,NO,00-0041326,C.Donaldson,RB,receiving_yards,39.5,0.030303,0.969697,1054,POSITION_2024_EMPIRICAL,,,,,False
,,2026_05_MIN_NO,2026,5,2026-10-11T17:00:00+00:00,NO,00-0041326,C.Donaldson,RB,receiving_yards,49.5,0.017045,0.982955,1054,POSITION_2024_EMPIRICAL,,,,,False
,,2026_05_MIN_NO,2026,5,2026-10-11T17:00:00+00:00,NO,00-0041326,C.Donaldson,RB,receiving_yards,64.5,0.01,0.99,1054,POSITION_2024_EMPIRICAL,,,,,False
,,2026_05_MIN_NO,2026,5,2026-10-11T17:00:00+00:00,NO,00-0041326,C.Donaldson,RB,receiving_yards,79.5,0.01,0.99,1054,POSITION_2024_EMPIRICAL,,,,,False
,,2026_05_MIN_NO,2026,5,2026-10-11T17:00:00+00:00,NO,00-0041326,C.Donaldson,RB,receiving_yards,99.5,0.01,0.99,1054,POSITION_2024_EMPIRICAL,,,,,False
,,2026_05_MIN_NO,2026,5,2026-10-11T17:00:00+00:00,NO,00-0041326,C.Donaldson,RB,receiving_yards,124.5,0.01,0.99,1054,POSITION_2024_EMPIRICAL,,,,,False
,,2026_05_MIN_NO,2026,5,2026-10-11T17:00:00+00:00,NO,00-0041326,C.Donaldson,RB,receptions,1.5,0.211645,0.788355,1080,POSITION_2024_EMPIRICAL,,,,,False
,,2026_05_MIN_NO,2026,5,2026-10-11T17:00:00+00:00,NO,00-0041326,C.Donaldson,RB,receptions,2.5,0.093346,0.906654,1080,POSITION_2024_EMPIRICAL,,,,,False
,,2026_05_MIN_NO,2026,5,2026-10-11T17:00:00+00:00,NO,00-0041326,C.Donaldson,RB,receptions,3.5,0.042514,0.957486,1080,POSITION_2024_EMPIRICAL,,,,,False
,,2026_05_MIN_NO,2026,5,2026-10-11T17:00:00+00:00,NO,00-0041326,C.Donaldson,RB,receptions,4.5,0.01756,0.98244,1080,POSITION_2024_EMPIRICAL,,,,,False
,,2026_05_MIN_NO,2026,5,2026-10-11T17:00:00+00:00,NO,00-0041326,C.Donaldson,RB,receptions,5.5,0.011091,0.988909,1080,POSITION_2024_EMPIRICAL,,,,,False
,,2026_05_MIN_NO,2026,5,2026-10-11T17:00:00+00:00,NO,00-0041326,C.Donaldson,RB,receptions,6.5,0.01,0.99,1080,POSITION_2024_EMPIRICAL,,,,,False
,,2026_05_MIN_NO,2026,5,2026-10-11T17:00:00+00:00,NO,00-0041326,C.Donaldson,RB,receptions,7.5,0.01,0.99,1080,POSITION_2024_EMPIRICAL,,,,,False
,,2026_05_MIN_NO,2026,5,2026-10-11T17:00:00+00:00,NO,00-0041326,C.Donaldson,RB,rushing_yards,19.5,0.201505,0.798495,1194,POSITION_2024_EMPIRICAL,,,,,False
,,2026_05_MIN_NO,2026,5,2026-10-11T17:00:00+00:00,NO,00-0041326,C.Donaldson,RB,rushing_yards,34.5,0.086957,0.913043,1194,POSITION_2024_EMPIRICAL,,,,,False
,,2026_05_MIN_NO,2026,5,2026-10-11T17:00:00+00:00,NO,00-0041326,C.Donaldson,RB,rushing_yards,49.5,0.039298,0.960702,1194,POSITION_2024_EMPIRICAL,,,,,False
,,2026_05_MIN_NO,2026,5,2026-10-11T17:00:00+00:00,NO,00-0041326,C.Donaldson,RB,rushing_yards,64.5,0.020067,0.979933,1194,POSITION_2024_EMPIRICAL,,,,,False
,,2026_05_MIN_NO,2026,5,2026-10-11T17:00:00+00:00,NO,00-0041326,C.Donaldson,RB,rushing_yards,79.5,0.01,0.99,1194,POSITION_2024_EMPIRICAL,,,,,False
,,2026_05_MIN_NO,2026,5,2026-10-11T17:00:00+00:00,NO,00-0041326,C.Donaldson,RB,rushing_yards,99.5,0.01,0.99,1194,POSITION_2024_EMPIRICAL,,,,,False
,,2026_05_MIN_NO,2026,5,2026-10-11T17:00:00+00:00,NO,00-0041326,C.Donaldson,RB,rushing_yards,124.5,0.01,0.99,1194,POSITION_2024_EMPIRICAL,,,,,False
,,2026_05_NYG_WAS,2026,5,2026-10-11T17:00:00+00:00,NYG,00-0031503,J.Winston,QB,passing_yards,149.5,0.505618,0.494382,532,POSITION_2024_EMPIRICAL,,,,,False
,,2026_05_NYG_WAS,2026,5,2026-10-11T17:00:00+00:00,NYG,00-0031503,J.Winston,QB,passing_yards,174.5,0.331461,0.668539,532,POSITION_2024_EMPIRICAL,,,,,False
,,2026_05_NYG_WAS,2026,5,2026-10-11T17:00:00+00:00,NYG,00-0031503,J.Winston,QB,passing_yards,199.5,0.220974,0.779026,532,POSITION_2024_EMPIRICAL,,,,,False
,,2026_05_NYG_WAS,2026,5,2026-10-11T17:00:00+00:00,NYG,00-0031503,J.Winston,QB,passing_yards,224.5,0.157303,0.842697,532,POSITION_2024_EMPIRICAL,,,,,False
,,2026_05_NYG_WAS,2026,5,2026-10-11T17:00:00+00:00,NYG,00-0031503,J.Winston,QB,passing_yards,249.5,0.093633,0.906367,532,POSITION_2024_EMPIRICAL,,,,,False
,,2026_05_NYG_WAS,2026,5,2026-10-11T17:00:00+00:00,NYG,00-0031503,J.Winston,QB,passing_yards,274.5,0.073034,0.926966,532,POSITION_2024_EMPIRICAL,,,,,False
,,2026_05_NYG_WAS,2026,5,2026-10-11T17:00:00+00:00,NYG,00-0031503,J.Winston,QB,passing_yards,299.5,0.058052,0.941948,532,POSITION_2024_EMPIRICAL,,,,,False
,,2026_05_NYG_WAS,2026,5,2026-10-11T17:00:00+00:00,NYG,00-0031503,J.Winston,QB,rushing_yards,19.5,0.15735,0.84265,481,POSITION_2024_EMPIRICAL,,,,,False
,,2026_05_NYG_WAS,2026,5,2026-10-11T17:00:00+00:00,NYG,00-0031503,J.Winston,QB,rushing_yards,34.5,0.060041,0.939959,481,POSITION_2024_EMPIRICAL,,,,,False
,,2026_05_NYG_WAS,2026,5,2026-10-11T17:00:00+00:00,NYG,00-0031503,J.Winston,QB,rushing_yards,49.5,0.024845,0.975155,481,POSITION_2024_EMPIRICAL,,,,,False
,,2026_05_NYG_WAS,2026,5,2026-10-11T17:00:00+00:00,NYG,00-0031503,J.Winston,QB,rushing_yards,64.5,0.01,0.99,481,POSITION_2024_EMPIRICAL,,,,,False
,,2026_05_NYG_WAS,2026,5,2026-10-11T17:00:00+00:00,NYG,00-0031503,J.Winston,QB,rushing_yards,79.5,0.01,0.99,481,POSITION_2024_EMPIRICAL,,,,,False
,,2026_05_NYG_WAS,2026,5,2026-10-11T17:00:00+00:00,NYG,00-0031503,J.Winston,QB,rushing_yards,99.5,0.01,0.99,481,POSITION_2024_EMPIRICAL,,,,,False
,,2026_05_NYG_WAS,2026,5,2026-10-11T17:00:00+00:00,NYG,00-0031503,J.Winston,QB,rushing_yards,124.5,0.01,0.99,481,POSITION_2024_EMPIRICAL,,,,,False
,,2026_05_NYG_WAS,2026,5,2026-10-11T17:00:00+00:00,NYG,00-0036309,D.Mooney,WR,receiving_yards,24.5,0.359291,0.640709,1860,POSITION_2024_EMPIRICAL,,,,,False
,,2026_05_NYG_WAS,2026,5,2026-10-11T17:00:00+00:00,NYG,00-0036309,D.Mooney,WR,receiving_yards,39.5,0.17884,0.82116,1860,POSITION_2024_EMPIRICAL,,,,,False
,,2026_05_NYG_WAS,2026,5,2026-10-11T17:00:00+00:00,NYG,00-0036309,D.Mooney,WR,receiving_yards,49.5,0.116004,0.883996,1860,POSITION_2024_EMPIRICAL,,,,,False
,,2026_05_NYG_WAS,2026,5,2026-10-11T17:00:00+00:00,NYG,00-0036309,D.Mooney,WR,receiving_yards,64.5,0.055317,0.944683,1860,POSITION_2024_EMPIRICAL,,,,,False
,,2026_05_NYG_WAS,2026,5,2026-10-11T17:00:00+00:00,NYG,00-0036309,D.Mooney,WR,receiving_yards,79.5,0.025242,0.974758,1860,POSITION_2024_EMPIRICAL,,,,,False
,,2026_05_NYG_WAS,2026,5,2026-10-11T17:00:00+00:00,NYG,00-0036309,D.Mooney,WR,receiving_yards,99.5,0.012352,0.987648,1860,POSITION_2024_EMPIRICAL,,,,,False
,,2026_05_NYG_WAS,2026,5,2026-10-11T17:00:00+00:00,NYG,00-0036309,D.Mooney,WR,receiving_yards,124.5,0.01,0.99,1860,POSITION_2024_EMPIRICAL,,,,,False
,,2026_05_NYG_WAS,2026,5,2026-10-11T17:00:00+00:00,NYG,00-0036309,D.Mooney,WR,receptions,1.5,0.366702,0.633298,1866,POSITION_2024_EMPIRICAL,,,,,False
,,2026_05_NYG_WAS,2026,5,2026-10-11T17:00:00+00:00,NYG,00-0036309,D.Mooney,WR,receptions,2.5,0.198073,0.801927,1866,POSITION_2024_EMPIRICAL,,,,,False
,,2026_05_NYG_WAS,2026,5,2026-10-11T17:00:00+00:00,NYG,00-0036309,D.Mooney,WR,receptions,3.5,0.095824,0.904176,1866,POSITION_2024_EMPIRICAL,,,,,False
,,2026_05_NYG_WAS,2026,5,2026-10-11T17:00:00+00:00,NYG,00-0036309,D.Mooney,WR,receptions,4.5,0.043897,0.956103,1866,POSITION_2024_EMPIRICAL,,,,,False
,,2026_05_NYG_WAS,2026,5,2026-10-11T17:00:00+00:00,NYG,00-0036309,D.Mooney,WR,receptions,5.5,0.015525,0.984475,1866,POSITION_2024_EMPIRICAL,,,,,False
,,2026_05_NYG_WAS,2026,5,2026-10-11T17:00:00+00:00,NYG,00-0036309,D.Mooney,WR,receptions,6.5,0.01,0.99,1866,POSITION_2024_EMPIRICAL,,,,,False
,,2026_05_NYG_WAS,2026,5,2026-10-11T17:00:00+00:00,NYG,00-0036309,D.Mooney,WR,receptions,7.5,0.01,0.99,1866,POSITION_2024_EMPIRICAL,,,,,False
,,2026_05_NYG_WAS,2026,5,2026-10-11T17:00:00+00:00,NYG,00-0036309,D.Mooney,WR,rushing_yards,19.5,0.01566,0.98434,445,POSITION_2024_EMPIRICAL,,,,,False
,,2026_05_NYG_WAS,2026,5,2026-10-11T17:00:00+00:00,NYG,00-0036309,D.Mooney,WR,rushing_yards,34.5,0.01,0.99,445,POSITION_2024_EMPIRICAL,,,,,False
,,2026_05_NYG_WAS,2026,5,2026-10-11T17:00:00+00:00,NYG,00-0036309,D.Mooney,WR,rushing_yards,49.5,0.01,0.99,445,POSITION_2024_EMPIRICAL,,,,,False
,,2026_05_NYG_WAS,2026,5,2026-10-11T17:00:00+00:00,NYG,00-0036309,D.Mooney,WR,rushing_yards,64.5,0.01,0.99,445,POSITION_2024_EMPIRICAL,,,,,False
,,2026_05_NYG_WAS,2026,5,2026-10-11T17:00:00+00:00,NYG,00-0036309,D.Mooney,WR,rushing_yards,79.5,0.01,0.99,445,POSITION_2024_EMPIRICAL,,,,,False
,,2026_05_NYG_WAS,2026,5,2026-10-11T17:00:00+00:00,NYG,00-0036309,D.Mooney,WR,rushing_yards,99.5,0.01,0.99,445,POSITION_2024_EMPIRICAL,,,,,False
,,2026_05_NYG_WAS,2026,5,2026-10-11T17:00:00+00:00,NYG,00-0036309,D.Mooney,WR,rushing_yards,124.5,0.01,0.99,445,POSITION_2024_EMPIRICAL,,,,,False
,,2026_05_NYG_WAS,2026,5,2026-10-11T17:00:00+00:00,NYG,00-0036893,N.Harris,RB,rushing_yards,19.5,0.610368,0.389632,1194,POSITION_2024_EMPIRICAL,,,,,False
,,2026_05_NYG_WAS,2026,5,2026-10-11T17:00:00+00:00,NYG,00-0036893,N.Harris,RB,rushing_yards,34.5,0.285953,0.714047,1194,POSITION_2024_EMPIRICAL,,,,,False
,,2026_05_NYG_WAS,2026,5,2026-10-11T17:00:00+00:00,NYG,00-0036893,N.Harris,RB,rushing_yards,49.5,0.132107,0.867893,1194,POSITION_2024_EMPIRICAL,,,,,False
,,2026_05_NYG_WAS,2026,5,2026-10-11T17:00:00+00:00,NYG,00-0036893,N.Harris,RB,rushing_yards,64.5,0.055184,0.944816,1194,POSITION_2024_EMPIRICAL,,,,,False
,,2026_05_NYG_WAS,2026,5,2026-10-11T17:00:00+00:00,NYG,00-0036893,N.Harris,RB,rushing_yards,79.5,0.025084,0.974916,1194,POSITION_2024_EMPIRICAL,,,,,False
,,2026_05_NYG_WAS,2026,5,2026-10-11T17:00:00+00:00,NYG,00-0036893,N.Harris,RB,rushing_yards,99.5,0.010033,0.989967,1194,POSITION_2024_EMPIRICAL,,,,,False
,,2026_05_NYG_WAS,2026,5,2026-10-11T17:00:00+00:00,NYG,00-0036893,N.Harris,RB,rushing_yards,124.5,0.01,0.99,1194,POSITION_2024_EMPIRICAL,,,,,False
,,2026_05_NYG_WAS,2026,5,2026-10-11T17:00:00+00:00,NYG,00-0037838,I.Likely,TE,receiving_yards,24.5,0.815355,0.184645,1027,POSITION_2024_EMPIRICAL,,,,,False
,,2026_05_NYG_WAS,2026,5,2026-10-11T17:00:00+00:00,NYG,00-0037838,I.Likely,TE,receiving_yards,39.5,0.54519,0.45481,1027,POSITION_2024_EMPIRICAL,,,,,False
,,2026_05_NYG_WAS,2026,5,2026-10-11T17:00:00+00:00,NYG,00-0037838,I.Likely,TE,receiving_yards,49.5,0.335277,0.664723,1027,POSITION_2024_EMPIRICAL,,,,,False
,,2026_05_NYG_WAS,2026,5,2026-10-11T17:00:00+00:00,NYG,00-0037838,I.Likely,TE,receiving_yards,64.5,0.212828,0.787172,1027,POSITION_2024_EMPIRICAL,,,,,False
,,2026_05_NYG_WAS,2026,5,2026-10-11T17:00:00+00:00,NYG,00-0037838,I.Likely,TE,receiving_yards,79.5,0.114674,0.885326,1027,POSITION_2024_EMPIRICAL,,,,,False
,,2026_05_NYG_WAS,2026,5,2026-10-11T17:00:00+00:00,NYG,00-0037838,I.Likely,TE,receiving_yards,99.5,0.05345,0.94655,1027,POSITION_2024_EMPIRICAL,,,,,False
,,2026_05_NYG_WAS,2026,5,2026-10-11T17:00:00+00:00,NYG,00-0037838,I.Likely,TE,receiving_yards,124.5,0.013605,0.986395,1027,POSITION_2024_EMPIRICAL,,,,,False
,,2026_05_NYG_WAS,2026,5,2026-10-11T17:00:00+00:00,NYG,00-0037838,I.Likely,TE,receptions,1.5,0.912706,0.087294,1029,POSITION_2024_EMPIRICAL,,,,,False
,,2026_05_NYG_WAS,2026,5,2026-10-11T17:00:00+00:00,NYG,00-0037838,I.Likely,TE,receptions,2.5,0.8516,0.1484,1029,POSITION_2024_EMPIRICAL,,,,,False
,,2026_05_NYG_WAS,2026,5,2026-10-11T17:00:00+00:00,NYG,00-0037838,I.Likely,TE,receptions,3.5,0.734239,0.265761,1029,POSITION_2024_EMPIRICAL,,,,,False
,,2026_05_NYG_WAS,2026,5,2026-10-11T17:00:00+00:00,NYG,00-0037838,I.Likely,TE,receptions,4.5,0.539282,0.460718,1029,POSITION_2024_EMPIRICAL,,,,,False
,,2026_05_NYG_WAS,2026,5,2026-10-11T17:00:00+00:00,NYG,00-0037838,I.Likely,TE,receptions,5.5,0.368574,0.631426,1029,POSITION_2024_EMPIRICAL,,,,,False
,,2026_05_NYG_WAS,2026,5,2026-10-11T17:00:00+00:00,NYG,00-0037838,I.Likely,TE,receptions,6.5,0.266731,0.733269,1029,POSITION_2024_EMPIRICAL,,,,,False
,,2026_05_NYG_WAS,2026,5,2026-10-11T17:00:00+00:00,NYG,00-0037838,I.Likely,TE,receptions,7.5,0.183317,0.816683,1029,POSITION_2024_EMPIRICAL,,,,,False
,,2026_05_NYG_WAS,2026,5,2026-10-11T17:00:00+00:00,NYG,00-0039337,M.Nabers,WR,receiving_yards,24.5,0.762621,0.237379,1860,POSITION_2024_EMPIRICAL,,,,,False
,,2026_05_NYG_WAS,2026,5,2026-10-11T17:00:00+00:00,NYG,00-0039337,M.Nabers,WR,receiving_yards,39.5,0.567132,0.432868,1860,POSITION_2024_EMPIRICAL,,,,,False
,,2026_05_NYG_WAS,2026,5,2026-10-11T17:00:00+00:00,NYG,00-0039337,M.Nabers,WR,receiving_yards,49.5,0.403867,0.596133,1860,POSITION_2024_EMPIRICAL,,,,,False
,,2026_05_NYG_WAS,2026,5,2026-10-11T17:00:00+00:00,NYG,00-0039337,M.Nabers,WR,receiving_yards,64.5,0.259398,0.740602,1860,POSITION_2024_EMPIRICAL,,,,,False
,,2026_05_NYG_WAS,2026,5,2026-10-11T17:00:00+00:00,NYG,00-0039337,M.Nabers,WR,receiving_yards,79.5,0.163265,0.836735,1860,POSITION_2024_EMPIRICAL,,,,,False
,,2026_05_NYG_WAS,2026,5,2026-10-11T17:00:00+00:00,NYG,00-0039337,M.Nabers,WR,receiving_yards,99.5,0.092374,0.907626,1860,POSITION_2024_EMPIRICAL,,,,,False
,,2026_05_NYG_WAS,2026,5,2026-10-11T17:00:00+00:00,NYG,00-0039337,M.Nabers,WR,receiving_yards,124.5,0.037594,0.962406,1860,POSITION_2024_EMPIRICAL,,,,,False
,,2026_05_NYG_WAS,2026,5,2026-10-11T17:00:00+00:00,NYG,00-0039337,M.Nabers,WR,receptions,1.5,0.864561,0.135439,1866,POSITION_2024_EMPIRICAL,,,,,False
,,2026_05_NYG_WAS,2026,5,2026-10-11T17:00:00+00:00,NYG,00-0039337,M.Nabers,WR,receptions,2.5,0.752141,0.247859,1866,POSITION_2024_EMPIRICAL,,,,,False
,,2026_05_NYG_WAS,2026,5,2026-10-11T17:00:00+00:00,NYG,00-0039337,M.Nabers,WR,receptions,3.5,0.578694,0.421306,1866,POSITION_2024_EMPIRICAL,,,,,False
,,2026_05_NYG_WAS,2026,5,2026-10-11T17:00:00+00:00,NYG,00-0039337,M.Nabers,WR,receptions,4.5,0.366702,0.633298,1866,POSITION_2024_EMPIRICAL,,,,,False
,,2026_05_NYG_WAS,2026,5,2026-10-11T17:00:00+00:00,NYG,00-0039337,M.Nabers,WR,receptions,5.5,0.261242,0.738758,1866,POSITION_2024_EMPIRICAL,,,,,False
,,2026_05_NYG_WAS,2026,5,2026-10-11T17:00:00+00:00,NYG,00-0039337,M.Nabers,WR,receptions,6.5,0.171306,0.828694,1866,POSITION_2024_EMPIRICAL,,,,,False
,,2026_05_NYG_WAS,2026,5,2026-10-11T17:00:00+00:00,NYG,00-0039337,M.Nabers,WR,receptions,7.5,0.105996,0.894004,1866,POSITION_2024_EMPIRICAL,,,,,False
,,2026_05_NYG_WAS,2026,5,2026-10-11T17:00:00+00:00,NYG,00-0039384,T.Tracy,RB,rushing_yards,19.5,0.174749,0.825251,1194,POSITION_2024_EMPIRICAL,,,,,False
,,2026_05_NYG_WAS,2026,5,2026-10-11T17:00:00+00:00,NYG,00-0039384,T.Tracy,RB,rushing_yards,34.5,0.069398,0.930602,1194,POSITION_2024_EMPIRICAL,,,,,False
,,2026_05_NYG_WAS,2026,5,2026-10-11T17:00:00+00:00,NYG,00-0039384,T.Tracy,RB,rushing_yards,49.5,0.033445,0.966555,1194,POSITION_2024_EMPIRICAL,,,,,False
,,2026_05_NYG_WAS,2026,5,2026-10-11T17:00:00+00:00,NYG,00-0039384,T.Tracy,RB,rushing_yards,64.5,0.015886,0.984114,1194,POSITION_2024_EMPIRICAL,,,,,False
,,2026_05_NYG_WAS,2026,5,2026-10-11T17:00:00+00:00,NYG,00-0039384,T.Tracy,RB,rushing_yards,79.5,0.01,0.99,1194,POSITION_2024_EMPIRICAL,,,,,False
,,2026_05_NYG_WAS,2026,5,2026-10-11T17:00:00+00:00,NYG,00-0039384,T.Tracy,RB,rushing_yards,99.5,0.01,0.99,1194,POSITION_2024_EMPIRICAL,,,,,False
,,2026_05_NYG_WAS,2026,5,2026-10-11T17:00:00+00:00,NYG,00-0039384,T.Tracy,RB,rushing_yards,124.5,0.01,0.99,1194,POSITION_2024_EMPIRICAL,,,,,False
,,2026_05_NYG_WAS,2026,5,2026-10-11T17:00:00+00:00,NYG,00-0039847,T.Johnson,TE,receiving_yards,24.5,0.143829,0.856171,1027,POSITION_2024_EMPIRICAL,,,,,False
,,2026_05_NYG_WAS,2026,5,2026-10-11T17:00:00+00:00,NYG,00-0039847,T.Johnson,TE,receiving_yards,39.5,0.070943,0.929057,1027,POSITION_2024_EMPIRICAL,,,,,False
,,2026_05_NYG_WAS,2026,5,2026-10-11T17:00:00+00:00,NYG,00-0039847,T.Johnson,TE,receiving_yards,49.5,0.031098,0.968902,1027,POSITION_2024_EMPIRICAL,,,,,False
,,2026_05_NYG_WAS,2026,5,2026-10-11T17:00:00+00:00,NYG,00-0039847,T.Johnson,TE,receiving_yards,64.5,0.011662,0.988338,1027,POSITION_2024_EMPIRICAL,,,,,False
,,2026_05_NYG_WAS,2026,5,2026-10-11T17:00:00+00:00,NYG,00-0039847,T.Johnson,TE,receiving_yards,79.5,0.01,0.99,1027,POSITION_2024_EMPIRICAL,,,,,False
,,2026_05_NYG_WAS,2026,5,2026-10-11T17:00:00+00:00,NYG,00-0039847,T.Johnson,TE,receiving_yards,99.5,0.01,0.99,1027,POSITION_2024_EMPIRICAL,,,,,False
,,2026_05_NYG_WAS,2026,5,2026-10-11T17:00:00+00:00,NYG,00-0039847,T.Johnson,TE,receiving_yards,124.5,0.01,0.99,1027,POSITION_2024_EMPIRICAL,,,,,False
,,2026_05_NYG_WAS,2026,5,2026-10-11T17:00:00+00:00,NYG,00-0039847,T.Johnson,TE,receptions,1.5,0.214355,0.785645,1029,POSITION_2024_EMPIRICAL,,,,,False
,,2026_05_NYG_WAS,2026,5,2026-10-11T17:00:00+00:00,NYG,00-0039847,T.Johnson,TE,receptions,2.5,0.109602,0.890398,1029,POSITION_2024_EMPIRICAL,,,,,False
,,2026_05_NYG_WAS,2026,5,2026-10-11T17:00:00+00:00,NYG,00-0039847,T.Johnson,TE,receptions,3.5,0.056256,0.943744,1029,POSITION_2024_EMPIRICAL,,,,,False
,,2026_05_NYG_WAS,2026,5,2026-10-11T17:00:00+00:00,NYG,00-0039847,T.Johnson,TE,receptions,4.5,0.024248,0.975752,1029,POSITION_2024_EMPIRICAL,,,,,False
,,2026_05_NYG_WAS,2026,5,2026-10-11T17:00:00+00:00,NYG,00-0039847,T.Johnson,TE,receptions,5.5,0.01,0.99,1029,POSITION_2024_EMPIRICAL,,,,,False
,,2026_05_NYG_WAS,2026,5,2026-10-11T17:00:00+00:00,NYG,00-0039847,T.Johnson,TE,receptions,6.5,0.01,0.99,1029,POSITION_2024_EMPIRICAL,,,,,False
,,2026_05_NYG_WAS,2026,5,2026-10-11T17:00:00+00:00,NYG,00-0039847,T.Johnson,TE,receptions,7.5,0.01,0.99,1029,POSITION_2024_EMPIRICAL,,,,,False
,,2026_05_NYG_WAS,2026,5,2026-10-11T17:00:00+00:00,NYG,00-0040715,C.Skattebo,RB,receiving_yards,24.5,0.194129,0.805871,1054,POSITION_2024_EMPIRICAL,,,,,False
,,2026_05_NYG_WAS,2026,5,2026-10-11T17:00:00+00:00,NYG,00-0040715,C.Skattebo,RB,receiving_yards,39.5,0.069129,0.930871,1054,POSITION_2024_EMPIRICAL,,,,,False
,,2026_05_NYG_WAS,2026,5,2026-10-11T17:00:00+00:00,NYG,00-0040715,C.Skattebo,RB,receiving_yards,49.5,0.038826,0.961174,1054,POSITION_2024_EMPIRICAL,,,,,False
,,2026_05_NYG_WAS,2026,5,2026-10-11T17:00:00+00:00,NYG,00-0040715,C.Skattebo,RB,receiving_yards,64.5,0.018939,0.981061,1054,POSITION_2024_EMPIRICAL,,,,,False
,,2026_05_NYG_WAS,2026,5,2026-10-11T17:00:00+00:00,NYG,00-0040715,C.Skattebo,RB,receiving_yards,79.5,0.01,0.99,1054,POSITION_2024_EMPIRICAL,,,,,False
,,2026_05_NYG_WAS,2026,5,2026-10-11T17:00:00+00:00,NYG,00-0040715,C.Skattebo,RB,receiving_yards,99.5,0.01,0.99,1054,POSITION_2024_EMPIRICAL,,,,,False
,,2026_05_NYG_WAS,2026,5,2026-10-11T17:00:00+00:00,NYG,00-0040715,C.Skattebo,RB,receiving_yards,124.5,0.01,0.99,1054,POSITION_2024_EMPIRICAL,,,,,False
,,2026_05_NYG_WAS,2026,5,2026-10-11T17:00:00+00:00,NYG,00-0040715,C.Skattebo,RB,receptions,1.5,0.520333,0.479667,1080,POSITION_2024_EMPIRICAL,,,,,False
,,2026_05_NYG_WAS,2026,5,2026-10-11T17:00:00+00:00,NYG,00-0040715,C.Skattebo,RB,receptions,2.5,0.257856,0.742144,1080,POSITION_2024_EMPIRICAL,,,,,False
,,2026_05_NYG_WAS,2026,5,2026-10-11T17:00:00+00:00,NYG,00-0040715,C.Skattebo,RB,receptions,3.5,0.113678,0.886322,1080,POSITION_2024_EMPIRICAL,,,,,False
,,2026_05_NYG_WAS,2026,5,2026-10-11T17:00:00+00:00,NYG,00-0040715,C.Skattebo,RB,receptions,4.5,0.051756,0.948244,1080,POSITION_2024_EMPIRICAL,,,,,False
,,2026_05_NYG_WAS,2026,5,2026-10-11T17:00:00+00:00,NYG,00-0040715,C.Skattebo,RB,receptions,5.5,0.019409,0.980591,1080,POSITION_2024_EMPIRICAL,,,,,False
,,2026_05_NYG_WAS,2026,5,2026-10-11T17:00:00+00:00,NYG,00-0040715,C.Skattebo,RB,receptions,6.5,0.011091,0.988909,1080,POSITION_2024_EMPIRICAL,,,,,False
,,2026_05_NYG_WAS,2026,5,2026-10-11T17:00:00+00:00,NYG,00-0040715,C.Skattebo,RB,receptions,7.5,0.01,0.99,1080,POSITION_2024_EMPIRICAL,,,,,False
,,2026_05_NYG_WAS,2026,5,2026-10-11T17:00:00+00:00,NYG,00-0040715,C.Skattebo,RB,rushing_yards,19.5,0.855351,0.144649,1194,POSITION_2024_EMPIRICAL,,,,,False
,,2026_05_NYG_WAS,2026,5,2026-10-11T17:00:00+00:00,NYG,00-0040715,C.Skattebo,RB,rushing_yards,34.5,0.704849,0.295151,1194,POSITION_2024_EMPIRICAL,,,,,False
,,2026_05_NYG_WAS,2026,5,2026-10-11T17:00:00+00:00,NYG,00-0040715,C.Skattebo,RB,rushing_yards,49.5,0.494983,0.505017,1194,POSITION_2024_EMPIRICAL,,,,,False
,,2026_05_NYG_WAS,2026,5,2026-10-11T17:00:00+00:00,NYG,00-0040715,C.Skattebo,RB,rushing_yards,64.5,0.310201,0.689799,1194,POSITION_2024_EMPIRICAL,,,,,False
,,2026_05_NYG_WAS,2026,5,2026-10-11T17:00:00+00:00,NYG,00-0040715,C.Skattebo,RB,rushing_yards,79.5,0.203177,0.796823,1194,POSITION_2024_EMPIRICAL,,,,,False
,,2026_05_NYG_WAS,2026,5,2026-10-11T17:00:00+00:00,NYG,00-0040715,C.Skattebo,RB,rushing_yards,99.5,0.108696,0.891304,1194,POSITION_2024_EMPIRICAL,,,,,False
,,2026_05_NYG_WAS,2026,5,2026-10-11T17:00:00+00:00,NYG,00-0040715,C.Skattebo,RB,rushing_yards,124.5,0.049331,0.950669,1194,POSITION_2024_EMPIRICAL,,,,,False
,,2026_05_NYG_WAS,2026,5,2026-10-11T17:00:00+00:00,NYG,00-0041042,M.Fields,WR,receiving_yards,24.5,0.533298,0.466702,1860,POSITION_2024_EMPIRICAL,,,,,False
,,2026_05_NYG_WAS,2026,5,2026-10-11T17:00:00+00:00,NYG,00-0041042,M.Fields,WR,receiving_yards,39.5,0.263695,0.736305,1860,POSITION_2024_EMPIRICAL,,,,,False
,,2026_05_NYG_WAS,2026,5,2026-10-11T17:00:00+00:00,NYG,00-0041042,M.Fields,WR,receiving_yards,49.5,0.164876,0.835124,1860,POSITION_2024_EMPIRICAL,,,,,False
,,2026_05_NYG_WAS,2026,5,2026-10-11T17:00:00+00:00,NYG,00-0041042,M.Fields,WR,receiving_yards,64.5,0.084318,0.915682,1860,POSITION_2024_EMPIRICAL,,,,,False
,,2026_05_NYG_WAS,2026,5,2026-10-11T17:00:00+00:00,NYG,00-0041042,M.Fields,WR,receiving_yards,79.5,0.038668,0.961332,1860,POSITION_2024_EMPIRICAL,,,,,False
,,2026_05_NYG_WAS,2026,5,2026-10-11T17:00:00+00:00,NYG,00-0041042,M.Fields,WR,receiving_yards,99.5,0.017723,0.982277,1860,POSITION_2024_EMPIRICAL,,,,,False
,,2026_05_NYG_WAS,2026,5,2026-10-11T17:00:00+00:00,NYG,00-0041042,M.Fields,WR,receiving_yards,124.5,0.01,0.99,1860,POSITION_2024_EMPIRICAL,,,,,False
,,2026_05_NYG_WAS,2026,5,2026-10-11T17:00:00+00:00,NYG,00-0041042,M.Fields,WR,receptions,1.5,0.526767,0.473233,1866,POSITION_2024_EMPIRICAL,,,,,False
,,2026_05_NYG_WAS,2026,5,2026-10-11T17:00:00+00:00,NYG,00-0041042,M.Fields,WR,receptions,2.5,0.277837,0.722163,1866,POSITION_2024_EMPIRICAL,,,,,False
,,2026_05_NYG_WAS,2026,5,2026-10-11T17:00:00+00:00,NYG,00-0041042,M.Fields,WR,receptions,3.5,0.144004,0.855996,1866,POSITION_2024_EMPIRICAL,,,,,False
,,2026_05_NYG_WAS,2026,5,2026-10-11T17:00:00+00:00,NYG,00-0041042,M.Fields,WR,receptions,4.5,0.066381,0.933619,1866,POSITION_2024_EMPIRICAL,,,,,False
,,2026_05_NYG_WAS,2026,5,2026-10-11T17:00:00+00:00,NYG,00-0041042,M.Fields,WR,receptions,5.5,0.028373,0.971627,1866,POSITION_2024_EMPIRICAL,,,,,False
,,2026_05_NYG_WAS,2026,5,2026-10-11T17:00:00+00:00,NYG,00-0041042,M.Fields,WR,receptions,6.5,0.01,0.99,1866,POSITION_2024_EMPIRICAL,,,,,False
,,2026_05_NYG_WAS,2026,5,2026-10-11T17:00:00+00:00,NYG,00-0041042,M.Fields,WR,receptions,7.5,0.01,0.99,1866,POSITION_2024_EMPIRICAL,,,,,False
,,2026_05_NYG_WAS,2026,5,2026-10-11T17:00:00+00:00,WAS,00-0031588,S.Diggs,WR,receiving_yards,24.5,0.688507,0.311493,1860,POSITION_2024_EMPIRICAL,,,,,False
,,2026_05_NYG_WAS,2026,5,2026-10-11T17:00:00+00:00,WAS,00-0031588,S.Diggs,WR,receiving_yards,39.5,0.42159,0.57841,1860,POSITION_2024_EMPIRICAL,,,,,False
,,2026_05_NYG_WAS,2026,5,2026-10-11T17:00:00+00:00,WAS,00-0031588,S.Diggs,WR,receiving_yards,49.5,0.298067,0.701933,1860,POSITION_2024_EMPIRICAL,,,,,False
,,2026_05_NYG_WAS,2026,5,2026-10-11T17:00:00+00:00,WAS,00-0031588,S.Diggs,WR,receiving_yards,64.5,0.171321,0.828679,1860,POSITION_2024_EMPIRICAL,,,,,False
,,2026_05_NYG_WAS,2026,5,2026-10-11T17:00:00+00:00,WAS,00-0031588,S.Diggs,WR,receiving_yards,79.5,0.103115,0.896885,1860,POSITION_2024_EMPIRICAL,,,,,False
,,2026_05_NYG_WAS,2026,5,2026-10-11T17:00:00+00:00,WAS,00-0031588,S.Diggs,WR,receiving_yards,99.5,0.047261,0.952739,1860,POSITION_2024_EMPIRICAL,,,,,False
,,2026_05_NYG_WAS,2026,5,2026-10-11T17:00:00+00:00,WAS,00-0031588,S.Diggs,WR,receiving_yards,124.5,0.019871,0.980129,1860,POSITION_2024_EMPIRICAL,,,,,False
,,2026_05_NYG_WAS,2026,5,2026-10-11T17:00:00+00:00,WAS,00-0031588,S.Diggs,WR,receptions,1.5,0.864561,0.135439,1866,POSITION_2024_EMPIRICAL,,,,,False
,,2026_05_NYG_WAS,2026,5,2026-10-11T17:00:00+00:00,WAS,00-0031588,S.Diggs,WR,receptions,2.5,0.752141,0.247859,1866,POSITION_2024_EMPIRICAL,,,,,False
,,2026_05_NYG_WAS,2026,5,2026-10-11T17:00:00+00:00,WAS,00-0031588,S.Diggs,WR,receptions,3.5,0.578694,0.421306,1866,POSITION_2024_EMPIRICAL,,,,,False
,,2026_05_NYG_WAS,2026,5,2026-10-11T17:00:00+00:00,WAS,00-0031588,S.Diggs,WR,receptions,4.5,0.366702,0.633298,1866,POSITION_2024_EMPIRICAL,,,,,False
,,2026_05_NYG_WAS,2026,5,2026-10-11T17:00:00+00:00,WAS,00-0031588,S.Diggs,WR,receptions,5.5,0.261242,0.738758,1866,POSITION_2024_EMPIRICAL,,,,,False
,,2026_05_NYG_WAS,2026,5,2026-10-11T17:00:00+00:00,WAS,00-0031588,S.Diggs,WR,receptions,6.5,0.171306,0.828694,1866,POSITION_2024_EMPIRICAL,,,,,False
,,2026_05_NYG_WAS,2026,5,2026-10-11T17:00:00+00:00,WAS,00-0031588,S.Diggs,WR,receptions,7.5,0.105996,0.894004,1866,POSITION_2024_EMPIRICAL,,,,,False
,,2026_05_NYG_WAS,2026,5,2026-10-11T17:00:00+00:00,WAS,00-0032268,M.Mariota,QB,passing_yards,149.5,0.198502,0.801498,532,POSITION_2024_EMPIRICAL,,,,,False
,,2026_05_NYG_WAS,2026,5,2026-10-11T17:00:00+00:00,WAS,00-0032268,M.Mariota,QB,passing_yards,174.5,0.108614,0.891386,532,POSITION_2024_EMPIRICAL,,,,,False
,,2026_05_NYG_WAS,2026,5,2026-10-11T17:00:00+00:00,WAS,00-0032268,M.Mariota,QB,passing_yards,199.5,0.073034,0.926966,532,POSITION_2024_EMPIRICAL,,,,,False
,,2026_05_NYG_WAS,2026,5,2026-10-11T17:00:00+00:00,WAS,00-0032268,M.Mariota,QB,passing_yards,224.5,0.050562,0.949438,532,POSITION_2024_EMPIRICAL,,,,,False
,,2026_05_NYG_WAS,2026,5,2026-10-11T17:00:00+00:00,WAS,00-0032268,M.Mariota,QB,passing_yards,249.5,0.029963,0.970037,532,POSITION_2024_EMPIRICAL,,,,,False
,,2026_05_NYG_WAS,2026,5,2026-10-11T17:00:00+00:00,WAS,00-0032268,M.Mariota,QB,passing_yards,274.5,0.022472,0.977528,532,POSITION_2024_EMPIRICAL,,,,,False
,,2026_05_NYG_WAS,2026,5,2026-10-11T17:00:00+00:00,WAS,00-0032268,M.Mariota,QB,passing_yards,299.5,0.018727,0.981273,532,POSITION_2024_EMPIRICAL,,,,,False
,,2026_05_NYG_WAS,2026,5,2026-10-11T17:00:00+00:00,WAS,00-0032268,M.Mariota,QB,rushing_yards,19.5,0.285714,0.714286,481,POSITION_2024_EMPIRICAL,,,,,False
,,2026_05_NYG_WAS,2026,5,2026-10-11T17:00:00+00:00,WAS,00-0032268,M.Mariota,QB,rushing_yards,34.5,0.132505,0.867495,481,POSITION_2024_EMPIRICAL,,,,,False
,,2026_05_NYG_WAS,2026,5,2026-10-11T17:00:00+00:00,WAS,00-0032268,M.Mariota,QB,rushing_yards,49.5,0.05176,0.94824,481,POSITION_2024_EMPIRICAL,,,,,False
,,2026_05_NYG_WAS,2026,5,2026-10-11T17:00:00+00:00,WAS,00-0032268,M.Mariota,QB,rushing_yards,64.5,0.018634,0.981366,481,POSITION_2024_EMPIRICAL,,,,,False
,,2026_05_NYG_WAS,2026,5,2026-10-11T17:00:00+00:00,WAS,00-0032268,M.Mariota,QB,rushing_yards,79.5,0.01,0.99,481,POSITION_2024_EMPIRICAL,,,,,False
,,2026_05_NYG_WAS,2026,5,2026-10-11T17:00:00+00:00,WAS,00-0032268,M.Mariota,QB,rushing_yards,99.5,0.01,0.99,481,POSITION_2024_EMPIRICAL,,,,,False
,,2026_05_NYG_WAS,2026,5,2026-10-11T17:00:00+00:00,WAS,00-0032268,M.Mariota,QB,rushing_yards,124.5,0.01,0.99,481,POSITION_2024_EMPIRICAL,,,,,False
,,2026_05_NYG_WAS,2026,5,2026-10-11T17:00:00+00:00,WAS,00-0035659,T.McLaurin,WR,receiving_yards,24.5,0.726101,0.273899,1860,POSITION_2024_EMPIRICAL,,,,,False
,,2026_05_NYG_WAS,2026,5,2026-10-11T17:00:00+00:00,WAS,00-0035659,T.McLaurin,WR,receiving_yards,39.5,0.496778,0.503222,1860,POSITION_2024_EMPIRICAL,,,,,False
,,2026_05_NYG_WAS,2026,5,2026-10-11T17:00:00+00:00,WAS,00-0035659,T.McLaurin,WR,receiving_yards,49.5,0.349624,0.650376,1860,POSITION_2024_EMPIRICAL,,,,,False
,,2026_05_NYG_WAS,2026,5,2026-10-11T17:00:00+00:00,WAS,00-0035659,T.McLaurin,WR,receiving_yards,64.5,0.215897,0.784103,1860,POSITION_2024_EMPIRICAL,,,,,False
,,2026_05_NYG_WAS,2026,5,2026-10-11T17:00:00+00:00,WAS,00-0035659,T.McLaurin,WR,receiving_yards,79.5,0.131042,0.868958,1860,POSITION_2024_EMPIRICAL,,,,,False
,,2026_05_NYG_WAS,2026,5,2026-10-11T17:00:00+00:00,WAS,00-0035659,T.McLaurin,WR,receiving_yards,99.5,0.066058,0.933942,1860,POSITION_2024_EMPIRICAL,,,,,False
,,2026_05_NYG_WAS,2026,5,2026-10-11T17:00:00+00:00,WAS,00-0035659,T.McLaurin,WR,receiving_yards,124.5,0.027927,0.972073,1860,POSITION_2024_EMPIRICAL,,,,,False
,,2026_05_NYG_WAS,2026,5,2026-10-11T17:00:00+00:00,WAS,00-0035659,T.McLaurin,WR,receptions,1.5,0.79818,0.20182,1866,POSITION_2024_EMPIRICAL,,,,,False
,,2026_05_NYG_WAS,2026,5,2026-10-11T17:00:00+00:00,WAS,00-0035659,T.McLaurin,WR,receptions,2.5,0.595824,0.404176,1866,POSITION_2024_EMPIRICAL,,,,,False
,,2026_05_NYG_WAS,2026,5,2026-10-11T17:00:00+00:00,WAS,00-0035659,T.McLaurin,WR,receptions,3.5,0.351713,0.648287,1866,POSITION_2024_EMPIRICAL,,,,,False
,,2026_05_NYG_WAS,2026,5,2026-10-11T17:00:00+00:00,WAS,00-0035659,T.McLaurin,WR,receptions,4.5,0.216274,0.783726,1866,POSITION_2024_EMPIRICAL,,,,,False
,,2026_05_NYG_WAS,2026,5,2026-10-11T17:00:00+00:00,WAS,00-0035659,T.McLaurin,WR,receptions,5.5,0.123126,0.876874,1866,POSITION_2024_EMPIRICAL,,,,,False
,,2026_05_NYG_WAS,2026,5,2026-10-11T17:00:00+00:00,WAS,00-0035659,T.McLaurin,WR,receptions,6.5,0.065846,0.934154,1866,POSITION_2024_EMPIRICAL,,,,,False
,,2026_05_NYG_WAS,2026,5,2026-10-11T17:00:00+00:00,WAS,00-0035659,T.McLaurin,WR,receptions,7.5,0.034261,0.965739,1866,POSITION_2024_EMPIRICAL,,,,,False
,,2026_05_NYG_WAS,2026,5,2026-10-11T17:00:00+00:00,WAS,00-0036626,D.Brown,WR,receiving_yards,24.5,0.332438,0.667562,1860,POSITION_2024_EMPIRICAL,,,,,False
,,2026_05_NYG_WAS,2026,5,2026-10-11T17:00:00+00:00,WAS,00-0036626,D.Brown,WR,receiving_yards,39.5,0.158432,0.841568,1860,POSITION_2024_EMPIRICAL,,,,,False
,,2026_05_NYG_WAS,2026,5,2026-10-11T17:00:00+00:00,WAS,00-0036626,D.Brown,WR,receiving_yards,49.5,0.103115,0.896885,1860,POSITION_2024_EMPIRICAL,,,,,False
,,2026_05_NYG_WAS,2026,5,2026-10-11T17:00:00+00:00,WAS,00-0036626,D.Brown,WR,receiving_yards,64.5,0.048872,0.951128,1860,POSITION_2024_EMPIRICAL,,,,,False
,,2026_05_NYG_WAS,2026,5,2026-10-11T17:00:00+00:00,WAS,00-0036626,D.Brown,WR,receiving_yards,79.5,0.022556,0.977444,1860,POSITION_2024_EMPIRICAL,,,,,False
,,2026_05_NYG_WAS,2026,5,2026-10-11T17:00:00+00:00,WAS,00-0036626,D.Brown,WR,receiving_yards,99.5,0.012352,0.987648,1860,POSITION_2024_EMPIRICAL,,,,,False
,,2026_05_NYG_WAS,2026,5,2026-10-11T17:00:00+00:00,WAS,00-0036626,D.Brown,WR,receiving_yards,124.5,0.01,0.99,1860,POSITION_2024_EMPIRICAL,,,,,False
,,2026_05_NYG_WAS,2026,5,2026-10-11T17:00:00+00:00,WAS,00-0036626,D.Brown,WR,receptions,1.5,0.445931,0.554069,1866,POSITION_2024_EMPIRICAL,,,,,False
,,2026_05_NYG_WAS,2026,5,2026-10-11T17:00:00+00:00,WAS,00-0036626,D.Brown,WR,receptions,2.5,0.239829,0.760171,1866,POSITION_2024_EMPIRICAL,,,,,False
,,2026_05_NYG_WAS,2026,5,2026-10-11T17:00:00+00:00,WAS,00-0036626,D.Brown,WR,receptions,3.5,0.114561,0.885439,1866,POSITION_2024_EMPIRICAL,,,,,False
,,2026_05_NYG_WAS,2026,5,2026-10-11T17:00:00+00:00,WAS,00-0036626,D.Brown,WR,receptions,4.5,0.05621,0.94379,1866,POSITION_2024_EMPIRICAL,,,,,False
,,2026_05_NYG_WAS,2026,5,2026-10-11T17:00:00+00:00,WAS,00-0036626,D.Brown,WR,receptions,5.5,0.021949,0.978051,1866,POSITION_2024_EMPIRICAL,,,,,False
,,2026_05_NYG_WAS,2026,5,2026-10-11T17:00:00+00:00,WAS,00-0036626,D.Brown,WR,receptions,6.5,0.01,0.99,1866,POSITION_2024_EMPIRICAL,,,,,False
,,2026_05_NYG_WAS,2026,5,2026-10-11T17:00:00+00:00,WAS,00-0036626,D.Brown,WR,receptions,7.5,0.01,0.99,1866,POSITION_2024_EMPIRICAL,,,,,False
,,2026_05_NYG_WAS,2026,5,2026-10-11T17:00:00+00:00,WAS,00-0037256,R.White,RB,receiving_yards,24.5,0.197917,0.802083,1054,POSITION_2024_EMPIRICAL,,,,,False
,,2026_05_NYG_WAS,2026,5,2026-10-11T17:00:00+00:00,WAS,00-0037256,R.White,RB,receiving_yards,39.5,0.071023,0.928977,1054,POSITION_2024_EMPIRICAL,,,,,False
,,2026_05_NYG_WAS,2026,5,2026-10-11T17:00:00+00:00,WAS,00-0037256,R.White,RB,receiving_yards,49.5,0.038826,0.961174,1054,POSITION_2024_EMPIRICAL,,,,,False
,,2026_05_NYG_WAS,2026,5,2026-10-11T17:00:00+00:00,WAS,00-0037256,R.White,RB,receiving_yards,64.5,0.018939,0.981061,1054,POSITION_2024_EMPIRICAL,,,,,False
,,2026_05_NYG_WAS,2026,5,2026-10-11T17:00:00+00:00,WAS,00-0037256,R.White,RB,receiving_yards,79.5,0.01,0.99,1054,POSITION_2024_EMPIRICAL,,,,,False
,,2026_05_NYG_WAS,2026,5,2026-10-11T17:00:00+00:00,WAS,00-0037256,R.White,RB,receiving_yards,99.5,0.01,0.99,1054,POSITION_2024_EMPIRICAL,,,,,False
,,2026_05_NYG_WAS,2026,5,2026-10-11T17:00:00+00:00,WAS,00-0037256,R.White,RB,receiving_yards,124.5,0.01,0.99,1054,POSITION_2024_EMPIRICAL,,,,,False
,,2026_05_NYG_WAS,2026,5,2026-10-11T17:00:00+00:00,WAS,00-0037256,R.White,RB,receptions,1.5,0.803142,0.196858,1080,POSITION_2024_EMPIRICAL,,,,,False
,,2026_05_NYG_WAS,2026,5,2026-10-11T17:00:00+00:00,WAS,00-0037256,R.White,RB,receptions,2.5,0.519409,0.480591,1080,POSITION_2024_EMPIRICAL,,,,,False
,,2026_05_NYG_WAS,2026,5,2026-10-11T17:00:00+00:00,WAS,00-0037256,R.White,RB,receptions,3.5,0.273567,0.726433,1080,POSITION_2024_EMPIRICAL,,,,,False
,,2026_05_NYG_WAS,2026,5,2026-10-11T17:00:00+00:00,WAS,00-0037256,R.White,RB,receptions,4.5,0.142329,0.857671,1080,POSITION_2024_EMPIRICAL,,,,,False
,,2026_05_NYG_WAS,2026,5,2026-10-11T17:00:00+00:00,WAS,00-0037256,R.White,RB,receptions,5.5,0.073937,0.926063,1080,POSITION_2024_EMPIRICAL,,,,,False
,,2026_05_NYG_WAS,2026,5,2026-10-11T17:00:00+00:00,WAS,00-0037256,R.White,RB,receptions,6.5,0.027726,0.972274,1080,POSITION_2024_EMPIRICAL,,,,,False
,,2026_05_NYG_WAS,2026,5,2026-10-11T17:00:00+00:00,WAS,00-0037256,R.White,RB,receptions,7.5,0.016636,0.983364,1080,POSITION_2024_EMPIRICAL,,,,,False
,,2026_05_NYG_WAS,2026,5,2026-10-11T17:00:00+00:00,WAS,00-0037256,R.White,RB,rushing_yards,19.5,0.683946,0.316054,1194,POSITION_2024_EMPIRICAL,,,,,False
,,2026_05_NYG_WAS,2026,5,2026-10-11T17:00:00+00:00,WAS,00-0037256,R.White,RB,rushing_yards,34.5,0.347826,0.652174,1194,POSITION_2024_EMPIRICAL,,,,,False
,,2026_05_NYG_WAS,2026,5,2026-10-11T17:00:00+00:00,WAS,00-0037256,R.White,RB,rushing_yards,49.5,0.179766,0.820234,1194,POSITION_2024_EMPIRICAL,,,,,False
,,2026_05_NYG_WAS,2026,5,2026-10-11T17:00:00+00:00,WAS,00-0037256,R.White,RB,rushing_yards,64.5,0.076087,0.923913,1194,POSITION_2024_EMPIRICAL,,,,,False
,,2026_05_NYG_WAS,2026,5,2026-10-11T17:00:00+00:00,WAS,00-0037256,R.White,RB,rushing_yards,79.5,0.037625,0.962375,1194,POSITION_2024_EMPIRICAL,,,,,False
,,2026_05_NYG_WAS,2026,5,2026-10-11T17:00:00+00:00,WAS,00-0037256,R.White,RB,rushing_yards,99.5,0.01505,0.98495,1194,POSITION_2024_EMPIRICAL,,,,,False
,,2026_05_NYG_WAS,2026,5,2026-10-11T17:00:00+00:00,WAS,00-0037256,R.White,RB,rushing_yards,124.5,0.01,0.99,1194,POSITION_2024_EMPIRICAL,,,,,False
,,2026_05_NYG_WAS,2026,5,2026-10-11T17:00:00+00:00,WAS,00-0037742,T.Burks,WR,receiving_yards,24.5,0.308271,0.691729,1860,POSITION_2024_EMPIRICAL,,,,,False
,,2026_05_NYG_WAS,2026,5,2026-10-11T17:00:00+00:00,WAS,00-0037742,T.Burks,WR,receiving_yards,39.5,0.149839,0.850161,1860,POSITION_2024_EMPIRICAL,,,,,False
,,2026_05_NYG_WAS,2026,5,2026-10-11T17:00:00+00:00,WAS,00-0037742,T.Burks,WR,receiving_yards,49.5,0.098281,0.901719,1860,POSITION_2024_EMPIRICAL,,,,,False
,,2026_05_NYG_WAS,2026,5,2026-10-11T17:00:00+00:00,WAS,00-0037742,T.Burks,WR,receiving_yards,64.5,0.044576,0.955424,1860,POSITION_2024_EMPIRICAL,,,,,False
,,2026_05_NYG_WAS,2026,5,2026-10-11T17:00:00+00:00,WAS,00-0037742,T.Burks,WR,receiving_yards,79.5,0.021482,0.978518,1860,POSITION_2024_EMPIRICAL,,,,,False
,,2026_05_NYG_WAS,2026,5,2026-10-11T17:00:00+00:00,WAS,00-0037742,T.Burks,WR,receiving_yards,99.5,0.010204,0.989796,1860,POSITION_2024_EMPIRICAL,,,,,False
,,2026_05_NYG_WAS,2026,5,2026-10-11T17:00:00+00:00,WAS,00-0037742,T.Burks,WR,receiving_yards,124.5,0.01,0.99,1860,POSITION_2024_EMPIRICAL,,,,,False
,,2026_05_NYG_WAS,2026,5,2026-10-11T17:00:00+00:00,WAS,00-0037742,T.Burks,WR,receptions,1.5,0.277837,0.722163,1866,POSITION_2024_EMPIRICAL,,,,,False
,,2026_05_NYG_WAS,2026,5,2026-10-11T17:00:00+00:00,WAS,00-0037742,T.Burks,WR,receptions,2.5,0.144004,0.855996,1866,POSITION_2024_EMPIRICAL,,,,,False
,,2026_05_NYG_WAS,2026,5,2026-10-11T17:00:00+00:00,WAS,00-0037742,T.Burks,WR,receptions,3.5,0.066381,0.933619,1866,POSITION_2024_EMPIRICAL,,,,,False
,,2026_05_NYG_WAS,2026,5,2026-10-11T17:00:00+00:00,WAS,00-0037742,T.Burks,WR,receptions,4.5,0.028373,0.971627,1866,POSITION_2024_EMPIRICAL,,,,,False
,,2026_05_NYG_WAS,2026,5,2026-10-11T17:00:00+00:00,WAS,00-0037742,T.Burks,WR,receptions,5.5,0.01,0.99,1866,POSITION_2024_EMPIRICAL,,,,,False
,,2026_05_NYG_WAS,2026,5,2026-10-11T17:00:00+00:00,WAS,00-0037742,T.Burks,WR,receptions,6.5,0.01,0.99,1866,POSITION_2024_EMPIRICAL,,,,,False
,,2026_05_NYG_WAS,2026,5,2026-10-11T17:00:00+00:00,WAS,00-0037742,T.Burks,WR,receptions,7.5,0.01,0.99,1866,POSITION_2024_EMPIRICAL,,,,,False
,,2026_05_NYG_WAS,2026,5,2026-10-11T17:00:00+00:00,WAS,00-0039686,C.Yankoff,TE,receiving_yards,24.5,0.12828,0.87172,1027,POSITION_2024_EMPIRICAL,,,,,False
,,2026_05_NYG_WAS,2026,5,2026-10-11T17:00:00+00:00,WAS,00-0039686,C.Yankoff,TE,receiving_yards,39.5,0.059281,0.940719,1027,POSITION_2024_EMPIRICAL,,,,,False
,,2026_05_NYG_WAS,2026,5,2026-10-11T17:00:00+00:00,WAS,00-0039686,C.Yankoff,TE,receiving_yards,49.5,0.023324,0.976676,1027,POSITION_2024_EMPIRICAL,,,,,False
,,2026_05_NYG_WAS,2026,5,2026-10-11T17:00:00+00:00,WAS,00-0039686,C.Yankoff,TE,receiving_yards,64.5,0.01069,0.98931,1027,POSITION_2024_EMPIRICAL,,,,,False
,,2026_05_NYG_WAS,2026,5,2026-10-11T17:00:00+00:00,WAS,00-0039686,C.Yankoff,TE,receiving_yards,79.5,0.01,0.99,1027,POSITION_2024_EMPIRICAL,,,,,False
,,2026_05_NYG_WAS,2026,5,2026-10-11T17:00:00+00:00,WAS,00-0039686,C.Yankoff,TE,receiving_yards,99.5,0.01,0.99,1027,POSITION_2024_EMPIRICAL,,,,,False
,,2026_05_NYG_WAS,2026,5,2026-10-11T17:00:00+00:00,WAS,00-0039686,C.Yankoff,TE,receiving_yards,124.5,0.01,0.99,1027,POSITION_2024_EMPIRICAL,,,,,False
,,2026_05_NYG_WAS,2026,5,2026-10-11T17:00:00+00:00,WAS,00-0039686,C.Yankoff,TE,receptions,1.5,0.192047,0.807953,1029,POSITION_2024_EMPIRICAL,,,,,False
,,2026_05_NYG_WAS,2026,5,2026-10-11T17:00:00+00:00,WAS,00-0039686,C.Yankoff,TE,receptions,2.5,0.095053,0.904947,1029,POSITION_2024_EMPIRICAL,,,,,False
,,2026_05_NYG_WAS,2026,5,2026-10-11T17:00:00+00:00,WAS,00-0039686,C.Yankoff,TE,receptions,3.5,0.048497,0.951503,1029,POSITION_2024_EMPIRICAL,,,,,False
,,2026_05_NYG_WAS,2026,5,2026-10-11T17:00:00+00:00,WAS,00-0039686,C.Yankoff,TE,receptions,4.5,0.020369,0.979631,1029,POSITION_2024_EMPIRICAL,,,,,False
,,2026_05_NYG_WAS,2026,5,2026-10-11T17:00:00+00:00,WAS,00-0039686,C.Yankoff,TE,receptions,5.5,0.01,0.99,1029,POSITION_2024_EMPIRICAL,,,,,False
,,2026_05_NYG_WAS,2026,5,2026-10-11T17:00:00+00:00,WAS,00-0039686,C.Yankoff,TE,receptions,6.5,0.01,0.99,1029,POSITION_2024_EMPIRICAL,,,,,False
,,2026_05_NYG_WAS,2026,5,2026-10-11T17:00:00+00:00,WAS,00-0039686,C.Yankoff,TE,receptions,7.5,0.01,0.99,1029,POSITION_2024_EMPIRICAL,,,,,False
,,2026_05_NYG_WAS,2026,5,2026-10-11T17:00:00+00:00,WAS,00-0040164,J.Lane,WR,receiving_yards,24.5,0.156821,0.843179,1860,POSITION_2024_EMPIRICAL,,,,,False
,,2026_05_NYG_WAS,2026,5,2026-10-11T17:00:00+00:00,WAS,00-0040164,J.Lane,WR,receiving_yards,39.5,0.079484,0.920516,1860,POSITION_2024_EMPIRICAL,,,,,False
,,2026_05_NYG_WAS,2026,5,2026-10-11T17:00:00+00:00,WAS,00-0040164,J.Lane,WR,receiving_yards,49.5,0.047798,0.952202,1860,POSITION_2024_EMPIRICAL,,,,,False
,,2026_05_NYG_WAS,2026,5,2026-10-11T17:00:00+00:00,WAS,00-0040164,J.Lane,WR,receiving_yards,64.5,0.022556,0.977444,1860,POSITION_2024_EMPIRICAL,,,,,False
,,2026_05_NYG_WAS,2026,5,2026-10-11T17:00:00+00:00,WAS,00-0040164,J.Lane,WR,receiving_yards,79.5,0.012889,0.987111,1860,POSITION_2024_EMPIRICAL,,,,,False
,,2026_05_NYG_WAS,2026,5,2026-10-11T17:00:00+00:00,WAS,00-0040164,J.Lane,WR,receiving_yards,99.5,0.01,0.99,1860,POSITION_2024_EMPIRICAL,,,,,False
,,2026_05_NYG_WAS,2026,5,2026-10-11T17:00:00+00:00,WAS,00-0040164,J.Lane,WR,receiving_yards,124.5,0.01,0.99,1860,POSITION_2024_EMPIRICAL,,,,,False
,,2026_05_NYG_WAS,2026,5,2026-10-11T17:00:00+00:00,WAS,00-0040164,J.Lane,WR,receptions,1.5,0.198073,0.801927,1866,POSITION_2024_EMPIRICAL,,,,,False
,,2026_05_NYG_WAS,2026,5,2026-10-11T17:00:00+00:00,WAS,00-0040164,J.Lane,WR,receptions,2.5,0.095824,0.904176,1866,POSITION_2024_EMPIRICAL,,,,,False
,,2026_05_NYG_WAS,2026,5,2026-10-11T17:00:00+00:00,WAS,00-0040164,J.Lane,WR,receptions,3.5,0.043897,0.956103,1866,POSITION_2024_EMPIRICAL,,,,,False
,,2026_05_NYG_WAS,2026,5,2026-10-11T17:00:00+00:00,WAS,00-0040164,J.Lane,WR,receptions,4.5,0.015525,0.984475,1866,POSITION_2024_EMPIRICAL,,,,,False
,,2026_05_NYG_WAS,2026,5,2026-10-11T17:00:00+00:00,WAS,00-0040164,J.Lane,WR,receptions,5.5,0.01,0.99,1866,POSITION_2024_EMPIRICAL,,,,,False
,,2026_05_NYG_WAS,2026,5,2026-10-11T17:00:00+00:00,WAS,00-0040164,J.Lane,WR,receptions,6.5,0.01,0.99,1866,POSITION_2024_EMPIRICAL,,,,,False
,,2026_05_NYG_WAS,2026,5,2026-10-11T17:00:00+00:00,WAS,00-0040164,J.Lane,WR,receptions,7.5,0.01,0.99,1866,POSITION_2024_EMPIRICAL,,,,,False
,,2026_05_NYG_WAS,2026,5,2026-10-11T17:00:00+00:00,WAS,00-0040242,J.Croskey-Merritt,RB,receiving_yards,24.5,0.114583,0.885417,1054,POSITION_2024_EMPIRICAL,,,,,False
,,2026_05_NYG_WAS,2026,5,2026-10-11T17:00:00+00:00,WAS,00-0040242,J.Croskey-Merritt,RB,receiving_yards,39.5,0.045455,0.954545,1054,POSITION_2024_EMPIRICAL,,,,,False
,,2026_05_NYG_WAS,2026,5,2026-10-11T17:00:00+00:00,WAS,00-0040242,J.Croskey-Merritt,RB,receiving_yards,49.5,0.028409,0.971591,1054,POSITION_2024_EMPIRICAL,,,,,False
,,2026_05_NYG_WAS,2026,5,2026-10-11T17:00:00+00:00,WAS,00-0040242,J.Croskey-Merritt,RB,receiving_yards,64.5,0.010417,0.989583,1054,POSITION_2024_EMPIRICAL,,,,,False
,,2026_05_NYG_WAS,2026,5,2026-10-11T17:00:00+00:00,WAS,00-0040242,J.Croskey-Merritt,RB,receiving_yards,79.5,0.01,0.99,1054,POSITION_2024_EMPIRICAL,,,,,False
,,2026_05_NYG_WAS,2026,5,2026-10-11T17:00:00+00:00,WAS,00-0040242,J.Croskey-Merritt,RB,receiving_yards,99.5,0.01,0.99,1054,POSITION_2024_EMPIRICAL,,,,,False
,,2026_05_NYG_WAS,2026,5,2026-10-11T17:00:00+00:00,WAS,00-0040242,J.Croskey-Merritt,RB,receiving_yards,124.5,0.01,0.99,1054,POSITION_2024_EMPIRICAL,,,,,False
,,2026_05_NYG_WAS,2026,5,2026-10-11T17:00:00+00:00,WAS,00-0040242,J.Croskey-Merritt,RB,receptions,1.5,0.298521,0.701479,1080,POSITION_2024_EMPIRICAL,,,,,False
,,2026_05_NYG_WAS,2026,5,2026-10-11T17:00:00+00:00,WAS,00-0040242,J.Croskey-Merritt,RB,receptions,2.5,0.14695,0.85305,1080,POSITION_2024_EMPIRICAL,,,,,False
,,2026_05_NYG_WAS,2026,5,2026-10-11T17:00:00+00:00,WAS,00-0040242,J.Croskey-Merritt,RB,receptions,3.5,0.067468,0.932532,1080,POSITION_2024_EMPIRICAL,,,,,False
,,2026_05_NYG_WAS,2026,5,2026-10-11T17:00:00+00:00,WAS,00-0040242,J.Croskey-Merritt,RB,receptions,4.5,0.021257,0.978743,1080,POSITION_2024_EMPIRICAL,,,,,False
,,2026_05_NYG_WAS,2026,5,2026-10-11T17:00:00+00:00,WAS,00-0040242,J.Croskey-Merritt,RB,receptions,5.5,0.012015,0.987985,1080,POSITION_2024_EMPIRICAL,,,,,False
,,2026_05_NYG_WAS,2026,5,2026-10-11T17:00:00+00:00,WAS,00-0040242,J.Croskey-Merritt,RB,receptions,6.5,0.01,0.99,1080,POSITION_2024_EMPIRICAL,,,,,False
,,2026_05_NYG_WAS,2026,5,2026-10-11T17:00:00+00:00,WAS,00-0040242,J.Croskey-Merritt,RB,receptions,7.5,0.01,0.99,1080,POSITION_2024_EMPIRICAL,,,,,False
,,2026_05_NYG_WAS,2026,5,2026-10-11T17:00:00+00:00,WAS,00-0040242,J.Croskey-Merritt,RB,rushing_yards,19.5,0.747492,0.252508,1194,POSITION_2024_EMPIRICAL,,,,,False
,,2026_05_NYG_WAS,2026,5,2026-10-11T17:00:00+00:00,WAS,00-0040242,J.Croskey-Merritt,RB,rushing_yards,34.5,0.45903,0.54097,1194,POSITION_2024_EMPIRICAL,,,,,False
,,2026_05_NYG_WAS,2026,5,2026-10-11T17:00:00+00:00,WAS,00-0040242,J.Croskey-Merritt,RB,rushing_yards,49.5,0.244983,0.755017,1194,POSITION_2024_EMPIRICAL,,,,,False
,,2026_05_NYG_WAS,2026,5,2026-10-11T17:00:00+00:00,WAS,00-0040242,J.Croskey-Merritt,RB,rushing_yards,64.5,0.129599,0.870401,1194,POSITION_2024_EMPIRICAL,,,,,False
,,2026_05_NYG_WAS,2026,5,2026-10-11T17:00:00+00:00,WAS,00-0040242,J.Croskey-Merritt,RB,rushing_yards,79.5,0.061037,0.938963,1194,POSITION_2024_EMPIRICAL,,,,,False
,,2026_05_NYG_WAS,2026,5,2026-10-11T17:00:00+00:00,WAS,00-0040242,J.Croskey-Merritt,RB,rushing_yards,99.5,0.026756,0.973244,1194,POSITION_2024_EMPIRICAL,,,,,False
,,2026_05_NYG_WAS,2026,5,2026-10-11T17:00:00+00:00,WAS,00-0040242,J.Croskey-Merritt,RB,rushing_yards,124.5,0.010033,0.989967,1194,POSITION_2024_EMPIRICAL,,,,,False
,,2026_05_NYG_WAS,2026,5,2026-10-11T17:00:00+00:00,WAS,00-0041040,A.Williams,WR,receiving_yards,24.5,0.524168,0.475832,1860,POSITION_2024_EMPIRICAL,,,,,False
,,2026_05_NYG_WAS,2026,5,2026-10-11T17:00:00+00:00,WAS,00-0041040,A.Williams,WR,receiving_yards,39.5,0.256176,0.743824,1860,POSITION_2024_EMPIRICAL,,,,,False
,,2026_05_NYG_WAS,2026,5,2026-10-11T17:00:00+00:00,WAS,00-0041040,A.Williams,WR,receiving_yards,49.5,0.158432,0.841568,1860,POSITION_2024_EMPIRICAL,,,,,False
,,2026_05_NYG_WAS,2026,5,2026-10-11T17:00:00+00:00,WAS,00-0041040,A.Williams,WR,receiving_yards,64.5,0.080021,0.919979,1860,POSITION_2024_EMPIRICAL,,,,,False
,,2026_05_NYG_WAS,2026,5,2026-10-11T17:00:00+00:00,WAS,00-0041040,A.Williams,WR,receiving_yards,79.5,0.037594,0.962406,1860,POSITION_2024_EMPIRICAL,,,,,False
,,2026_05_NYG_WAS,2026,5,2026-10-11T17:00:00+00:00,WAS,00-0041040,A.Williams,WR,receiving_yards,99.5,0.016112,0.983888,1860,POSITION_2024_EMPIRICAL,,,,,False
,,2026_05_NYG_WAS,2026,5,2026-10-11T17:00:00+00:00,WAS,00-0041040,A.Williams,WR,receiving_yards,124.5,0.01,0.99,1860,POSITION_2024_EMPIRICAL,,,,,False
,,2026_05_NYG_WAS,2026,5,2026-10-11T17:00:00+00:00,WAS,00-0041040,A.Williams,WR,receptions,1.5,0.767131,0.232869,1866,POSITION_2024_EMPIRICAL,,,,,False
,,2026_05_NYG_WAS,2026,5,2026-10-11T17:00:00+00:00,WAS,00-0041040,A.Williams,WR,receptions,2.5,0.520878,0.479122,1866,POSITION_2024_EMPIRICAL,,,,,False
,,2026_05_NYG_WAS,2026,5,2026-10-11T17:00:00+00:00,WAS,00-0041040,A.Williams,WR,receptions,3.5,0.296039,0.703961,1866,POSITION_2024_EMPIRICAL,,,,,False
,,2026_05_NYG_WAS,2026,5,2026-10-11T17:00:00+00:00,WAS,00-0041040,A.Williams,WR,receptions,4.5,0.16863,0.83137,1866,POSITION_2024_EMPIRICAL,,,,,False
,,2026_05_NYG_WAS,2026,5,2026-10-11T17:00:00+00:00,WAS,00-0041040,A.Williams,WR,receptions,5.5,0.084582,0.915418,1866,POSITION_2024_EMPIRICAL,,,,,False
,,2026_05_NYG_WAS,2026,5,2026-10-11T17:00:00+00:00,WAS,00-0041040,A.Williams,WR,receptions,6.5,0.043897,0.956103,1866,POSITION_2024_EMPIRICAL,,,,,False
,,2026_05_NYG_WAS,2026,5,2026-10-11T17:00:00+00:00,WAS,00-0041040,A.Williams,WR,receptions,7.5,0.018201,0.981799,1866,POSITION_2024_EMPIRICAL,,,,,False
,,2026_05_NYG_WAS,2026,5,2026-10-11T17:00:00+00:00,WAS,00-0041096,K.Allen,RB,rushing_yards,19.5,0.279264,0.720736,1194,POSITION_2024_EMPIRICAL,,,,,False
,,2026_05_NYG_WAS,2026,5,2026-10-11T17:00:00+00:00,WAS,00-0041096,K.Allen,RB,rushing_yards,34.5,0.127926,0.872074,1194,POSITION_2024_EMPIRICAL,,,,,False
,,2026_05_NYG_WAS,2026,5,2026-10-11T17:00:00+00:00,WAS,00-0041096,K.Allen,RB,rushing_yards,49.5,0.055184,0.944816,1194,POSITION_2024_EMPIRICAL,,,,,False
,,2026_05_NYG_WAS,2026,5,2026-10-11T17:00:00+00:00,WAS,00-0041096,K.Allen,RB,rushing_yards,64.5,0.023411,0.976589,1194,POSITION_2024_EMPIRICAL,,,,,False
,,2026_05_NYG_WAS,2026,5,2026-10-11T17:00:00+00:00,WAS,00-0041096,K.Allen,RB,rushing_yards,79.5,0.01087,0.98913,1194,POSITION_2024_EMPIRICAL,,,,,False
,,2026_05_NYG_WAS,2026,5,2026-10-11T17:00:00+00:00,WAS,00-0041096,K.Allen,RB,rushing_yards,99.5,0.01,0.99,1194,POSITION_2024_EMPIRICAL,,,,,False
,,2026_05_NYG_WAS,2026,5,2026-10-11T17:00:00+00:00,WAS,00-0041096,K.Allen,RB,rushing_yards,124.5,0.01,0.99,1194,POSITION_2024_EMPIRICAL,,,,,False
,,2026_05_PHI_JAX,2026,5,2026-10-11T13:30:00+00:00,JAX,00-0032104,A.Abdullah,RB,receiving_yards,24.5,0.064394,0.935606,1054,POSITION_2024_EMPIRICAL,,,,,False
,,2026_05_PHI_JAX,2026,5,2026-10-11T13:30:00+00:00,JAX,00-0032104,A.Abdullah,RB,receiving_yards,39.5,0.029356,0.970644,1054,POSITION_2024_EMPIRICAL,,,,,False
,,2026_05_PHI_JAX,2026,5,2026-10-11T13:30:00+00:00,JAX,00-0032104,A.Abdullah,RB,receiving_yards,49.5,0.017045,0.982955,1054,POSITION_2024_EMPIRICAL,,,,,False
,,2026_05_PHI_JAX,2026,5,2026-10-11T13:30:00+00:00,JAX,00-0032104,A.Abdullah,RB,receiving_yards,64.5,0.01,0.99,1054,POSITION_2024_EMPIRICAL,,,,,False
,,2026_05_PHI_JAX,2026,5,2026-10-11T13:30:00+00:00,JAX,00-0032104,A.Abdullah,RB,receiving_yards,79.5,0.01,0.99,1054,POSITION_2024_EMPIRICAL,,,,,False
,,2026_05_PHI_JAX,2026,5,2026-10-11T13:30:00+00:00,JAX,00-0032104,A.Abdullah,RB,receiving_yards,99.5,0.01,0.99,1054,POSITION_2024_EMPIRICAL,,,,,False
,,2026_05_PHI_JAX,2026,5,2026-10-11T13:30:00+00:00,JAX,00-0032104,A.Abdullah,RB,receiving_yards,124.5,0.01,0.99,1054,POSITION_2024_EMPIRICAL,,,,,False
,,2026_05_PHI_JAX,2026,5,2026-10-11T13:30:00+00:00,JAX,00-0032104,A.Abdullah,RB,receptions,1.5,0.17098,0.82902,1080,POSITION_2024_EMPIRICAL,,,,,False
,,2026_05_PHI_JAX,2026,5,2026-10-11T13:30:00+00:00,JAX,00-0032104,A.Abdullah,RB,receptions,2.5,0.080407,0.919593,1080,POSITION_2024_EMPIRICAL,,,,,False
,,2026_05_PHI_JAX,2026,5,2026-10-11T13:30:00+00:00,JAX,00-0032104,A.Abdullah,RB,receptions,3.5,0.027726,0.972274,1080,POSITION_2024_EMPIRICAL,,,,,False
,,2026_05_PHI_JAX,2026,5,2026-10-11T13:30:00+00:00,JAX,00-0032104,A.Abdullah,RB,receptions,4.5,0.015712,0.984288,1080,POSITION_2024_EMPIRICAL,,,,,False
,,2026_05_PHI_JAX,2026,5,2026-10-11T13:30:00+00:00,JAX,00-0032104,A.Abdullah,RB,receptions,5.5,0.01,0.99,1080,POSITION_2024_EMPIRICAL,,,,,False
,,2026_05_PHI_JAX,2026,5,2026-10-11T13:30:00+00:00,JAX,00-0032104,A.Abdullah,RB,receptions,6.5,0.01,0.99,1080,POSITION_2024_EMPIRICAL,,,,,False
,,2026_05_PHI_JAX,2026,5,2026-10-11T13:30:00+00:00,JAX,00-0032104,A.Abdullah,RB,receptions,7.5,0.01,0.99,1080,POSITION_2024_EMPIRICAL,,,,,False
,,2026_05_PHI_JAX,2026,5,2026-10-11T13:30:00+00:00,JAX,00-0032104,A.Abdullah,RB,rushing_yards,19.5,0.245819,0.754181,1194,POSITION_2024_EMPIRICAL,,,,,False
,,2026_05_PHI_JAX,2026,5,2026-10-11T13:30:00+00:00,JAX,00-0032104,A.Abdullah,RB,rushing_yards,34.5,0.11204,0.88796,1194,POSITION_2024_EMPIRICAL,,,,,False
,,2026_05_PHI_JAX,2026,5,2026-10-11T13:30:00+00:00,JAX,00-0032104,A.Abdullah,RB,rushing_yards,49.5,0.049331,0.950669,1194,POSITION_2024_EMPIRICAL,,,,,False
,,2026_05_PHI_JAX,2026,5,2026-10-11T13:30:00+00:00,JAX,00-0032104,A.Abdullah,RB,rushing_yards,64.5,0.022575,0.977425,1194,POSITION_2024_EMPIRICAL,,,,,False
,,2026_05_PHI_JAX,2026,5,2026-10-11T13:30:00+00:00,JAX,00-0032104,A.Abdullah,RB,rushing_yards,79.5,0.01087,0.98913,1194,POSITION_2024_EMPIRICAL,,,,,False
,,2026_05_PHI_JAX,2026,5,2026-10-11T13:30:00+00:00,JAX,00-0032104,A.Abdullah,RB,rushing_yards,99.5,0.01,0.99,1194,POSITION_2024_EMPIRICAL,,,,,False
,,2026_05_PHI_JAX,2026,5,2026-10-11T13:30:00+00:00,JAX,00-0032104,A.Abdullah,RB,rushing_yards,124.5,0.01,0.99,1194,POSITION_2024_EMPIRICAL,,,,,False
,,2026_05_PHI_JAX,2026,5,2026-10-11T13:30:00+00:00,JAX,00-0034960,J.Meyers,WR,receiving_yards,24.5,0.67884,0.32116,1860,POSITION_2024_EMPIRICAL,,,,,False
,,2026_05_PHI_JAX,2026,5,2026-10-11T13:30:00+00:00,JAX,00-0034960,J.Meyers,WR,receiving_yards,39.5,0.396348,0.603652,1860,POSITION_2024_EMPIRICAL,,,,,False
,,2026_05_PHI_JAX,2026,5,2026-10-11T13:30:00+00:00,JAX,00-0034960,J.Meyers,WR,receiving_yards,49.5,0.281418,0.718582,1860,POSITION_2024_EMPIRICAL,,,,,False
,,2026_05_PHI_JAX,2026,5,2026-10-11T13:30:00+00:00,JAX,00-0034960,J.Meyers,WR,receiving_yards,64.5,0.158432,0.841568,1860,POSITION_2024_EMPIRICAL,,,,,False
,,2026_05_PHI_JAX,2026,5,2026-10-11T13:30:00+00:00,JAX,00-0034960,J.Meyers,WR,receiving_yards,79.5,0.09667,0.90333,1860,POSITION_2024_EMPIRICAL,,,,,False
,,2026_05_PHI_JAX,2026,5,2026-10-11T13:30:00+00:00,JAX,00-0034960,J.Meyers,WR,receiving_yards,99.5,0.040279,0.959721,1860,POSITION_2024_EMPIRICAL,,,,,False
,,2026_05_PHI_JAX,2026,5,2026-10-11T13:30:00+00:00,JAX,00-0034960,J.Meyers,WR,receiving_yards,124.5,0.017723,0.982277,1860,POSITION_2024_EMPIRICAL,,,,,False
,,2026_05_PHI_JAX,2026,5,2026-10-11T13:30:00+00:00,JAX,00-0034960,J.Meyers,WR,receptions,1.5,0.793362,0.206638,1866,POSITION_2024_EMPIRICAL,,,,,False
,,2026_05_PHI_JAX,2026,5,2026-10-11T13:30:00+00:00,JAX,00-0034960,J.Meyers,WR,receptions,2.5,0.577088,0.422912,1866,POSITION_2024_EMPIRICAL,,,,,False
,,2026_05_PHI_JAX,2026,5,2026-10-11T13:30:00+00:00,JAX,00-0034960,J.Meyers,WR,receptions,3.5,0.337794,0.662206,1866,POSITION_2024_EMPIRICAL,,,,,False
,,2026_05_PHI_JAX,2026,5,2026-10-11T13:30:00+00:00,JAX,00-0034960,J.Meyers,WR,receptions,4.5,0.198073,0.801927,1866,POSITION_2024_EMPIRICAL,,,,,False
,,2026_05_PHI_JAX,2026,5,2026-10-11T13:30:00+00:00,JAX,00-0034960,J.Meyers,WR,receptions,5.5,0.109208,0.890792,1866,POSITION_2024_EMPIRICAL,,,,,False
,,2026_05_PHI_JAX,2026,5,2026-10-11T13:30:00+00:00,JAX,00-0034960,J.Meyers,WR,receptions,6.5,0.059957,0.940043,1866,POSITION_2024_EMPIRICAL,,,,,False
,,2026_05_PHI_JAX,2026,5,2026-10-11T13:30:00+00:00,JAX,00-0034960,J.Meyers,WR,receptions,7.5,0.030514,0.969486,1866,POSITION_2024_EMPIRICAL,,,,,False
,,2026_05_PHI_JAX,2026,5,2026-10-11T13:30:00+00:00,JAX,00-0036590,Q.Morris,TE,receiving_yards,24.5,0.116618,0.883382,1027,POSITION_2024_EMPIRICAL,,,,,False
,,2026_05_PHI_JAX,2026,5,2026-10-11T13:30:00+00:00,JAX,00-0036590,Q.Morris,TE,receiving_yards,39.5,0.046647,0.953353,1027,POSITION_2024_EMPIRICAL,,,,,False
,,2026_05_PHI_JAX,2026,5,2026-10-11T13:30:00+00:00,JAX,00-0036590,Q.Morris,TE,receiving_yards,49.5,0.020408,0.979592,1027,POSITION_2024_EMPIRICAL,,,,,False
,,2026_05_PHI_JAX,2026,5,2026-10-11T13:30:00+00:00,JAX,00-0036590,Q.Morris,TE,receiving_yards,64.5,0.01,0.99,1027,POSITION_2024_EMPIRICAL,,,,,False
,,2026_05_PHI_JAX,2026,5,2026-10-11T13:30:00+00:00,JAX,00-0036590,Q.Morris,TE,receiving_yards,79.5,0.01,0.99,1027,POSITION_2024_EMPIRICAL,,,,,False
,,2026_05_PHI_JAX,2026,5,2026-10-11T13:30:00+00:00,JAX,00-0036590,Q.Morris,TE,receiving_yards,99.5,0.01,0.99,1027,POSITION_2024_EMPIRICAL,,,,,False
,,2026_05_PHI_JAX,2026,5,2026-10-11T13:30:00+00:00,JAX,00-0036590,Q.Morris,TE,receiving_yards,124.5,0.01,0.99,1027,POSITION_2024_EMPIRICAL,,,,,False
,,2026_05_PHI_JAX,2026,5,2026-10-11T13:30:00+00:00,JAX,00-0036590,Q.Morris,TE,receptions,1.5,0.169738,0.830262,1029,POSITION_2024_EMPIRICAL,,,,,False
,,2026_05_PHI_JAX,2026,5,2026-10-11T13:30:00+00:00,JAX,00-0036590,Q.Morris,TE,receptions,2.5,0.090204,0.909796,1029,POSITION_2024_EMPIRICAL,,,,,False
,,2026_05_PHI_JAX,2026,5,2026-10-11T13:30:00+00:00,JAX,00-0036590,Q.Morris,TE,receptions,3.5,0.044617,0.955383,1029,POSITION_2024_EMPIRICAL,,,,,False
,,2026_05_PHI_JAX,2026,5,2026-10-11T13:30:00+00:00,JAX,00-0036590,Q.Morris,TE,receptions,4.5,0.017459,0.982541,1029,POSITION_2024_EMPIRICAL,,,,,False
,,2026_05_PHI_JAX,2026,5,2026-10-11T13:30:00+00:00,JAX,00-0036590,Q.Morris,TE,receptions,5.5,0.01,0.99,1029,POSITION_2024_EMPIRICAL,,,,,False
,,2026_05_PHI_JAX,2026,5,2026-10-11T13:30:00+00:00,JAX,00-0036590,Q.Morris,TE,receptions,6.5,0.01,0.99,1029,POSITION_2024_EMPIRICAL,,,,,False
,,2026_05_PHI_JAX,2026,5,2026-10-11T13:30:00+00:00,JAX,00-0036590,Q.Morris,TE,receptions,7.5,0.01,0.99,1029,POSITION_2024_EMPIRICAL,,,,,False
,,2026_05_PHI_JAX,2026,5,2026-10-11T13:30:00+00:00,JAX,00-0036971,T.Lawrence,QB,passing_yards,149.5,0.651685,0.348315,532,POSITION_2024_EMPIRICAL,,,,,False
,,2026_05_PHI_JAX,2026,5,2026-10-11T13:30:00+00:00,JAX,00-0036971,T.Lawrence,QB,passing_yards,174.5,0.559925,0.440075,532,POSITION_2024_EMPIRICAL,,,,,False
,,2026_05_PHI_JAX,2026,5,2026-10-11T13:30:00+00:00,JAX,00-0036971,T.Lawrence,QB,passing_yards,199.5,0.411985,0.588015,532,POSITION_2024_EMPIRICAL,,,,,False
,,2026_05_PHI_JAX,2026,5,2026-10-11T13:30:00+00:00,JAX,00-0036971,T.Lawrence,QB,passing_yards,224.5,0.292135,0.707865,532,POSITION_2024_EMPIRICAL,,,,,False
,,2026_05_PHI_JAX,2026,5,2026-10-11T13:30:00+00:00,JAX,00-0036971,T.Lawrence,QB,passing_yards,249.5,0.220974,0.779026,532,POSITION_2024_EMPIRICAL,,,,,False
,,2026_05_PHI_JAX,2026,5,2026-10-11T13:30:00+00:00,JAX,00-0036971,T.Lawrence,QB,passing_yards,274.5,0.159176,0.840824,532,POSITION_2024_EMPIRICAL,,,,,False
,,2026_05_PHI_JAX,2026,5,2026-10-11T13:30:00+00:00,JAX,00-0036971,T.Lawrence,QB,passing_yards,299.5,0.106742,0.893258,532,POSITION_2024_EMPIRICAL,,,,,False
,,2026_05_PHI_JAX,2026,5,2026-10-11T13:30:00+00:00,JAX,00-0036971,T.Lawrence,QB,rushing_yards,19.5,0.182195,0.817805,481,POSITION_2024_EMPIRICAL,,,,,False
,,2026_05_PHI_JAX,2026,5,2026-10-11T13:30:00+00:00,JAX,00-0036971,T.Lawrence,QB,rushing_yards,34.5,0.078675,0.921325,481,POSITION_2024_EMPIRICAL,,,,,False
,,2026_05_PHI_JAX,2026,5,2026-10-11T13:30:00+00:00,JAX,00-0036971,T.Lawrence,QB,rushing_yards,49.5,0.033126,0.966874,481,POSITION_2024_EMPIRICAL,,,,,False
,,2026_05_PHI_JAX,2026,5,2026-10-11T13:30:00+00:00,JAX,00-0036971,T.Lawrence,QB,rushing_yards,64.5,0.01,0.99,481,POSITION_2024_EMPIRICAL,,,,,False
,,2026_05_PHI_JAX,2026,5,2026-10-11T13:30:00+00:00,JAX,00-0036971,T.Lawrence,QB,rushing_yards,79.5,0.01,0.99,481,POSITION_2024_EMPIRICAL,,,,,False
,,2026_05_PHI_JAX,2026,5,2026-10-11T13:30:00+00:00,JAX,00-0036971,T.Lawrence,QB,rushing_yards,99.5,0.01,0.99,481,POSITION_2024_EMPIRICAL,,,,,False
,,2026_05_PHI_JAX,2026,5,2026-10-11T13:30:00+00:00,JAX,00-0036971,T.Lawrence,QB,rushing_yards,124.5,0.01,0.99,481,POSITION_2024_EMPIRICAL,,,,,False
,,2026_05_PHI_JAX,2026,5,2026-10-11T13:30:00+00:00,JAX,00-0038606,P.Washington,WR,receiving_yards,24.5,0.791085,0.208915,1860,POSITION_2024_EMPIRICAL,,,,,False
,,2026_05_PHI_JAX,2026,5,2026-10-11T13:30:00+00:00,JAX,00-0038606,P.Washington,WR,receiving_yards,39.5,0.621912,0.378088,1860,POSITION_2024_EMPIRICAL,,,,,False
,,2026_05_PHI_JAX,2026,5,2026-10-11T13:30:00+00:00,JAX,00-0038606,P.Washington,WR,receiving_yards,49.5,0.476369,0.523631,1860,POSITION_2024_EMPIRICAL,,,,,False
,,2026_05_PHI_JAX,2026,5,2026-10-11T13:30:00+00:00,JAX,00-0038606,P.Washington,WR,receiving_yards,64.5,0.309882,0.690118,1860,POSITION_2024_EMPIRICAL,,,,,False
,,2026_05_PHI_JAX,2026,5,2026-10-11T13:30:00+00:00,JAX,00-0038606,P.Washington,WR,receiving_yards,79.5,0.203008,0.796992,1860,POSITION_2024_EMPIRICAL,,,,,False
,,2026_05_PHI_JAX,2026,5,2026-10-11T13:30:00+00:00,JAX,00-0038606,P.Washington,WR,receiving_yards,99.5,0.117615,0.882385,1860,POSITION_2024_EMPIRICAL,,,,,False
,,2026_05_PHI_JAX,2026,5,2026-10-11T13:30:00+00:00,JAX,00-0038606,P.Washington,WR,receiving_yards,124.5,0.056391,0.943609,1860,POSITION_2024_EMPIRICAL,,,,,False
,,2026_05_PHI_JAX,2026,5,2026-10-11T13:30:00+00:00,JAX,00-0038606,P.Washington,WR,receptions,1.5,0.843148,0.156852,1866,POSITION_2024_EMPIRICAL,,,,,False
,,2026_05_PHI_JAX,2026,5,2026-10-11T13:30:00+00:00,JAX,00-0038606,P.Washington,WR,receptions,2.5,0.722698,0.277302,1866,POSITION_2024_EMPIRICAL,,,,,False
,,2026_05_PHI_JAX,2026,5,2026-10-11T13:30:00+00:00,JAX,00-0038606,P.Washington,WR,receptions,3.5,0.486617,0.513383,1866,POSITION_2024_EMPIRICAL,,,,,False
,,2026_05_PHI_JAX,2026,5,2026-10-11T13:30:00+00:00,JAX,00-0038606,P.Washington,WR,receptions,4.5,0.312634,0.687366,1866,POSITION_2024_EMPIRICAL,,,,,False
,,2026_05_PHI_JAX,2026,5,2026-10-11T13:30:00+00:00,JAX,00-0038606,P.Washington,WR,receptions,5.5,0.195931,0.804069,1866,POSITION_2024_EMPIRICAL,,,,,False
,,2026_05_PHI_JAX,2026,5,2026-10-11T13:30:00+00:00,JAX,00-0038606,P.Washington,WR,receptions,6.5,0.124732,0.875268,1866,POSITION_2024_EMPIRICAL,,,,,False
,,2026_05_PHI_JAX,2026,5,2026-10-11T13:30:00+00:00,JAX,00-0038606,P.Washington,WR,receptions,7.5,0.072805,0.927195,1866,POSITION_2024_EMPIRICAL,,,,,False
,,2026_05_PHI_JAX,2026,5,2026-10-11T13:30:00+00:00,JAX,00-0038606,P.Washington,WR,rushing_yards,19.5,0.013423,0.986577,445,POSITION_2024_EMPIRICAL,,,,,False
,,2026_05_PHI_JAX,2026,5,2026-10-11T13:30:00+00:00,JAX,00-0038606,P.Washington,WR,rushing_yards,34.5,0.01,0.99,445,POSITION_2024_EMPIRICAL,,,,,False
,,2026_05_PHI_JAX,2026,5,2026-10-11T13:30:00+00:00,JAX,00-0038606,P.Washington,WR,rushing_yards,49.5,0.01,0.99,445,POSITION_2024_EMPIRICAL,,,,,False
,,2026_05_PHI_JAX,2026,5,2026-10-11T13:30:00+00:00,JAX,00-0038606,P.Washington,WR,rushing_yards,64.5,0.01,0.99,445,POSITION_2024_EMPIRICAL,,,,,False
,,2026_05_PHI_JAX,2026,5,2026-10-11T13:30:00+00:00,JAX,00-0038606,P.Washington,WR,rushing_yards,79.5,0.01,0.99,445,POSITION_2024_EMPIRICAL,,,,,False
,,2026_05_PHI_JAX,2026,5,2026-10-11T13:30:00+00:00,JAX,00-0038606,P.Washington,WR,rushing_yards,99.5,0.01,0.99,445,POSITION_2024_EMPIRICAL,,,,,False
,,2026_05_PHI_JAX,2026,5,2026-10-11T13:30:00+00:00,JAX,00-0038606,P.Washington,WR,rushing_yards,124.5,0.01,0.99,445,POSITION_2024_EMPIRICAL,,,,,False
,,2026_05_PHI_JAX,2026,5,2026-10-11T13:30:00+00:00,JAX,00-0038611,C.Rodriguez,RB,rushing_yards,19.5,0.554348,0.445652,1194,POSITION_2024_EMPIRICAL,,,,,False
,,2026_05_PHI_JAX,2026,5,2026-10-11T13:30:00+00:00,JAX,00-0038611,C.Rodriguez,RB,rushing_yards,34.5,0.256689,0.743311,1194,POSITION_2024_EMPIRICAL,,,,,False
,,2026_05_PHI_JAX,2026,5,2026-10-11T13:30:00+00:00,JAX,00-0038611,C.Rodriguez,RB,rushing_yards,49.5,0.119565,0.880435,1194,POSITION_2024_EMPIRICAL,,,,,False
,,2026_05_PHI_JAX,2026,5,2026-10-11T13:30:00+00:00,JAX,00-0038611,C.Rodriguez,RB,rushing_yards,64.5,0.050167,0.949833,1194,POSITION_2024_EMPIRICAL,,,,,False
,,2026_05_PHI_JAX,2026,5,2026-10-11T13:30:00+00:00,JAX,00-0038611,C.Rodriguez,RB,rushing_yards,79.5,0.022575,0.977425,1194,POSITION_2024_EMPIRICAL,,,,,False
,,2026_05_PHI_JAX,2026,5,2026-10-11T13:30:00+00:00,JAX,00-0038611,C.Rodriguez,RB,rushing_yards,99.5,0.01,0.99,1194,POSITION_2024_EMPIRICAL,,,,,False
,,2026_05_PHI_JAX,2026,5,2026-10-11T13:30:00+00:00,JAX,00-0038611,C.Rodriguez,RB,rushing_yards,124.5,0.01,0.99,1194,POSITION_2024_EMPIRICAL,,,,,False
,,2026_05_PHI_JAX,2026,5,2026-10-11T13:30:00+00:00,JAX,00-0038935,B.Strange,TE,receiving_yards,24.5,0.767736,0.232264,1027,POSITION_2024_EMPIRICAL,,,,,False
,,2026_05_PHI_JAX,2026,5,2026-10-11T13:30:00+00:00,JAX,00-0038935,B.Strange,TE,receiving_yards,39.5,0.40622,0.59378,1027,POSITION_2024_EMPIRICAL,,,,,False
,,2026_05_PHI_JAX,2026,5,2026-10-11T13:30:00+00:00,JAX,00-0038935,B.Strange,TE,receiving_yards,49.5,0.275996,0.724004,1027,POSITION_2024_EMPIRICAL,,,,,False
,,2026_05_PHI_JAX,2026,5,2026-10-11T13:30:00+00:00,JAX,00-0038935,B.Strange,TE,receiving_yards,64.5,0.147716,0.852284,1027,POSITION_2024_EMPIRICAL,,,,,False
,,2026_05_PHI_JAX,2026,5,2026-10-11T13:30:00+00:00,JAX,00-0038935,B.Strange,TE,receiving_yards,79.5,0.087464,0.912536,1027,POSITION_2024_EMPIRICAL,,,,,False
,,2026_05_PHI_JAX,2026,5,2026-10-11T13:30:00+00:00,JAX,00-0038935,B.Strange,TE,receiving_yards,99.5,0.026239,0.973761,1027,POSITION_2024_EMPIRICAL,,,,,False
,,2026_05_PHI_JAX,2026,5,2026-10-11T13:30:00+00:00,JAX,00-0038935,B.Strange,TE,receiving_yards,124.5,0.01,0.99,1027,POSITION_2024_EMPIRICAL,,,,,False
,,2026_05_PHI_JAX,2026,5,2026-10-11T13:30:00+00:00,JAX,00-0038935,B.Strange,TE,receptions,1.5,0.845781,0.154219,1029,POSITION_2024_EMPIRICAL,,,,,False
,,2026_05_PHI_JAX,2026,5,2026-10-11T13:30:00+00:00,JAX,00-0038935,B.Strange,TE,receptions,2.5,0.634336,0.365664,1029,POSITION_2024_EMPIRICAL,,,,,False
,,2026_05_PHI_JAX,2026,5,2026-10-11T13:30:00+00:00,JAX,00-0038935,B.Strange,TE,receptions,3.5,0.368574,0.631426,1029,POSITION_2024_EMPIRICAL,,,,,False
,,2026_05_PHI_JAX,2026,5,2026-10-11T13:30:00+00:00,JAX,00-0038935,B.Strange,TE,receptions,4.5,0.217265,0.782735,1029,POSITION_2024_EMPIRICAL,,,,,False
,,2026_05_PHI_JAX,2026,5,2026-10-11T13:30:00+00:00,JAX,00-0038935,B.Strange,TE,receptions,5.5,0.134821,0.865179,1029,POSITION_2024_EMPIRICAL,,,,,False
,,2026_05_PHI_JAX,2026,5,2026-10-11T13:30:00+00:00,JAX,00-0038935,B.Strange,TE,receptions,6.5,0.081474,0.918526,1029,POSITION_2024_EMPIRICAL,,,,,False
,,2026_05_PHI_JAX,2026,5,2026-10-11T13:30:00+00:00,JAX,00-0038935,B.Strange,TE,receptions,7.5,0.044617,0.955383,1029,POSITION_2024_EMPIRICAL,,,,,False
,,2026_05_PHI_JAX,2026,5,2026-10-11T13:30:00+00:00,JAX,00-0039893,Bri.Thomas,WR,receiving_yards,24.5,0.407089,0.592911,1860,POSITION_2024_EMPIRICAL,,,,,False
,,2026_05_PHI_JAX,2026,5,2026-10-11T13:30:00+00:00,JAX,00-0039893,Bri.Thomas,WR,receiving_yards,39.5,0.204082,0.795918,1860,POSITION_2024_EMPIRICAL,,,,,False
,,2026_05_PHI_JAX,2026,5,2026-10-11T13:30:00+00:00,JAX,00-0039893,Bri.Thomas,WR,receiving_yards,49.5,0.130505,0.869495,1860,POSITION_2024_EMPIRICAL,,,,,False
,,2026_05_PHI_JAX,2026,5,2026-10-11T13:30:00+00:00,JAX,00-0039893,Bri.Thomas,WR,receiving_yards,64.5,0.059613,0.940387,1860,POSITION_2024_EMPIRICAL,,,,,False
,,2026_05_PHI_JAX,2026,5,2026-10-11T13:30:00+00:00,JAX,00-0039893,Bri.Thomas,WR,receiving_yards,79.5,0.029538,0.970462,1860,POSITION_2024_EMPIRICAL,,,,,False
,,2026_05_PHI_JAX,2026,5,2026-10-11T13:30:00+00:00,JAX,00-0039893,Bri.Thomas,WR,receiving_yards,99.5,0.012889,0.987111,1860,POSITION_2024_EMPIRICAL,,,,,False
,,2026_05_PHI_JAX,2026,5,2026-10-11T13:30:00+00:00,JAX,00-0039893,Bri.Thomas,WR,receiving_yards,124.5,0.01,0.99,1860,POSITION_2024_EMPIRICAL,,,,,False
,,2026_05_PHI_JAX,2026,5,2026-10-11T13:30:00+00:00,JAX,00-0039893,Bri.Thomas,WR,receptions,1.5,0.62152,0.37848,1866,POSITION_2024_EMPIRICAL,,,,,False
,,2026_05_PHI_JAX,2026,5,2026-10-11T13:30:00+00:00,JAX,00-0039893,Bri.Thomas,WR,receptions,2.5,0.325482,0.674518,1866,POSITION_2024_EMPIRICAL,,,,,False
,,2026_05_PHI_JAX,2026,5,2026-10-11T13:30:00+00:00,JAX,00-0039893,Bri.Thomas,WR,receptions,3.5,0.171306,0.828694,1866,POSITION_2024_EMPIRICAL,,,,,False
,,2026_05_PHI_JAX,2026,5,2026-10-11T13:30:00+00:00,JAX,00-0039893,Bri.Thomas,WR,receptions,4.5,0.08137,0.91863,1866,POSITION_2024_EMPIRICAL,,,,,False
,,2026_05_PHI_JAX,2026,5,2026-10-11T13:30:00+00:00,JAX,00-0039893,Bri.Thomas,WR,receptions,5.5,0.035867,0.964133,1866,POSITION_2024_EMPIRICAL,,,,,False
,,2026_05_PHI_JAX,2026,5,2026-10-11T13:30:00+00:00,JAX,00-0039893,Bri.Thomas,WR,receptions,6.5,0.011777,0.988223,1866,POSITION_2024_EMPIRICAL,,,,,False
,,2026_05_PHI_JAX,2026,5,2026-10-11T13:30:00+00:00,JAX,00-0039893,Bri.Thomas,WR,receptions,7.5,0.01,0.99,1866,POSITION_2024_EMPIRICAL,,,,,False
,,2026_05_PHI_JAX,2026,5,2026-10-11T13:30:00+00:00,JAX,00-0040238,L.Allen,RB,receiving_yards,24.5,0.075758,0.924242,1054,POSITION_2024_EMPIRICAL,,,,,False
,,2026_05_PHI_JAX,2026,5,2026-10-11T13:30:00+00:00,JAX,00-0040238,L.Allen,RB,receiving_yards,39.5,0.03125,0.96875,1054,POSITION_2024_EMPIRICAL,,,,,False
,,2026_05_PHI_JAX,2026,5,2026-10-11T13:30:00+00:00,JAX,00-0040238,L.Allen,RB,receiving_yards,49.5,0.019886,0.980114,1054,POSITION_2024_EMPIRICAL,,,,,False
,,2026_05_PHI_JAX,2026,5,2026-10-11T13:30:00+00:00,JAX,00-0040238,L.Allen,RB,receiving_yards,64.5,0.01,0.99,1054,POSITION_2024_EMPIRICAL,,,,,False
,,2026_05_PHI_JAX,2026,5,2026-10-11T13:30:00+00:00,JAX,00-0040238,L.Allen,RB,receiving_yards,79.5,0.01,0.99,1054,POSITION_2024_EMPIRICAL,,,,,False
,,2026_05_PHI_JAX,2026,5,2026-10-11T13:30:00+00:00,JAX,00-0040238,L.Allen,RB,receiving_yards,99.5,0.01,0.99,1054,POSITION_2024_EMPIRICAL,,,,,False
,,2026_05_PHI_JAX,2026,5,2026-10-11T13:30:00+00:00,JAX,00-0040238,L.Allen,RB,receiving_yards,124.5,0.01,0.99,1054,POSITION_2024_EMPIRICAL,,,,,False
,,2026_05_PHI_JAX,2026,5,2026-10-11T13:30:00+00:00,JAX,00-0040238,L.Allen,RB,receptions,1.5,0.207948,0.792052,1080,POSITION_2024_EMPIRICAL,,,,,False
,,2026_05_PHI_JAX,2026,5,2026-10-11T13:30:00+00:00,JAX,00-0040238,L.Allen,RB,receptions,2.5,0.092421,0.907579,1080,POSITION_2024_EMPIRICAL,,,,,False
,,2026_05_PHI_JAX,2026,5,2026-10-11T13:30:00+00:00,JAX,00-0040238,L.Allen,RB,receptions,3.5,0.038817,0.961183,1080,POSITION_2024_EMPIRICAL,,,,,False
,,2026_05_PHI_JAX,2026,5,2026-10-11T13:30:00+00:00,JAX,00-0040238,L.Allen,RB,receptions,4.5,0.01756,0.98244,1080,POSITION_2024_EMPIRICAL,,,,,False
,,2026_05_PHI_JAX,2026,5,2026-10-11T13:30:00+00:00,JAX,00-0040238,L.Allen,RB,receptions,5.5,0.010166,0.989834,1080,POSITION_2024_EMPIRICAL,,,,,False
,,2026_05_PHI_JAX,2026,5,2026-10-11T13:30:00+00:00,JAX,00-0040238,L.Allen,RB,receptions,6.5,0.01,0.99,1080,POSITION_2024_EMPIRICAL,,,,,False
,,2026_05_PHI_JAX,2026,5,2026-10-11T13:30:00+00:00,JAX,00-0040238,L.Allen,RB,receptions,7.5,0.01,0.99,1080,POSITION_2024_EMPIRICAL,,,,,False
,,2026_05_PHI_JAX,2026,5,2026-10-11T13:30:00+00:00,JAX,00-0040719,B.Tuten,RB,receiving_yards,24.5,0.157197,0.842803,1054,POSITION_2024_EMPIRICAL,,,,,False
,,2026_05_PHI_JAX,2026,5,2026-10-11T13:30:00+00:00,JAX,00-0040719,B.Tuten,RB,receiving_yards,39.5,0.058712,0.941288,1054,POSITION_2024_EMPIRICAL,,,,,False
,,2026_05_PHI_JAX,2026,5,2026-10-11T13:30:00+00:00,JAX,00-0040719,B.Tuten,RB,receiving_yards,49.5,0.032197,0.967803,1054,POSITION_2024_EMPIRICAL,,,,,False
,,2026_05_PHI_JAX,2026,5,2026-10-11T13:30:00+00:00,JAX,00-0040719,B.Tuten,RB,receiving_yards,64.5,0.015152,0.984848,1054,POSITION_2024_EMPIRICAL,,,,,False
,,2026_05_PHI_JAX,2026,5,2026-10-11T13:30:00+00:00,JAX,00-0040719,B.Tuten,RB,receiving_yards,79.5,0.01,0.99,1054,POSITION_2024_EMPIRICAL,,,,,False
,,2026_05_PHI_JAX,2026,5,2026-10-11T13:30:00+00:00,JAX,00-0040719,B.Tuten,RB,receiving_yards,99.5,0.01,0.99,1054,POSITION_2024_EMPIRICAL,,,,,False
,,2026_05_PHI_JAX,2026,5,2026-10-11T13:30:00+00:00,JAX,00-0040719,B.Tuten,RB,receiving_yards,124.5,0.01,0.99,1054,POSITION_2024_EMPIRICAL,,,,,False
,,2026_05_PHI_JAX,2026,5,2026-10-11T13:30:00+00:00,JAX,00-0040719,B.Tuten,RB,receptions,1.5,0.408503,0.591497,1080,POSITION_2024_EMPIRICAL,,,,,False
,,2026_05_PHI_JAX,2026,5,2026-10-11T13:30:00+00:00,JAX,00-0040719,B.Tuten,RB,receptions,2.5,0.211645,0.788355,1080,POSITION_2024_EMPIRICAL,,,,,False
,,2026_05_PHI_JAX,2026,5,2026-10-11T13:30:00+00:00,JAX,00-0040719,B.Tuten,RB,receptions,3.5,0.093346,0.906654,1080,POSITION_2024_EMPIRICAL,,,,,False
,,2026_05_PHI_JAX,2026,5,2026-10-11T13:30:00+00:00,JAX,00-0040719,B.Tuten,RB,receptions,4.5,0.042514,0.957486,1080,POSITION_2024_EMPIRICAL,,,,,False
,,2026_05_PHI_JAX,2026,5,2026-10-11T13:30:00+00:00,JAX,00-0040719,B.Tuten,RB,receptions,5.5,0.01756,0.98244,1080,POSITION_2024_EMPIRICAL,,,,,False
,,2026_05_PHI_JAX,2026,5,2026-10-11T13:30:00+00:00,JAX,00-0040719,B.Tuten,RB,receptions,6.5,0.011091,0.988909,1080,POSITION_2024_EMPIRICAL,,,,,False
,,2026_05_PHI_JAX,2026,5,2026-10-11T13:30:00+00:00,JAX,00-0040719,B.Tuten,RB,receptions,7.5,0.01,0.99,1080,POSITION_2024_EMPIRICAL,,,,,False
,,2026_05_PHI_JAX,2026,5,2026-10-11T13:30:00+00:00,JAX,00-0040719,B.Tuten,RB,rushing_yards,19.5,0.882107,0.117893,1194,POSITION_2024_EMPIRICAL,,,,,False
,,2026_05_PHI_JAX,2026,5,2026-10-11T13:30:00+00:00,JAX,00-0040719,B.Tuten,RB,rushing_yards,34.5,0.779264,0.220736,1194,POSITION_2024_EMPIRICAL,,,,,False
,,2026_05_PHI_JAX,2026,5,2026-10-11T13:30:00+00:00,JAX,00-0040719,B.Tuten,RB,rushing_yards,49.5,0.612876,0.387124,1194,POSITION_2024_EMPIRICAL,,,,,False
,,2026_05_PHI_JAX,2026,5,2026-10-11T13:30:00+00:00,JAX,00-0040719,B.Tuten,RB,rushing_yards,64.5,0.417224,0.582776,1194,POSITION_2024_EMPIRICAL,,,,,False
,,2026_05_PHI_JAX,2026,5,2026-10-11T13:30:00+00:00,JAX,00-0040719,B.Tuten,RB,rushing_yards,79.5,0.285953,0.714047,1194,POSITION_2024_EMPIRICAL,,,,,False
,,2026_05_PHI_JAX,2026,5,2026-10-11T13:30:00+00:00,JAX,00-0040719,B.Tuten,RB,rushing_yards,99.5,0.176421,0.823579,1194,POSITION_2024_EMPIRICAL,,,,,False
,,2026_05_PHI_JAX,2026,5,2026-10-11T13:30:00+00:00,JAX,00-0040719,B.Tuten,RB,rushing_yards,124.5,0.082776,0.917224,1194,POSITION_2024_EMPIRICAL,,,,,False
,,2026_05_PHI_JAX,2026,5,2026-10-11T13:30:00+00:00,JAX,00-0041100,J.Cameron,WR,receiving_yards,24.5,0.288937,0.711063,1860,POSITION_2024_EMPIRICAL,,,,,False
,,2026_05_PHI_JAX,2026,5,2026-10-11T13:30:00+00:00,JAX,00-0041100,J.Cameron,WR,receiving_yards,39.5,0.138024,0.861976,1860,POSITION_2024_EMPIRICAL,,,,,False
,,2026_05_PHI_JAX,2026,5,2026-10-11T13:30:00+00:00,JAX,00-0041100,J.Cameron,WR,receiving_yards,49.5,0.090763,0.909237,1860,POSITION_2024_EMPIRICAL,,,,,False
,,2026_05_PHI_JAX,2026,5,2026-10-11T13:30:00+00:00,JAX,00-0041100,J.Cameron,WR,receiving_yards,64.5,0.039205,0.960795,1860,POSITION_2024_EMPIRICAL,,,,,False
,,2026_05_PHI_JAX,2026,5,2026-10-11T13:30:00+00:00,JAX,00-0041100,J.Cameron,WR,receiving_yards,79.5,0.020408,0.979592,1860,POSITION_2024_EMPIRICAL,,,,,False
,,2026_05_PHI_JAX,2026,5,2026-10-11T13:30:00+00:00,JAX,00-0041100,J.Cameron,WR,receiving_yards,99.5,0.01,0.99,1860,POSITION_2024_EMPIRICAL,,,,,False
,,2026_05_PHI_JAX,2026,5,2026-10-11T13:30:00+00:00,JAX,00-0041100,J.Cameron,WR,receiving_yards,124.5,0.01,0.99,1860,POSITION_2024_EMPIRICAL,,,,,False
,,2026_05_PHI_JAX,2026,5,2026-10-11T13:30:00+00:00,JAX,00-0041100,J.Cameron,WR,receptions,1.5,0.325482,0.674518,1866,POSITION_2024_EMPIRICAL,,,,,False
,,2026_05_PHI_JAX,2026,5,2026-10-11T13:30:00+00:00,JAX,00-0041100,J.Cameron,WR,receptions,2.5,0.171306,0.828694,1866,POSITION_2024_EMPIRICAL,,,,,False
,,2026_05_PHI_JAX,2026,5,2026-10-11T13:30:00+00:00,JAX,00-0041100,J.Cameron,WR,receptions,3.5,0.08137,0.91863,1866,POSITION_2024_EMPIRICAL,,,,,False
,,2026_05_PHI_JAX,2026,5,2026-10-11T13:30:00+00:00,JAX,00-0041100,J.Cameron,WR,receptions,4.5,0.035867,0.964133,1866,POSITION_2024_EMPIRICAL,,,,,False
,,2026_05_PHI_JAX,2026,5,2026-10-11T13:30:00+00:00,JAX,00-0041100,J.Cameron,WR,receptions,5.5,0.011777,0.988223,1866,POSITION_2024_EMPIRICAL,,,,,False
,,2026_05_PHI_JAX,2026,5,2026-10-11T13:30:00+00:00,JAX,00-0041100,J.Cameron,WR,receptions,6.5,0.01,0.99,1866,POSITION_2024_EMPIRICAL,,,,,False
,,2026_05_PHI_JAX,2026,5,2026-10-11T13:30:00+00:00,JAX,00-0041100,J.Cameron,WR,receptions,7.5,0.01,0.99,1866,POSITION_2024_EMPIRICAL,,,,,False
,,2026_05_PHI_JAX,2026,5,2026-10-11T13:30:00+00:00,JAX,00-0041503,N.Boerkircher,TE,receiving_yards,24.5,0.153547,0.846453,1027,POSITION_2024_EMPIRICAL,,,,,False
,,2026_05_PHI_JAX,2026,5,2026-10-11T13:30:00+00:00,JAX,00-0041503,N.Boerkircher,TE,receiving_yards,39.5,0.075802,0.924198,1027,POSITION_2024_EMPIRICAL,,,,,False
,,2026_05_PHI_JAX,2026,5,2026-10-11T13:30:00+00:00,JAX,00-0041503,N.Boerkircher,TE,receiving_yards,49.5,0.034014,0.965986,1027,POSITION_2024_EMPIRICAL,,,,,False
,,2026_05_PHI_JAX,2026,5,2026-10-11T13:30:00+00:00,JAX,00-0041503,N.Boerkircher,TE,receiving_yards,64.5,0.011662,0.988338,1027,POSITION_2024_EMPIRICAL,,,,,False
,,2026_05_PHI_JAX,2026,5,2026-10-11T13:30:00+00:00,JAX,00-0041503,N.Boerkircher,TE,receiving_yards,79.5,0.01,0.99,1027,POSITION_2024_EMPIRICAL,,,,,False
,,2026_05_PHI_JAX,2026,5,2026-10-11T13:30:00+00:00,JAX,00-0041503,N.Boerkircher,TE,receiving_yards,99.5,0.01,0.99,1027,POSITION_2024_EMPIRICAL,,,,,False
,,2026_05_PHI_JAX,2026,5,2026-10-11T13:30:00+00:00,JAX,00-0041503,N.Boerkircher,TE,receiving_yards,124.5,0.01,0.99,1027,POSITION_2024_EMPIRICAL,,,,,False
,,2026_05_PHI_JAX,2026,5,2026-10-11T13:30:00+00:00,JAX,00-0041503,N.Boerkircher,TE,receptions,1.5,0.214355,0.785645,1029,POSITION_2024_EMPIRICAL,,,,,False
,,2026_05_PHI_JAX,2026,5,2026-10-11T13:30:00+00:00,JAX,00-0041503,N.Boerkircher,TE,receptions,2.5,0.109602,0.890398,1029,POSITION_2024_EMPIRICAL,,,,,False
,,2026_05_PHI_JAX,2026,5,2026-10-11T13:30:00+00:00,JAX,00-0041503,N.Boerkircher,TE,receptions,3.5,0.056256,0.943744,1029,POSITION_2024_EMPIRICAL,,,,,False
,,2026_05_PHI_JAX,2026,5,2026-10-11T13:30:00+00:00,JAX,00-0041503,N.Boerkircher,TE,receptions,4.5,0.024248,0.975752,1029,POSITION_2024_EMPIRICAL,,,,,False
,,2026_05_PHI_JAX,2026,5,2026-10-11T13:30:00+00:00,JAX,00-0041503,N.Boerkircher,TE,receptions,5.5,0.01,0.99,1029,POSITION_2024_EMPIRICAL,,,,,False
,,2026_05_PHI_JAX,2026,5,2026-10-11T13:30:00+00:00,JAX,00-0041503,N.Boerkircher,TE,receptions,6.5,0.01,0.99,1029,POSITION_2024_EMPIRICAL,,,,,False
,,2026_05_PHI_JAX,2026,5,2026-10-11T13:30:00+00:00,JAX,00-0041503,N.Boerkircher,TE,receptions,7.5,0.01,0.99,1029,POSITION_2024_EMPIRICAL,,,,,False
,,2026_05_PHI_JAX,2026,5,2026-10-11T13:30:00+00:00,PHI,00-0033246,J.Mundt,TE,receiving_yards,24.5,0.12828,0.87172,1027,POSITION_2024_EMPIRICAL,,,,,False
,,2026_05_PHI_JAX,2026,5,2026-10-11T13:30:00+00:00,PHI,00-0033246,J.Mundt,TE,receiving_yards,39.5,0.059281,0.940719,1027,POSITION_2024_EMPIRICAL,,,,,False
,,2026_05_PHI_JAX,2026,5,2026-10-11T13:30:00+00:00,PHI,00-0033246,J.Mundt,TE,receiving_yards,49.5,0.023324,0.976676,1027,POSITION_2024_EMPIRICAL,,,,,False
,,2026_05_PHI_JAX,2026,5,2026-10-11T13:30:00+00:00,PHI,00-0033246,J.Mundt,TE,receiving_yards,64.5,0.01069,0.98931,1027,POSITION_2024_EMPIRICAL,,,,,False
,,2026_05_PHI_JAX,2026,5,2026-10-11T13:30:00+00:00,PHI,00-0033246,J.Mundt,TE,receiving_yards,79.5,0.01,0.99,1027,POSITION_2024_EMPIRICAL,,,,,False
,,2026_05_PHI_JAX,2026,5,2026-10-11T13:30:00+00:00,PHI,00-0033246,J.Mundt,TE,receiving_yards,99.5,0.01,0.99,1027,POSITION_2024_EMPIRICAL,,,,,False
,,2026_05_PHI_JAX,2026,5,2026-10-11T13:30:00+00:00,PHI,00-0033246,J.Mundt,TE,receiving_yards,124.5,0.01,0.99,1027,POSITION_2024_EMPIRICAL,,,,,False
,,2026_05_PHI_JAX,2026,5,2026-10-11T13:30:00+00:00,PHI,00-0033246,J.Mundt,TE,receptions,1.5,0.266731,0.733269,1029,POSITION_2024_EMPIRICAL,,,,,False
,,2026_05_PHI_JAX,2026,5,2026-10-11T13:30:00+00:00,PHI,00-0033246,J.Mundt,TE,receptions,2.5,0.13676,0.86324,1029,POSITION_2024_EMPIRICAL,,,,,False
,,2026_05_PHI_JAX,2026,5,2026-10-11T13:30:00+00:00,PHI,00-0033246,J.Mundt,TE,receptions,3.5,0.071775,0.928225,1029,POSITION_2024_EMPIRICAL,,,,,False
,,2026_05_PHI_JAX,2026,5,2026-10-11T13:30:00+00:00,PHI,00-0033246,J.Mundt,TE,receptions,4.5,0.032978,0.967022,1029,POSITION_2024_EMPIRICAL,,,,,False
,,2026_05_PHI_JAX,2026,5,2026-10-11T13:30:00+00:00,PHI,00-0033246,J.Mundt,TE,receptions,5.5,0.015519,0.984481,1029,POSITION_2024_EMPIRICAL,,,,,False
,,2026_05_PHI_JAX,2026,5,2026-10-11T13:30:00+00:00,PHI,00-0033246,J.Mundt,TE,receptions,6.5,0.01,0.99,1029,POSITION_2024_EMPIRICAL,,,,,False
,,2026_05_PHI_JAX,2026,5,2026-10-11T13:30:00+00:00,PHI,00-0033246,J.Mundt,TE,receptions,7.5,0.01,0.99,1029,POSITION_2024_EMPIRICAL,,,,,False
,,2026_05_PHI_JAX,2026,5,2026-10-11T13:30:00+00:00,PHI,00-0034844,S.Barkley,RB,receiving_yards,24.5,0.071023,0.928977,1054,POSITION_2024_EMPIRICAL,,,,,False
,,2026_05_PHI_JAX,2026,5,2026-10-11T13:30:00+00:00,PHI,00-0034844,S.Barkley,RB,receiving_yards,39.5,0.03125,0.96875,1054,POSITION_2024_EMPIRICAL,,,,,False
,,2026_05_PHI_JAX,2026,5,2026-10-11T13:30:00+00:00,PHI,00-0034844,S.Barkley,RB,receiving_yards,49.5,0.018939,0.981061,1054,POSITION_2024_EMPIRICAL,,,,,False
,,2026_05_PHI_JAX,2026,5,2026-10-11T13:30:00+00:00,PHI,00-0034844,S.Barkley,RB,receiving_yards,64.5,0.01,0.99,1054,POSITION_2024_EMPIRICAL,,,,,False
,,2026_05_PHI_JAX,2026,5,2026-10-11T13:30:00+00:00,PHI,00-0034844,S.Barkley,RB,receiving_yards,79.5,0.01,0.99,1054,POSITION_2024_EMPIRICAL,,,,,False
,,2026_05_PHI_JAX,2026,5,2026-10-11T13:30:00+00:00,PHI,00-0034844,S.Barkley,RB,receiving_yards,99.5,0.01,0.99,1054,POSITION_2024_EMPIRICAL,,,,,False
,,2026_05_PHI_JAX,2026,5,2026-10-11T13:30:00+00:00,PHI,00-0034844,S.Barkley,RB,receiving_yards,124.5,0.01,0.99,1054,POSITION_2024_EMPIRICAL,,,,,False
,,2026_05_PHI_JAX,2026,5,2026-10-11T13:30:00+00:00,PHI,00-0034844,S.Barkley,RB,receptions,1.5,0.257856,0.742144,1080,POSITION_2024_EMPIRICAL,,,,,False
,,2026_05_PHI_JAX,2026,5,2026-10-11T13:30:00+00:00,PHI,00-0034844,S.Barkley,RB,receptions,2.5,0.113678,0.886322,1080,POSITION_2024_EMPIRICAL,,,,,False
,,2026_05_PHI_JAX,2026,5,2026-10-11T13:30:00+00:00,PHI,00-0034844,S.Barkley,RB,receptions,3.5,0.051756,0.948244,1080,POSITION_2024_EMPIRICAL,,,,,False
,,2026_05_PHI_JAX,2026,5,2026-10-11T13:30:00+00:00,PHI,00-0034844,S.Barkley,RB,receptions,4.5,0.019409,0.980591,1080,POSITION_2024_EMPIRICAL,,,,,False
,,2026_05_PHI_JAX,2026,5,2026-10-11T13:30:00+00:00,PHI,00-0034844,S.Barkley,RB,receptions,5.5,0.011091,0.988909,1080,POSITION_2024_EMPIRICAL,,,,,False
,,2026_05_PHI_JAX,2026,5,2026-10-11T13:30:00+00:00,PHI,00-0034844,S.Barkley,RB,receptions,6.5,0.01,0.99,1080,POSITION_2024_EMPIRICAL,,,,,False
,,2026_05_PHI_JAX,2026,5,2026-10-11T13:30:00+00:00,PHI,00-0034844,S.Barkley,RB,receptions,7.5,0.01,0.99,1080,POSITION_2024_EMPIRICAL,,,,,False
,,2026_05_PHI_JAX,2026,5,2026-10-11T13:30:00+00:00,PHI,00-0034844,S.Barkley,RB,rushing_yards,19.5,0.797659,0.202341,1194,POSITION_2024_EMPIRICAL,,,,,False
,,2026_05_PHI_JAX,2026,5,2026-10-11T13:30:00+00:00,PHI,00-0034844,S.Barkley,RB,rushing_yards,34.5,0.56689,0.43311,1194,POSITION_2024_EMPIRICAL,,,,,False
,,2026_05_PHI_JAX,2026,5,2026-10-11T13:30:00+00:00,PHI,00-0034844,S.Barkley,RB,rushing_yards,49.5,0.316054,0.683946,1194,POSITION_2024_EMPIRICAL,,,,,False
,,2026_05_PHI_JAX,2026,5,2026-10-11T13:30:00+00:00,PHI,00-0034844,S.Barkley,RB,rushing_yards,64.5,0.188963,0.811037,1194,POSITION_2024_EMPIRICAL,,,,,False
,,2026_05_PHI_JAX,2026,5,2026-10-11T13:30:00+00:00,PHI,00-0034844,S.Barkley,RB,rushing_yards,79.5,0.104515,0.895485,1194,POSITION_2024_EMPIRICAL,,,,,False
,,2026_05_PHI_JAX,2026,5,2026-10-11T13:30:00+00:00,PHI,00-0034844,S.Barkley,RB,rushing_yards,99.5,0.049331,0.950669,1194,POSITION_2024_EMPIRICAL,,,,,False
,,2026_05_PHI_JAX,2026,5,2026-10-11T13:30:00+00:00,PHI,00-0034844,S.Barkley,RB,rushing_yards,124.5,0.020067,0.979933,1194,POSITION_2024_EMPIRICAL,,,,,False
,,2026_05_PHI_JAX,2026,5,2026-10-11T13:30:00+00:00,PHI,00-0036389,J.Hurts,QB,passing_yards,149.5,0.554307,0.445693,532,POSITION_2024_EMPIRICAL,,,,,False
,,2026_05_PHI_JAX,2026,5,2026-10-11T13:30:00+00:00,PHI,00-0036389,J.Hurts,QB,passing_yards,174.5,0.378277,0.621723,532,POSITION_2024_EMPIRICAL,,,,,False
,,2026_05_PHI_JAX,2026,5,2026-10-11T13:30:00+00:00,PHI,00-0036389,J.Hurts,QB,passing_yards,199.5,0.273408,0.726592,532,POSITION_2024_EMPIRICAL,,,,,False
,,2026_05_PHI_JAX,2026,5,2026-10-11T13:30:00+00:00,PHI,00-0036389,J.Hurts,QB,passing_yards,224.5,0.191011,0.808989,532,POSITION_2024_EMPIRICAL,,,,,False
,,2026_05_PHI_JAX,2026,5,2026-10-11T13:30:00+00:00,PHI,00-0036389,J.Hurts,QB,passing_yards,249.5,0.125468,0.874532,532,POSITION_2024_EMPIRICAL,,,,,False
,,2026_05_PHI_JAX,2026,5,2026-10-11T13:30:00+00:00,PHI,00-0036389,J.Hurts,QB,passing_yards,274.5,0.088015,0.911985,532,POSITION_2024_EMPIRICAL,,,,,False
,,2026_05_PHI_JAX,2026,5,2026-10-11T13:30:00+00:00,PHI,00-0036389,J.Hurts,QB,passing_yards,299.5,0.069288,0.930712,532,POSITION_2024_EMPIRICAL,,,,,False
,,2026_05_PHI_JAX,2026,5,2026-10-11T13:30:00+00:00,PHI,00-0036389,J.Hurts,QB,rushing_yards,19.5,0.569358,0.430642,481,POSITION_2024_EMPIRICAL,,,,,False
,,2026_05_PHI_JAX,2026,5,2026-10-11T13:30:00+00:00,PHI,00-0036389,J.Hurts,QB,rushing_yards,34.5,0.207039,0.792961,481,POSITION_2024_EMPIRICAL,,,,,False
,,2026_05_PHI_JAX,2026,5,2026-10-11T13:30:00+00:00,PHI,00-0036389,J.Hurts,QB,rushing_yards,49.5,0.095238,0.904762,481,POSITION_2024_EMPIRICAL,,,,,False
,,2026_05_PHI_JAX,2026,5,2026-10-11T13:30:00+00:00,PHI,00-0036389,J.Hurts,QB,rushing_yards,64.5,0.037267,0.962733,481,POSITION_2024_EMPIRICAL,,,,,False
,,2026_05_PHI_JAX,2026,5,2026-10-11T13:30:00+00:00,PHI,00-0036389,J.Hurts,QB,rushing_yards,79.5,0.010352,0.989648,481,POSITION_2024_EMPIRICAL,,,,,False
,,2026_05_PHI_JAX,2026,5,2026-10-11T13:30:00+00:00,PHI,00-0036389,J.Hurts,QB,rushing_yards,99.5,0.01,0.99,481,POSITION_2024_EMPIRICAL,,,,,False
,,2026_05_PHI_JAX,2026,5,2026-10-11T13:30:00+00:00,PHI,00-0036389,J.Hurts,QB,rushing_yards,124.5,0.01,0.99,481,POSITION_2024_EMPIRICAL,,,,,False
,,2026_05_PHI_JAX,2026,5,2026-10-11T13:30:00+00:00,PHI,00-0036912,D.Smith,WR,receiving_yards,24.5,0.868421,0.131579,1860,POSITION_2024_EMPIRICAL,,,,,False
,,2026_05_PHI_JAX,2026,5,2026-10-11T13:30:00+00:00,PHI,00-0036912,D.Smith,WR,receiving_yards,39.5,0.759936,0.240064,1860,POSITION_2024_EMPIRICAL,,,,,False
,,2026_05_PHI_JAX,2026,5,2026-10-11T13:30:00+00:00,PHI,00-0036912,D.Smith,WR,receiving_yards,49.5,0.67884,0.32116,1860,POSITION_2024_EMPIRICAL,,,,,False
,,2026_05_PHI_JAX,2026,5,2026-10-11T13:30:00+00:00,PHI,00-0036912,D.Smith,WR,receiving_yards,64.5,0.523631,0.476369,1860,POSITION_2024_EMPIRICAL,,,,,False
,,2026_05_PHI_JAX,2026,5,2026-10-11T13:30:00+00:00,PHI,00-0036912,D.Smith,WR,receiving_yards,79.5,0.362513,0.637487,1860,POSITION_2024_EMPIRICAL,,,,,False
,,2026_05_PHI_JAX,2026,5,2026-10-11T13:30:00+00:00,PHI,00-0036912,D.Smith,WR,receiving_yards,99.5,0.23899,0.76101,1860,POSITION_2024_EMPIRICAL,,,,,False
,,2026_05_PHI_JAX,2026,5,2026-10-11T13:30:00+00:00,PHI,00-0036912,D.Smith,WR,receiving_yards,124.5,0.138561,0.861439,1860,POSITION_2024_EMPIRICAL,,,,,False
,,2026_05_PHI_JAX,2026,5,2026-10-11T13:30:00+00:00,PHI,00-0036912,D.Smith,WR,receptions,1.5,0.908458,0.091542,1866,POSITION_2024_EMPIRICAL,,,,,False
,,2026_05_PHI_JAX,2026,5,2026-10-11T13:30:00+00:00,PHI,00-0036912,D.Smith,WR,receptions,2.5,0.85439,0.14561,1866,POSITION_2024_EMPIRICAL,,,,,False
,,2026_05_PHI_JAX,2026,5,2026-10-11T13:30:00+00:00,PHI,00-0036912,D.Smith,WR,receptions,3.5,0.767666,0.232334,1866,POSITION_2024_EMPIRICAL,,,,,False
,,2026_05_PHI_JAX,2026,5,2026-10-11T13:30:00+00:00,PHI,00-0036912,D.Smith,WR,receptions,4.5,0.657923,0.342077,1866,POSITION_2024_EMPIRICAL,,,,,False
,,2026_05_PHI_JAX,2026,5,2026-10-11T13:30:00+00:00,PHI,00-0036912,D.Smith,WR,receptions,5.5,0.505353,0.494647,1866,POSITION_2024_EMPIRICAL,,,,,False
,,2026_05_PHI_JAX,2026,5,2026-10-11T13:30:00+00:00,PHI,00-0036912,D.Smith,WR,receptions,6.5,0.36349,0.63651,1866,POSITION_2024_EMPIRICAL,,,,,False
,,2026_05_PHI_JAX,2026,5,2026-10-11T13:30:00+00:00,PHI,00-0036912,D.Smith,WR,receptions,7.5,0.276231,0.723769,1866,POSITION_2024_EMPIRICAL,,,,,False
,,2026_05_PHI_JAX,2026,5,2026-10-11T13:30:00+00:00,PHI,00-0038393,D.Wicks,WR,receiving_yards,24.5,0.744361,0.255639,1860,POSITION_2024_EMPIRICAL,,,,,False
,,2026_05_PHI_JAX,2026,5,2026-10-11T13:30:00+00:00,PHI,00-0038393,D.Wicks,WR,receiving_yards,39.5,0.527927,0.472073,1860,POSITION_2024_EMPIRICAL,,,,,False
,,2026_05_PHI_JAX,2026,5,2026-10-11T13:30:00+00:00,PHI,00-0038393,D.Wicks,WR,receiving_yards,49.5,0.366273,0.633727,1860,POSITION_2024_EMPIRICAL,,,,,False
,,2026_05_PHI_JAX,2026,5,2026-10-11T13:30:00+00:00,PHI,00-0038393,D.Wicks,WR,receiving_yards,64.5,0.234157,0.765843,1860,POSITION_2024_EMPIRICAL,,,,,False
,,2026_05_PHI_JAX,2026,5,2026-10-11T13:30:00+00:00,PHI,00-0038393,D.Wicks,WR,receiving_yards,79.5,0.141783,0.858217,1860,POSITION_2024_EMPIRICAL,,,,,False
,,2026_05_PHI_JAX,2026,5,2026-10-11T13:30:00+00:00,PHI,00-0038393,D.Wicks,WR,receiving_yards,99.5,0.076262,0.923738,1860,POSITION_2024_EMPIRICAL,,,,,False
,,2026_05_PHI_JAX,2026,5,2026-10-11T13:30:00+00:00,PHI,00-0038393,D.Wicks,WR,receiving_yards,124.5,0.033298,0.966702,1860,POSITION_2024_EMPIRICAL,,,,,False
,,2026_05_PHI_JAX,2026,5,2026-10-11T13:30:00+00:00,PHI,00-0038393,D.Wicks,WR,receptions,1.5,0.767131,0.232869,1866,POSITION_2024_EMPIRICAL,,,,,False
,,2026_05_PHI_JAX,2026,5,2026-10-11T13:30:00+00:00,PHI,00-0038393,D.Wicks,WR,receptions,2.5,0.520878,0.479122,1866,POSITION_2024_EMPIRICAL,,,,,False
,,2026_05_PHI_JAX,2026,5,2026-10-11T13:30:00+00:00,PHI,00-0038393,D.Wicks,WR,receptions,3.5,0.296039,0.703961,1866,POSITION_2024_EMPIRICAL,,,,,False
,,2026_05_PHI_JAX,2026,5,2026-10-11T13:30:00+00:00,PHI,00-0038393,D.Wicks,WR,receptions,4.5,0.16863,0.83137,1866,POSITION_2024_EMPIRICAL,,,,,False
,,2026_05_PHI_JAX,2026,5,2026-10-11T13:30:00+00:00,PHI,00-0038393,D.Wicks,WR,receptions,5.5,0.084582,0.915418,1866,POSITION_2024_EMPIRICAL,,,,,False
,,2026_05_PHI_JAX,2026,5,2026-10-11T13:30:00+00:00,PHI,00-0038393,D.Wicks,WR,receptions,6.5,0.043897,0.956103,1866,POSITION_2024_EMPIRICAL,,,,,False
,,2026_05_PHI_JAX,2026,5,2026-10-11T13:30:00+00:00,PHI,00-0038393,D.Wicks,WR,receptions,7.5,0.018201,0.981799,1866,POSITION_2024_EMPIRICAL,,,,,False
,,2026_05_PHI_JAX,2026,5,2026-10-11T13:30:00+00:00,PHI,00-0038555,T.Bigsby,RB,receiving_yards,24.5,0.073864,0.926136,1054,POSITION_2024_EMPIRICAL,,,,,False
,,2026_05_PHI_JAX,2026,5,2026-10-11T13:30:00+00:00,PHI,00-0038555,T.Bigsby,RB,receiving_yards,39.5,0.03125,0.96875,1054,POSITION_2024_EMPIRICAL,,,,,False
,,2026_05_PHI_JAX,2026,5,2026-10-11T13:30:00+00:00,PHI,00-0038555,T.Bigsby,RB,receiving_yards,49.5,0.019886,0.980114,1054,POSITION_2024_EMPIRICAL,,,,,False
,,2026_05_PHI_JAX,2026,5,2026-10-11T13:30:00+00:00,PHI,00-0038555,T.Bigsby,RB,receiving_yards,64.5,0.01,0.99,1054,POSITION_2024_EMPIRICAL,,,,,False
,,2026_05_PHI_JAX,2026,5,2026-10-11T13:30:00+00:00,PHI,00-0038555,T.Bigsby,RB,receiving_yards,79.5,0.01,0.99,1054,POSITION_2024_EMPIRICAL,,,,,False
,,2026_05_PHI_JAX,2026,5,2026-10-11T13:30:00+00:00,PHI,00-0038555,T.Bigsby,RB,receiving_yards,99.5,0.01,0.99,1054,POSITION_2024_EMPIRICAL,,,,,False
,,2026_05_PHI_JAX,2026,5,2026-10-11T13:30:00+00:00,PHI,00-0038555,T.Bigsby,RB,receiving_yards,124.5,0.01,0.99,1054,POSITION_2024_EMPIRICAL,,,,,False
,,2026_05_PHI_JAX,2026,5,2026-10-11T13:30:00+00:00,PHI,00-0038555,T.Bigsby,RB,receptions,1.5,0.211645,0.788355,1080,POSITION_2024_EMPIRICAL,,,,,False
,,2026_05_PHI_JAX,2026,5,2026-10-11T13:30:00+00:00,PHI,00-0038555,T.Bigsby,RB,receptions,2.5,0.093346,0.906654,1080,POSITION_2024_EMPIRICAL,,,,,False
,,2026_05_PHI_JAX,2026,5,2026-10-11T13:30:00+00:00,PHI,00-0038555,T.Bigsby,RB,receptions,3.5,0.042514,0.957486,1080,POSITION_2024_EMPIRICAL,,,,,False
,,2026_05_PHI_JAX,2026,5,2026-10-11T13:30:00+00:00,PHI,00-0038555,T.Bigsby,RB,receptions,4.5,0.01756,0.98244,1080,POSITION_2024_EMPIRICAL,,,,,False
,,2026_05_PHI_JAX,2026,5,2026-10-11T13:30:00+00:00,PHI,00-0038555,T.Bigsby,RB,receptions,5.5,0.011091,0.988909,1080,POSITION_2024_EMPIRICAL,,,,,False
,,2026_05_PHI_JAX,2026,5,2026-10-11T13:30:00+00:00,PHI,00-0038555,T.Bigsby,RB,receptions,6.5,0.01,0.99,1080,POSITION_2024_EMPIRICAL,,,,,False
,,2026_05_PHI_JAX,2026,5,2026-10-11T13:30:00+00:00,PHI,00-0038555,T.Bigsby,RB,receptions,7.5,0.01,0.99,1080,POSITION_2024_EMPIRICAL,,,,,False
,,2026_05_PHI_JAX,2026,5,2026-10-11T13:30:00+00:00,PHI,00-0038555,T.Bigsby,RB,rushing_yards,19.5,0.440635,0.559365,1194,POSITION_2024_EMPIRICAL,,,,,False
,,2026_05_PHI_JAX,2026,5,2026-10-11T13:30:00+00:00,PHI,00-0038555,T.Bigsby,RB,rushing_yards,34.5,0.208194,0.791806,1194,POSITION_2024_EMPIRICAL,,,,,False
,,2026_05_PHI_JAX,2026,5,2026-10-11T13:30:00+00:00,PHI,00-0038555,T.Bigsby,RB,rushing_yards,49.5,0.089465,0.910535,1194,POSITION_2024_EMPIRICAL,,,,,False
,,2026_05_PHI_JAX,2026,5,2026-10-11T13:30:00+00:00,PHI,00-0038555,T.Bigsby,RB,rushing_yards,64.5,0.039298,0.960702,1194,POSITION_2024_EMPIRICAL,,,,,False
,,2026_05_PHI_JAX,2026,5,2026-10-11T13:30:00+00:00,PHI,00-0038555,T.Bigsby,RB,rushing_yards,79.5,0.020067,0.979933,1194,POSITION_2024_EMPIRICAL,,,,,False
,,2026_05_PHI_JAX,2026,5,2026-10-11T13:30:00+00:00,PHI,00-0038555,T.Bigsby,RB,rushing_yards,99.5,0.01,0.99,1194,POSITION_2024_EMPIRICAL,,,,,False
,,2026_05_PHI_JAX,2026,5,2026-10-11T13:30:00+00:00,PHI,00-0038555,T.Bigsby,RB,rushing_yards,124.5,0.01,0.99,1194,POSITION_2024_EMPIRICAL,,,,,False
,,2026_05_PHI_JAX,2026,5,2026-10-11T13:30:00+00:00,PHI,00-0039746,W.Shipley,RB,receiving_yards,24.5,0.089962,0.910038,1054,POSITION_2024_EMPIRICAL,,,,,False
,,2026_05_PHI_JAX,2026,5,2026-10-11T13:30:00+00:00,PHI,00-0039746,W.Shipley,RB,receiving_yards,39.5,0.035985,0.964015,1054,POSITION_2024_EMPIRICAL,,,,,False
,,2026_05_PHI_JAX,2026,5,2026-10-11T13:30:00+00:00,PHI,00-0039746,W.Shipley,RB,receiving_yards,49.5,0.023674,0.976326,1054,POSITION_2024_EMPIRICAL,,,,,False
,,2026_05_PHI_JAX,2026,5,2026-10-11T13:30:00+00:00,PHI,00-0039746,W.Shipley,RB,receiving_yards,64.5,0.01,0.99,1054,POSITION_2024_EMPIRICAL,,,,,False
,,2026_05_PHI_JAX,2026,5,2026-10-11T13:30:00+00:00,PHI,00-0039746,W.Shipley,RB,receiving_yards,79.5,0.01,0.99,1054,POSITION_2024_EMPIRICAL,,,,,False
,,2026_05_PHI_JAX,2026,5,2026-10-11T13:30:00+00:00,PHI,00-0039746,W.Shipley,RB,receiving_yards,99.5,0.01,0.99,1054,POSITION_2024_EMPIRICAL,,,,,False
,,2026_05_PHI_JAX,2026,5,2026-10-11T13:30:00+00:00,PHI,00-0039746,W.Shipley,RB,receiving_yards,124.5,0.01,0.99,1054,POSITION_2024_EMPIRICAL,,,,,False
,,2026_05_PHI_JAX,2026,5,2026-10-11T13:30:00+00:00,PHI,00-0039746,W.Shipley,RB,receptions,1.5,0.257856,0.742144,1080,POSITION_2024_EMPIRICAL,,,,,False
,,2026_05_PHI_JAX,2026,5,2026-10-11T13:30:00+00:00,PHI,00-0039746,W.Shipley,RB,receptions,2.5,0.113678,0.886322,1080,POSITION_2024_EMPIRICAL,,,,,False
,,2026_05_PHI_JAX,2026,5,2026-10-11T13:30:00+00:00,PHI,00-0039746,W.Shipley,RB,receptions,3.5,0.051756,0.948244,1080,POSITION_2024_EMPIRICAL,,,,,False
,,2026_05_PHI_JAX,2026,5,2026-10-11T13:30:00+00:00,PHI,00-0039746,W.Shipley,RB,receptions,4.5,0.019409,0.980591,1080,POSITION_2024_EMPIRICAL,,,,,False
,,2026_05_PHI_JAX,2026,5,2026-10-11T13:30:00+00:00,PHI,00-0039746,W.Shipley,RB,receptions,5.5,0.011091,0.988909,1080,POSITION_2024_EMPIRICAL,,,,,False
,,2026_05_PHI_JAX,2026,5,2026-10-11T13:30:00+00:00,PHI,00-0039746,W.Shipley,RB,receptions,6.5,0.01,0.99,1080,POSITION_2024_EMPIRICAL,,,,,False
,,2026_05_PHI_JAX,2026,5,2026-10-11T13:30:00+00:00,PHI,00-0039746,W.Shipley,RB,receptions,7.5,0.01,0.99,1080,POSITION_2024_EMPIRICAL,,,,,False
,,2026_05_PHI_JAX,2026,5,2026-10-11T13:30:00+00:00,PHI,00-0039746,W.Shipley,RB,rushing_yards,19.5,0.260033,0.739967,1194,POSITION_2024_EMPIRICAL,,,,,False
,,2026_05_PHI_JAX,2026,5,2026-10-11T13:30:00+00:00,PHI,00-0039746,W.Shipley,RB,rushing_yards,34.5,0.12291,0.87709,1194,POSITION_2024_EMPIRICAL,,,,,False
,,2026_05_PHI_JAX,2026,5,2026-10-11T13:30:00+00:00,PHI,00-0039746,W.Shipley,RB,rushing_yards,49.5,0.051839,0.948161,1194,POSITION_2024_EMPIRICAL,,,,,False
,,2026_05_PHI_JAX,2026,5,2026-10-11T13:30:00+00:00,PHI,00-0039746,W.Shipley,RB,rushing_yards,64.5,0.022575,0.977425,1194,POSITION_2024_EMPIRICAL,,,,,False
,,2026_05_PHI_JAX,2026,5,2026-10-11T13:30:00+00:00,PHI,00-0039746,W.Shipley,RB,rushing_yards,79.5,0.01087,0.98913,1194,POSITION_2024_EMPIRICAL,,,,,False
,,2026_05_PHI_JAX,2026,5,2026-10-11T13:30:00+00:00,PHI,00-0039746,W.Shipley,RB,rushing_yards,99.5,0.01,0.99,1194,POSITION_2024_EMPIRICAL,,,,,False
,,2026_05_PHI_JAX,2026,5,2026-10-11T13:30:00+00:00,PHI,00-0039746,W.Shipley,RB,rushing_yards,124.5,0.01,0.99,1194,POSITION_2024_EMPIRICAL,,,,,False
,,2026_05_PHI_JAX,2026,5,2026-10-11T13:30:00+00:00,PHI,00-0040024,D.Cooper,WR,receiving_yards,24.5,0.237916,0.762084,1860,POSITION_2024_EMPIRICAL,,,,,False
,,2026_05_PHI_JAX,2026,5,2026-10-11T13:30:00+00:00,PHI,00-0040024,D.Cooper,WR,receiving_yards,39.5,0.122986,0.877014,1860,POSITION_2024_EMPIRICAL,,,,,False
,,2026_05_PHI_JAX,2026,5,2026-10-11T13:30:00+00:00,PHI,00-0040024,D.Cooper,WR,receiving_yards,49.5,0.072503,0.927497,1860,POSITION_2024_EMPIRICAL,,,,,False
,,2026_05_PHI_JAX,2026,5,2026-10-11T13:30:00+00:00,PHI,00-0040024,D.Cooper,WR,receiving_yards,64.5,0.033835,0.966165,1860,POSITION_2024_EMPIRICAL,,,,,False
,,2026_05_PHI_JAX,2026,5,2026-10-11T13:30:00+00:00,PHI,00-0040024,D.Cooper,WR,receiving_yards,79.5,0.017723,0.982277,1860,POSITION_2024_EMPIRICAL,,,,,False
,,2026_05_PHI_JAX,2026,5,2026-10-11T13:30:00+00:00,PHI,00-0040024,D.Cooper,WR,receiving_yards,99.5,0.01,0.99,1860,POSITION_2024_EMPIRICAL,,,,,False
,,2026_05_PHI_JAX,2026,5,2026-10-11T13:30:00+00:00,PHI,00-0040024,D.Cooper,WR,receiving_yards,124.5,0.01,0.99,1860,POSITION_2024_EMPIRICAL,,,,,False
,,2026_05_PHI_JAX,2026,5,2026-10-11T13:30:00+00:00,PHI,00-0040024,D.Cooper,WR,receptions,1.5,0.325482,0.674518,1866,POSITION_2024_EMPIRICAL,,,,,False
,,2026_05_PHI_JAX,2026,5,2026-10-11T13:30:00+00:00,PHI,00-0040024,D.Cooper,WR,receptions,2.5,0.171306,0.828694,1866,POSITION_2024_EMPIRICAL,,,,,False
,,2026_05_PHI_JAX,2026,5,2026-10-11T13:30:00+00:00,PHI,00-0040024,D.Cooper,WR,receptions,3.5,0.08137,0.91863,1866,POSITION_2024_EMPIRICAL,,,,,False
,,2026_05_PHI_JAX,2026,5,2026-10-11T13:30:00+00:00,PHI,00-0040024,D.Cooper,WR,receptions,4.5,0.035867,0.964133,1866,POSITION_2024_EMPIRICAL,,,,,False
,,2026_05_PHI_JAX,2026,5,2026-10-11T13:30:00+00:00,PHI,00-0040024,D.Cooper,WR,receptions,5.5,0.011777,0.988223,1866,POSITION_2024_EMPIRICAL,,,,,False
,,2026_05_PHI_JAX,2026,5,2026-10-11T13:30:00+00:00,PHI,00-0040024,D.Cooper,WR,receptions,6.5,0.01,0.99,1866,POSITION_2024_EMPIRICAL,,,,,False
,,2026_05_PHI_JAX,2026,5,2026-10-11T13:30:00+00:00,PHI,00-0040024,D.Cooper,WR,receptions,7.5,0.01,0.99,1866,POSITION_2024_EMPIRICAL,,,,,False
,,2026_05_PHI_JAX,2026,5,2026-10-11T13:30:00+00:00,PHI,00-0040867,M.Lemon,WR,receiving_yards,24.5,0.256713,0.743287,1860,POSITION_2024_EMPIRICAL,,,,,False
,,2026_05_PHI_JAX,2026,5,2026-10-11T13:30:00+00:00,PHI,00-0040867,M.Lemon,WR,receiving_yards,39.5,0.130505,0.869495,1860,POSITION_2024_EMPIRICAL,,,,,False
,,2026_05_PHI_JAX,2026,5,2026-10-11T13:30:00+00:00,PHI,00-0040867,M.Lemon,WR,receiving_yards,49.5,0.079484,0.920516,1860,POSITION_2024_EMPIRICAL,,,,,False
,,2026_05_PHI_JAX,2026,5,2026-10-11T13:30:00+00:00,PHI,00-0040867,M.Lemon,WR,receiving_yards,64.5,0.035983,0.964017,1860,POSITION_2024_EMPIRICAL,,,,,False
,,2026_05_PHI_JAX,2026,5,2026-10-11T13:30:00+00:00,PHI,00-0040867,M.Lemon,WR,receiving_yards,79.5,0.019334,0.980666,1860,POSITION_2024_EMPIRICAL,,,,,False
,,2026_05_PHI_JAX,2026,5,2026-10-11T13:30:00+00:00,PHI,00-0040867,M.Lemon,WR,receiving_yards,99.5,0.01,0.99,1860,POSITION_2024_EMPIRICAL,,,,,False
,,2026_05_PHI_JAX,2026,5,2026-10-11T13:30:00+00:00,PHI,00-0040867,M.Lemon,WR,receiving_yards,124.5,0.01,0.99,1860,POSITION_2024_EMPIRICAL,,,,,False
,,2026_05_PHI_JAX,2026,5,2026-10-11T13:30:00+00:00,PHI,00-0040867,M.Lemon,WR,receptions,1.5,0.683084,0.316916,1866,POSITION_2024_EMPIRICAL,,,,,False
,,2026_05_PHI_JAX,2026,5,2026-10-11T13:30:00+00:00,PHI,00-0040867,M.Lemon,WR,receptions,2.5,0.366702,0.633298,1866,POSITION_2024_EMPIRICAL,,,,,False
,,2026_05_PHI_JAX,2026,5,2026-10-11T13:30:00+00:00,PHI,00-0040867,M.Lemon,WR,receptions,3.5,0.198073,0.801927,1866,POSITION_2024_EMPIRICAL,,,,,False
,,2026_05_PHI_JAX,2026,5,2026-10-11T13:30:00+00:00,PHI,00-0040867,M.Lemon,WR,receptions,4.5,0.095824,0.904176,1866,POSITION_2024_EMPIRICAL,,,,,False
,,2026_05_PHI_JAX,2026,5,2026-10-11T13:30:00+00:00,PHI,00-0040867,M.Lemon,WR,receptions,5.5,0.043897,0.956103,1866,POSITION_2024_EMPIRICAL,,,,,False
,,2026_05_PHI_JAX,2026,5,2026-10-11T13:30:00+00:00,PHI,00-0040867,M.Lemon,WR,receptions,6.5,0.015525,0.984475,1866,POSITION_2024_EMPIRICAL,,,,,False
,,2026_05_PHI_JAX,2026,5,2026-10-11T13:30:00+00:00,PHI,00-0040867,M.Lemon,WR,receptions,7.5,0.01,0.99,1866,POSITION_2024_EMPIRICAL,,,,,False
,,2026_05_SF_SEA,2026,5,2026-10-11T20:25:00+00:00,SEA,00-0033576,E.Saubert,TE,receiving_yards,24.5,0.105928,0.894072,1027,POSITION_2024_EMPIRICAL,,,,,False
,,2026_05_SF_SEA,2026,5,2026-10-11T20:25:00+00:00,SEA,00-0033576,E.Saubert,TE,receiving_yards,39.5,0.04276,0.95724,1027,POSITION_2024_EMPIRICAL,,,,,False
,,2026_05_SF_SEA,2026,5,2026-10-11T20:25:00+00:00,SEA,00-0033576,E.Saubert,TE,receiving_yards,49.5,0.019436,0.980564,1027,POSITION_2024_EMPIRICAL,,,,,False
,,2026_05_SF_SEA,2026,5,2026-10-11T20:25:00+00:00,SEA,00-0033576,E.Saubert,TE,receiving_yards,64.5,0.01,0.99,1027,POSITION_2024_EMPIRICAL,,,,,False
,,2026_05_SF_SEA,2026,5,2026-10-11T20:25:00+00:00,SEA,00-0033576,E.Saubert,TE,receiving_yards,79.5,0.01,0.99,1027,POSITION_2024_EMPIRICAL,,,,,False
,,2026_05_SF_SEA,2026,5,2026-10-11T20:25:00+00:00,SEA,00-0033576,E.Saubert,TE,receiving_yards,99.5,0.01,0.99,1027,POSITION_2024_EMPIRICAL,,,,,False
,,2026_05_SF_SEA,2026,5,2026-10-11T20:25:00+00:00,SEA,00-0033576,E.Saubert,TE,receiving_yards,124.5,0.01,0.99,1027,POSITION_2024_EMPIRICAL,,,,,False
,,2026_05_SF_SEA,2026,5,2026-10-11T20:25:00+00:00,SEA,00-0033576,E.Saubert,TE,receptions,1.5,0.192047,0.807953,1029,POSITION_2024_EMPIRICAL,,,,,False
,,2026_05_SF_SEA,2026,5,2026-10-11T20:25:00+00:00,SEA,00-0033576,E.Saubert,TE,receptions,2.5,0.095053,0.904947,1029,POSITION_2024_EMPIRICAL,,,,,False
,,2026_05_SF_SEA,2026,5,2026-10-11T20:25:00+00:00,SEA,00-0033576,E.Saubert,TE,receptions,3.5,0.048497,0.951503,1029,POSITION_2024_EMPIRICAL,,,,,False
,,2026_05_SF_SEA,2026,5,2026-10-11T20:25:00+00:00,SEA,00-0033576,E.Saubert,TE,receptions,4.5,0.020369,0.979631,1029,POSITION_2024_EMPIRICAL,,,,,False
,,2026_05_SF_SEA,2026,5,2026-10-11T20:25:00+00:00,SEA,00-0033576,E.Saubert,TE,receptions,5.5,0.01,0.99,1029,POSITION_2024_EMPIRICAL,,,,,False
,,2026_05_SF_SEA,2026,5,2026-10-11T20:25:00+00:00,SEA,00-0033576,E.Saubert,TE,receptions,6.5,0.01,0.99,1029,POSITION_2024_EMPIRICAL,,,,,False
,,2026_05_SF_SEA,2026,5,2026-10-11T20:25:00+00:00,SEA,00-0033576,E.Saubert,TE,receptions,7.5,0.01,0.99,1029,POSITION_2024_EMPIRICAL,,,,,False
,,2026_05_SF_SEA,2026,5,2026-10-11T20:25:00+00:00,SEA,00-0033908,C.Kupp,WR,receiving_yards,24.5,0.460795,0.539205,1860,POSITION_2024_EMPIRICAL,,,,,False
,,2026_05_SF_SEA,2026,5,2026-10-11T20:25:00+00:00,SEA,00-0033908,C.Kupp,WR,receiving_yards,39.5,0.226638,0.773362,1860,POSITION_2024_EMPIRICAL,,,,,False
,,2026_05_SF_SEA,2026,5,2026-10-11T20:25:00+00:00,SEA,00-0033908,C.Kupp,WR,receiving_yards,49.5,0.138024,0.861976,1860,POSITION_2024_EMPIRICAL,,,,,False
,,2026_05_SF_SEA,2026,5,2026-10-11T20:25:00+00:00,SEA,00-0033908,C.Kupp,WR,receiving_yards,64.5,0.067669,0.932331,1860,POSITION_2024_EMPIRICAL,,,,,False
,,2026_05_SF_SEA,2026,5,2026-10-11T20:25:00+00:00,SEA,00-0033908,C.Kupp,WR,receiving_yards,79.5,0.03276,0.96724,1860,POSITION_2024_EMPIRICAL,,,,,False
,,2026_05_SF_SEA,2026,5,2026-10-11T20:25:00+00:00,SEA,00-0033908,C.Kupp,WR,receiving_yards,99.5,0.014501,0.985499,1860,POSITION_2024_EMPIRICAL,,,,,False
,,2026_05_SF_SEA,2026,5,2026-10-11T20:25:00+00:00,SEA,00-0033908,C.Kupp,WR,receiving_yards,124.5,0.01,0.99,1860,POSITION_2024_EMPIRICAL,,,,,False
,,2026_05_SF_SEA,2026,5,2026-10-11T20:25:00+00:00,SEA,00-0033908,C.Kupp,WR,receptions,1.5,0.62152,0.37848,1866,POSITION_2024_EMPIRICAL,,,,,False
,,2026_05_SF_SEA,2026,5,2026-10-11T20:25:00+00:00,SEA,00-0033908,C.Kupp,WR,receptions,2.5,0.325482,0.674518,1866,POSITION_2024_EMPIRICAL,,,,,False
,,2026_05_SF_SEA,2026,5,2026-10-11T20:25:00+00:00,SEA,00-0033908,C.Kupp,WR,receptions,3.5,0.171306,0.828694,1866,POSITION_2024_EMPIRICAL,,,,,False
,,2026_05_SF_SEA,2026,5,2026-10-11T20:25:00+00:00,SEA,00-0033908,C.Kupp,WR,receptions,4.5,0.08137,0.91863,1866,POSITION_2024_EMPIRICAL,,,,,False
,,2026_05_SF_SEA,2026,5,2026-10-11T20:25:00+00:00,SEA,00-0033908,C.Kupp,WR,receptions,5.5,0.035867,0.964133,1866,POSITION_2024_EMPIRICAL,,,,,False
,,2026_05_SF_SEA,2026,5,2026-10-11T20:25:00+00:00,SEA,00-0033908,C.Kupp,WR,receptions,6.5,0.011777,0.988223,1866,POSITION_2024_EMPIRICAL,,,,,False
,,2026_05_SF_SEA,2026,5,2026-10-11T20:25:00+00:00,SEA,00-0033908,C.Kupp,WR,receptions,7.5,0.01,0.99,1866,POSITION_2024_EMPIRICAL,,,,,False
,,2026_05_SF_SEA,2026,5,2026-10-11T20:25:00+00:00,SEA,00-0034869,S.Darnold,QB,passing_yards,149.5,0.621723,0.378277,532,POSITION_2024_EMPIRICAL,,,,,False
,,2026_05_SF_SEA,2026,5,2026-10-11T20:25:00+00:00,SEA,00-0034869,S.Darnold,QB,passing_yards,174.5,0.509363,0.490637,532,POSITION_2024_EMPIRICAL,,,,,False
,,2026_05_SF_SEA,2026,5,2026-10-11T20:25:00+00:00,SEA,00-0034869,S.Darnold,QB,passing_yards,199.5,0.346442,0.653558,532,POSITION_2024_EMPIRICAL,,,,,False
,,2026_05_SF_SEA,2026,5,2026-10-11T20:25:00+00:00,SEA,00-0034869,S.Darnold,QB,passing_yards,224.5,0.247191,0.752809,532,POSITION_2024_EMPIRICAL,,,,,False
,,2026_05_SF_SEA,2026,5,2026-10-11T20:25:00+00:00,SEA,00-0034869,S.Darnold,QB,passing_yards,249.5,0.181648,0.818352,532,POSITION_2024_EMPIRICAL,,,,,False
,,2026_05_SF_SEA,2026,5,2026-10-11T20:25:00+00:00,SEA,00-0034869,S.Darnold,QB,passing_yards,274.5,0.11985,0.88015,532,POSITION_2024_EMPIRICAL,,,,,False
,,2026_05_SF_SEA,2026,5,2026-10-11T20:25:00+00:00,SEA,00-0034869,S.Darnold,QB,passing_yards,299.5,0.089888,0.910112,532,POSITION_2024_EMPIRICAL,,,,,False
,,2026_05_SF_SEA,2026,5,2026-10-11T20:25:00+00:00,SEA,00-0034869,S.Darnold,QB,rushing_yards,19.5,0.146998,0.853002,481,POSITION_2024_EMPIRICAL,,,,,False
,,2026_05_SF_SEA,2026,5,2026-10-11T20:25:00+00:00,SEA,00-0034869,S.Darnold,QB,rushing_yards,34.5,0.057971,0.942029,481,POSITION_2024_EMPIRICAL,,,,,False
,,2026_05_SF_SEA,2026,5,2026-10-11T20:25:00+00:00,SEA,00-0034869,S.Darnold,QB,rushing_yards,49.5,0.020704,0.979296,481,POSITION_2024_EMPIRICAL,,,,,False
,,2026_05_SF_SEA,2026,5,2026-10-11T20:25:00+00:00,SEA,00-0034869,S.Darnold,QB,rushing_yards,64.5,0.01,0.99,481,POSITION_2024_EMPIRICAL,,,,,False
,,2026_05_SF_SEA,2026,5,2026-10-11T20:25:00+00:00,SEA,00-0034869,S.Darnold,QB,rushing_yards,79.5,0.01,0.99,481,POSITION_2024_EMPIRICAL,,,,,False
,,2026_05_SF_SEA,2026,5,2026-10-11T20:25:00+00:00,SEA,00-0034869,S.Darnold,QB,rushing_yards,99.5,0.01,0.99,481,POSITION_2024_EMPIRICAL,,,,,False
,,2026_05_SF_SEA,2026,5,2026-10-11T20:25:00+00:00,SEA,00-0034869,S.Darnold,QB,rushing_yards,124.5,0.01,0.99,481,POSITION_2024_EMPIRICAL,,,,,False
,,2026_05_SF_SEA,2026,5,2026-10-11T20:25:00+00:00,SEA,00-0037545,R.Shaheed,WR,receiving_yards,24.5,0.28464,0.71536,1860,POSITION_2024_EMPIRICAL,,,,,False
,,2026_05_SF_SEA,2026,5,2026-10-11T20:25:00+00:00,SEA,00-0037545,R.Shaheed,WR,receiving_yards,39.5,0.137487,0.862513,1860,POSITION_2024_EMPIRICAL,,,,,False
,,2026_05_SF_SEA,2026,5,2026-10-11T20:25:00+00:00,SEA,00-0037545,R.Shaheed,WR,receiving_yards,49.5,0.088614,0.911386,1860,POSITION_2024_EMPIRICAL,,,,,False
,,2026_05_SF_SEA,2026,5,2026-10-11T20:25:00+00:00,SEA,00-0037545,R.Shaheed,WR,receiving_yards,64.5,0.038668,0.961332,1860,POSITION_2024_EMPIRICAL,,,,,False
,,2026_05_SF_SEA,2026,5,2026-10-11T20:25:00+00:00,SEA,00-0037545,R.Shaheed,WR,receiving_yards,79.5,0.020408,0.979592,1860,POSITION_2024_EMPIRICAL,,,,,False
,,2026_05_SF_SEA,2026,5,2026-10-11T20:25:00+00:00,SEA,00-0037545,R.Shaheed,WR,receiving_yards,99.5,0.01,0.99,1860,POSITION_2024_EMPIRICAL,,,,,False
,,2026_05_SF_SEA,2026,5,2026-10-11T20:25:00+00:00,SEA,00-0037545,R.Shaheed,WR,receiving_yards,124.5,0.01,0.99,1860,POSITION_2024_EMPIRICAL,,,,,False
,,2026_05_SF_SEA,2026,5,2026-10-11T20:25:00+00:00,SEA,00-0037545,R.Shaheed,WR,receptions,1.5,0.445931,0.554069,1866,POSITION_2024_EMPIRICAL,,,,,False
,,2026_05_SF_SEA,2026,5,2026-10-11T20:25:00+00:00,SEA,00-0037545,R.Shaheed,WR,receptions,2.5,0.239829,0.760171,1866,POSITION_2024_EMPIRICAL,,,,,False
,,2026_05_SF_SEA,2026,5,2026-10-11T20:25:00+00:00,SEA,00-0037545,R.Shaheed,WR,receptions,3.5,0.114561,0.885439,1866,POSITION_2024_EMPIRICAL,,,,,False
,,2026_05_SF_SEA,2026,5,2026-10-11T20:25:00+00:00,SEA,00-0037545,R.Shaheed,WR,receptions,4.5,0.05621,0.94379,1866,POSITION_2024_EMPIRICAL,,,,,False
,,2026_05_SF_SEA,2026,5,2026-10-11T20:25:00+00:00,SEA,00-0037545,R.Shaheed,WR,receptions,5.5,0.021949,0.978051,1866,POSITION_2024_EMPIRICAL,,,,,False
,,2026_05_SF_SEA,2026,5,2026-10-11T20:25:00+00:00,SEA,00-0037545,R.Shaheed,WR,receptions,6.5,0.01,0.99,1866,POSITION_2024_EMPIRICAL,,,,,False
,,2026_05_SF_SEA,2026,5,2026-10-11T20:25:00+00:00,SEA,00-0037545,R.Shaheed,WR,receptions,7.5,0.01,0.99,1866,POSITION_2024_EMPIRICAL,,,,,False
,,2026_05_SF_SEA,2026,5,2026-10-11T20:25:00+00:00,SEA,00-0037545,R.Shaheed,WR,rushing_yards,19.5,0.044743,0.955257,445,POSITION_2024_EMPIRICAL,,,,,False
,,2026_05_SF_SEA,2026,5,2026-10-11T20:25:00+00:00,SEA,00-0037545,R.Shaheed,WR,rushing_yards,34.5,0.01,0.99,445,POSITION_2024_EMPIRICAL,,,,,False
,,2026_05_SF_SEA,2026,5,2026-10-11T20:25:00+00:00,SEA,00-0037545,R.Shaheed,WR,rushing_yards,49.5,0.01,0.99,445,POSITION_2024_EMPIRICAL,,,,,False
,,2026_05_SF_SEA,2026,5,2026-10-11T20:25:00+00:00,SEA,00-0037545,R.Shaheed,WR,rushing_yards,64.5,0.01,0.99,445,POSITION_2024_EMPIRICAL,,,,,False
,,2026_05_SF_SEA,2026,5,2026-10-11T20:25:00+00:00,SEA,00-0037545,R.Shaheed,WR,rushing_yards,79.5,0.01,0.99,445,POSITION_2024_EMPIRICAL,,,,,False
,,2026_05_SF_SEA,2026,5,2026-10-11T20:25:00+00:00,SEA,00-0037545,R.Shaheed,WR,rushing_yards,99.5,0.01,0.99,445,POSITION_2024_EMPIRICAL,,,,,False
,,2026_05_SF_SEA,2026,5,2026-10-11T20:25:00+00:00,SEA,00-0037545,R.Shaheed,WR,rushing_yards,124.5,0.01,0.99,445,POSITION_2024_EMPIRICAL,,,,,False
,,2026_05_SF_SEA,2026,5,2026-10-11T20:25:00+00:00,SEA,00-0038488,B.Russell,RB,receiving_yards,24.5,0.157197,0.842803,1054,POSITION_2024_EMPIRICAL,,,,,False
,,2026_05_SF_SEA,2026,5,2026-10-11T20:25:00+00:00,SEA,00-0038488,B.Russell,RB,receiving_yards,39.5,0.058712,0.941288,1054,POSITION_2024_EMPIRICAL,,,,,False
,,2026_05_SF_SEA,2026,5,2026-10-11T20:25:00+00:00,SEA,00-0038488,B.Russell,RB,receiving_yards,49.5,0.032197,0.967803,1054,POSITION_2024_EMPIRICAL,,,,,False
,,2026_05_SF_SEA,2026,5,2026-10-11T20:25:00+00:00,SEA,00-0038488,B.Russell,RB,receiving_yards,64.5,0.015152,0.984848,1054,POSITION_2024_EMPIRICAL,,,,,False
,,2026_05_SF_SEA,2026,5,2026-10-11T20:25:00+00:00,SEA,00-0038488,B.Russell,RB,receiving_yards,79.5,0.01,0.99,1054,POSITION_2024_EMPIRICAL,,,,,False
,,2026_05_SF_SEA,2026,5,2026-10-11T20:25:00+00:00,SEA,00-0038488,B.Russell,RB,receiving_yards,99.5,0.01,0.99,1054,POSITION_2024_EMPIRICAL,,,,,False
,,2026_05_SF_SEA,2026,5,2026-10-11T20:25:00+00:00,SEA,00-0038488,B.Russell,RB,receiving_yards,124.5,0.01,0.99,1054,POSITION_2024_EMPIRICAL,,,,,False
,,2026_05_SF_SEA,2026,5,2026-10-11T20:25:00+00:00,SEA,00-0038488,B.Russell,RB,receptions,1.5,0.257856,0.742144,1080,POSITION_2024_EMPIRICAL,,,,,False
,,2026_05_SF_SEA,2026,5,2026-10-11T20:25:00+00:00,SEA,00-0038488,B.Russell,RB,receptions,2.5,0.113678,0.886322,1080,POSITION_2024_EMPIRICAL,,,,,False
,,2026_05_SF_SEA,2026,5,2026-10-11T20:25:00+00:00,SEA,00-0038488,B.Russell,RB,receptions,3.5,0.051756,0.948244,1080,POSITION_2024_EMPIRICAL,,,,,False
,,2026_05_SF_SEA,2026,5,2026-10-11T20:25:00+00:00,SEA,00-0038488,B.Russell,RB,receptions,4.5,0.019409,0.980591,1080,POSITION_2024_EMPIRICAL,,,,,False
,,2026_05_SF_SEA,2026,5,2026-10-11T20:25:00+00:00,SEA,00-0038488,B.Russell,RB,receptions,5.5,0.011091,0.988909,1080,POSITION_2024_EMPIRICAL,,,,,False
,,2026_05_SF_SEA,2026,5,2026-10-11T20:25:00+00:00,SEA,00-0038488,B.Russell,RB,receptions,6.5,0.01,0.99,1080,POSITION_2024_EMPIRICAL,,,,,False
,,2026_05_SF_SEA,2026,5,2026-10-11T20:25:00+00:00,SEA,00-0038488,B.Russell,RB,receptions,7.5,0.01,0.99,1080,POSITION_2024_EMPIRICAL,,,,,False
,,2026_05_SF_SEA,2026,5,2026-10-11T20:25:00+00:00,SEA,00-0038543,J.Smith-Njigba,WR,receiving_yards,24.5,0.909237,0.090763,1860,POSITION_2024_EMPIRICAL,,,,,False
,,2026_05_SF_SEA,2026,5,2026-10-11T20:25:00+00:00,SEA,00-0038543,J.Smith-Njigba,WR,receiving_yards,39.5,0.870569,0.129431,1860,POSITION_2024_EMPIRICAL,,,,,False
,,2026_05_SF_SEA,2026,5,2026-10-11T20:25:00+00:00,SEA,00-0038543,J.Smith-Njigba,WR,receiving_yards,49.5,0.826531,0.173469,1860,POSITION_2024_EMPIRICAL,,,,,False
,,2026_05_SF_SEA,2026,5,2026-10-11T20:25:00+00:00,SEA,00-0038543,J.Smith-Njigba,WR,receiving_yards,64.5,0.749194,0.250806,1860,POSITION_2024_EMPIRICAL,,,,,False
,,2026_05_SF_SEA,2026,5,2026-10-11T20:25:00+00:00,SEA,00-0038543,J.Smith-Njigba,WR,receiving_yards,79.5,0.672395,0.327605,1860,POSITION_2024_EMPIRICAL,,,,,False
,,2026_05_SF_SEA,2026,5,2026-10-11T20:25:00+00:00,SEA,00-0038543,J.Smith-Njigba,WR,receiving_yards,99.5,0.524168,0.475832,1860,POSITION_2024_EMPIRICAL,,,,,False
,,2026_05_SF_SEA,2026,5,2026-10-11T20:25:00+00:00,SEA,00-0038543,J.Smith-Njigba,WR,receiving_yards,124.5,0.353921,0.646079,1860,POSITION_2024_EMPIRICAL,,,,,False
,,2026_05_SF_SEA,2026,5,2026-10-11T20:25:00+00:00,SEA,00-0038543,J.Smith-Njigba,WR,receptions,1.5,0.928266,0.071734,1866,POSITION_2024_EMPIRICAL,,,,,False
,,2026_05_SF_SEA,2026,5,2026-10-11T20:25:00+00:00,SEA,00-0038543,J.Smith-Njigba,WR,receptions,2.5,0.897216,0.102784,1866,POSITION_2024_EMPIRICAL,,,,,False
,,2026_05_SF_SEA,2026,5,2026-10-11T20:25:00+00:00,SEA,00-0038543,J.Smith-Njigba,WR,receptions,3.5,0.83833,0.16167,1866,POSITION_2024_EMPIRICAL,,,,,False
,,2026_05_SF_SEA,2026,5,2026-10-11T20:25:00+00:00,SEA,00-0038543,J.Smith-Njigba,WR,receptions,4.5,0.767666,0.232334,1866,POSITION_2024_EMPIRICAL,,,,,False
,,2026_05_SF_SEA,2026,5,2026-10-11T20:25:00+00:00,SEA,00-0038543,J.Smith-Njigba,WR,receptions,5.5,0.677195,0.322805,1866,POSITION_2024_EMPIRICAL,,,,,False
,,2026_05_SF_SEA,2026,5,2026-10-11T20:25:00+00:00,SEA,00-0038543,J.Smith-Njigba,WR,receptions,6.5,0.557816,0.442184,1866,POSITION_2024_EMPIRICAL,,,,,False
,,2026_05_SF_SEA,2026,5,2026-10-11T20:25:00+00:00,SEA,00-0038543,J.Smith-Njigba,WR,receptions,7.5,0.431478,0.568522,1866,POSITION_2024_EMPIRICAL,,,,,False
,,2026_05_SF_SEA,2026,5,2026-10-11T20:25:00+00:00,SEA,00-0038797,E.Wilson,RB,receiving_yards,24.5,0.113636,0.886364,1054,POSITION_2024_EMPIRICAL,,,,,False
,,2026_05_SF_SEA,2026,5,2026-10-11T20:25:00+00:00,SEA,00-0038797,E.Wilson,RB,receiving_yards,39.5,0.045455,0.954545,1054,POSITION_2024_EMPIRICAL,,,,,False
,,2026_05_SF_SEA,2026,5,2026-10-11T20:25:00+00:00,SEA,00-0038797,E.Wilson,RB,receiving_yards,49.5,0.027462,0.972538,1054,POSITION_2024_EMPIRICAL,,,,,False
,,2026_05_SF_SEA,2026,5,2026-10-11T20:25:00+00:00,SEA,00-0038797,E.Wilson,RB,receiving_yards,64.5,0.010417,0.989583,1054,POSITION_2024_EMPIRICAL,,,,,False
,,2026_05_SF_SEA,2026,5,2026-10-11T20:25:00+00:00,SEA,00-0038797,E.Wilson,RB,receiving_yards,79.5,0.01,0.99,1054,POSITION_2024_EMPIRICAL,,,,,False
,,2026_05_SF_SEA,2026,5,2026-10-11T20:25:00+00:00,SEA,00-0038797,E.Wilson,RB,receiving_yards,99.5,0.01,0.99,1054,POSITION_2024_EMPIRICAL,,,,,False
,,2026_05_SF_SEA,2026,5,2026-10-11T20:25:00+00:00,SEA,00-0038797,E.Wilson,RB,receiving_yards,124.5,0.01,0.99,1054,POSITION_2024_EMPIRICAL,,,,,False
,,2026_05_SF_SEA,2026,5,2026-10-11T20:25:00+00:00,SEA,00-0038797,E.Wilson,RB,receptions,1.5,0.211645,0.788355,1080,POSITION_2024_EMPIRICAL,,,,,False
,,2026_05_SF_SEA,2026,5,2026-10-11T20:25:00+00:00,SEA,00-0038797,E.Wilson,RB,receptions,2.5,0.093346,0.906654,1080,POSITION_2024_EMPIRICAL,,,,,False
,,2026_05_SF_SEA,2026,5,2026-10-11T20:25:00+00:00,SEA,00-0038797,E.Wilson,RB,receptions,3.5,0.042514,0.957486,1080,POSITION_2024_EMPIRICAL,,,,,False
,,2026_05_SF_SEA,2026,5,2026-10-11T20:25:00+00:00,SEA,00-0038797,E.Wilson,RB,receptions,4.5,0.01756,0.98244,1080,POSITION_2024_EMPIRICAL,,,,,False
,,2026_05_SF_SEA,2026,5,2026-10-11T20:25:00+00:00,SEA,00-0038797,E.Wilson,RB,receptions,5.5,0.011091,0.988909,1080,POSITION_2024_EMPIRICAL,,,,,False
,,2026_05_SF_SEA,2026,5,2026-10-11T20:25:00+00:00,SEA,00-0038797,E.Wilson,RB,receptions,6.5,0.01,0.99,1080,POSITION_2024_EMPIRICAL,,,,,False
,,2026_05_SF_SEA,2026,5,2026-10-11T20:25:00+00:00,SEA,00-0038797,E.Wilson,RB,receptions,7.5,0.01,0.99,1080,POSITION_2024_EMPIRICAL,,,,,False
,,2026_05_SF_SEA,2026,5,2026-10-11T20:25:00+00:00,SEA,00-0038797,E.Wilson,RB,rushing_yards,19.5,0.806856,0.193144,1194,POSITION_2024_EMPIRICAL,,,,,False
,,2026_05_SF_SEA,2026,5,2026-10-11T20:25:00+00:00,SEA,00-0038797,E.Wilson,RB,rushing_yards,34.5,0.596154,0.403846,1194,POSITION_2024_EMPIRICAL,,,,,False
,,2026_05_SF_SEA,2026,5,2026-10-11T20:25:00+00:00,SEA,00-0038797,E.Wilson,RB,rushing_yards,49.5,0.339465,0.660535,1194,POSITION_2024_EMPIRICAL,,,,,False
,,2026_05_SF_SEA,2026,5,2026-10-11T20:25:00+00:00,SEA,00-0038797,E.Wilson,RB,rushing_yards,64.5,0.206522,0.793478,1194,POSITION_2024_EMPIRICAL,,,,,False
,,2026_05_SF_SEA,2026,5,2026-10-11T20:25:00+00:00,SEA,00-0038797,E.Wilson,RB,rushing_yards,79.5,0.120401,0.879599,1194,POSITION_2024_EMPIRICAL,,,,,False
,,2026_05_SF_SEA,2026,5,2026-10-11T20:25:00+00:00,SEA,00-0038797,E.Wilson,RB,rushing_yards,99.5,0.054348,0.945652,1194,POSITION_2024_EMPIRICAL,,,,,False
,,2026_05_SF_SEA,2026,5,2026-10-11T20:25:00+00:00,SEA,00-0038797,E.Wilson,RB,rushing_yards,124.5,0.022575,0.977425,1194,POSITION_2024_EMPIRICAL,,,,,False
,,2026_05_SF_SEA,2026,5,2026-10-11T20:25:00+00:00,SEA,00-0039299,G.Holani,RB,receiving_yards,24.5,0.151515,0.848485,1054,POSITION_2024_EMPIRICAL,,,,,False
,,2026_05_SF_SEA,2026,5,2026-10-11T20:25:00+00:00,SEA,00-0039299,G.Holani,RB,receiving_yards,39.5,0.055871,0.944129,1054,POSITION_2024_EMPIRICAL,,,,,False
,,2026_05_SF_SEA,2026,5,2026-10-11T20:25:00+00:00,SEA,00-0039299,G.Holani,RB,receiving_yards,49.5,0.03125,0.96875,1054,POSITION_2024_EMPIRICAL,,,,,False
,,2026_05_SF_SEA,2026,5,2026-10-11T20:25:00+00:00,SEA,00-0039299,G.Holani,RB,receiving_yards,64.5,0.014205,0.985795,1054,POSITION_2024_EMPIRICAL,,,,,False
,,2026_05_SF_SEA,2026,5,2026-10-11T20:25:00+00:00,SEA,00-0039299,G.Holani,RB,receiving_yards,79.5,0.01,0.99,1054,POSITION_2024_EMPIRICAL,,,,,False
,,2026_05_SF_SEA,2026,5,2026-10-11T20:25:00+00:00,SEA,00-0039299,G.Holani,RB,receiving_yards,99.5,0.01,0.99,1054,POSITION_2024_EMPIRICAL,,,,,False
,,2026_05_SF_SEA,2026,5,2026-10-11T20:25:00+00:00,SEA,00-0039299,G.Holani,RB,receiving_yards,124.5,0.01,0.99,1054,POSITION_2024_EMPIRICAL,,,,,False
,,2026_05_SF_SEA,2026,5,2026-10-11T20:25:00+00:00,SEA,00-0039299,G.Holani,RB,receptions,1.5,0.408503,0.591497,1080,POSITION_2024_EMPIRICAL,,,,,False
,,2026_05_SF_SEA,2026,5,2026-10-11T20:25:00+00:00,SEA,00-0039299,G.Holani,RB,receptions,2.5,0.211645,0.788355,1080,POSITION_2024_EMPIRICAL,,,,,False
,,2026_05_SF_SEA,2026,5,2026-10-11T20:25:00+00:00,SEA,00-0039299,G.Holani,RB,receptions,3.5,0.093346,0.906654,1080,POSITION_2024_EMPIRICAL,,,,,False
,,2026_05_SF_SEA,2026,5,2026-10-11T20:25:00+00:00,SEA,00-0039299,G.Holani,RB,receptions,4.5,0.042514,0.957486,1080,POSITION_2024_EMPIRICAL,,,,,False
,,2026_05_SF_SEA,2026,5,2026-10-11T20:25:00+00:00,SEA,00-0039299,G.Holani,RB,receptions,5.5,0.01756,0.98244,1080,POSITION_2024_EMPIRICAL,,,,,False
,,2026_05_SF_SEA,2026,5,2026-10-11T20:25:00+00:00,SEA,00-0039299,G.Holani,RB,receptions,6.5,0.011091,0.988909,1080,POSITION_2024_EMPIRICAL,,,,,False
,,2026_05_SF_SEA,2026,5,2026-10-11T20:25:00+00:00,SEA,00-0039299,G.Holani,RB,receptions,7.5,0.01,0.99,1080,POSITION_2024_EMPIRICAL,,,,,False
,,2026_05_SF_SEA,2026,5,2026-10-11T20:25:00+00:00,SEA,00-0039299,G.Holani,RB,rushing_yards,19.5,0.327759,0.672241,1194,POSITION_2024_EMPIRICAL,,,,,False
,,2026_05_SF_SEA,2026,5,2026-10-11T20:25:00+00:00,SEA,00-0039299,G.Holani,RB,rushing_yards,34.5,0.163043,0.836957,1194,POSITION_2024_EMPIRICAL,,,,,False
,,2026_05_SF_SEA,2026,5,2026-10-11T20:25:00+00:00,SEA,00-0039299,G.Holani,RB,rushing_yards,49.5,0.064381,0.935619,1194,POSITION_2024_EMPIRICAL,,,,,False
,,2026_05_SF_SEA,2026,5,2026-10-11T20:25:00+00:00,SEA,00-0039299,G.Holani,RB,rushing_yards,64.5,0.028428,0.971572,1194,POSITION_2024_EMPIRICAL,,,,,False
,,2026_05_SF_SEA,2026,5,2026-10-11T20:25:00+00:00,SEA,00-0039299,G.Holani,RB,rushing_yards,79.5,0.014214,0.985786,1194,POSITION_2024_EMPIRICAL,,,,,False
,,2026_05_SF_SEA,2026,5,2026-10-11T20:25:00+00:00,SEA,00-0039299,G.Holani,RB,rushing_yards,99.5,0.01,0.99,1194,POSITION_2024_EMPIRICAL,,,,,False
,,2026_05_SF_SEA,2026,5,2026-10-11T20:25:00+00:00,SEA,00-0039299,G.Holani,RB,rushing_yards,124.5,0.01,0.99,1194,POSITION_2024_EMPIRICAL,,,,,False
,,2026_05_SF_SEA,2026,5,2026-10-11T20:25:00+00:00,SEA,00-0039793,A.Barner,TE,receiving_yards,24.5,0.38484,0.61516,1027,POSITION_2024_EMPIRICAL,,,,,False
,,2026_05_SF_SEA,2026,5,2026-10-11T20:25:00+00:00,SEA,00-0039793,A.Barner,TE,receiving_yards,39.5,0.182702,0.817298,1027,POSITION_2024_EMPIRICAL,,,,,False
,,2026_05_SF_SEA,2026,5,2026-10-11T20:25:00+00:00,SEA,00-0039793,A.Barner,TE,receiving_yards,49.5,0.103984,0.896016,1027,POSITION_2024_EMPIRICAL,,,,,False
,,2026_05_SF_SEA,2026,5,2026-10-11T20:25:00+00:00,SEA,00-0039793,A.Barner,TE,receiving_yards,64.5,0.041788,0.958212,1027,POSITION_2024_EMPIRICAL,,,,,False
,,2026_05_SF_SEA,2026,5,2026-10-11T20:25:00+00:00,SEA,00-0039793,A.Barner,TE,receiving_yards,79.5,0.013605,0.986395,1027,POSITION_2024_EMPIRICAL,,,,,False
,,2026_05_SF_SEA,2026,5,2026-10-11T20:25:00+00:00,SEA,00-0039793,A.Barner,TE,receiving_yards,99.5,0.01,0.99,1027,POSITION_2024_EMPIRICAL,,,,,False
,,2026_05_SF_SEA,2026,5,2026-10-11T20:25:00+00:00,SEA,00-0039793,A.Barner,TE,receiving_yards,124.5,0.01,0.99,1027,POSITION_2024_EMPIRICAL,,,,,False
,,2026_05_SF_SEA,2026,5,2026-10-11T20:25:00+00:00,SEA,00-0039793,A.Barner,TE,receptions,1.5,0.604268,0.395732,1029,POSITION_2024_EMPIRICAL,,,,,False
,,2026_05_SF_SEA,2026,5,2026-10-11T20:25:00+00:00,SEA,00-0039793,A.Barner,TE,receptions,2.5,0.317168,0.682832,1029,POSITION_2024_EMPIRICAL,,,,,False
,,2026_05_SF_SEA,2026,5,2026-10-11T20:25:00+00:00,SEA,00-0039793,A.Barner,TE,receptions,3.5,0.164888,0.835112,1029,POSITION_2024_EMPIRICAL,,,,,False
,,2026_05_SF_SEA,2026,5,2026-10-11T20:25:00+00:00,SEA,00-0039793,A.Barner,TE,receptions,4.5,0.083414,0.916586,1029,POSITION_2024_EMPIRICAL,,,,,False
,,2026_05_SF_SEA,2026,5,2026-10-11T20:25:00+00:00,SEA,00-0039793,A.Barner,TE,receptions,5.5,0.041707,0.958293,1029,POSITION_2024_EMPIRICAL,,,,,False
,,2026_05_SF_SEA,2026,5,2026-10-11T20:25:00+00:00,SEA,00-0039793,A.Barner,TE,receptions,6.5,0.017459,0.982541,1029,POSITION_2024_EMPIRICAL,,,,,False
,,2026_05_SF_SEA,2026,5,2026-10-11T20:25:00+00:00,SEA,00-0039793,A.Barner,TE,receptions,7.5,0.01,0.99,1029,POSITION_2024_EMPIRICAL,,,,,False
,,2026_05_SF_SEA,2026,5,2026-10-11T20:25:00+00:00,SEA,00-0041512,J.Price,RB,receiving_yards,24.5,0.09375,0.90625,1054,POSITION_2024_EMPIRICAL,,,,,False
,,2026_05_SF_SEA,2026,5,2026-10-11T20:25:00+00:00,SEA,00-0041512,J.Price,RB,receiving_yards,39.5,0.038826,0.961174,1054,POSITION_2024_EMPIRICAL,,,,,False
,,2026_05_SF_SEA,2026,5,2026-10-11T20:25:00+00:00,SEA,00-0041512,J.Price,RB,receiving_yards,49.5,0.023674,0.976326,1054,POSITION_2024_EMPIRICAL,,,,,False
,,2026_05_SF_SEA,2026,5,2026-10-11T20:25:00+00:00,SEA,00-0041512,J.Price,RB,receiving_yards,64.5,0.01,0.99,1054,POSITION_2024_EMPIRICAL,,,,,False
,,2026_05_SF_SEA,2026,5,2026-10-11T20:25:00+00:00,SEA,00-0041512,J.Price,RB,receiving_yards,79.5,0.01,0.99,1054,POSITION_2024_EMPIRICAL,,,,,False
,,2026_05_SF_SEA,2026,5,2026-10-11T20:25:00+00:00,SEA,00-0041512,J.Price,RB,receiving_yards,99.5,0.01,0.99,1054,POSITION_2024_EMPIRICAL,,,,,False
,,2026_05_SF_SEA,2026,5,2026-10-11T20:25:00+00:00,SEA,00-0041512,J.Price,RB,receiving_yards,124.5,0.01,0.99,1054,POSITION_2024_EMPIRICAL,,,,,False
,,2026_05_SF_SEA,2026,5,2026-10-11T20:25:00+00:00,SEA,00-0041512,J.Price,RB,receptions,1.5,0.319778,0.680222,1080,POSITION_2024_EMPIRICAL,,,,,False
,,2026_05_SF_SEA,2026,5,2026-10-11T20:25:00+00:00,SEA,00-0041512,J.Price,RB,receptions,2.5,0.155268,0.844732,1080,POSITION_2024_EMPIRICAL,,,,,False
,,2026_05_SF_SEA,2026,5,2026-10-11T20:25:00+00:00,SEA,00-0041512,J.Price,RB,receptions,3.5,0.073937,0.926063,1080,POSITION_2024_EMPIRICAL,,,,,False
,,2026_05_SF_SEA,2026,5,2026-10-11T20:25:00+00:00,SEA,00-0041512,J.Price,RB,receptions,4.5,0.022181,0.977819,1080,POSITION_2024_EMPIRICAL,,,,,False
,,2026_05_SF_SEA,2026,5,2026-10-11T20:25:00+00:00,SEA,00-0041512,J.Price,RB,receptions,5.5,0.014787,0.985213,1080,POSITION_2024_EMPIRICAL,,,,,False
,,2026_05_SF_SEA,2026,5,2026-10-11T20:25:00+00:00,SEA,00-0041512,J.Price,RB,receptions,6.5,0.01,0.99,1080,POSITION_2024_EMPIRICAL,,,,,False
,,2026_05_SF_SEA,2026,5,2026-10-11T20:25:00+00:00,SEA,00-0041512,J.Price,RB,receptions,7.5,0.01,0.99,1080,POSITION_2024_EMPIRICAL,,,,,False
,,2026_05_SF_SEA,2026,5,2026-10-11T20:25:00+00:00,SEA,00-0041512,J.Price,RB,rushing_yards,19.5,0.750836,0.249164,1194,POSITION_2024_EMPIRICAL,,,,,False
,,2026_05_SF_SEA,2026,5,2026-10-11T20:25:00+00:00,SEA,00-0041512,J.Price,RB,rushing_yards,34.5,0.469064,0.530936,1194,POSITION_2024_EMPIRICAL,,,,,False
,,2026_05_SF_SEA,2026,5,2026-10-11T20:25:00+00:00,SEA,00-0041512,J.Price,RB,rushing_yards,49.5,0.25,0.75,1194,POSITION_2024_EMPIRICAL,,,,,False
,,2026_05_SF_SEA,2026,5,2026-10-11T20:25:00+00:00,SEA,00-0041512,J.Price,RB,rushing_yards,64.5,0.134615,0.865385,1194,POSITION_2024_EMPIRICAL,,,,,False
,,2026_05_SF_SEA,2026,5,2026-10-11T20:25:00+00:00,SEA,00-0041512,J.Price,RB,rushing_yards,79.5,0.064381,0.935619,1194,POSITION_2024_EMPIRICAL,,,,,False
,,2026_05_SF_SEA,2026,5,2026-10-11T20:25:00+00:00,SEA,00-0041512,J.Price,RB,rushing_yards,99.5,0.026756,0.973244,1194,POSITION_2024_EMPIRICAL,,,,,False
,,2026_05_SF_SEA,2026,5,2026-10-11T20:25:00+00:00,SEA,00-0041512,J.Price,RB,rushing_yards,124.5,0.01087,0.98913,1194,POSITION_2024_EMPIRICAL,,,,,False
,,2026_05_SF_SEA,2026,5,2026-10-11T20:25:00+00:00,SF,00-0029892,K.Juszczyk,FB,receiving_yards,24.5,0.261022,0.738978,3990,MARKET_2024_EMPIRICAL,,,,,False
,,2026_05_SF_SEA,2026,5,2026-10-11T20:25:00+00:00,SF,00-0029892,K.Juszczyk,FB,receiving_yards,39.5,0.116733,0.883267,3990,MARKET_2024_EMPIRICAL,,,,,False
,,2026_05_SF_SEA,2026,5,2026-10-11T20:25:00+00:00,SF,00-0029892,K.Juszczyk,FB,receiving_yards,49.5,0.071894,0.928106,3990,MARKET_2024_EMPIRICAL,,,,,False
,,2026_05_SF_SEA,2026,5,2026-10-11T20:25:00+00:00,SF,00-0029892,K.Juszczyk,FB,receiving_yards,64.5,0.028808,0.971192,3990,MARKET_2024_EMPIRICAL,,,,,False
,,2026_05_SF_SEA,2026,5,2026-10-11T20:25:00+00:00,SF,00-0029892,K.Juszczyk,FB,receiving_yards,79.5,0.013277,0.986723,3990,MARKET_2024_EMPIRICAL,,,,,False
,,2026_05_SF_SEA,2026,5,2026-10-11T20:25:00+00:00,SF,00-0029892,K.Juszczyk,FB,receiving_yards,99.5,0.01,0.99,3990,MARKET_2024_EMPIRICAL,,,,,False
,,2026_05_SF_SEA,2026,5,2026-10-11T20:25:00+00:00,SF,00-0029892,K.Juszczyk,FB,receiving_yards,124.5,0.01,0.99,3990,MARKET_2024_EMPIRICAL,,,,,False
,,2026_05_SF_SEA,2026,5,2026-10-11T20:25:00+00:00,SF,00-0029892,K.Juszczyk,FB,receptions,1.5,0.341033,0.658967,4024,MARKET_2024_EMPIRICAL,,,,,False
,,2026_05_SF_SEA,2026,5,2026-10-11T20:25:00+00:00,SF,00-0029892,K.Juszczyk,FB,receptions,2.5,0.170392,0.829608,4024,MARKET_2024_EMPIRICAL,,,,,False
,,2026_05_SF_SEA,2026,5,2026-10-11T20:25:00+00:00,SF,00-0029892,K.Juszczyk,FB,receptions,3.5,0.082216,0.917784,4024,MARKET_2024_EMPIRICAL,,,,,False
,,2026_05_SF_SEA,2026,5,2026-10-11T20:25:00+00:00,SF,00-0029892,K.Juszczyk,FB,receptions,4.5,0.034526,0.965474,4024,MARKET_2024_EMPIRICAL,,,,,False
,,2026_05_SF_SEA,2026,5,2026-10-11T20:25:00+00:00,SF,00-0029892,K.Juszczyk,FB,receptions,5.5,0.01391,0.98609,4024,MARKET_2024_EMPIRICAL,,,,,False
,,2026_05_SF_SEA,2026,5,2026-10-11T20:25:00+00:00,SF,00-0029892,K.Juszczyk,FB,receptions,6.5,0.01,0.99,4024,MARKET_2024_EMPIRICAL,,,,,False
,,2026_05_SF_SEA,2026,5,2026-10-11T20:25:00+00:00,SF,00-0029892,K.Juszczyk,FB,receptions,7.5,0.01,0.99,4024,MARKET_2024_EMPIRICAL,,,,,False
,,2026_05_SF_SEA,2026,5,2026-10-11T20:25:00+00:00,SF,00-0031408,M.Evans,WR,receiving_yards,24.5,0.773362,0.226638,1860,POSITION_2024_EMPIRICAL,,,,,False
,,2026_05_SF_SEA,2026,5,2026-10-11T20:25:00+00:00,SF,00-0031408,M.Evans,WR,receiving_yards,39.5,0.583781,0.416219,1860,POSITION_2024_EMPIRICAL,,,,,False
,,2026_05_SF_SEA,2026,5,2026-10-11T20:25:00+00:00,SF,00-0031408,M.Evans,WR,receiving_yards,49.5,0.424812,0.575188,1860,POSITION_2024_EMPIRICAL,,,,,False
,,2026_05_SF_SEA,2026,5,2026-10-11T20:25:00+00:00,SF,00-0031408,M.Evans,WR,receiving_yards,64.5,0.272825,0.727175,1860,POSITION_2024_EMPIRICAL,,,,,False
,,2026_05_SF_SEA,2026,5,2026-10-11T20:25:00+00:00,SF,00-0031408,M.Evans,WR,receiving_yards,79.5,0.171858,0.828142,1860,POSITION_2024_EMPIRICAL,,,,,False
,,2026_05_SF_SEA,2026,5,2026-10-11T20:25:00+00:00,SF,00-0031408,M.Evans,WR,receiving_yards,99.5,0.098818,0.901182,1860,POSITION_2024_EMPIRICAL,,,,,False
,,2026_05_SF_SEA,2026,5,2026-10-11T20:25:00+00:00,SF,00-0031408,M.Evans,WR,receiving_yards,124.5,0.040816,0.959184,1860,POSITION_2024_EMPIRICAL,,,,,False
,,2026_05_SF_SEA,2026,5,2026-10-11T20:25:00+00:00,SF,00-0031408,M.Evans,WR,receptions,1.5,0.857066,0.142934,1866,POSITION_2024_EMPIRICAL,,,,,False
,,2026_05_SF_SEA,2026,5,2026-10-11T20:25:00+00:00,SF,00-0031408,M.Evans,WR,receptions,2.5,0.738758,0.261242,1866,POSITION_2024_EMPIRICAL,,,,,False
,,2026_05_SF_SEA,2026,5,2026-10-11T20:25:00+00:00,SF,00-0031408,M.Evans,WR,receptions,3.5,0.526231,0.473769,1866,POSITION_2024_EMPIRICAL,,,,,False
,,2026_05_SF_SEA,2026,5,2026-10-11T20:25:00+00:00,SF,00-0031408,M.Evans,WR,receptions,4.5,0.34743,0.65257,1866,POSITION_2024_EMPIRICAL,,,,,False
,,2026_05_SF_SEA,2026,5,2026-10-11T20:25:00+00:00,SF,00-0031408,M.Evans,WR,receptions,5.5,0.232334,0.767666,1866,POSITION_2024_EMPIRICAL,,,,,False
,,2026_05_SF_SEA,2026,5,2026-10-11T20:25:00+00:00,SF,00-0031408,M.Evans,WR,receptions,6.5,0.148822,0.851178,1866,POSITION_2024_EMPIRICAL,,,,,False
,,2026_05_SF_SEA,2026,5,2026-10-11T20:25:00+00:00,SF,00-0031408,M.Evans,WR,receptions,7.5,0.086724,0.913276,1866,POSITION_2024_EMPIRICAL,,,,,False
,,2026_05_SF_SEA,2026,5,2026-10-11T20:25:00+00:00,SF,00-0033280,C.McCaffrey,RB,receiving_yards,24.5,0.58428,0.41572,1054,POSITION_2024_EMPIRICAL,,,,,False
,,2026_05_SF_SEA,2026,5,2026-10-11T20:25:00+00:00,SF,00-0033280,C.McCaffrey,RB,receiving_yards,39.5,0.176136,0.823864,1054,POSITION_2024_EMPIRICAL,,,,,False
,,2026_05_SF_SEA,2026,5,2026-10-11T20:25:00+00:00,SF,00-0033280,C.McCaffrey,RB,receiving_yards,49.5,0.087121,0.912879,1054,POSITION_2024_EMPIRICAL,,,,,False
,,2026_05_SF_SEA,2026,5,2026-10-11T20:25:00+00:00,SF,00-0033280,C.McCaffrey,RB,receiving_yards,64.5,0.035985,0.964015,1054,POSITION_2024_EMPIRICAL,,,,,False
,,2026_05_SF_SEA,2026,5,2026-10-11T20:25:00+00:00,SF,00-0033280,C.McCaffrey,RB,receiving_yards,79.5,0.017992,0.982008,1054,POSITION_2024_EMPIRICAL,,,,,False
,,2026_05_SF_SEA,2026,5,2026-10-11T20:25:00+00:00,SF,00-0033280,C.McCaffrey,RB,receiving_yards,99.5,0.01,0.99,1054,POSITION_2024_EMPIRICAL,,,,,False
,,2026_05_SF_SEA,2026,5,2026-10-11T20:25:00+00:00,SF,00-0033280,C.McCaffrey,RB,receiving_yards,124.5,0.01,0.99,1054,POSITION_2024_EMPIRICAL,,,,,False
,,2026_05_SF_SEA,2026,5,2026-10-11T20:25:00+00:00,SF,00-0033280,C.McCaffrey,RB,receptions,1.5,0.874307,0.125693,1080,POSITION_2024_EMPIRICAL,,,,,False
,,2026_05_SF_SEA,2026,5,2026-10-11T20:25:00+00:00,SF,00-0033280,C.McCaffrey,RB,receptions,2.5,0.743068,0.256932,1080,POSITION_2024_EMPIRICAL,,,,,False
,,2026_05_SF_SEA,2026,5,2026-10-11T20:25:00+00:00,SF,00-0033280,C.McCaffrey,RB,receptions,3.5,0.480591,0.519409,1080,POSITION_2024_EMPIRICAL,,,,,False
,,2026_05_SF_SEA,2026,5,2026-10-11T20:25:00+00:00,SF,00-0033280,C.McCaffrey,RB,receptions,4.5,0.288355,0.711645,1080,POSITION_2024_EMPIRICAL,,,,,False
,,2026_05_SF_SEA,2026,5,2026-10-11T20:25:00+00:00,SF,00-0033280,C.McCaffrey,RB,receptions,5.5,0.170055,0.829945,1080,POSITION_2024_EMPIRICAL,,,,,False
,,2026_05_SF_SEA,2026,5,2026-10-11T20:25:00+00:00,SF,00-0033280,C.McCaffrey,RB,receptions,6.5,0.098891,0.901109,1080,POSITION_2024_EMPIRICAL,,,,,False
,,2026_05_SF_SEA,2026,5,2026-10-11T20:25:00+00:00,SF,00-0033280,C.McCaffrey,RB,receptions,7.5,0.05915,0.94085,1080,POSITION_2024_EMPIRICAL,,,,,False
,,2026_05_SF_SEA,2026,5,2026-10-11T20:25:00+00:00,SF,00-0033280,C.McCaffrey,RB,rushing_yards,19.5,0.841973,0.158027,1194,POSITION_2024_EMPIRICAL,,,,,False
,,2026_05_SF_SEA,2026,5,2026-10-11T20:25:00+00:00,SF,00-0033280,C.McCaffrey,RB,rushing_yards,34.5,0.671405,0.328595,1194,POSITION_2024_EMPIRICAL,,,,,False
,,2026_05_SF_SEA,2026,5,2026-10-11T20:25:00+00:00,SF,00-0033280,C.McCaffrey,RB,rushing_yards,49.5,0.437291,0.562709,1194,POSITION_2024_EMPIRICAL,,,,,False
,,2026_05_SF_SEA,2026,5,2026-10-11T20:25:00+00:00,SF,00-0033280,C.McCaffrey,RB,rushing_yards,64.5,0.269231,0.730769,1194,POSITION_2024_EMPIRICAL,,,,,False
,,2026_05_SF_SEA,2026,5,2026-10-11T20:25:00+00:00,SF,00-0033280,C.McCaffrey,RB,rushing_yards,79.5,0.174749,0.825251,1194,POSITION_2024_EMPIRICAL,,,,,False
,,2026_05_SF_SEA,2026,5,2026-10-11T20:25:00+00:00,SF,00-0033280,C.McCaffrey,RB,rushing_yards,99.5,0.082776,0.917224,1194,POSITION_2024_EMPIRICAL,,,,,False
,,2026_05_SF_SEA,2026,5,2026-10-11T20:25:00+00:00,SF,00-0033280,C.McCaffrey,RB,rushing_yards,124.5,0.035953,0.964047,1194,POSITION_2024_EMPIRICAL,,,,,False
,,2026_05_SF_SEA,2026,5,2026-10-11T20:25:00+00:00,SF,00-0033288,G.Kittle,TE,receiving_yards,24.5,0.876579,0.123421,1027,POSITION_2024_EMPIRICAL,,,,,False
,,2026_05_SF_SEA,2026,5,2026-10-11T20:25:00+00:00,SF,00-0033288,G.Kittle,TE,receiving_yards,39.5,0.740525,0.259475,1027,POSITION_2024_EMPIRICAL,,,,,False
,,2026_05_SF_SEA,2026,5,2026-10-11T20:25:00+00:00,SF,00-0033288,G.Kittle,TE,receiving_yards,49.5,0.577259,0.422741,1027,POSITION_2024_EMPIRICAL,,,,,False
,,2026_05_SF_SEA,2026,5,2026-10-11T20:25:00+00:00,SF,00-0033288,G.Kittle,TE,receiving_yards,64.5,0.325559,0.674441,1027,POSITION_2024_EMPIRICAL,,,,,False
,,2026_05_SF_SEA,2026,5,2026-10-11T20:25:00+00:00,SF,00-0033288,G.Kittle,TE,receiving_yards,79.5,0.227405,0.772595,1027,POSITION_2024_EMPIRICAL,,,,,False
,,2026_05_SF_SEA,2026,5,2026-10-11T20:25:00+00:00,SF,00-0033288,G.Kittle,TE,receiving_yards,99.5,0.121477,0.878523,1027,POSITION_2024_EMPIRICAL,,,,,False
,,2026_05_SF_SEA,2026,5,2026-10-11T20:25:00+00:00,SF,00-0033288,G.Kittle,TE,receiving_yards,124.5,0.058309,0.941691,1027,POSITION_2024_EMPIRICAL,,,,,False
,,2026_05_SF_SEA,2026,5,2026-10-11T20:25:00+00:00,SF,00-0033288,G.Kittle,TE,receptions,1.5,0.873909,0.126091,1029,POSITION_2024_EMPIRICAL,,,,,False
,,2026_05_SF_SEA,2026,5,2026-10-11T20:25:00+00:00,SF,00-0033288,G.Kittle,TE,receptions,2.5,0.734239,0.265761,1029,POSITION_2024_EMPIRICAL,,,,,False
,,2026_05_SF_SEA,2026,5,2026-10-11T20:25:00+00:00,SF,00-0033288,G.Kittle,TE,receptions,3.5,0.479146,0.520854,1029,POSITION_2024_EMPIRICAL,,,,,False
,,2026_05_SF_SEA,2026,5,2026-10-11T20:25:00+00:00,SF,00-0033288,G.Kittle,TE,receptions,4.5,0.301649,0.698351,1029,POSITION_2024_EMPIRICAL,,,,,False
,,2026_05_SF_SEA,2026,5,2026-10-11T20:25:00+00:00,SF,00-0033288,G.Kittle,TE,receptions,5.5,0.184287,0.815713,1029,POSITION_2024_EMPIRICAL,,,,,False
,,2026_05_SF_SEA,2026,5,2026-10-11T20:25:00+00:00,SF,00-0033288,G.Kittle,TE,receptions,6.5,0.118332,0.881668,1029,POSITION_2024_EMPIRICAL,,,,,False
,,2026_05_SF_SEA,2026,5,2026-10-11T20:25:00+00:00,SF,00-0033288,G.Kittle,TE,receptions,7.5,0.074685,0.925315,1029,POSITION_2024_EMPIRICAL,,,,,False
,,2026_05_SF_SEA,2026,5,2026-10-11T20:25:00+00:00,SF,00-0034854,K.Hodge,WR,receiving_yards,24.5,0.155209,0.844791,1860,POSITION_2024_EMPIRICAL,,,,,False
,,2026_05_SF_SEA,2026,5,2026-10-11T20:25:00+00:00,SF,00-0034854,K.Hodge,WR,receiving_yards,39.5,0.07841,0.92159,1860,POSITION_2024_EMPIRICAL,,,,,False
,,2026_05_SF_SEA,2026,5,2026-10-11T20:25:00+00:00,SF,00-0034854,K.Hodge,WR,receiving_yards,49.5,0.047261,0.952739,1860,POSITION_2024_EMPIRICAL,,,,,False
,,2026_05_SF_SEA,2026,5,2026-10-11T20:25:00+00:00,SF,00-0034854,K.Hodge,WR,receiving_yards,64.5,0.022556,0.977444,1860,POSITION_2024_EMPIRICAL,,,,,False
,,2026_05_SF_SEA,2026,5,2026-10-11T20:25:00+00:00,SF,00-0034854,K.Hodge,WR,receiving_yards,79.5,0.012889,0.987111,1860,POSITION_2024_EMPIRICAL,,,,,False
,,2026_05_SF_SEA,2026,5,2026-10-11T20:25:00+00:00,SF,00-0034854,K.Hodge,WR,receiving_yards,99.5,0.01,0.99,1860,POSITION_2024_EMPIRICAL,,,,,False
,,2026_05_SF_SEA,2026,5,2026-10-11T20:25:00+00:00,SF,00-0034854,K.Hodge,WR,receiving_yards,124.5,0.01,0.99,1860,POSITION_2024_EMPIRICAL,,,,,False
,,2026_05_SF_SEA,2026,5,2026-10-11T20:25:00+00:00,SF,00-0034854,K.Hodge,WR,receptions,1.5,0.182013,0.817987,1866,POSITION_2024_EMPIRICAL,,,,,False
,,2026_05_SF_SEA,2026,5,2026-10-11T20:25:00+00:00,SF,00-0034854,K.Hodge,WR,receptions,2.5,0.084582,0.915418,1866,POSITION_2024_EMPIRICAL,,,,,False
,,2026_05_SF_SEA,2026,5,2026-10-11T20:25:00+00:00,SF,00-0034854,K.Hodge,WR,receptions,3.5,0.038009,0.961991,1866,POSITION_2024_EMPIRICAL,,,,,False
,,2026_05_SF_SEA,2026,5,2026-10-11T20:25:00+00:00,SF,00-0034854,K.Hodge,WR,receptions,4.5,0.012848,0.987152,1866,POSITION_2024_EMPIRICAL,,,,,False
,,2026_05_SF_SEA,2026,5,2026-10-11T20:25:00+00:00,SF,00-0034854,K.Hodge,WR,receptions,5.5,0.01,0.99,1866,POSITION_2024_EMPIRICAL,,,,,False
,,2026_05_SF_SEA,2026,5,2026-10-11T20:25:00+00:00,SF,00-0034854,K.Hodge,WR,receptions,6.5,0.01,0.99,1866,POSITION_2024_EMPIRICAL,,,,,False
,,2026_05_SF_SEA,2026,5,2026-10-11T20:25:00+00:00,SF,00-0034854,K.Hodge,WR,receptions,7.5,0.01,0.99,1866,POSITION_2024_EMPIRICAL,,,,,False
,,2026_05_SF_SEA,2026,5,2026-10-11T20:25:00+00:00,SF,00-0035719,D.Samuel,WR,receiving_yards,24.5,0.722342,0.277658,1860,POSITION_2024_EMPIRICAL,,,,,False
,,2026_05_SF_SEA,2026,5,2026-10-11T20:25:00+00:00,SF,00-0035719,D.Samuel,WR,receiving_yards,39.5,0.482814,0.517186,1860,POSITION_2024_EMPIRICAL,,,,,False
,,2026_05_SF_SEA,2026,5,2026-10-11T20:25:00+00:00,SF,00-0035719,D.Samuel,WR,receiving_yards,49.5,0.342105,0.657895,1860,POSITION_2024_EMPIRICAL,,,,,False
,,2026_05_SF_SEA,2026,5,2026-10-11T20:25:00+00:00,SF,00-0035719,D.Samuel,WR,receiving_yards,64.5,0.205693,0.794307,1860,POSITION_2024_EMPIRICAL,,,,,False
,,2026_05_SF_SEA,2026,5,2026-10-11T20:25:00+00:00,SF,00-0035719,D.Samuel,WR,receiving_yards,79.5,0.12782,0.87218,1860,POSITION_2024_EMPIRICAL,,,,,False
,,2026_05_SF_SEA,2026,5,2026-10-11T20:25:00+00:00,SF,00-0035719,D.Samuel,WR,receiving_yards,99.5,0.061762,0.938238,1860,POSITION_2024_EMPIRICAL,,,,,False
,,2026_05_SF_SEA,2026,5,2026-10-11T20:25:00+00:00,SF,00-0035719,D.Samuel,WR,receiving_yards,124.5,0.025242,0.974758,1860,POSITION_2024_EMPIRICAL,,,,,False
,,2026_05_SF_SEA,2026,5,2026-10-11T20:25:00+00:00,SF,00-0035719,D.Samuel,WR,receptions,1.5,0.811028,0.188972,1866,POSITION_2024_EMPIRICAL,,,,,False
,,2026_05_SF_SEA,2026,5,2026-10-11T20:25:00+00:00,SF,00-0035719,D.Samuel,WR,receptions,2.5,0.640257,0.359743,1866,POSITION_2024_EMPIRICAL,,,,,False
,,2026_05_SF_SEA,2026,5,2026-10-11T20:25:00+00:00,SF,00-0035719,D.Samuel,WR,receptions,3.5,0.366702,0.633298,1866,POSITION_2024_EMPIRICAL,,,,,False
,,2026_05_SF_SEA,2026,5,2026-10-11T20:25:00+00:00,SF,00-0035719,D.Samuel,WR,receptions,4.5,0.238758,0.761242,1866,POSITION_2024_EMPIRICAL,,,,,False
,,2026_05_SF_SEA,2026,5,2026-10-11T20:25:00+00:00,SF,00-0035719,D.Samuel,WR,receptions,5.5,0.142934,0.857066,1866,POSITION_2024_EMPIRICAL,,,,,False
,,2026_05_SF_SEA,2026,5,2026-10-11T20:25:00+00:00,SF,00-0035719,D.Samuel,WR,receptions,6.5,0.0803,0.9197,1866,POSITION_2024_EMPIRICAL,,,,,False
,,2026_05_SF_SEA,2026,5,2026-10-11T20:25:00+00:00,SF,00-0035719,D.Samuel,WR,receptions,7.5,0.042291,0.957709,1866,POSITION_2024_EMPIRICAL,,,,,False
,,2026_05_SF_SEA,2026,5,2026-10-11T20:25:00+00:00,SF,00-0035719,D.Samuel,WR,rushing_yards,19.5,0.17226,0.82774,445,POSITION_2024_EMPIRICAL,,,,,False
,,2026_05_SF_SEA,2026,5,2026-10-11T20:25:00+00:00,SF,00-0035719,D.Samuel,WR,rushing_yards,34.5,0.017897,0.982103,445,POSITION_2024_EMPIRICAL,,,,,False
,,2026_05_SF_SEA,2026,5,2026-10-11T20:25:00+00:00,SF,00-0035719,D.Samuel,WR,rushing_yards,49.5,0.01,0.99,445,POSITION_2024_EMPIRICAL,,,,,False
,,2026_05_SF_SEA,2026,5,2026-10-11T20:25:00+00:00,SF,00-0035719,D.Samuel,WR,rushing_yards,64.5,0.01,0.99,445,POSITION_2024_EMPIRICAL,,,,,False
,,2026_05_SF_SEA,2026,5,2026-10-11T20:25:00+00:00,SF,00-0035719,D.Samuel,WR,rushing_yards,79.5,0.01,0.99,445,POSITION_2024_EMPIRICAL,,,,,False
,,2026_05_SF_SEA,2026,5,2026-10-11T20:25:00+00:00,SF,00-0035719,D.Samuel,WR,rushing_yards,99.5,0.01,0.99,445,POSITION_2024_EMPIRICAL,,,,,False
,,2026_05_SF_SEA,2026,5,2026-10-11T20:25:00+00:00,SF,00-0035719,D.Samuel,WR,rushing_yards,124.5,0.01,0.99,445,POSITION_2024_EMPIRICAL,,,,,False
,,2026_05_SF_SEA,2026,5,2026-10-11T20:25:00+00:00,SF,00-0037834,B.Purdy,QB,passing_yards,149.5,0.771536,0.228464,532,POSITION_2024_EMPIRICAL,,,,,False
,,2026_05_SF_SEA,2026,5,2026-10-11T20:25:00+00:00,SF,00-0037834,B.Purdy,QB,passing_yards,174.5,0.717228,0.282772,532,POSITION_2024_EMPIRICAL,,,,,False
,,2026_05_SF_SEA,2026,5,2026-10-11T20:25:00+00:00,SF,00-0037834,B.Purdy,QB,passing_yards,199.5,0.659176,0.340824,532,POSITION_2024_EMPIRICAL,,,,,False
,,2026_05_SF_SEA,2026,5,2026-10-11T20:25:00+00:00,SF,00-0037834,B.Purdy,QB,passing_yards,224.5,0.586142,0.413858,532,POSITION_2024_EMPIRICAL,,,,,False
,,2026_05_SF_SEA,2026,5,2026-10-11T20:25:00+00:00,SF,00-0037834,B.Purdy,QB,passing_yards,249.5,0.513109,0.486891,532,POSITION_2024_EMPIRICAL,,,,,False
,,2026_05_SF_SEA,2026,5,2026-10-11T20:25:00+00:00,SF,00-0037834,B.Purdy,QB,passing_yards,274.5,0.372659,0.627341,532,POSITION_2024_EMPIRICAL,,,,,False
,,2026_05_SF_SEA,2026,5,2026-10-11T20:25:00+00:00,SF,00-0037834,B.Purdy,QB,passing_yards,299.5,0.29588,0.70412,532,POSITION_2024_EMPIRICAL,,,,,False
,,2026_05_SF_SEA,2026,5,2026-10-11T20:25:00+00:00,SF,00-0037834,B.Purdy,QB,rushing_yards,19.5,0.722567,0.277433,481,POSITION_2024_EMPIRICAL,,,,,False
,,2026_05_SF_SEA,2026,5,2026-10-11T20:25:00+00:00,SF,00-0037834,B.Purdy,QB,rushing_yards,34.5,0.269151,0.730849,481,POSITION_2024_EMPIRICAL,,,,,False
,,2026_05_SF_SEA,2026,5,2026-10-11T20:25:00+00:00,SF,00-0037834,B.Purdy,QB,rushing_yards,49.5,0.130435,0.869565,481,POSITION_2024_EMPIRICAL,,,,,False
,,2026_05_SF_SEA,2026,5,2026-10-11T20:25:00+00:00,SF,00-0037834,B.Purdy,QB,rushing_yards,64.5,0.049689,0.950311,481,POSITION_2024_EMPIRICAL,,,,,False
,,2026_05_SF_SEA,2026,5,2026-10-11T20:25:00+00:00,SF,00-0037834,B.Purdy,QB,rushing_yards,79.5,0.018634,0.981366,481,POSITION_2024_EMPIRICAL,,,,,False
,,2026_05_SF_SEA,2026,5,2026-10-11T20:25:00+00:00,SF,00-0037834,B.Purdy,QB,rushing_yards,99.5,0.01,0.99,481,POSITION_2024_EMPIRICAL,,,,,False
,,2026_05_SF_SEA,2026,5,2026-10-11T20:25:00+00:00,SF,00-0037834,B.Purdy,QB,rushing_yards,124.5,0.01,0.99,481,POSITION_2024_EMPIRICAL,,,,,False
,,2026_05_SF_SEA,2026,5,2026-10-11T20:25:00+00:00,SF,00-0039365,J.Cowing,WR,rushing_yards,19.5,0.013423,0.986577,445,POSITION_2024_EMPIRICAL,,,,,False
,,2026_05_SF_SEA,2026,5,2026-10-11T20:25:00+00:00,SF,00-0039365,J.Cowing,WR,rushing_yards,34.5,0.01,0.99,445,POSITION_2024_EMPIRICAL,,,,,False
,,2026_05_SF_SEA,2026,5,2026-10-11T20:25:00+00:00,SF,00-0039365,J.Cowing,WR,rushing_yards,49.5,0.01,0.99,445,POSITION_2024_EMPIRICAL,,,,,False
,,2026_05_SF_SEA,2026,5,2026-10-11T20:25:00+00:00,SF,00-0039365,J.Cowing,WR,rushing_yards,64.5,0.01,0.99,445,POSITION_2024_EMPIRICAL,,,,,False
,,2026_05_SF_SEA,2026,5,2026-10-11T20:25:00+00:00,SF,00-0039365,J.Cowing,WR,rushing_yards,79.5,0.01,0.99,445,POSITION_2024_EMPIRICAL,,,,,False
,,2026_05_SF_SEA,2026,5,2026-10-11T20:25:00+00:00,SF,00-0039365,J.Cowing,WR,rushing_yards,99.5,0.01,0.99,445,POSITION_2024_EMPIRICAL,,,,,False
,,2026_05_SF_SEA,2026,5,2026-10-11T20:25:00+00:00,SF,00-0039365,J.Cowing,WR,rushing_yards,124.5,0.01,0.99,445,POSITION_2024_EMPIRICAL,,,,,False
,,2026_05_SF_SEA,2026,5,2026-10-11T20:25:00+00:00,SF,00-0041052,K.Black,RB,rushing_yards,19.5,0.628763,0.371237,1194,POSITION_2024_EMPIRICAL,,,,,False
,,2026_05_SF_SEA,2026,5,2026-10-11T20:25:00+00:00,SF,00-0041052,K.Black,RB,rushing_yards,34.5,0.293478,0.706522,1194,POSITION_2024_EMPIRICAL,,,,,False
,,2026_05_SF_SEA,2026,5,2026-10-11T20:25:00+00:00,SF,00-0041052,K.Black,RB,rushing_yards,49.5,0.136288,0.863712,1194,POSITION_2024_EMPIRICAL,,,,,False
,,2026_05_SF_SEA,2026,5,2026-10-11T20:25:00+00:00,SF,00-0041052,K.Black,RB,rushing_yards,64.5,0.058528,0.941472,1194,POSITION_2024_EMPIRICAL,,,,,False
,,2026_05_SF_SEA,2026,5,2026-10-11T20:25:00+00:00,SF,00-0041052,K.Black,RB,rushing_yards,79.5,0.02592,0.97408,1194,POSITION_2024_EMPIRICAL,,,,,False
,,2026_05_SF_SEA,2026,5,2026-10-11T20:25:00+00:00,SF,00-0041052,K.Black,RB,rushing_yards,99.5,0.010033,0.989967,1194,POSITION_2024_EMPIRICAL,,,,,False
,,2026_05_SF_SEA,2026,5,2026-10-11T20:25:00+00:00,SF,00-0041052,K.Black,RB,rushing_yards,124.5,0.01,0.99,1194,POSITION_2024_EMPIRICAL,,,,,False
